{
"type": "FeatureCollection",
"name": "coastline",
"crs": { "type": "name", "properties": { "name": "urn:ogc:def:crs:OGC:1.3:CRS84" } },
"features": [
{"type":"Feature","properties":{"featurecla":"Coastline","scalerank":0,"min_zoom":0.0,"historical_claim":false,"geometry_status":"modern_physical_reference","source_id":"source.natural_earth.coastline.10m"},"geometry":{"type":"MultiLineString","coordinates":[[[87.404958530000044,21.586655992000118],[87.468760613000043,21.611395575000053],[87.477386915000068,21.613592841000067],[87.621348504000082,21.650620835000037],[87.642100457000083,21.652085679000034],[87.683848504000082,21.650132554000038],[87.703786655000044,21.655503648000032],[87.755707227000073,21.691717841000063],[87.833994988000029,21.72931549700008],[87.867198113000029,21.750799872000073],[87.892914259000065,21.774318752000053],[87.894786004000082,21.778753973000054],[87.895681186000047,21.78937409100006],[87.899180535000028,21.794826565000061],[87.902191602000073,21.796820380000046],[87.909027540000068,21.798814195000094],[87.948008660000028,21.825384833000058],[87.957774285000028,21.828924872000076],[87.970469597000033,21.836493231000066],[87.98365319100003,21.854193427000041],[88.032399936000047,21.957180080000054],[88.046885613000029,21.976019598000057],[88.050791863000029,21.985012111000053],[88.049001498000052,21.99542877800009],[88.045176629000082,22.006537177000055],[88.043142123000052,22.017279364000068],[88.048594597000033,22.020738023000039],[88.084727410000028,22.020697333000051],[88.111175977000073,22.03485748900005],[88.140635613000029,22.060126044000061],[88.164317254000082,22.089789130000042],[88.173513217000064,22.116888739000039],[88.160980665000068,22.15656159100007],[88.132578972000033,22.179144598000061],[88.095469597000033,22.191229559000067],[88.057383660000028,22.198879299000065],[88.025401238000029,22.200913804000031],[88.008474155000044,22.204901434000075],[87.991953972000033,22.215887762000072],[87.965342644000032,22.244818427000048],[87.95281009200005,22.262437242000097],[87.947520379000096,22.277655341000095],[87.935801629000082,22.355169989000053],[87.922862175000034,22.397772528000072],[87.906586134000065,22.418605861000039],[87.906586134000065,22.424750067000048],[87.927989129000082,22.42422109600005],[87.940440300000049,22.413031317000048],[87.946136915000082,22.394924221000075],[87.947520379000096,22.37384674700008],[87.950694207000083,22.356187242000079],[87.96420332100007,22.319281317000048],[87.967458530000044,22.298488674000055],[87.972666863000029,22.283189195000102],[87.985118035000028,22.265936591000109],[88.00904381600003,22.240423895000053],[88.02702884200005,22.227850653000079],[88.043467644000032,22.224758205000079],[88.059743686000047,22.229478257000036],[88.077321811000047,22.240423895000053],[88.08130944100003,22.217352606000073],[88.11841881600003,22.200181382000032],[88.16529381600003,22.185003973000057],[88.198008660000028,22.167792059000092],[88.203379754000082,22.151760158000062],[88.212738477000073,22.100043036000041],[88.222422722000033,22.077948309000071],[88.206797722000033,22.053371486000039],[88.164317254000082,22.003119208000054],[88.156260613000029,21.990871486000064],[88.149912957000083,21.976385809000082],[88.146739129000082,21.959214585000041],[88.15943444100003,21.906154690000044],[88.156423373000052,21.897853908000059],[88.154063347000033,21.888088283000059],[88.203786655000044,21.805405992000082],[88.209727410000042,21.788560289000106],[88.201426629000082,21.774318752000053],[88.210459832000083,21.747259833000044],[88.203461134000065,21.724351304000031],[88.190440300000034,21.704087632000046],[88.18091881600003,21.684963283000037],[88.181895379000082,21.66522858300004],[88.189463738000029,21.641791083000065],[88.20826256600003,21.602972723000054],[88.224375847000033,21.613023179000056],[88.237478061000047,21.601711330000064],[88.245941602000073,21.579901434000075],[88.249278191000045,21.558294989000036],[88.254405144000032,21.554673570000084],[88.266123894000032,21.553859768000066],[88.27898196700005,21.555161851000037],[88.287119988000029,21.558294989000036],[88.297862175000034,21.56655508000004],[88.303721550000034,21.568793036000045],[88.305837436000047,21.571682033000066],[88.304453972000033,21.581854559000071],[88.300629102000087,21.589341539000081],[88.287608269000032,21.600287177000041],[88.283376498000052,21.609198309000067],[88.284190300000034,21.621242580000061],[88.294444207000083,21.642808335000034],[88.297048373000052,21.653876044000075],[88.295420769000032,21.676581122000073],[88.264170769000032,21.775295315000061],[88.261566602000073,21.798651434000078],[88.27312259200005,21.797919012000065],[88.289805535000028,21.780218817000062],[88.29818769600007,21.764105536000045],[88.30201256600003,21.745184637000076],[88.304453972000033,21.633449611000074],[88.309743686000047,21.610174872000076],[88.321787957000083,21.605658270000053],[88.335459832000083,21.615790106000077],[88.345469597000033,21.636542059000071],[88.348806186000047,21.65029531500004],[88.349457227000073,21.660956122000062],[88.345713738000029,21.670599677000038],[88.32740319100003,21.691107489000053],[88.324717644000032,21.701361395000067],[88.326345248000052,21.71108633000005],[88.331228061000047,21.719061591000077],[88.336436394000032,21.708726304000031],[88.340668165000068,21.697495835000041],[88.346202019000032,21.688625393000049],[88.355723504000082,21.684963283000066],[88.36451256600003,21.686957098000047],[88.380625847000033,21.696193752000067],[88.392588738000029,21.698553778000079],[88.382823113000029,21.671332098000047],[88.383555535000028,21.631415106000077],[88.393077019000032,21.600246486000064],[88.409678582000083,21.599269924000065],[88.426117384000065,21.611029364000053],[88.441905144000032,21.616156317000055],[88.45630944100003,21.624009507000043],[88.468272332000083,21.643947658000059],[88.472178582000083,21.663275458000051],[88.468597852000073,21.677150783000055],[88.45476321700005,21.705389716000074],[88.452159050000034,21.722805080000061],[88.453379754000082,21.741766669000075],[88.457692905000044,21.758856512000069],[88.468272332000083,21.777248440000058],[88.474457227000073,21.80097077000006],[88.481455925000034,21.805161851000033],[88.488291863000029,21.803656317000037],[88.49350019600007,21.805161851000033],[88.495616082000097,21.818670966000081],[88.492035352000073,21.837144273000053],[88.477061394000032,21.87181224200009],[88.474457227000073,21.890326239000053],[88.481211785000028,21.909898179000034],[88.492360873000052,21.922023830000079],[88.499847852000073,21.933661200000074],[88.495616082000097,21.95180898600006],[88.51498457100007,21.937201239000053],[88.514659050000034,21.916205145000045],[88.495616082000097,21.876695054000049],[88.515879754000082,21.850816148000035],[88.531016472000033,21.824123440000054],[88.532888217000064,21.795314846000057],[88.512705925000034,21.763413804000045],[88.504893425000049,21.741522528000072],[88.509532097000033,21.712307033000052],[88.529633009000065,21.657619533000062],[88.522959832000083,21.649888414000095],[88.51880944100003,21.639146226000044],[88.516612175000034,21.626410223000065],[88.516123894000032,21.612616278000097],[88.514008009000065,21.600816148000032],[88.508799675000034,21.594387111000053],[88.502126498000052,21.589341539000081],[88.495616082000097,21.581854559000071],[88.48796634200005,21.556545315000051],[88.493907097000033,21.534816799000058],[88.512950066000045,21.524644273000039],[88.543955925000034,21.534084377000042],[88.53443444100003,21.542914130000039],[88.529633009000065,21.55337148600006],[88.530284050000034,21.564398505000057],[88.53646894600007,21.57510000200006],[88.544769727000073,21.561997789000095],[88.558929884000065,21.55556875200007],[88.572276238000029,21.557928778000086],[88.578135613000029,21.571682033000066],[88.578135613000029,21.623439846000043],[88.59506269600007,21.612127997000073],[88.599619988000029,21.63727448100007],[88.591807488000029,21.705389716000063],[88.598643425000034,21.705389716000063],[88.61264082100007,21.697495835000041],[88.623383009000065,21.710272528000083],[88.63021894600007,21.731756903000079],[88.632823113000029,21.750067450000071],[88.624034050000034,21.778021552000048],[88.604177280000044,21.778753973000054],[88.58130944100003,21.769435940000061],[88.564626498000052,21.766831773000039],[88.565440300000034,21.771185614000057],[88.564626498000052,21.832342841000081],[88.567067905000044,21.850816148000035],[88.598399285000028,21.929348049000069],[88.600271030000044,21.947211005000039],[88.598643425000034,21.990301825000067],[88.602549675000034,22.006415106000087],[88.62037194100003,22.029974677000045],[88.625987175000034,22.048041083000044],[88.625498894000032,22.059271552000041],[88.619965040000082,22.078314520000035],[88.618337436000047,22.102972723000072],[88.619151238000029,22.109523830000079],[88.622080925000034,22.116034247000073],[88.630869988000029,22.125799872000062],[88.634938998000067,22.14496491100002],[88.644297722000033,22.162298895000038],[88.646332227000073,22.167792059000082],[88.64966881600003,22.169094143000056],[88.656016472000047,22.183254299000051],[88.661143425000034,22.198960679000038],[88.660166863000029,22.205023505000046],[88.679942254000082,22.204413153000093],[88.683116082000083,22.184963283000066],[88.674001498000052,22.162054755000032],[88.656993035000028,22.151068427000045],[88.639496290000082,22.109523830000068],[88.639496290000082,22.097235419000071],[88.645030144000046,22.075140692000058],[88.648773634000065,22.046047268000063],[88.652598504000082,22.031805731000055],[88.653493686000047,22.018011786000041],[88.646332227000073,22.000230210000041],[88.631683790000068,21.979803778000079],[88.627452019000032,21.970404364000064],[88.625987175000034,21.955511786000041],[88.630869988000029,21.945461330000072],[88.642588738000029,21.940904039000088],[88.656260613000029,21.941066799000065],[88.667002800000034,21.945013739000032],[88.678721550000034,21.936672268000059],[88.689952019000032,21.945990302000041],[88.698415561000047,21.962591864000043],[88.701670769000032,21.976019598000075],[88.723317905000044,22.013088283000062],[88.730723504000082,22.037176825000074],[88.718516472000033,22.048041083000033],[88.699473504000082,22.053208726000054],[88.692881707000097,22.065863348000054],[88.694834832000083,22.081529039000088],[88.701670769000032,22.095851955000057],[88.71216881600003,22.109035549000051],[88.726573113000029,22.121161200000074],[88.743907097000047,22.129339911000041],[88.76303144600007,22.130560614000057],[88.73015384200005,22.103583075000081],[88.714854363000029,22.086981512000087],[88.708506707000083,22.072211005000046],[88.717051629000082,22.05805084800004],[88.754649285000028,22.037583726000026],[88.76303144600007,22.017279364000082],[88.758311394000032,21.999457098000047],[88.746836785000028,21.98712799700008],[88.733164910000028,21.977199611000042],[88.722178582000083,21.966131903000097],[88.716970248000052,21.951971747000076],[88.714691602000073,21.897853908000066],[88.694509311000047,21.839829820000084],[88.698008660000028,21.825506903000083],[88.703623894000032,21.810614325000085],[88.68490644600007,21.697211005000032],[88.687998894000032,21.678127346000029],[88.722178582000083,21.609198309000096],[88.707530144000032,21.578314520000063],[88.72787519600007,21.559881903000086],[88.762461785000028,21.555853583000058],[88.790537957000083,21.56826406500004],[88.796641472000033,21.584418036000038],[88.791026238000029,21.598863023000046],[88.781748894000032,21.614243882000036],[88.776866082000083,21.633449611000085],[88.777110222000033,21.643540757000032],[88.779063347000033,21.65119049700008],[88.784027540000068,21.655951239000043],[88.79420006600003,21.657619533000069],[88.80046634200005,21.661851304000031],[88.804942254000082,21.671861070000073],[88.810883009000065,21.691717841000063],[88.816661004000082,21.675034898000028],[88.818532748000052,21.665838934000085],[88.818369988000043,21.657619533000069],[88.814789259000065,21.653876044000075],[88.797862175000034,21.640204169000079],[88.805837436000047,21.622870184000078],[88.823985222000033,21.617254950000081],[88.844248894000032,21.622219143000031],[88.85865319100003,21.636542059000071],[88.859873894000032,21.652573960000037],[88.842946811000047,21.684149481000073],[88.838226759000065,21.701971747000062],[88.841563347000033,21.716253973000057],[88.855723504000082,21.748846747000066],[88.85865319100003,21.766831773000032],[88.866058790000068,21.766831773000039],[88.872080925000034,21.749009507000039],[88.881602410000028,21.672023830000068],[88.88607832100007,21.661810614000043],[88.891612175000034,21.65350983300004],[88.896983269000046,21.650132554000038],[88.933848504000082,21.643947658000059],[88.975759311000061,21.615912177000027],[89.000254754000082,21.603420315000047],[89.019786004000082,21.606105861000071],[89.021657748000052,21.611802476000033],[89.027598504000082,21.624579169000079],[89.033946160000028,21.633246161000052],[89.036875847000033,21.62689850500006],[89.038828972000033,21.61945221600007],[89.044688347000033,21.61351146000003],[89.053233269000032,21.609808661000049],[89.064219597000033,21.609198309000096],[89.082692905000044,21.617336330000064],[89.088226759000065,21.633734442000065],[89.08521569100003,21.674709377000053],[89.082774285000028,21.67820872600004],[89.067881707000083,21.709133205000075],[89.047862175000034,21.728013414000085],[89.043711785000028,21.733343817000048],[89.03093509200005,21.770453192000048],[89.015879754000082,21.853338934000096],[88.995860222000033,21.884182033000073],[88.968272332000083,21.904730536000052],[88.951914910000028,21.913885809000078],[88.937836134000079,21.917669989000053],[88.924082879000096,21.926336981000055],[88.910817905000044,21.946478583000033],[88.905039910000028,21.969427802000055],[88.913910352000087,21.986558335000012],[88.928721550000034,21.986558335000037],[88.934580925000034,21.969305731000087],[88.937836134000065,21.94871653900011],[88.94467207100007,21.938788153000079],[88.960459832000083,21.934312242000104],[88.993011915000068,21.912665106000073],[89.009532097000033,21.904608466000081],[89.008067254000096,21.920558986000053],[89.01303144600007,21.929429429000031],[89.02312259200005,21.931097723000054],[89.036875847000033,21.925116278000061],[89.060883009000065,21.938462632000039],[89.065603061000047,21.967108466000056],[89.057383660000028,22.031236070000091],[89.05404707100007,22.043646552000045],[89.040049675000034,22.069525458000044],[89.036875847000033,22.085598049000055],[89.039886915000068,22.100897528000072],[89.045664910000028,22.11204661700009],[89.048594597000033,22.12295156500004],[89.043711785000028,22.137396552000041],[89.060313347000047,22.130601304000045],[89.060394727000073,22.129868882000025],[89.063487175000034,22.111029364000036],[89.057383660000028,22.065090236000049],[89.062022332000083,22.049505927000023],[89.084239129000082,22.021185614000043],[89.09148196700005,22.000230210000041],[89.09107506600003,21.976792710000044],[89.080414259000065,21.934881903000079],[89.07781009200005,21.914252020000049],[89.079925977000073,21.897406317000051],[89.104665561000047,21.815863348000061],[89.10906009200005,21.809515692000048],[89.119395379000096,21.80097077000006],[89.141286655000044,21.790228583000061],[89.154551629000082,21.786851304000042],[89.160411004000082,21.791327216000063],[89.164561394000032,21.800197658000052],[89.174082879000082,21.810044664000085],[89.183360222000033,21.815619208000051],[89.187673373000052,21.811509507000039],[89.188243035000028,21.79970937700006],[89.189707879000082,21.791245835000058],[89.220713738000029,21.709418036000049],[89.218597852000073,21.698553778000061],[89.20826256600003,21.690619208000047],[89.20443769600007,21.672674872000087],[89.210459832000083,21.654120184000099],[89.229258660000028,21.643947658000059],[89.248708530000044,21.645900783000055],[89.268728061000047,21.653998114000046],[89.285899285000028,21.665594794000075],[89.297536655000044,21.678127346000029],[89.27662194100003,21.687567450000067],[89.273692254000096,21.698797919000064],[89.29070071700005,21.733343817000048],[89.294688347000033,21.757798570000084],[89.28443444100003,21.796820380000046],[89.283946160000028,21.822088934000085],[89.29070071700005,21.822088934000085],[89.29623457100007,21.809068101000054],[89.301280144000032,21.809393622000069],[89.306162957000083,21.817613023000035],[89.322601759000065,21.854641018000056],[89.328868035000028,21.864650783000052],[89.33912194100003,21.876695054000049],[89.355967644000032,21.892523505000039],[89.359629754000096,21.90167877800009],[89.359629754000082,21.917669989000053],[89.355235222000033,21.931626695000091],[89.348806186000047,21.944159247000069],[89.345957879000082,21.957017320000091],[89.352224155000044,21.972316799000033],[89.359629754000082,21.972316799000055],[89.364024285000028,21.955064195000091],[89.382660352000073,21.921332098000057],[89.386973504000082,21.901190497000087],[89.384287957000083,21.87783437700006],[89.371267123000052,21.847154039000088],[89.365896030000044,21.828924872000076],[89.362803582000083,21.783840236000071],[89.364268425000034,21.758205471000053],[89.369639519000032,21.743312893000059],[89.395192905000044,21.716376044000082],[89.406423373000052,21.717352606000077],[89.44271894600007,21.746649481000084],[89.456228061000047,21.762396552000048],[89.465830925000034,21.781317450000074],[89.469493035000028,21.804388739000039],[89.467051629000082,21.82859935100004],[89.463633660000028,21.845038153000072],[89.464610222000033,21.859198309000075],[89.475759311000047,21.87669505400002],[89.489105665000068,21.88837311400005],[89.502289259000065,21.897528387000072],[89.512543165000068,21.90912506700003],[89.521820509000065,21.962307033000048],[89.520030144000032,21.969183661000049],[89.512705925000034,21.978094794000093],[89.500498894000032,22.002590236000046],[89.496836785000028,22.013861395000053],[89.492686394000032,22.019191799000076],[89.490407748000067,22.023993231000073],[89.489431186000061,22.031236070000091],[89.49187259200005,22.034572658000062],[89.504161004000082,22.036688544000068],[89.50912519600007,22.04120514500006],[89.517425977000073,22.066473700000085],[89.518321160000028,22.081000067000037],[89.51295006600003,22.09243398600006],[89.506846550000034,22.101019598000047],[89.501719597000033,22.113104559000096],[89.498220248000052,22.12531159100006],[89.496836785000028,22.133978583000044],[89.494151238000043,22.136867580000054],[89.488780144000032,22.129584052000038],[89.48406009200005,22.116685289000088],[89.483164910000028,22.102606512000079],[89.475759311000047,22.102606512000079],[89.467458530000044,22.22898997600004],[89.475759311000047,22.295070705000072],[89.483164910000028,22.295070705000054],[89.493011915000068,22.273504950000071],[89.494151238000043,22.253566799000058],[89.489431186000061,22.208807684000085],[89.492035352000073,22.188381252000067],[89.537119988000029,22.089016018000056],[89.53646894600007,22.075832424000048],[89.526133660000028,22.055121161000049],[89.523448113000029,22.044623114000053],[89.52475019600007,22.000148830000057],[89.53288821700005,21.984686591000077],[89.551442905000044,21.994045315000037],[89.556488477000073,22.008449611000067],[89.564463738000029,22.072211005000046],[89.566742384000065,22.082098700000078],[89.576996290000068,22.101263739000039],[89.57935631600003,22.113226630000057],[89.578786655000044,22.135891018000052],[89.576345248000052,22.14549388200005],[89.571299675000034,22.157904364000046],[89.550303582000083,22.192124742000104],[89.549164259000065,22.205267645000056],[89.561045769000032,22.223089911000034],[89.580332879000082,22.236761786000038],[89.586192254000082,22.245428778000072],[89.577159050000034,22.268500067000051],[89.580821160000028,22.27724844000004],[89.592458530000044,22.288234768000049],[89.606211785000028,22.315619208000044],[89.615489129000096,22.328273830000072],[89.626475457000083,22.336004950000078],[89.616953972000033,22.318426825000085],[89.61060631600003,22.298895575000074],[89.60710696700005,22.278265692000037],[89.605967644000032,22.256903387000072],[89.597911004000082,22.240301825000071],[89.567230665000082,22.202826239000039],[89.567881707000083,22.188910223000054],[89.58139082100007,22.174058335000037],[89.593760613000029,22.155422268000049],[89.602549675000034,22.134507554000052],[89.605967644000032,22.113226630000018],[89.600596550000034,22.09125397300005],[89.576670769000032,22.051703192000044],[89.571299675000034,22.031236070000091],[89.563487175000034,21.973130601000026],[89.56763756600003,21.900702216000074],[89.564463738000029,21.884182033000048],[89.556895379000082,21.868801174000058],[89.53834069100003,21.848618882000025],[89.530284050000034,21.83576080900011],[89.527354363000029,21.812811591000077],[89.538910352000073,21.771470445000094],[89.537119988000029,21.753810940000051],[89.56568444100003,21.71336497600003],[89.586924675000034,21.700832424000051],[89.605967644000032,21.719061591000077],[89.603770379000082,21.727687893000045],[89.592784050000034,21.754380601000022],[89.595469597000033,21.75999583500003],[89.62037194100003,21.764349677000038],[89.631521030000044,21.764064846000039],[89.643565300000034,21.756903387000087],[89.668223504000082,21.750881252000067],[89.689952019000032,21.765204169000089],[89.700694207000083,21.784857489000032],[89.692067905000044,21.794826565000061],[89.672048373000067,21.804266669000071],[89.64975019600007,21.826361395000049],[89.630381707000083,21.851467190000058],[89.618988477000073,21.8698591170001],[89.646983269000032,21.925116278000086],[89.661306186000047,21.905829169000089],[89.66334069100003,21.896307684000085],[89.652598504000082,21.878851630000042],[89.653168165000068,21.867743231000045],[89.656911655000044,21.85712311400005],[89.661306186000047,21.849351304000027],[89.673350457000083,21.840073960000062],[89.690440300000034,21.833726304000045],[89.709157748000052,21.830064195000091],[89.725840691000045,21.828924872000076],[89.738454623000052,21.834418036000049],[89.753428582000097,21.843898830000054],[89.765879754000082,21.846747137000083],[89.77116946700005,21.832342841000081],[89.775726759000065,21.827582098000036],[89.78638756600003,21.828924872000076],[89.804698113000029,21.835760809000085],[89.814219597000033,21.84080638200005],[89.81763756600003,21.844916083000047],[89.81959069100003,21.849554755000046],[89.825205925000034,21.856268622000062],[89.85092207100007,21.877508856000102],[89.873220248000052,21.881577867000093],[89.880381707000083,21.884182033000041],[89.887217644000032,21.900091864000046],[89.881602410000028,21.91299062700007],[89.871836785000028,21.924261786000045],[89.863780144000046,21.943304755000046],[89.850271030000044,21.963120835000044],[89.846202019000046,21.972316799000055],[89.845957879000082,21.982896226000019],[89.851084832000083,22.000881252000063],[89.852386915000068,22.010443427000034],[89.847911004000082,22.033880927000066],[89.835948113000043,22.04946523600006],[89.818369988000029,22.060044664000106],[89.797211134000065,22.068508205000061],[89.797211134000065,22.075995184000082],[89.816172722000033,22.075995184000082],[89.831553582000083,22.07196686400005],[89.846202019000046,22.070624091000077],[89.86296634200005,22.079046942000041],[89.871348504000082,22.091864325000081],[89.87427819100003,22.10883209800005],[89.872894727000073,22.143622137000101],[89.861338738000029,22.211004950000088],[89.85084069100003,22.246527411000038],[89.838715040000068,22.267767645000049],[89.880381707000083,22.342230536000027],[89.88412519600007,22.363511460000037],[89.88054446700005,22.380601304000031],[89.874847852000087,22.397650458000061],[89.872894727000073,22.418605861000039],[89.903086785000028,22.396429755000039],[89.920420769000032,22.391831773000032],[89.928233269000032,22.407700914000074],[89.933604363000029,22.423529364000053],[89.947438998000052,22.439683335000026],[89.979502800000034,22.47007884300006],[89.982758009000065,22.47321198100008],[90.010101759000065,22.490220445000098],[89.997894727000073,22.48086172100005],[89.991953972000033,22.469875393000052],[89.988291863000029,22.457749742000086],[89.982758009000065,22.445257880000053],[89.900157097000033,22.333929755000046],[89.880381707000083,22.288234768000034],[89.876800977000073,22.274725653000075],[89.875336134000065,22.263983466000074],[89.87663821700005,22.253485419000082],[89.880381707000083,22.240423895000053],[89.885508660000028,22.23061758000005],[89.898285352000073,22.211655992000093],[89.900889519000032,22.201971747000083],[89.903086785000028,22.176906643000056],[89.912364129000082,22.135565497000091],[89.914561394000032,22.061672268000049],[89.917491082000083,22.049872137000079],[89.926280144000032,22.027167059000071],[89.928233269000032,22.017279364000068],[89.934418165000068,21.997707424000055],[89.949717644000032,21.980902411000041],[89.967784050000049,21.97455475500006],[89.982758009000065,21.986558335000037],[89.985199415000068,21.999416408000055],[89.982758009000065,22.044623114000068],[89.988536004000082,22.05304596600007],[90.015391472000033,22.077866929000038],[90.024424675000034,22.089016018000056],[90.040049675000034,22.138088283000084],[90.052582227000073,22.15546295800004],[90.078379754000082,22.164048570000105],[90.072601759000065,22.152044989000053],[90.063243035000028,22.145738023000035],[90.05209394600007,22.141099351000033],[90.042735222000033,22.13125234600005],[90.039073113000029,22.116278387000076],[90.034678582000083,22.10516998900005],[90.038096550000034,22.075344143000066],[90.035411004000082,22.059800523000032],[90.02898196700005,22.052964585000044],[90.020192905000044,22.04881419500007],[90.010752800000049,22.04120514500006],[90.00318444100003,22.029364325000056],[90.002126498000067,22.014105536000027],[89.996348504000082,22.000230210000041],[90.028168165000068,21.988104559000078],[90.038096550000034,21.986558335000037],[90.05241946700005,21.988999742000086],[90.05795332100007,21.99371979400005],[90.061045769000032,22.000799872000076],[90.073741082000083,22.019232489000039],[90.081797722000033,22.041001695000087],[90.088877800000034,22.051174221000043],[90.148285352000087,22.110785223000057],[90.164805535000028,22.119818427000048],[90.191661004000082,22.123114325000063],[90.205821160000028,22.132961330000064],[90.218272332000083,22.155707098000072],[90.236094597000033,22.198879299000055],[90.239105665000082,22.172267971000071],[90.23170006600003,22.145656643000049],[90.21615644600007,22.123236395000042],[90.195078972000033,22.109523830000068],[90.189707879000082,22.110825914000088],[90.181813998000052,22.114813544000079],[90.172862175000034,22.117010809000078],[90.164073113000029,22.113226630000032],[90.158864780000044,22.106919664000095],[90.15162194100003,22.094875393000063],[90.146739129000082,22.089016018000056],[90.105642123000052,22.054266669000071],[90.095957879000082,22.040106512000083],[90.092539910000028,22.027980861000042],[90.090586785000028,22.015448309000075],[90.085785352000073,22.000230210000041],[90.077159050000034,21.98798248900005],[90.06576582100007,21.979885158000062],[90.054209832000083,21.973374742000093],[90.044932488000029,21.966131903000061],[90.033946160000028,21.94354889500006],[90.031260613000029,21.889227606000063],[90.024424675000034,21.862453518000052],[90.036306186000047,21.861151434000064],[90.049327019000032,21.851019598000047],[90.05787194100003,21.849351304000027],[90.066905144000032,21.853420315000051],[90.07935631600003,21.866929429000045],[90.088877800000034,21.8698591170001],[90.098480665000068,21.878607489000039],[90.116221550000034,21.919338283000059],[90.12623131600003,21.931952216000056],[90.121348504000082,21.921576239000064],[90.121836785000028,21.915350653000068],[90.124522332000083,21.909735419000068],[90.12623131600003,21.901190497000059],[90.120860222000047,21.889308986000064],[90.110850457000083,21.880113023000039],[90.104991082000083,21.870266018000063],[90.112478061000047,21.856268622000076],[90.09538821700005,21.859442450000078],[90.088552280000044,21.846747137000083],[90.092946811000047,21.830267645000049],[90.10906009200005,21.822088934000085],[90.126800977000073,21.818793036000045],[90.164398634000065,21.804266669000082],[90.18482506600003,21.800970770000049],[90.203786655000044,21.804592190000058],[90.217621290000068,21.813462632000046],[90.27271569100003,21.857407945000077],[90.28288821700005,21.87079498900005],[90.29070071700005,21.890326239000053],[90.299978061000047,21.927679755000032],[90.30437259200005,21.965765692000037],[90.308604363000029,21.984035549000051],[90.327891472000033,22.020493882000032],[90.332204623000052,22.038072007000039],[90.334727410000028,22.041815497000069],[90.347422722000033,22.055324611000049],[90.365733269000032,22.081203518000052],[90.369883660000028,22.089829820000094],[90.373789910000028,22.102606512000079],[90.377126498000052,22.133612372000062],[90.380056186000047,22.143622137000072],[90.383799675000034,22.145738023000035],[90.388682488000029,22.143459377000053],[90.392588738000029,22.143011786000063],[90.395192905000044,22.157212632000057],[90.397146030000044,22.160630601000037],[90.399180535000028,22.162339585000051],[90.400563998000052,22.164048570000119],[90.408213738000029,22.1712100280001],[90.412852410000028,22.178045966000063],[90.414235873000052,22.185777085000037],[90.410492384000065,22.195705471000078],[90.40552819100003,22.19953034100007],[90.399099155000044,22.202215887000083],[90.390879754000082,22.208807684000085],[90.388682488000029,22.223211981000063],[90.398692254000082,22.267482815000076],[90.394297722000033,22.288234768000063],[90.410899285000028,22.284247137000076],[90.414073113000029,22.271795966000091],[90.407969597000033,22.240423895000042],[90.410004102000073,22.227280992000086],[90.421641472000033,22.198879299000055],[90.417491082000083,22.175034898000035],[90.393239780000044,22.127386786000027],[90.387461785000028,22.102606512000079],[90.39380944100003,22.094712632000043],[90.408457879000082,22.085923570000109],[90.42546634200005,22.078843492000097],[90.438649936000061,22.075995184000082],[90.450043165000068,22.08079661700009],[90.459646030000044,22.091945705000057],[90.488291863000029,22.138617255000035],[90.494395379000082,22.154242255000046],[90.496755405000059,22.167792059000082],[90.501149936000047,22.176703192000058],[90.511729363000043,22.185288804000031],[90.538340691000045,22.198879299000055],[90.55795332100007,22.203355210000037],[90.581553582000083,22.23822663000005],[90.613454623000067,22.314886786000045],[90.619313998000052,22.355902411000034],[90.61841881600003,22.376654364000061],[90.613454623000067,22.396877346000043],[90.593597852000073,22.432318427000059],[90.586436394000032,22.450588283000062],[90.586192254000082,22.47321198100008],[90.591319207000083,22.470526434000078],[90.606618686000047,22.465765692000051],[90.589691602000073,22.500433661000045],[90.57781009200005,22.533677476000047],[90.559743686000047,22.562323309000082],[90.524099155000044,22.583075262000079],[90.50513756600003,22.586249091000077],[90.487315300000034,22.583726304000042],[90.472504102000073,22.575588283000052],[90.462657097000033,22.561957098000061],[90.460459832000083,22.551174221000043],[90.463552280000044,22.53143952000006],[90.462657097000033,22.520982164000074],[90.458018425000034,22.514634507000043],[90.451182488000029,22.510158596000057],[90.44499759200005,22.504136460000041],[90.442067905000044,22.493638414000088],[90.442149285000028,22.508734442000041],[90.453461134000065,22.564195054000063],[90.459239129000082,22.57929108300004],[90.468597852000073,22.584702867000093],[90.491384311000047,22.587836005000042],[90.500173373000052,22.592352606000098],[90.510020379000082,22.604234117000079],[90.512705925000034,22.611476955000068],[90.508962436000047,22.646429755000042],[90.496755405000059,22.678656317000051],[90.492930535000028,22.709906317000051],[90.48991946700005,22.720200914000085],[90.479014519000032,22.735012111000046],[90.461680535000028,22.748846747000055],[90.444590691000045,22.751654364000057],[90.43523196700005,22.733303127000056],[90.415782097000033,22.74249909100007],[90.387217644000032,22.751288153000072],[90.372569207000083,22.761419989000025],[90.394297722000033,22.774847723000068],[90.406423373000052,22.763088283000087],[90.419932488000043,22.76825592700002],[90.424001498000052,22.781683661000041],[90.407969597000033,22.794663804000034],[90.436045769000032,22.800604559000075],[90.448090040000068,22.828436591000081],[90.457204623000052,22.861761786000049],[90.476328972000033,22.884100653000075],[90.490489129000082,22.885199286000049],[90.50513756600003,22.88165924700008],[90.520030144000032,22.880194403000068],[90.534922722000033,22.887152411000034],[90.540049675000034,22.896551825000078],[90.535980665000068,22.903387762000076],[90.524099155000044,22.912014065000072],[90.521006707000083,22.915676174000048],[90.51685631600003,22.916815497000073],[90.512950066000045,22.917059637000079],[90.510427280000044,22.918198960000048],[90.507578972000033,22.925360419000096],[90.509287957000083,22.936997789000095],[90.507009311000061,22.942084052000045],[90.486989780000044,22.966131903000093],[90.468272332000083,22.996079820000119],[90.45435631600003,23.027533270000028],[90.450124545000065,23.049343166000089],[90.448903842000064,23.055731512000094],[90.453623894000046,23.07233307500006],[90.46607506600003,23.076849677000034],[90.50359134200005,23.07587311400005],[90.522797071000085,23.080145575000063],[90.536631707000083,23.086818752000049],[90.547618035000028,23.096747137000083],[90.558767123000052,23.110663153000075],[90.565603061000047,23.110663153000065],[90.565603061000047,23.103827216000067],[90.555918816000045,23.096828518000038],[90.551280144000032,23.086900132000036],[90.553721550000034,23.078558661000041],[90.565603061000047,23.07587311400005],[90.57195071700005,23.081732489000039],[90.599131707000083,23.117499091000063],[90.60287519600007,23.141302802000052],[90.598399285000028,23.200425523000021],[90.593516472000033,23.21987539300007],[90.602712436000047,23.211004950000078],[90.610362175000034,23.201157945000091],[90.61451256600003,23.195461330000075],[90.610850457000083,23.230780341000077],[90.606618686000047,23.24721914300007],[90.577321811000047,23.288397528000075],[90.569102410000028,23.294989325000078],[90.50359134200005,23.30174388200005],[90.48796634200005,23.306830145000053],[90.46021569100003,23.319728908000069],[90.428477410000028,23.326117255000046],[90.419688347000033,23.335598049000051],[90.41342207100007,23.347967841000081],[90.404144727000073,23.360419012000097],[90.388519727000073,23.372381903000075],[90.258799675000049,23.444566148000018],[90.249359571000085,23.45538971600006],[90.250336134000065,23.466945705000057],[90.28443444100003,23.446193752000056],[90.322438998000067,23.433294989000053],[90.518321160000028,23.398260809000082],[90.551931186000047,23.384955145000049],[90.553721550000034,23.400702216000077],[90.55990644600007,23.418402411000045],[90.568125847000033,23.432928778000086],[90.575938347000033,23.438950914000088],[90.578949415000068,23.449855861000046],[90.576833530000044,23.539496161000027],[90.568695509000065,23.547512111000064],[90.531504754000082,23.548814195000091],[90.51498457100007,23.551418361000067],[90.498383009000065,23.557277736000074],[90.484385613000029,23.567450262000065],[90.476328972000033,23.582953192000058],[90.501719597000033,23.567938544000093],[90.514659050000034,23.563788153000065],[90.531504754000082,23.562486070000091],[90.547211134000065,23.56378815300009],[90.559418165000068,23.567938544000079],[90.564463738000029,23.57640208500003],[90.558767123000052,23.59039948100007],[90.595469597000033,23.604396877000038],[90.611989780000044,23.606105861000081],[90.619639519000032,23.596625067000041],[90.624034050000034,23.598089911000049],[90.625254754000096,23.598334052000045],[90.625336134000065,23.599351304000042],[90.627126498000052,23.603461005000042],[90.633311394000046,23.596625067000062],[90.608164910000028,23.585760809000078],[90.592051629000082,23.562486070000091],[90.588145379000082,23.534165757000032],[90.603363477000073,23.494696356000077],[90.607758009000065,23.491115627000028],[90.622080925000034,23.500067450000085],[90.647471550000034,23.507879950000046],[90.666758660000028,23.518215236000074],[90.677744988000029,23.517279364000046],[90.695323113000029,23.507879950000081],[90.702159050000034,23.528387762000083],[90.684336785000028,23.541734117000079],[90.67546634200005,23.550930080000057],[90.678233269000032,23.555080471000043],[90.695811394000032,23.555487372000087],[90.705577019000032,23.554510809000085],[90.711192254000082,23.548814195000091],[90.715830925000034,23.535142320000087],[90.715017123000052,23.498358466000077],[90.691579623000052,23.486476955000057],[90.633311394000046,23.486761786000045],[90.608734571000085,23.472723700000074],[90.600271030000044,23.449937242000104],[90.599131707000083,23.391180731000095],[90.601735873000052,23.372463283000052],[90.611338738000029,23.342474677000066],[90.628428582000083,23.321519273000035],[90.65365644600007,23.329738674000065],[90.653168165000068,23.324652411000031],[90.654795769000032,23.323309637000094],[90.657725457000083,23.323228257000032],[90.661143425000049,23.322251695000087],[90.650157097000033,23.31354401200009],[90.650889519000046,23.300238348000033],[90.66732832100007,23.267645575000081],[90.661143425000049,23.26764557500006],[90.665212436000047,23.248765367000093],[90.657074415000068,23.230373440000058],[90.64584394600007,23.210923570000098],[90.640147332000083,23.188869533000069],[90.638682488000029,23.147894598000079],[90.627207879000082,23.08665599200009],[90.627126498000052,23.07587311400005],[90.629405144000032,23.064398505000042],[90.640147332000083,23.038031317000058],[90.717458530000044,22.940619208000047],[90.722666863000029,22.928452867000086],[90.725596550000034,22.90570709800005],[90.732920769000032,22.889064846000053],[90.741953972000033,22.874212958000051],[90.750010613000029,22.856756903000075],[90.757334832000083,22.822658596000046],[90.769541863000029,22.795355536000049],[90.771006707000083,22.78481679900008],[90.774180535000028,22.778062242000075],[90.78834069100003,22.75922272300005],[90.794932488000029,22.741359768000056],[90.802582227000073,22.736395575000046],[90.81177819100003,22.73236725500005],[90.819509311000047,22.726467190000054],[90.83130944100003,22.690578518000056],[90.835948113000029,22.684881903000065],[90.865489129000082,22.687160549000058],[90.876475457000083,22.682806708000019],[90.88412519600007,22.654486395000045],[90.898773634000065,22.636175848000061],[90.90202884200005,22.627101955000061],[90.908213738000029,22.617865302000038],[90.935557488000029,22.599676825000088],[90.941742384000065,22.58588288000006],[90.954925977000073,22.575832424000055],[90.985118035000028,22.574367580000047],[91.017588738000029,22.57929108300004],[91.037933790000068,22.588609117000061],[91.040212436000047,22.60773346600007],[91.032237175000034,22.636867580000057],[91.018728061000047,22.664455471000061],[91.003754102000087,22.678656317000051],[91.018321160000028,22.683091539000074],[91.02670332100007,22.674261786000049],[91.037933790000068,22.643866278000068],[91.048675977000073,22.626166083000044],[91.058604363000029,22.614325262000072],[91.069579671000042,22.571556869000066],[91.089200582000046,22.544430256000052],[91.127343458000041,22.52702594800007],[91.176565684000082,22.536419414000076],[91.20274304600008,22.543219639000085],[91.221364576000042,22.557192605000076],[91.241568800000039,22.575395765000064],[91.253103061000047,22.613836981000095],[91.26107832100007,22.627875067000048],[91.264496290000068,22.640814520000045],[91.253428582000083,22.66071198100008],[91.226898634000065,22.671087958000054],[91.168955925000034,22.684881903000065],[91.168955925000034,22.692287502000053],[91.192149285000028,22.691636460000048],[91.199229363000029,22.698797919000068],[91.19459069100003,22.709662177000034],[91.181895379000082,22.720200914000085],[91.181895379000082,22.726467190000054],[91.21607506600003,22.726060289000092],[91.231211785000028,22.724310614000039],[91.24341881600003,22.720200914000085],[91.243907097000033,22.717433986000067],[91.24341881600003,22.702215887000069],[91.244802280000044,22.698391018000049],[91.248383009000065,22.698228257000032],[91.252777540000068,22.699286200000078],[91.283457879000082,22.69334544500008],[91.28443444100003,22.692287502000053],[91.300547722000033,22.693264065000065],[91.317393425000034,22.697211005000046],[91.329925977000073,22.705715236000081],[91.332774285000028,22.720200914000085],[91.325043165000068,22.726141669000071],[91.308848504000082,22.733099677000048],[91.290782097000033,22.738430080000054],[91.342621290000082,22.739447333000058],[91.360118035000028,22.743394273000042],[91.370127800000034,22.752183335000044],[91.367442254000082,22.761664130000053],[91.346446160000028,22.767401434000078],[91.346446160000028,22.774847723000068],[91.368337436000047,22.77399323100007],[91.385020379000082,22.77069733300004],[91.39966881600003,22.764308986000053],[91.414724155000044,22.753729559000071],[91.411631707000083,22.777818101000044],[91.416758660000028,22.799994208000054],[91.430430535000028,22.816310940000051],[91.45248457100007,22.822658596000046],[91.462412957000083,22.833441473000057],[91.479665561000047,22.885891018000063],[91.483083530000044,22.904527085000041],[91.490489129000082,22.904527085000041],[91.490000847000047,22.880560614000043],[91.47396894600007,22.838324286000045],[91.467784050000034,22.809312242000093],[91.45834394600007,22.797064520000056],[91.45630944100003,22.78481679900008],[91.458018425000034,22.772284247000083],[91.462412957000083,22.761908270000049],[91.469004754000082,22.757066148000042],[91.476817254000082,22.761175848000057],[91.484629754000082,22.745510158000055],[91.498708530000044,22.727280992000086],[91.516368035000028,22.712225653000068],[91.548106316000045,22.700344143000045],[91.676036004000082,22.534613348000047],[91.743662957000083,22.411078192000044],[91.754405144000046,22.374660549000069],[91.771657748000052,22.260321356000077],[91.787119988000029,22.237941799000062],[91.808929884000065,22.23627350500005],[91.825938347000033,22.248480536000052],[91.826345248000052,22.267767645000049],[91.817230665000068,22.274074611000071],[91.804535352000073,22.278469143000052],[91.793955925000034,22.286037502000049],[91.791351759000065,22.301906643000049],[91.798594597000033,22.311916408000069],[91.823252800000034,22.324164130000039],[91.826345248000052,22.329169012000062],[91.844004754000082,22.334947007000046],[91.859141472000033,22.346625067000055],[91.87045332100007,22.358099677000052],[91.877452019000032,22.363348700000085],[91.875743035000028,22.371079820000102],[91.885508660000028,22.409654039000099],[91.887705925000034,22.424750067000023],[91.901866082000083,22.42405833500003],[91.908050977000073,22.424750067000048],[91.884938998000052,22.353827216000088],[91.874034050000034,22.336004950000078],[91.852386915000068,22.325344143000045],[91.826508009000065,22.318264065000051],[91.808848504000082,22.306341864000039],[91.812022332000083,22.281398830000057],[91.819183790000068,22.275824286000059],[91.829844597000033,22.271307684000085],[91.838389519000032,22.263088283000062],[91.839854363000029,22.24664948100008],[91.834727410000028,22.237616278000068],[91.82585696700005,22.230047919000068],[91.816905144000032,22.220282294000054],[91.812022332000083,22.205023505000032],[91.812998894000032,22.180324611000071],[91.819346550000034,22.155951239000029],[91.829112175000034,22.134100653000075],[91.839854363000029,22.116888739000039],[91.846039259000065,22.116888739000039],[91.846039259000065,22.135972398000021],[91.853282097000033,22.148749091000077],[91.862071160000028,22.150620835000062],[91.867198113000029,22.137396552000062],[91.863942905000044,22.139593817000062],[91.853526238000029,22.143622137000072],[91.855235222000033,22.10919830900006],[91.880869988000043,22.00702545800004],[91.880869988000043,21.969183661000073],[91.88404381600003,21.960150458000051],[91.898203972000033,21.944891669000082],[91.901215040000068,21.935370184000078],[91.90560957100007,21.895575262000087],[91.910329623000052,21.874904690000061],[91.91570071700005,21.862453518000077],[91.922129754000082,21.87156810100003],[91.929942254000082,21.878648179000049],[91.939219597000033,21.883042710000066],[91.949717644000032,21.884182033000048],[91.949717644000032,21.876695054000049],[91.936289910000028,21.870835679000027],[91.925547722000047,21.862860419000061],[91.921641472000033,21.853420315000051],[91.929372592000064,21.843166408000048],[91.91138756600003,21.834702867000097],[91.900889519000032,21.813299872000076],[91.899261915000068,21.789496161000038],[91.908702019000032,21.781154690000054],[91.924082879000082,21.785223700000099],[91.943695509000065,21.791408596000032],[91.990000847000033,21.794826565000061],[91.990000847000033,21.787909247000066],[91.966563347000033,21.778876044000068],[91.960297071000085,21.763820705000068],[91.967295769000032,21.755438544000064],[91.983897332000083,21.766831773000039],[91.990000847000033,21.75999583500003],[91.974782748000052,21.74648672100005],[91.961924675000034,21.743841864000036],[91.952972852000073,21.738348700000092],[91.949717644000032,21.715969143000056],[91.953623894000032,21.701402085000048],[91.962657097000033,21.689520575000071],[91.97193444100003,21.688218492000082],[91.977061394000032,21.705389716000063],[91.983897332000083,21.705389716000063],[91.984222852000073,21.693508205000054],[91.978851759000065,21.677720445000091],[91.976084832000083,21.662054755000046],[91.983897332000083,21.650132554000038],[92.000743035000028,21.649807033000062],[92.012380405000044,21.664211330000054],[92.025401238000029,21.698553778000079],[92.017914259000065,21.698553778000079],[92.022146030000044,21.701564846000057],[92.023936394000032,21.704657294000071],[92.025401238000029,21.712836005000039],[92.029307488000029,21.704901434000089],[92.029307488000029,21.696234442000055],[92.025563998000052,21.687241929000049],[92.02279707100007,21.676825262000072],[92.02857506600003,21.674790757000025],[92.035899285000028,21.668158270000031],[92.037771030000044,21.659572658000034],[92.031748894000032,21.650132554000038],[92.035817905000044,21.640448309000103],[92.032969597000033,21.633002020000053],[92.017914259000065,21.616034247000059],[92.022146030000044,21.599351304000038],[92.012461785000028,21.585394598000061],[91.998545769000032,21.573187567000058],[91.990000847000033,21.561997789000095],[91.989756707000083,21.543402411000045],[91.99537194100003,21.522609768000059],[92.005381707000083,21.504299221000068],[92.017914259000065,21.493109442000058],[91.999034050000034,21.499497789000088],[91.982920769000032,21.488836981000073],[91.970876498000052,21.470038153000075],[91.963389519000032,21.452134507000046],[91.960134311000047,21.454250393000059],[91.958832227000073,21.454413153000086],[91.958018425000034,21.455023505000046],[91.955902540000068,21.458400783000041],[91.949717644000032,21.458400783000041],[91.952972852000073,21.441839911000056],[91.959727410000028,21.423976955000047],[91.969411655000044,21.409613348000033],[91.980479363000029,21.40375397300004],[91.989756707000083,21.394232489000061],[92.045258009000065,21.29954661700009],[92.05046634200005,21.280462958000061],[92.052256707000083,21.256659247000055],[92.043955925000034,21.192043361000064],[92.045420769000032,21.170965887000069],[92.052500847000033,21.15477122600004],[92.096853061000047,21.105861721000046],[92.108083530000044,21.089911200000085],[92.12435957100007,21.060451565000054],[92.13412519600007,21.04751211100006],[92.186289910000028,21.005845445000091],[92.192881707000083,20.995672919000093],[92.209727410000028,20.930812893000056],[92.278086785000028,20.814113674000058],[92.301036004000082,20.762274481000055],[92.309092644000032,20.753241278000079],[92.314219597000033,20.749253648000032],[92.319346550000034,20.742010809000078],[92.32553144600007,20.738714911000034],[92.333994988000043,20.746405341000067],[92.336273634000065,20.757147528000068],[92.33326256600003,20.767726955000068],[92.325938347000033,20.780585028000079],[92.307627800000034,20.83319733300004],[92.305430535000028,20.851955471000057],[92.300629102000073,20.862372137000058],[92.271983269000032,20.903509833000044],[92.261485222000033,20.94025299700008],[92.25709069100003,20.98110586100006],[92.258555535000028,21.022528387000076],[92.265147332000083,21.061102606000087],[92.270518425000034,21.049017645000074],[92.281016472000033,20.959418036000041],[92.288096550000034,20.943589585000019],[92.305430535000028,20.917710679000034],[92.36068769600007,20.766913153000075],[92.370860222000047,20.72134023600006],[92.381114129000082,20.700140692000037],[92.398203972000033,20.691148179000052],[92.408457879000082,20.687974351000026],[92.428965691000045,20.673895575000067],[92.439219597000047,20.670721747000055],[92.453623894000032,20.668524481000073],[92.459646030000044,20.662583726000022],[92.463226759000065,20.653876044000064],[92.470550977000073,20.643377997000073],[92.507009311000047,20.609279690000076],[92.520030144000032,20.589667059000085],[92.529144727000087,20.543402411000041],[92.539886915000068,20.527533270000067],[92.632578972000033,20.446600653000065],[92.653168165000068,20.418280341000081],[92.697113477000073,20.308254299000051],[92.70630944100003,20.292914130000053],[92.72388756600003,20.27142975500005],[92.731211785000028,20.259182033000062],[92.739268425000034,20.279689846000053],[92.731211785000028,20.382717190000051],[92.738454623000052,20.428371486000049],[92.737478061000047,20.444769598000054],[92.716970248000052,20.499986070000087],[92.70826256600003,20.578680731000077],[92.704437696000085,20.589056708000037],[92.65943444100003,20.652818101000037],[92.635020379000082,20.69798411700009],[92.662852410000028,20.679185289000106],[92.699554884000065,20.61953359600005],[92.720713738000029,20.592230536000049],[92.736582879000082,20.563137111000064],[92.741709832000083,20.529282945000098],[92.750987175000034,20.498521226000037],[92.77898196700005,20.478257554000045],[92.773448113000029,20.477280992000086],[92.758555535000028,20.472113348000057],[92.769297722000033,20.455064195000094],[92.785329623000052,20.462958075000067],[92.79656009200005,20.483832098000054],[92.79265384200005,20.506252346000071],[92.815277540000068,20.504706122000076],[92.826914910000028,20.495062567000041],[92.831553582000083,20.478949286000038],[92.840505405000044,20.390122789000088],[92.84693444100003,20.377346096000057],[92.856618686000047,20.367621161000052],[92.880707227000073,20.349188544000075],[92.887705925000034,20.340277411000052],[92.889659050000034,20.333644924000062],[92.893321160000028,20.329535223000043],[92.905284050000034,20.328070380000057],[92.925303582000083,20.327826239000043],[92.933929884000065,20.325913804000045],[92.942881707000083,20.321234442000037],[92.901215040000068,20.308050848000057],[92.864024285000042,20.300767320000102],[92.799489780000044,20.259182033000062],[92.786631707000083,20.245917059000092],[92.778168165000068,20.231634833000047],[92.773610873000052,20.216742255000039],[92.772146030000044,20.201483466000074],[92.782969597000033,20.189846096000053],[92.846690300000034,20.143133856000063],[92.855235222000033,20.130601304000066],[92.860362175000034,20.124945380000035],[92.867686394000032,20.122015692000051],[92.88054446700005,20.12319570500004],[92.889414910000042,20.127997137000087],[92.895030144000032,20.133246161000027],[92.898448113000029,20.135687567000048],[92.936045769000032,20.211981512000076],[92.994802280000059,20.28660716400011],[93.016286655000044,20.324855861000056],[93.024912957000083,20.368475653000075],[93.020030144000032,20.424017645000056],[93.022634311000061,20.452541408000066],[93.035655144000032,20.475165106000084],[93.049082879000082,20.491766669000064],[93.060313347000033,20.513373114000057],[93.068695509000065,20.535711981000087],[93.073252800000049,20.554632880000039],[93.08562259200005,20.532945054000031],[93.070567254000082,20.496161200000078],[93.032237175000034,20.431097723000043],[93.031016472000033,20.409654039000081],[93.034190300000034,20.38422272300004],[93.043223504000082,20.36493561400005],[93.059580925000034,20.362250067000073],[93.072520379000082,20.376613674000044],[93.081879102000073,20.416978257000036],[93.100433790000068,20.431097723000043],[93.091319207000083,20.381008205000054],[93.080821160000028,20.358547268000052],[93.056162957000083,20.349188544000086],[93.041270379000082,20.332017320000094],[93.01880944100003,20.256496486000056],[93.00123131600003,20.239325262000083],[92.987478061000047,20.186672268000041],[92.990489129000082,20.154933986000053],[93.018565300000034,20.149969794000075],[93.047373894000032,20.167954820000077],[93.08920332100007,20.210353908000073],[93.120941602000073,20.218207098000054],[93.120941602000073,20.211981512000087],[93.115489129000082,20.202622789000095],[93.094248894000032,20.149969794000075],[93.086924675000034,20.149969794000079],[93.086680535000028,20.156805731000084],[93.084971550000034,20.161118882000029],[93.082692905000044,20.165025132000061],[93.080088738000029,20.170477606000059],[93.064707879000082,20.147121486000071],[93.054453972000033,20.134751695000084],[93.042491082000083,20.129461981000077],[92.988291863000029,20.124986070000098],[92.970225457000097,20.129461981000077],[92.974131707000083,20.117254950000074],[92.97592207100007,20.087836005000035],[92.980723504000082,20.077948309000078],[92.99154707100007,20.067531643000066],[93.011729363000029,20.040106512000094],[93.038422071000085,20.012925523000021],[93.048675977000087,19.994818427000045],[93.052744988000043,19.968410549000058],[93.059418165000068,19.951117255000035],[93.11264082100007,19.874335028000065],[93.125010613000029,19.846665757000018],[93.134532097000033,19.834051825000071],[93.139414910000028,19.831691799000073],[93.149180535000028,19.828924872000076],[93.168793165000068,19.807318427000055],[93.168955925000034,19.809393622000062],[93.158946160000028,19.823675848000057],[93.155772332000083,19.827826239000061],[93.151133660000028,19.830145575000078],[93.147308790000068,19.833034572000081],[93.134532097000033,19.848293361000071],[93.129893425000034,19.862372137000079],[93.12435957100007,19.893866278000075],[93.106130405000059,19.930650132000043],[93.102061394000032,19.96409739800005],[93.109141472000033,19.993801174000037],[93.131521030000044,20.006577867000093],[93.14812259200005,19.994330145000063],[93.160655144000032,19.966253973000057],[93.176280144000032,19.916571356000084],[93.201426629000082,19.862779039000088],[93.217621290000068,19.837103583000044],[93.238291863000029,19.820990302000034],[93.235850457000083,19.847235419000079],[93.176280144000032,19.957505601000047],[93.155772332000083,20.026434637000072],[93.136729363000029,20.05923086100006],[93.129893425000034,20.075100002000056],[93.128428582000083,20.094671942000051],[93.13607832100007,20.081529039000088],[93.147471550000034,20.070013739000043],[93.16138756600003,20.060614325000078],[93.176280144000032,20.053697007000036],[93.190277540000082,20.06443919500008],[93.215179884000065,20.059312242000093],[93.244639519000032,20.049872137000097],[93.272471550000034,20.047512111000071],[93.293955925000034,20.054185289000088],[93.312754754000082,20.065375067000065],[93.326508009000065,20.081284898000046],[93.333832227000073,20.10219961100006],[93.340668165000068,20.10219961100006],[93.355967644000032,20.038397528000058],[93.361827019000032,20.026434637000083],[93.372080925000034,20.030829169000071],[93.374522332000083,20.050604559000085],[93.374847852000073,20.088527736000035],[93.382334832000083,20.088527736000049],[93.383962436000047,20.064398505000042],[93.404470248000052,20.012925523000032],[93.409678582000083,19.988592841000067],[93.413584832000083,19.977525132000043],[93.423187696000085,19.965318101000026],[93.435313347000033,19.955389716000077],[93.44654381600003,19.951361395000042],[93.457041863000029,19.954250393000045],[93.463226759000065,19.961818752000042],[93.470469597000033,19.984849351000051],[93.475433790000068,19.979559637000076],[93.487315300000034,19.970200914000085],[93.492198113000029,19.964992580000068],[93.495860222000033,19.97736237200008],[93.503428582000083,19.986273505000039],[93.513682488000029,19.993068752000056],[93.525645379000096,19.999172268000066],[93.529551629000082,19.992173570000087],[93.531911655000044,19.984849351000044],[93.51685631600003,19.981187242000093],[93.511973504000082,19.970445054000024],[93.517100457000083,19.958563544000075],[93.531911655000044,19.951361395000053],[93.518321160000028,19.939601955000064],[93.529063347000033,19.930080471000057],[93.565928582000083,19.916571356000098],[93.559580925000034,19.912909247000069],[93.551605665000068,19.905747789000088],[93.546722852000073,19.902899481000073],[93.554698113000029,19.893866278000075],[93.566742384000065,19.885931708000026],[93.580739780000044,19.881333726000047],[93.594004754000096,19.882473049000048],[93.60084069100003,19.888576565000051],[93.608409050000034,19.90664297100005],[93.611338738000029,19.910345770000049],[93.629161004000082,19.909491278000058],[93.638194207000083,19.91030508000004],[93.645518425000034,19.913478908000055],[93.656504754000082,19.916205145000053],[93.707530144000032,19.916571356000084],[93.711599155000044,19.919663804000042],[93.711680535000028,19.933823960000058],[93.717539910000028,19.937689520000042],[93.72624759200005,19.936590887000079],[93.73365319100003,19.932114976000026],[93.740000847000047,19.925116278000075],[93.74537194100003,19.916571356000084],[93.730479363000029,19.914292710000041],[93.725596550000034,19.905585028000079],[93.728770379000082,19.893784898000032],[93.738047722000033,19.882473049000058],[93.703949415000082,19.885199286000066],[93.679942254000082,19.883368231000055],[93.660655144000032,19.870835679000045],[93.606455925000034,19.796128648000039],[93.601410352000073,19.783433335000048],[93.601410352000073,19.718573309000064],[93.615570509000065,19.723863023000057],[93.623301629000082,19.73358795800003],[93.635508660000028,19.759507554000042],[93.636241082000083,19.735012111000049],[93.648448113000029,19.725165106000087],[93.693532748000052,19.724798895000031],[93.70248457100007,19.734361070000105],[93.708832227000073,19.753810940000026],[93.72193444100003,19.768988348000072],[93.751638217000064,19.765692450000063],[93.74187259200005,19.754055080000072],[93.718760613000029,19.743597723000054],[93.711273634000065,19.731634833000054],[93.709483269000032,19.713527736000053],[93.713145379000082,19.697658596000057],[93.720957879000082,19.685288804000042],[93.731211785000028,19.67763906500004],[93.76107832100007,19.674872137000079],[93.783864780000044,19.69110748900005],[93.799164259000065,19.717718817000073],[93.806813998000052,19.745835679000049],[93.813161655000044,19.739488023000039],[93.82740319100003,19.718573309000078],[93.816172722000033,19.703355210000051],[93.802500847000033,19.688869533000059],[93.794444207000083,19.673570054000034],[93.80005944100003,19.656480210000048],[93.77865644600007,19.662502346000032],[93.756114129000096,19.661078192000044],[93.738454623000052,19.651353257000011],[93.731211785000028,19.632554429000045],[93.739593946000085,19.617499091000081],[93.777191602000073,19.603094794000082],[93.785655144000032,19.591294664000099],[93.794444207000083,19.571234442000033],[93.814707879000082,19.553045966000074],[93.855235222000033,19.526800848000047],[93.88209069100003,19.501898505000042],[93.892425977000073,19.498846747000069],[93.916026238000029,19.498928127000038],[93.926768425000034,19.497015692000048],[93.937266472000033,19.492010809000096],[93.91920006600003,19.484279690000072],[93.914561394000032,19.472805080000057],[93.923838738000029,19.462388414000063],[93.947113477000087,19.457912502000056],[93.978363477000073,19.463771877000045],[93.984385613000029,19.46405670800003],[93.991058790000068,19.457180080000054],[93.990244988000029,19.449652411000038],[93.984385613000029,19.43744538000005],[93.988047722000047,19.404933986000049],[93.987315300000034,19.386704820000087],[93.980967644000032,19.372259833000037],[93.963877800000034,19.348049221000036],[93.961436394000046,19.346136786000045],[93.953135613000029,19.343451239000025],[93.950205925000034,19.341782945000105],[93.949066602000073,19.337591864000064],[93.950938347000033,19.325262762000079],[93.950205925000034,19.320705471000036],[93.929942254000082,19.299750067000062],[93.865489129000082,19.254095770000049],[93.834239129000082,19.238185940000051],[93.796885613000043,19.235174872000073],[93.754649285000028,19.247137762000097],[93.722911004000082,19.268459377000067],[93.717539910000028,19.293402411000059],[93.687510613000029,19.296698309000071],[93.66529381600003,19.305609442000058],[93.621348504000082,19.334377346000046],[93.636973504000082,19.349066473000072],[93.631114129000082,19.37230052300005],[93.611338738000029,19.403265692000033],[93.577159050000034,19.403265692000058],[93.56804446700005,19.406724351000047],[93.56381269600007,19.414740302000041],[93.560394727000073,19.423814195000094],[93.552989129000082,19.430568752000053],[93.530121290000068,19.432074286000045],[93.507823113000029,19.4225934920001],[93.490896030000044,19.407619533000055],[93.484141472000033,19.39272695500005],[93.483246290000068,19.350653387000072],[93.487071160000028,19.333726304000042],[93.497813347000033,19.313910223000047],[93.556407097000033,19.238185940000061],[93.567149285000028,19.231105861000053],[93.594004754000096,19.176703192000048],[93.607432488000029,19.162258205000072],[93.642344597000033,19.134222723000043],[93.649180535000028,19.118638414000088],[93.650889519000032,19.108791408000059],[93.655039910000028,19.097072658000062],[93.660411004000082,19.085760809000096],[93.666270379000082,19.077378648000018],[93.670909050000034,19.066880601000047],[93.667735222000033,19.043931382000025],[93.669688347000033,19.032700914000092],[93.678884311000047,19.019598700000081],[93.686045769000032,19.018215236000049],[93.693532748000052,19.020575262000079],[93.703868035000028,19.018459377000045],[93.714854363000029,19.010199286000038],[93.721202019000032,19.001288153000083],[93.726735873000052,18.991766669000068],[93.734629754000082,18.981187242000097],[93.750254754000082,18.970404364000029],[93.793955925000034,18.953924872000083],[93.81373131600003,18.943996486000046],[93.865733269000032,18.895493882000036],[93.907399936000047,18.881781317000037],[93.920258009000065,18.867377020000045],[93.930430535000028,18.85862864800006],[93.944102410000028,18.868231512000069],[93.941905144000032,18.86985911700009],[93.93913821700005,18.876206773000046],[93.93718509200005,18.883775132000039],[93.937266472000033,18.889349677000045],[93.939300977000073,18.890529690000051],[93.947927280000044,18.894232489000057],[93.950205925000034,18.895493882000064],[93.97388756600003,18.922796942000048],[93.977549675000034,18.933417059000075],[93.978688998000052,18.941595770000053],[93.983409050000034,18.956691799000058],[93.984385613000029,18.967840887000083],[93.981211785000028,18.980658270000049],[93.96452884200005,19.001044012000079],[93.957774285000028,19.012193101000047],[93.95248457100007,19.032049872000062],[93.950205925000034,19.098211981000073],[93.95240319100003,19.109849351000037],[93.955577019000032,19.118312893000056],[93.955414259000065,19.126898505000032],[93.947113477000087,19.139146226000062],[93.914886915000068,19.169582424000065],[93.909922722000033,19.176703192000065],[93.910411004000096,19.190985419000075],[93.916026238000029,19.203924872000066],[93.92546634200005,19.210272528000072],[93.937266472000033,19.204657294000093],[93.941172722000033,19.194973049000055],[93.94263756600003,19.169907945000098],[93.947113477000087,19.15965403900011],[93.973480665000068,19.146307684000071],[93.994395379000082,19.159084377000084],[94.010427280000044,19.179999091000081],[94.022227410000028,19.190985419000075],[94.033376498000052,19.204535223000072],[94.033213738000029,19.23509349200009],[94.025238477000073,19.28656647300005],[94.030609571000085,19.315904039000085],[94.056976759000065,19.363348700000071],[94.066905144000032,19.38898346600007],[94.07390384200005,19.37384674700008],[94.06967207100007,19.350897528000079],[94.05990644600007,19.329901434000085],[94.049978061000047,19.320705471000036],[94.045909050000034,19.304673570000091],[94.053233269000032,19.22138092700002],[94.050547722000033,19.208319403000079],[94.037364129000082,19.181870835000044],[94.032725457000026,19.169256903000079],[94.031911655000044,19.153998114000071],[94.037852410000028,19.132269598000054],[94.039073113000029,19.122056382000054],[94.03443444100003,19.105861721000064],[94.029063347000033,19.09540436400005],[94.03052819100003,19.087958075000067],[94.04656009200005,19.081122137000079],[94.056651238000029,19.080959377000056],[94.080088738000029,19.087347723000054],[94.094248894000032,19.087347723000054],[94.086924675000034,19.08051178600002],[94.060069207000026,19.063706773000039],[94.061696811000047,19.057074286000049],[94.064463738000029,19.049383856000077],[94.06609134200005,19.042873440000051],[94.063487175000034,19.040187893000056],[94.053233269000032,19.022162177000045],[94.051036004000082,19.014593817000062],[94.041188998000052,18.997626044000079],[94.039073113000029,18.98493073100008],[94.04037519600007,18.971177476000037],[94.053233269000032,18.936509507000043],[94.036631707000026,18.918036200000078],[94.032074415000068,18.888576565000051],[94.038096550000034,18.859116929000038],[94.053233269000032,18.840887762000094],[94.057139519000032,18.84373607000008],[94.066905144000032,18.848334052000048],[94.078461134000079,18.833075262000079],[94.098399285000028,18.82172272300004],[94.119639519000032,18.816636460000037],[94.135101759000065,18.820461330000054],[94.133311394000032,18.831854559000078],[94.133555535000028,18.846502997000073],[94.138194207000026,18.86009349200009],[94.148936394000032,18.868231512000058],[94.147308790000068,18.839829820000091],[94.153086785000028,18.821030992000075],[94.18295332100007,18.785630601000044],[94.212412957000026,18.741848049000058],[94.228037957000026,18.73554108300004],[94.252452019000046,18.752142645000056],[94.263682488000029,18.74551015800003],[94.279307488000029,18.738511460000037],[94.211599155000044,18.725531317000044],[94.174571160000028,18.725043036000034],[94.156423373000052,18.738511460000055],[94.148936394000032,18.738511460000055],[94.148936394000032,18.731024481000059],[94.248789910000028,18.63886139500007],[94.252940300000034,18.627997137000076],[94.262217644000032,18.545111395000045],[94.258962436000047,18.535711981000084],[94.244965040000068,18.539252020000038],[94.258962436000047,18.509019273000089],[94.279633009000065,18.480210679000042],[94.331065300000049,18.425970770000056],[94.33920332100007,18.410223700000074],[94.344004754000082,18.391262111000074],[94.350596550000034,18.375230210000041],[94.365489129000082,18.368597723000054],[94.389659050000034,18.362697658000048],[94.399587436000061,18.34821198100007],[94.405284050000034,18.330308335000037],[94.417002800000034,18.313950914000113],[94.409027540000068,18.308823960000037],[94.396983269000032,18.291449286000056],[94.389170769000046,18.286037502000063],[94.37859134200005,18.287095445000084],[94.365896030000044,18.298570054000034],[94.350271030000044,18.292914130000046],[94.33920332100007,18.305975653000075],[94.331065300000049,18.303127346000057],[94.327972852000073,18.295111395000045],[94.326182488000029,18.281642971000046],[94.32585696700005,18.267726955000072],[94.327647332000026,18.258734442000058],[94.341563347000033,18.247503973000057],[94.36060631600003,18.246079820000084],[94.406504754000096,18.251288153000093],[94.422862175000034,18.242499091000091],[94.430186394000032,18.222154039000081],[94.43677819100003,18.182359117000114],[94.44109134200005,18.176418361000064],[94.452321811000047,18.165106512000079],[94.457855665000068,18.155707098000061],[94.46062259200005,18.144191799000058],[94.46062259200005,18.132798570000084],[94.461924675000034,18.121771552000041],[94.480967644000032,18.094224351000044],[94.490570509000065,18.072495835000044],[94.494883660000028,18.048814195000102],[94.492198113000029,18.02594635600007],[94.48178144600007,18.015204169000071],[94.45085696700005,18.002427476000047],[94.449753568787401,18.0]],[[106.482543825536354,18.0],[106.438975457000026,18.051988023000089],[106.427744988000029,18.072902736000067],[106.422373894000032,18.094224351000044],[106.433360222000033,18.113267320000091],[106.43482506600003,18.123521226000033],[106.422373894000032,18.128363348000043],[106.403493686000047,18.106187242000097],[106.395030144000032,18.100490627000049],[106.384125196000085,18.099839585000041],[106.377289259000065,18.103461005000039],[106.37077884200005,18.105617580000047],[106.360199415000068,18.100490627000049],[106.354502800000034,18.093654690000061],[106.349864129000025,18.083644924000037],[106.34693444100003,18.071844794000071],[106.346690300000034,18.059475002000045],[106.336436394000032,18.079006252000049],[106.334483269000032,18.08860911700009],[106.340342644000046,18.100490627000049],[106.32740319100003,18.098781643000059],[106.323741082000026,18.097357489000046],[106.319346550000034,18.094224351000044],[106.30632571700005,18.100490627000049],[106.312510613000029,18.110174872000059],[106.324066602000073,18.118068752000053],[106.336924675000034,18.120672919000086],[106.346690300000034,18.114691473000054],[106.354014519000032,18.11469147300004],[106.346039259000065,18.132717190000051],[106.332286004000025,18.145209052000041],[106.298838738000029,18.169338283000059],[106.27084394600007,18.20408763200005],[106.262217644000032,18.209458726],[106.240570509000065,18.217108466000081],[106.23365319100003,18.220851955000054],[106.181162957000026,18.259711005000046],[106.165782097000033,18.26557038000006],[106.141774936000047,18.261786200000074],[106.120127800000049,18.254828192000055],[106.103282097000033,18.251532294000075],[106.09343509200005,18.258734442000058],[106.112152540000068,18.262884833000054],[106.110118035000028,18.275539455000054],[106.098155144000032,18.290025132000032],[106.045746290000068,18.33226146000003],[106.008067254000025,18.378485419000075],[106.000498894000032,18.385402736000053],[105.977305535000028,18.402085679000034],[105.967784050000034,18.41474030200003],[105.958832227000073,18.432562567000051],[105.952159050000034,18.452378648000106],[105.949473504000025,18.471014716000077],[105.91529381600003,18.473089911000045],[105.879242384000065,18.51093170800004],[105.825938347000033,18.593898830000047],[105.80201256600003,18.665432033000084],[105.795176629000025,18.676459052000045],[105.790863477000073,18.689683335000037],[105.789724155000044,18.718736070000105],[105.783457879000025,18.747259833000058],[105.764414910000028,18.758978583000044],[105.766774936000047,18.755601304000056],[105.769867384000065,18.695054429000042],[105.770030144000032,18.67157623900005],[105.750743035000028,18.662787177000041],[105.754730665000068,18.676255601000047],[105.757660352000073,18.696966864000053],[105.756114129000025,18.715969143000049],[105.747080925000034,18.724269924000087],[105.742686394000032,18.730780341000067],[105.757578972000033,18.772040106000055],[105.751963738000029,18.786322333000044],[105.740977410000028,18.801581122000083],[105.72006269600007,18.823553778000083],[105.712657097000033,18.826320705000072],[105.695323113000029,18.824693101000033],[105.68873131600003,18.826646226000047],[105.685801629000039,18.831284898000035],[105.67505944100003,18.854559637000083],[105.68490644600007,18.853461005000039],[105.692881707000026,18.84955475500006],[105.698741082000026,18.843003648000039],[105.702891472000033,18.834133205000057],[105.716644727000073,18.848334052000048],[105.716644727000073,18.854559637000083],[105.694509311000047,18.860785223000043],[105.669932488000029,18.874945380000039],[105.648285352000073,18.89272695500005],[105.634776238000029,18.909816799000055],[105.629649285000028,18.922308661000056],[105.622243686000047,18.954535223000054],[105.621104363000029,18.967840887000083],[105.618662957000041,18.976304429000038],[105.613291863000029,18.985541083000044],[105.614268425000034,18.998602606000087],[105.624847852000087,19.028469143000038],[105.64380944100003,19.065375067000065],[105.668304884000065,19.089544989000053],[105.695567254000025,19.081122137000079],[105.701996290000068,19.090480861000056],[105.711761915000068,19.096625067000055],[105.737071160000028,19.108465887000094],[105.72982832100007,19.133856512000087],[105.731211785000028,19.170233466000063],[105.74341881600003,19.23191966400012],[105.745778842000064,19.237250067000051],[105.759532097000047,19.235337632000032],[105.772308790000068,19.235988674000051],[105.781016472000033,19.264878648000035],[105.788584832000026,19.266831773000039],[105.797536655000044,19.267320054000034],[105.805430535000028,19.272284247000059],[105.806244337000066,19.274318752000045],[105.808767123000052,19.28017812700006],[105.810801629000025,19.29962799700008],[105.80591881600003,19.302150783000066],[105.798594597000033,19.29962799700008],[105.79420006600003,19.31093984600005],[105.791758660000028,19.320705471000036],[105.812754754000025,19.30703359600005],[105.810069207000026,19.32147858300004],[105.791758660000028,19.354885158000059],[105.786875847000033,19.383042710000041],[105.78256269600007,19.394354559000082],[105.771250847000033,19.403265692000033],[105.771250847000033,19.409491278000086],[105.784922722000033,19.403265692000026],[105.798594597000033,19.430568752000053],[105.812754754000025,19.423163153000061],[105.808116082000026,19.46076080900006],[105.819346550000034,19.536688544000075],[105.819021030000059,19.573919989000068],[105.814707879000039,19.574408270000049],[105.81373131600003,19.579046942000033],[105.813161655000044,19.589748440000061],[105.810557488000029,19.599595445000098],[105.805430535000028,19.608710028000093],[105.802989129000025,19.602932033000059],[105.795746290000068,19.594549872000066],[105.791758660000028,19.587591864000043],[105.790863477000073,19.603461005000032],[105.803884311000061,19.613023179000042],[105.817556186000047,19.610012111000064],[105.819021030000059,19.587591864000043],[105.82390384200005,19.598944403000079],[105.824066602000073,19.626613674000062],[105.825938347000033,19.642238674000041],[105.833506707000026,19.658148505000042],[105.855967644000032,19.691636460000062],[105.860606316000045,19.707993882000046],[105.866953972000033,19.721096096000057],[105.881114129000025,19.722154039000095],[105.895274285000028,19.721340236000067],[105.90162194100003,19.728216864000039],[105.905446811000047,19.743801174000055],[105.923350457000026,19.766791083000076],[105.928884311000047,19.78001536700009],[105.915537957000026,19.774481512000076],[105.886973504000025,19.771633205000057],[105.873708530000044,19.765692450000074],[105.867442254000025,19.773179429000031],[105.894704623000052,19.787298895000049],[105.908946160000028,19.796861070000091],[105.91529381600003,19.807318427000048],[105.925791863000029,19.79743073100008],[105.928884311000047,19.793646552000038],[105.932302280000044,19.805405992000114],[105.932139519000032,19.833441473000057],[105.935801629000025,19.848293361000056],[105.956797722000047,19.87563711100006],[105.956553582000026,19.885199286000066],[105.949473504000025,19.900824286000059],[105.949473504000025,19.910345770000049],[105.955577019000046,19.925482489000057],[105.964366082000026,19.935288804000049],[106.008311394000032,19.973456122000076],[106.019786004000039,19.98602936400005],[106.025157097000047,19.999172268000056],[106.031911655000044,19.999172268000056],[106.039073113000043,19.988430080000047],[106.052744988000029,19.977280992000104],[106.068858269000032,19.968491929000042],[106.083506707000026,19.964992580000057],[106.088877800000034,19.973863023000042],[106.104014519000032,20.017238674000048],[106.10710696700005,20.033270575000067],[106.11451256600003,20.033270575000092],[106.110850457000026,20.013413804000031],[106.104502800000034,19.995917059000071],[106.101410352000073,19.97996653900007],[106.10710696700005,19.964992580000057],[106.124034050000034,19.975002346000043],[106.160899285000028,19.984076239000053],[106.176036004000025,19.992336330000068],[106.184092644000032,20.003607489000053],[106.195974155000044,20.033433335000041],[106.203298373000052,20.04751211100006],[106.210703972000033,20.040106512000094],[106.20639082100007,20.034979559000067],[106.197032097000033,20.012762762000079],[106.211924675000034,20.021185614000053],[106.236175977000073,20.048000393000049],[106.259287957000026,20.061265367000086],[106.283702019000032,20.094631252000049],[106.305511915000082,20.108587958000054],[106.340342644000046,20.149969794000079],[106.353282097000033,20.176825262000097],[106.360199415000068,20.18406810100003],[106.381114129000025,20.192084052000059],[106.38795006600003,20.197495835000026],[106.380707227000073,20.204575914000085],[106.380707227000073,20.211981512000087],[106.390147332000026,20.216294664000099],[106.394704623000052,20.217515367000104],[106.401866082000026,20.218207098000054],[106.401866082000026,20.211981512000076],[106.395030144000032,20.211981512000076],[106.395030144000032,20.204575914000085],[106.46021569100003,20.211981512000076],[106.473155144000032,20.21515534100007],[106.504914617000054,20.217024986000069],[106.529291251000075,20.22239346300006],[106.541026611000063,20.226066152000051],[106.554267602000039,20.22465383100009],[106.56961489300005,20.231993895000059],[106.572325056000068,20.246676935000046],[106.566307841000025,20.26107734600005],[106.55600019600007,20.277736721000039],[106.552744988000043,20.286525783000084],[106.54851321700005,20.291449286000052],[106.52475019600007,20.308254299000037],[106.520518425000034,20.298407294000079],[106.51295006600003,20.294419664000095],[106.504893425000049,20.29743073100008],[106.502940300000034,20.300523179000052],[106.498057488000029,20.308254299000051],[106.504405144000032,20.308254299000062],[106.521657748000052,20.313462632000046],[106.536957227000073,20.309149481000087],[106.549978061000047,20.298976955000061],[106.559580925000034,20.286525783000073],[106.58165895500008,20.264177384000043],[106.592593164000064,20.275410718000046],[106.588474549000068,20.303275170000067],[106.585488738000038,20.322292069000071],[106.58376585600007,20.337974617000036],[106.579776152000079,20.350215994000056],[106.577647332000026,20.358954169000068],[106.559580925000034,20.375921942000048],[106.563324415000068,20.375474351000037],[106.56568444100003,20.376450914000106],[106.566742384000065,20.378892320000105],[106.566416863000029,20.382717190000051],[106.56804446700005,20.378078518000056],[106.573090040000068,20.368475653000065],[106.584157748000052,20.381822007000039],[106.590586785000028,20.404730536000041],[106.594248894000032,20.448187567000033],[106.584239129000039,20.457831122000073],[106.561696811000047,20.455064195000094],[106.538096550000034,20.446234442000048],[106.52475019600007,20.437323309000071],[106.518565300000034,20.437323309000082],[106.523203972000033,20.445217190000058],[106.529795769000032,20.454413153000072],[106.536957227000073,20.462062893000056],[106.542491082000041,20.465277411000063],[106.545420769000032,20.467596747000073],[106.573741082000026,20.477118231000073],[106.579925977000073,20.478257554000045],[106.584483269000032,20.496039130000021],[106.574880405000044,20.510728257000036],[106.56771894600007,20.524888414000095],[106.579925977000073,20.540961005000064],[106.579925977000073,20.547186591000077],[106.550629102000073,20.532416083000037],[106.536143425000034,20.531642971000053],[106.518565300000034,20.54096100500005],[106.582530144000032,20.565171617000086],[106.604746941000045,20.584418036000052],[106.621348504000025,20.59039948100008],[106.624766472000033,20.594631252000056],[106.627452019000032,20.600083726000054],[106.628428582000026,20.605861721000061],[106.627207879000039,20.616603908000062],[106.624034050000034,20.618801174000051],[106.619395379000025,20.618597723000061],[106.614268425000034,20.622300523000042],[106.599375847000033,20.638413804000052],[106.593597852000073,20.64671458500003],[106.592621290000068,20.648098049000051],[106.586761915000068,20.663275458000047],[106.598155144000032,20.655096747000087],[106.612315300000034,20.63548411700009],[106.620941602000073,20.629787502000053],[106.637543165000068,20.628078518000056],[106.654063347000033,20.630804755000046],[106.669688347000033,20.636460679000024],[106.68295332100007,20.643377997000073],[106.703135613000029,20.659654039000102],[106.702891472000033,20.671576239000046],[106.687510613000029,20.681341864000078],[106.662608269000032,20.691148179000052],[106.662608269000032,20.69798411700009],[106.675547722000033,20.698635158000073],[106.704112175000034,20.691148179000052],[106.716970248000052,20.691310940000044],[106.725596550000034,20.693752346000053],[106.732676629000025,20.6966006530001],[106.741465691000045,20.69798411700009],[106.744883660000028,20.701971747000066],[106.755625847000033,20.70929596600006],[106.767100457000026,20.713446356000087],[106.772471550000034,20.707953192000058],[106.776133660000028,20.701117255000032],[106.785166863000029,20.692287502000053],[106.80591881600003,20.677557684000075],[106.788828972000033,20.730536200000095],[106.77857506600003,20.746405341000067],[106.772471550000034,20.738959052000038],[106.755625847000033,20.751206773000032],[106.738454623000052,20.769720770000053],[106.724619988000029,20.790025132000039],[106.717784050000034,20.807847398000032],[106.736582879000025,20.794989325000067],[106.749196811000047,20.804348049000058],[106.752940300000049,20.825751044000061],[106.744476759000065,20.848863023000035],[106.726898634000065,20.861395575000085],[106.707530144000032,20.870754299000051],[106.699961785000028,20.882757880000039],[106.717784050000034,20.903509833000051],[106.738291863000029,20.883002020000056],[106.744476759000065,20.883002020000031],[106.747243686000047,20.894720770000049],[106.756683790000068,20.907904364000043],[106.758799675000034,20.920843817000026],[106.75513756600003,20.938544012000083],[106.746104363000029,20.942328192000069],[106.73373457100007,20.942206122000055],[106.711924675000034,20.951564846000061],[106.686696811000047,20.952704169000071],[106.676280144000032,20.958726304000042],[106.671071811000047,20.96906159100007],[106.669118686000047,20.979966539000078],[106.665537957000026,20.990545966000063],[106.655772332000026,20.999701239000036],[106.655772332000026,21.005845445000091],[106.676280144000032,21.001898505000057],[106.68295332100007,20.99970123900005],[106.68295332100007,21.005845445000091],[106.652679884000065,21.01752350500005],[106.650726759000065,21.018011786000041],[106.642100457000026,21.020168361000049],[106.658702019000032,21.024847723000033],[106.680349155000044,21.020453192000048],[106.717784050000034,21.005845445000091],[106.717784050000034,21.013373114000071],[106.71029707100007,21.013373114000043],[106.71029707100007,21.020168361000039],[106.730804884000065,21.029852606000095],[106.746104363000029,21.024562893000059],[106.762380405000044,21.015326239000039],[106.785411004000025,21.013373114000057],[106.783213738000029,21.016669012000094],[106.780772332000026,21.024115302000041],[106.77857506600003,21.027573960000044],[106.789317254000039,21.027533270000053],[106.79810631600003,21.024807033000055],[106.805674675000034,21.019842841000056],[106.81218509200005,21.013373114000057],[106.798675977000073,21.001939195000094],[106.80241946700005,20.995184637000083],[106.812836134000065,20.990627346000046],[106.81959069100003,20.986029364000043],[106.820648634000065,20.976019598000047],[106.816905144000032,20.969468492000093],[106.806895379000039,20.966009833000051],[106.788828972000033,20.964911200000074],[106.772471550000034,20.957424221000078],[106.783213738000029,20.942572333000054],[106.80600019600007,20.932074286000052],[106.826426629000025,20.937648830000057],[106.83326256600003,20.937648830000057],[106.835459832000026,20.930609442000073],[106.836680535000028,20.929144598000054],[106.83326256600003,20.923976955000061],[106.852224155000044,20.909979559000099],[106.859873894000032,20.889390367000079],[106.867930535000028,20.882717190000058],[106.88795006600003,20.910305080000079],[106.882334832000026,20.915106512000087],[106.878428582000026,20.921210028000079],[106.875498894000032,20.928697007000032],[106.87427819100003,20.937648830000057],[106.881602410000028,20.937648830000057],[106.891449415000068,20.918036200000081],[106.90170332100007,20.907863674000062],[106.91724694100003,20.904038804000042],[106.943125847000033,20.903509833000044],[106.943125847000033,20.910305080000079],[106.932383660000028,20.915187893000059],[106.928233269000032,20.922756252000053],[106.926117384000065,20.930975653000075],[106.922048373000052,20.937648830000057],[106.916351759000065,20.941107489000046],[106.895274285000028,20.951239325000067],[106.882823113000029,20.960516669000089],[106.853770379000025,20.992254950000071],[106.860199415000068,20.993109442000041],[106.863536004000025,20.991603908000066],[106.867442254000025,20.986029364000043],[106.873383009000065,20.997137762000083],[106.884613477000073,20.99323151200009],[106.908946160000028,20.972357489000043],[106.91920006600003,20.965765692000076],[106.931895379000025,20.959418036000041],[106.94695071700005,20.95429108300004],[106.963633660000028,20.951239325000081],[106.98210696700005,20.949937242000086],[107.000987175000049,20.951076565000044],[107.016774936000047,20.957668361000064],[107.025645379000025,20.97235748900005],[107.02084394600007,20.986395575000095],[106.99545332100007,21.006415106000098],[106.997813347000033,21.020168361000049],[107.015635613000029,21.004339911000031],[107.025157097000033,20.999823309000089],[107.039317254000025,20.999701239000036],[107.025645379000025,21.013373114000071],[107.036143425000034,21.013006903000079],[107.039317254000025,21.013373114000043],[107.034678582000026,21.017808335000051],[107.029144727000073,21.024562893000059],[107.025645379000025,21.027573960000044],[107.025645379000025,21.033840236000056],[107.037933790000068,21.032171942000041],[107.04460696700005,21.025091864000039],[107.046885613000029,21.013983466000081],[107.04615319100003,20.999701239000036],[107.05014082100007,21.005926825000074],[107.052500847000033,21.013657945000098],[107.053477410000028,21.023016669000086],[107.052989129000025,21.033840236000056],[107.05982506600003,21.033840236000056],[107.057627800000034,21.013861395000049],[107.063243035000028,21.009344794000068],[107.072276238000029,21.01707591400007],[107.080332879000039,21.033840236000056],[107.082367384000079,21.030991929000038],[107.082774285000028,21.030178127000067],[107.08716881600003,21.027573960000034],[107.084727410000028,21.023667710000051],[107.081065300000034,21.016302802000045],[107.079763217000064,21.009100653000079],[107.083750847000033,21.005845445000091],[107.092458530000044,21.008246161000056],[107.09538821700005,21.014064846000046],[107.096853061000047,21.021063544000071],[107.101328972000033,21.027573960000044],[107.111175977000073,21.033107815000047],[107.123057488000029,21.037258205000057],[107.13599694100003,21.039740302000048],[107.149180535000028,21.040594794000054],[107.149180535000028,21.033840236000056],[107.095225457000026,21.00047435100004],[107.06609134200005,20.964911200000074],[107.06609134200005,20.958726304000034],[107.084971550000034,20.951402085000051],[107.133799675000034,20.944810289000081],[107.149180535000028,20.930812893000056],[107.149180535000028,20.937648830000057],[107.160899285000028,20.932440497000073],[107.170909050000034,20.933579820000098],[107.181895379000025,20.936753648000032],[107.197032097000047,20.937648830000075],[107.193369988000029,20.952704169000075],[107.214854363000029,20.975246486000056],[107.231130405000044,20.979193427000048],[107.231130405000044,20.986029364000043],[107.223806186000061,20.986639716000084],[107.219574415000068,20.988226630000025],[107.216319207000026,20.99022044500008],[107.211192254000025,20.992254950000071],[107.224131707000026,20.998236395000056],[107.245290561000047,21.003078518000038],[107.266449415000068,21.004299221000068],[107.279551629000025,20.999701239000036],[107.29232832100007,21.004624742000079],[107.311045769000032,21.005275783000069]]]}},
{"type":"Feature","properties":{"featurecla":"Coastline","scalerank":0,"min_zoom":0.0,"historical_claim":false,"geometry_status":"modern_physical_reference","source_id":"source.natural_earth.coastline.10m"},"geometry":{"type":"MultiLineString","coordinates":[[[73.0,21.71022772400454],[73.012461785000099,21.712836005000039],[73.022471550000049,21.71600983300003],[73.041026238000029,21.730169989000036],[73.046641472000033,21.733343817000048],[73.083994988000043,21.746405341000081],[73.118825717000064,21.764715887000101],[73.126149936000061,21.766831773000039],[73.132009311000061,21.757798570000084],[73.126963738000043,21.746771552000045],[73.116953972000033,21.737250067000055],[73.108164910000085,21.733343817000048],[73.084971550000034,21.729681708000047],[73.022471550000049,21.698553778000079],[73.0,21.690775164357014]],[[73.0,19.288383156412966],[73.001800977000073,19.28656647300005],[73.012461785000099,19.272447007000014],[73.019297722000033,19.266058661000045],[73.029144727000087,19.259344794000071],[73.028005405000044,19.24408600500006],[73.030039910000085,19.227728583000051],[73.049652540000068,19.217718817000044],[73.02662194100003,19.205511786000045],[73.010508660000099,19.224310614000039],[73.0,19.250235824365863]],[[73.0,19.003972200105046],[73.011892123000052,19.009426174000065],[73.039805535000085,19.01752350500006],[73.056813998000052,19.015326239000053],[73.046641472000033,18.995184637000094],[73.042165561000047,18.995754299000055],[73.0,18.98459685358905]],[[73.0,18.820130694762661],[73.016286655000044,18.813625393000052],[73.002452019000032,18.801459052000045],[73.0,18.796415694403979]],[[73.0,18.482835549099473],[73.004405144000032,18.480047919000075],[73.01498457100007,18.469956773000099],[73.008799675000034,18.450506903000079],[73.0,18.459731124071187]],[[73.0,18.282317011072831],[73.012461785000085,18.279201565000065],[73.042979363000029,18.282375393000034],[73.056976759000065,18.280951239000053],[73.07154381600003,18.273016669000089],[73.065277540000068,18.257554429000045],[73.073985222000033,18.224188544000082],[73.07154381600003,18.20408763200005],[73.057465040000068,18.185614325000095],[73.047618035000099,18.188788153000079],[73.047618035000085,18.20115794500008],[73.063487175000034,18.210353908000055],[73.050954623000052,18.227484442000051],[73.032399936000047,18.237860419000071],[73.012461785000099,18.243150132000043],[73.0,18.244525023797664]],[[73.0,18.05327345357772],[73.001149936000047,18.052069403000075],[73.008799675000034,18.03900788000005],[73.015147332000083,18.049139716000052],[73.02271569100003,18.057684637000083],[73.03199303500007,18.063910223000047],[73.043467644000032,18.066961981000077],[73.042246941000016,18.048976955000064],[73.032481316000045,18.04108307500006],[73.019541863000029,18.035874742000079],[73.008799675000034,18.025946356000105],[73.00521894600007,18.012355861000064],[73.008636915000082,18.000230210000044],[73.008942246181846,18.0]],[[83.571299196477014,18.0],[83.576182488000029,18.009751695000091],[83.582286004000082,18.019110419000086],[83.613942905000044,18.045152085000044],[83.775157097000033,18.139593817000051],[84.077403191000045,18.271551825000074],[84.113129102000073,18.298285223000047],[84.124034050000034,18.333807684000078],[84.132823113000029,18.343410549000062],[84.136485222000033,18.353583075000074],[84.138926629000096,18.364162502000045],[84.14389082100007,18.37482330900006],[84.152842644000032,18.383612372000069],[84.174489780000044,18.399847723000065],[84.188324415000068,18.418036200000074],[84.230479363000029,18.446234442000051],[84.240082227000073,18.460760809000078],[84.287933790000068,18.505764065000054],[84.331228061000047,18.538641669000071],[84.349945509000065,18.552923895000045],[84.326182488000029,18.537420966000095],[84.297699415000068,18.516302802000045],[84.271006707000083,18.500189520000035],[84.24935957100007,18.50165436400005],[84.23764082100007,18.51093170800004],[84.246918165000068,18.525580145000049],[84.250010613000029,18.524237372000073],[84.27271569100003,18.524318752000077],[84.281748894000032,18.525580145000049],[84.288584832000083,18.529771226000033],[84.306325717000064,18.543687242000086],[84.312266472000047,18.546698309000075],[84.332855665000082,18.553697007000032],[84.349457227000073,18.569810289000092],[84.37045332100007,18.601304429000045],[84.423675977000073,18.636460679000042],[84.432627800000049,18.645697333000058],[84.43718509200005,18.662787177000052],[84.448252800000034,18.680650132000043],[84.541840040000068,18.775783596000061],[84.547862175000049,18.796087958000047],[84.630869988000029,18.915716864000053],[84.665049675000034,18.930121161000024],[84.679535352000073,18.945705471000057],[84.699473504000082,18.977484442000055],[84.741058790000068,19.028143622000069],[84.751149936000047,19.053900458000037],[84.778330925000034,19.09100983300004],[84.780039910000028,19.097072658000069],[84.775238477000073,19.100490627000045],[84.767832879000082,19.101792710000037],[84.76099694100003,19.101629950000078],[84.756846550000034,19.097642320000098],[84.740489129000082,19.073675848000061],[84.735362175000034,19.083197333000044],[84.722829623000067,19.096014716000056],[84.71998131600003,19.101629950000078],[84.720957879000082,19.114243882000022],[84.731211785000028,19.128810940000037],[84.73365319100003,19.139146226000037],[84.738780144000032,19.147650458000022],[84.750661655000044,19.138373114000046],[84.764414910000028,19.123439846000061],[84.775157097000033,19.115301825000074],[84.777761264000048,19.116197007000046],[84.791026238000029,19.120591539000092],[84.872080925000034,19.219875393000059],[84.995860222000047,19.323309637000065],[85.069509311000047,19.372137762000076],[85.180430535000028,19.47500234600005],[85.240570509000065,19.51805247600003],[85.285411004000082,19.536281643000045],[85.336680535000042,19.575181382000036],[85.38021894600007,19.593817450000081],[85.463389519000032,19.631048895000045],[85.54029381600003,19.669582424000048],[85.576508009000065,19.690619208000051],[85.330577019000046,19.576402085000034],[85.302907748000052,19.573919989000053],[85.305837436000061,19.580145575000081],[85.302500847000033,19.586655992000104],[85.28842207100007,19.601263739000039],[85.293793165000068,19.599554755000039],[85.303477410000028,19.597479559000096],[85.309092644000032,19.595038153000075],[85.311045769000032,19.610500393000056],[85.318369988000029,19.619533596000064],[85.326426629000082,19.618801174000065],[85.330088738000029,19.604966539000092],[85.336761915000082,19.596096096000053],[85.352305535000042,19.599432684000089],[85.36841881600003,19.608099677000055],[85.377940300000034,19.614935614000043],[85.380381707000083,19.61961497600004],[85.38217207100007,19.631089585000044],[85.384613477000073,19.635972398000042],[85.388682488000029,19.63825104400005],[85.402191602000073,19.643988348000054],[85.405284050000034,19.645941473000057],[85.404958530000044,19.661932684000092],[85.403168165000068,19.671291408000052],[85.399180535000028,19.679144598000047],[85.391449415000082,19.690619208000051],[85.383067254000082,19.676092841000081],[85.37435957100007,19.674709377000053],[85.363780144000046,19.678045966000067],[85.350596550000034,19.677639065000054],[85.309092644000032,19.642238674000051],[85.260752800000034,19.656073309000099],[85.247569207000083,19.656480210000048],[85.247813347000033,19.653143622000087],[85.236338738000029,19.635321356000073],[85.233246290000068,19.632554429000045],[85.234385613000029,19.625677802000041],[85.237315300000034,19.620550848000057],[85.24187259200005,19.617010809000064],[85.247569207000083,19.614935614000057],[85.247569207000083,19.608710028000093],[85.232595248000052,19.601548570000094],[85.223643425000034,19.590236721000057],[85.212901238000029,19.58112213700009],[85.19304446700005,19.58079661700009],[85.19304446700005,19.573919989000053],[85.203786655000044,19.570502020000081],[85.233246290000068,19.554103908000062],[85.223643425000034,19.549953518000031],[85.21452884200005,19.547267971000053],[85.20630944100003,19.548000393000056],[85.199229363000043,19.554103908000062],[85.196299675000034,19.538478908000073],[85.201914910000028,19.527085679000034],[85.202891472000033,19.517157294000079],[85.185557488000029,19.505682684000089],[85.178558790000068,19.504299221000046],[85.17115319100003,19.504461981000091],[85.162445509000065,19.503485419000071],[85.151377800000049,19.498846747000069],[85.14576256600003,19.493475653000079],[85.141774936000047,19.487127997000069],[85.135752800000034,19.481594143000056],[85.124034050000034,19.478338934000075],[85.128672722000033,19.48798248900005],[85.13021894600007,19.498724677000045],[85.128754102000073,19.509507554000042],[85.124034050000034,19.519354559000078],[85.115489129000096,19.507473049000051],[85.10873457100007,19.506781317000019],[85.104502800000049,19.514878648000032],[85.10287519600007,19.529608466000081],[85.108897332000097,19.538967190000047],[85.122894727000073,19.549017645000053],[85.139170769000032,19.557074286000034],[85.151377800000049,19.560288804000031],[85.151377800000049,19.567775783000037],[85.139333530000044,19.579779364000043],[85.140147332000083,19.596584377000053],[85.150157097000033,19.613470770000045],[85.165537957000083,19.625799872000083],[85.175140821000085,19.636908270000063],[85.189952019000032,19.670965887000079],[85.206553582000083,19.683783270000045],[85.203379754000082,19.707261460000044],[85.220957879000082,19.736029364000025],[85.246836785000028,19.762640692000033],[85.268077019000032,19.780015367000075],[85.278086785000028,19.785589911000027],[85.29029381600003,19.789943752000056],[85.304209832000083,19.792669989000029],[85.31959069100003,19.793646552000027],[85.374522332000083,19.837795315000051],[85.416270379000082,19.879787502000067],[85.440114780000044,19.896226304000045],[85.463552280000044,19.902899481000073],[85.476817254000082,19.90102773600006],[85.51498457100007,19.889308986000064],[85.557139519000032,19.881781317000048],[85.570323113000029,19.87563711100006],[85.567149285000028,19.79165273600006],[85.570323113000029,19.773179429000038],[85.564138217000064,19.764390367000104],[85.563243035000028,19.75690338700009],[85.56763756600003,19.750799872000087],[85.576508009000065,19.745835679000049],[85.558848504000082,19.738104559000078],[85.51498457100007,19.711127020000049],[85.51889082100007,19.72158437700006],[85.523448113000029,19.728705145000045],[85.525563998000052,19.734035549000058],[85.521983269000046,19.739081122000066],[85.477549675000034,19.723863023000042],[85.45085696700005,19.716294664000088],[85.439300977000073,19.707993882000068],[85.43685957100007,19.704657294000082],[85.431651238000029,19.704901434000078],[85.42701256600003,19.704087632000043],[85.426280144000032,19.69745514500007],[85.430430535000028,19.691717841000063],[85.43685957100007,19.691351630000064],[85.443125847000033,19.692450262000101],[85.446787957000083,19.690619208000051],[85.447520379000082,19.674627997000073],[85.449880405000044,19.666693427000059],[85.456797722000033,19.663316148000042],[85.480479363000029,19.666327216000074],[85.549164259000079,19.690619208000051],[85.614268425000034,19.727932033000055],[85.63795006600003,19.731634833000054],[85.63599694100003,19.726629950000085],[85.625987175000034,19.722886460000023],[85.62427819100003,19.718573309000078],[85.684580925000034,19.747748114000046],[85.714854363000029,19.75421784100007],[85.734385613000029,19.763617255000035],[85.744395379000082,19.765692450000074],[85.778086785000028,19.764634507000025],[85.788828972000033,19.765692450000085],[85.808604363000029,19.773382880000039],[85.846364780000044,19.79584381700003],[85.888845248000052,19.80296458500003],[86.013519727000073,19.839056708000054],[86.032074415000068,19.841498114000053],[86.037933790000068,19.845282294000075],[86.04656009200005,19.85252513200005],[86.056651238000029,19.856878973000061],[86.066742384000065,19.851996161000081],[86.078379754000082,19.843573309000071],[86.089040561000047,19.844224351000033],[86.111582879000082,19.855698960000041],[86.268565300000034,19.910345770000049],[86.37240644600007,19.96499258000004],[86.356455925000034,19.970404364000032],[86.341563347000033,19.979885158000048],[86.326670769000032,19.984849351000044],[86.314952019000032,19.986883856000063],[86.308116082000083,19.99209219000004],[86.302907748000052,19.999090887000087],[86.295909050000034,20.006577867000093],[86.29420006600003,20.010402736000074],[86.294118686000047,20.01569245000006],[86.293223504000082,20.021429755000053],[86.289073113000043,20.026434637000072],[86.284678582000083,20.027492580000075],[86.273448113000029,20.026190497000076],[86.268565300000034,20.026434637000083],[86.230235222000033,20.035305080000064],[86.213715040000068,20.042425848000057],[86.187754754000082,20.063666083000033],[86.167735222000033,20.072943427000045],[86.158702019000032,20.081040757000046],[86.154307488000029,20.089992580000061],[86.145030144000032,20.122015692000044],[86.152517123000052,20.143133856000052],[86.158702019000032,20.14313385600008],[86.163096550000034,20.134833075000078],[86.168467644000032,20.113185940000051],[86.173024936000047,20.10219961100006],[86.195974155000044,20.080308335000044],[86.199717644000032,20.077948309000078],[86.209157748000052,20.066636460000037],[86.231293165000068,20.064886786000031],[86.275401238000029,20.06736888200005],[86.348399285000028,20.008856512000097],[86.397227410000028,19.982855536000059],[86.426280144000032,19.999172268000056],[86.414073113000043,19.99884674700008],[86.404144727000073,20.002630927000038],[86.396739129000082,20.009955145000031],[86.391449415000068,20.020209052000041],[86.415049675000034,20.03632233300004],[86.467133009000065,20.094671942000044],[86.468516472000033,20.109279690000058],[86.478851759000065,20.129339911000045],[86.490407748000052,20.174058335000066],[86.495127800000034,20.184068101000037],[86.511485222000033,20.197455145000063],[86.534190300000034,20.206122137000079],[86.583832227000073,20.218207098000072],[86.62818444100003,20.235256252000053],[86.717458530000044,20.286932684000096],[86.754649285000028,20.314439195000087],[86.719737175000034,20.291734117000097],[86.701670769000032,20.284654039000081],[86.693695509000065,20.293931382000036],[86.701670769000032,20.303778387000079],[86.719737175000034,20.315090236000071],[86.739268425000034,20.324204820000091],[86.751475457000083,20.328070380000046],[86.768321160000028,20.343451239000057],[86.79420006600003,20.378159898000039],[86.80982506600003,20.415106512000076],[86.79615319100003,20.437323309000071],[86.789805535000042,20.414699611000071],[86.788259311000061,20.40281810100004],[86.78874759200005,20.390122789000088],[86.769786004000082,20.400702216000063],[86.756358269000032,20.393744208000022],[86.741953972000047,20.379543361000078],[86.720469597000033,20.368475653000075],[86.724619988000043,20.431952216000052],[86.733897332000083,20.462225653000086],[86.751475457000083,20.48916250200006],[86.774180535000028,20.511948960000041],[86.92318769600007,20.62173086100006],[86.976247592000064,20.637884833000044],[87.00359134200005,20.657049872000069],[87.027517123000052,20.679673570000087],[87.043223504000082,20.69798411700009],[87.033376498000052,20.690171617000082],[87.019379102000073,20.680365302000038],[86.994883660000042,20.670721747000055],[86.990244988000029,20.679999091000074],[86.986501498000052,20.684393622000055],[86.98170006600003,20.685370184000082],[86.97429446700005,20.684393622000055],[86.968516472000033,20.691148179000052],[86.961192254000082,20.695054429000045],[86.951914910000028,20.697007554000045],[86.940196160000028,20.69798411700009],[86.948252800000049,20.709051825000103],[86.961192254000082,20.712836005000042],[86.975759311000047,20.710679429000056],[86.988617384000065,20.704250393000056],[86.998708530000044,20.711127020000056],[87.001800977000073,20.718980210000034],[87.000010613000029,20.728216864000036],[86.994883660000042,20.738959052000027],[86.986582879000082,20.751857815000051],[86.979991082000083,20.755560614000053],[86.957204623000052,20.753241278000079],[86.910655144000032,20.756415106000066],[86.889333530000044,20.764471747000073],[86.878754102000073,20.780585028000068],[86.916514519000032,20.788072007000032],[86.936289910000028,20.787502346000071],[86.953868035000028,20.780585028000068],[86.965668165000068,20.805975653000083],[86.952159050000049,20.849107164000092],[86.844004754000096,21.082220770000056],[86.83725019600007,21.174709377000067],[86.866953972000033,21.256048895000053],[86.91765384200005,21.327378648000035],[87.06373131600003,21.475002346000043],[87.113047722000033,21.507961330000057],[87.200938347000033,21.551988023000025],[87.211436394000046,21.55459219000004],[87.235199415000068,21.554510809000071],[87.245941602000073,21.556586005000057],[87.256114129000082,21.561997789000078],[87.293467644000032,21.553656317000073],[87.341807488000029,21.562404690000054],[87.404958530000044,21.586655992000118]]]}},
{"type":"Feature","properties":{"featurecla":"Coastline","scalerank":3,"min_zoom":3.0,"historical_claim":false,"geometry_status":"modern_physical_reference","source_id":"source.natural_earth.coastline.10m"},"geometry":{"type":"LineString","coordinates":[[93.74537194100003,18.799994208000065],[93.745860222000033,18.810980536000017],[93.751638217000064,18.840887762000069],[93.749522332000083,18.865179755000042],[93.742442254000082,18.872300523000032],[93.707530144000032,18.868231512000058],[93.683604363000029,18.868963934000075],[93.673024936000047,18.870510158000059],[93.66334069100003,18.873195705000057],[93.641774936000047,18.889349677000045],[93.621755405000044,18.910345770000074],[93.611094597000033,18.905259507000043],[93.599864129000082,18.890448309000075],[93.577159050000034,18.881903387000083],[93.484141472000033,18.874986070000098],[93.493174675000034,18.849310614000036],[93.497813347000033,18.840887762000094],[93.594004754000096,18.731024481000073],[93.61850019600007,18.71149323100008],[93.630381707000083,18.699204820000094],[93.635508660000028,18.686672268000049],[93.645274285000028,18.679348049000069],[93.667735222000033,18.674872137000083],[93.693125847000033,18.673773505000032],[93.711273634000065,18.676459052000045],[93.731944207000083,18.68968333500003],[93.746836785000028,18.708807684000089],[93.756032748000052,18.731512762000083],[93.75904381600003,18.755560614000046],[93.75709069100003,18.765204169000068],[93.748057488000029,18.787909247000069],[93.74537194100003,18.799994208000065]]}},
{"type":"Feature","properties":{"featurecla":"Coastline","scalerank":0,"min_zoom":1.0,"historical_claim":false,"geometry_status":"modern_physical_reference","source_id":"source.natural_earth.coastline.10m"},"geometry":{"type":"LineString","coordinates":[[111.010508660000028,19.683783270000035],[110.996592644000032,19.686590887000076],[110.994395379000025,19.694281317000055],[111.000010613000029,19.72166575700005],[110.996836785000028,19.749172268000052],[110.983164910000042,19.807766018000027],[110.977061394000046,19.865871486000064],[110.934580925000034,19.995062567000044],[110.920664910000028,20.01203034100007],[110.904307488000029,19.999172268000056],[110.896332227000073,20.004584052000038],[110.89380944100003,20.004380601000037],[110.893077019000032,20.001654364000061],[110.890147332000026,19.999172268000056],[110.869883660000028,19.997015692000051],[110.788340691000045,20.010402736000074],[110.77466881600003,20.020209052000041],[110.752777540000068,20.04751211100006],[110.724457227000073,20.063869533000069],[110.710948113000029,20.075181382000039],[110.685069207000026,20.153306382000039],[110.677907748000052,20.163560289000085],[110.670746290000068,20.154974677000045],[110.65202884200005,20.117010809000092],[110.640147332000041,20.108343817000044],[110.604177280000044,20.110825914000092],[110.593109571000085,20.107326565000054],[110.569346550000034,20.079779364000032],[110.566172722000033,20.069525458000054],[110.572032097000033,20.057521877000045],[110.572276238000029,20.050726630000064],[110.570160352000073,20.040269273000039],[110.570811394000032,20.030666408000069],[110.578868035000028,20.026434637000072],[110.60092207100007,20.021063544000071],[110.606455925000034,20.007635809000078],[110.609141472000033,19.989894924000058],[110.623220248000052,19.971828518000052],[110.617849155000044,19.963934637000083],[110.61841881600003,19.957220770000042],[110.621348504000025,19.95001862200008],[110.623220248000052,19.940741278000079],[110.619883660000028,19.9323591170001],[110.612966342000064,19.925726630000046],[110.605804884000065,19.923163153000065],[110.602712436000061,19.927150783000073],[110.598643425000034,19.94399648600006],[110.580332879000025,19.979722398000042],[110.57545006600003,19.999172268000056],[110.56413821700005,19.984523830000054],[110.550547722000047,19.988470770000056],[110.535655144000032,19.999579169000071],[110.52076256600003,20.006577867000079],[110.52076256600003,20.012762762000079],[110.527598504000025,20.012762762000065],[110.527598504000025,20.020209052000041],[110.495941602000073,20.023504950000085],[110.470225457000026,20.031805731000084],[110.431162957000026,20.050604559000075],[110.424571160000028,20.04751211100006],[110.382985873000052,20.081040757000054],[110.376475457000026,20.071966864000043],[110.375010613000029,20.063625393000059],[110.376719597000033,20.043850002000053],[110.37818444100003,20.039862372000066],[110.383311394000032,20.014146226000015],[110.382985873000052,20.012762762000079],[110.386485222000033,20.001898505000046],[110.390635613000029,19.993068752000045],[110.397146030000044,19.987046617000079],[110.407074415000068,19.984849351000044],[110.40943444100003,19.980047919000068],[110.414561394000032,19.957993882000032],[110.417735222000033,19.951361395000067],[110.417735222000033,19.943915106000087],[110.410899285000028,19.94391510600007],[110.410899285000028,19.937689520000042],[110.41334069100003,19.934312242000097],[110.414398634000065,19.932074286000045],[110.417735222000033,19.923407294000068],[110.410899285000028,19.923407294000079],[110.406504754000025,19.935939846000057],[110.402517123000052,19.964341539000092],[110.397227410000028,19.97866445500005],[110.375173373000067,19.996771552000055],[110.368174675000034,20.007798570000087],[110.376719597000033,20.020209052000041],[110.376719597000033,20.026434637000069],[110.368988477000073,20.038641669000054],[110.358897332000026,20.049790757000036],[110.344737175000034,20.05805084800005],[110.324961785000042,20.061224677000045],[110.316905144000032,20.057359117000093],[110.295176629000025,20.039374091000063],[110.28052819100003,20.033270575000081],[110.26099694100003,20.033148505000042],[110.245127800000034,20.038316148000053],[110.232595248000052,20.044501044000075],[110.222178582000026,20.047512111000035],[110.20866946700005,20.049505927000052],[110.17115319100003,20.060777085000048],[110.156993035000028,20.067368882000039],[110.14966881600003,20.055812893000059],[110.137461785000028,20.024359442000065],[110.129730665000082,20.012762762000079],[110.11491946700005,20.001939195000102],[110.068207227000073,19.984849351000044],[110.104991082000026,19.982977606000087],[110.115489129000025,19.984849351000026],[110.123301629000025,19.98969147300004],[110.138845248000052,20.002630927000038],[110.149587436000061,20.006577867000093],[110.136892123000052,19.996730861000053],[110.12273196700005,19.974310614000061],[110.109873894000032,19.964992580000068],[110.102549675000034,19.973944403000079],[110.089610222000033,19.97809479400005],[110.076345248000067,19.979152736000064],[110.068207227000073,19.97866445500005],[110.050303582000041,19.97406647300005],[110.013682488000029,19.957505601000022],[110.014659050000034,19.94086334800005],[110.001231316000045,19.932847398000032],[109.992198113000043,19.925360419000071],[110.006195509000065,19.916571356000084],[110.006195509000065,19.910345770000049],[109.990082227000073,19.905951239000046],[109.973806186000047,19.908921617000097],[109.959971550000034,19.917792059000057],[109.951508009000065,19.930853583000058],[109.975596550000034,19.93227773600006],[109.972422722000033,19.948187567000041],[109.957204623000052,19.967271226000044],[109.94467207100007,19.97866445500004],[109.942230665000068,19.982896226000022],[109.943369988000029,19.987453518000049],[109.94263756600003,19.990912177000038],[109.934580925000034,19.992336330000068],[109.93132571700005,19.99013906500004],[109.929453972000033,19.986151434000082],[109.926605665000068,19.984320380000057],[109.920909050000034,19.988592841000081],[109.914805535000028,19.990220445000087],[109.895274285000028,19.985174872000076],[109.883311394000032,19.984849351000044],[109.880381707000026,19.967596747000069],[109.87037194100003,19.953355210000055],[109.854665561000047,19.94135163000005],[109.835459832000026,19.930853583000058],[109.838389519000032,19.943264065000054],[109.838552280000044,19.95844147300004],[109.835134311000047,19.973334052000038],[109.827972852000073,19.984849351000044],[109.815928582000026,19.991197007000029],[109.811696811000047,19.981838283000073],[109.810557488000029,19.965521552000052],[109.807627800000034,19.951361395000053],[109.763682488000029,19.974351304000052],[109.73755944100003,19.97809479400005],[109.725596550000034,19.957505601000037],[109.71810957100007,19.957505601000037],[109.722178582000026,19.966131903000072],[109.725596550000034,19.971828518000052],[109.725596550000034,19.97866445500005],[109.719899936000047,19.985296942000044],[109.728363477000073,19.997870184000082],[109.725596550000034,20.006577867000093],[109.719004754000025,20.010646877000063],[109.712901238000029,20.010077216000081],[109.704600457000026,20.006577867000079],[109.686696811000047,20.007879950000074],[109.668142123000052,20.006903387000072],[109.652110222000047,20.002183335000044],[109.642588738000029,19.992336330000057],[109.636241082000026,19.992336330000068],[109.626312696000085,19.997951565000047],[109.611664259000065,19.997870184000082],[109.595713738000029,19.993150132000036],[109.58139082100007,19.984808661000045],[109.527028842000064,19.951361395000053],[109.525889519000032,19.940375067000055],[109.53093509200005,19.930121161000045],[109.537364129000025,19.924465236000056],[109.540782097000047,19.927150783000073],[109.54460696700005,19.933335679000049],[109.552256707000026,19.927476304000034],[109.557465040000068,19.917303778000072],[109.554453972000033,19.910345770000049],[109.525401238000029,19.911851304000031],[109.515635613000029,19.905218817000055],[109.520192905000044,19.882473049000058],[109.529307488000029,19.875474351000047],[109.58171634200005,19.861965236000071],[109.58171634200005,19.855698960000041],[109.56177819100003,19.857407945000073],[109.545095248000052,19.853745835000044],[109.532969597000033,19.852606512000065],[109.527028842000064,19.861965236000071],[109.51140384200005,19.855047919000068],[109.493988477000073,19.85016510600007],[109.479502800000034,19.844183661000031],[109.472422722000047,19.834051825000063],[109.465017123000052,19.834051825000071],[109.462657097000033,19.849310614000043],[109.455332879000025,19.864935614000053],[109.443614129000025,19.87299225500005],[109.427500847000033,19.865383205000054],[109.412608269000032,19.861395575000078],[109.39576256600003,19.869533596000053],[109.36882571700005,19.889308986000064],[109.337901238000029,19.889878648000035],[109.321299675000034,19.892035223000054],[109.314219597000033,19.899847723000061],[109.311371290000068,19.919501044000057],[109.303721550000034,19.921698309000071],[109.280039910000028,19.902899481000073],[109.270518425000034,19.900091864000043],[109.261566602000073,19.900824286000059],[109.25513756600003,19.898342190000061],[109.252696160000028,19.885891018000052],[109.251719597000033,19.874701239000046],[109.248708530000044,19.868841864000039],[109.23560631600003,19.858832098000043],[109.229502800000034,19.855373440000033],[109.224864129000025,19.855536200000103],[109.219493035000028,19.85468170800003],[109.211192254000025,19.848293361000056],[109.207367384000065,19.843573309000071],[109.200938347000033,19.83258698100008],[109.197520379000025,19.82782623900005],[109.18677819100003,19.820013739000039],[109.175547722000033,19.814032294000086],[109.166840040000068,19.80548737200008],[109.16334069100003,19.79026927300006],[109.16724694100003,19.742743231000059],[109.16334069100003,19.724798895000031],[109.170176629000025,19.724798895000031],[109.174815300000034,19.730373440000044],[109.18132571700005,19.735988674000069],[109.197520379000025,19.745835679000049],[109.210134311000047,19.749741929000059],[109.23560631600003,19.762355861000067],[109.26099694100003,19.778713283000066],[109.273203972000033,19.793646552000038],[109.281504754000025,19.790187893000052],[109.289235873000067,19.78790924700008],[109.297373894000032,19.78685130400002],[109.307383660000028,19.786851304000049],[109.30046634200005,19.776841539000074],[109.295746290000068,19.774644273000032],[109.28679446700005,19.773179429000038],[109.28679446700005,19.765692450000074],[109.29420006600003,19.765692450000063],[109.29420006600003,19.759507554000042],[109.27466881600003,19.757228908000055],[109.281586134000065,19.744330145000045],[109.29818769600007,19.726792710000058],[109.307383660000028,19.711127020000049],[109.30046634200005,19.711127020000049],[109.283213738000029,19.724798895000056],[109.27271569100003,19.729396877000081],[109.258962436000047,19.731634833000054],[109.243988477000073,19.72992584800005],[109.218516472000033,19.72296784100007],[109.211192254000025,19.724798895000031],[109.204925977000073,19.718573309000064],[109.205821160000028,19.69843170800004],[109.192067905000044,19.6784528670001],[109.156504754000025,19.649644273000014],[109.133555535000028,19.643377997000076],[109.132578972000033,19.642238674000069],[109.128916863000029,19.640204169000079],[109.11841881600003,19.631170966000081],[109.103363477000073,19.626288153000065],[109.078868035000028,19.612738348000047],[109.067067905000044,19.6087100280001],[109.015879754000025,19.601263739000039],[109.008474155000044,19.597072658000073],[109.002207879000025,19.587225653000061],[108.992686394000046,19.567775783000059],[108.956553582000026,19.53461334800005],[108.94076582100007,19.514105536000049],[108.944834832000026,19.498846747000069],[108.944834832000026,19.492010809000096],[108.937347852000073,19.492010809000096],[108.924489780000059,19.506252346000061],[108.903330925000034,19.493353583000037],[108.869802280000044,19.457912502000056],[108.82748457100007,19.444240627000053],[108.817881707000041,19.439195054000045],[108.79818769600007,19.425848700000074],[108.79029381600003,19.423163153000083],[108.770681186000047,19.394354559000082],[108.76295006600003,19.38898346600007],[108.752207879000025,19.386948960000048],[108.729177280000044,19.377997137000104],[108.714528842000064,19.375921942000051],[108.694346550000034,19.380316473000057],[108.686534050000049,19.377875067000058],[108.683441602000073,19.36542389500006],[108.679535352000073,19.358099677000041],[108.672536655000044,19.351263739000057],[108.66928144600007,19.343736070000105],[108.677256707000026,19.334377346000032],[108.677256707000026,19.327582098000061],[108.666840040000082,19.325181382000036],[108.663096550000034,19.320502020000056],[108.664561394000032,19.314276434000071],[108.662608269000032,19.30971914300007],[108.649668816000045,19.311224677000038],[108.644786004000025,19.310370184000089],[108.647308790000068,19.303534247000094],[108.649424675000034,19.29962799700008],[108.641123894000032,19.294907945000091],[108.631683790000068,19.286281643000052],[108.626963738000029,19.274969794000086],[108.63795006600003,19.248968817000041],[108.630707227000073,19.237982489000068],[108.621755405000044,19.228094794000075],[108.622080925000034,19.217718817000044],[108.634287957000026,19.212551174000058],[108.65007571700005,19.212795315000033],[108.663910352000073,19.209621486000049],[108.669932488000029,19.194077867000093],[108.671885613000029,19.17300039300007],[108.676036004000025,19.162176825000063],[108.683441602000073,19.156236070000087],[108.683441602000073,19.150051174000062],[108.67896569100003,19.152044989000046],[108.663096550000034,19.156236070000087],[108.656911655000044,19.139797268000052],[108.644297722000033,19.124172268000059],[108.629079623000052,19.110907294000064],[108.615244988000029,19.101629950000078],[108.642588738000029,19.018459377000067],[108.642588738000029,18.982814846000071],[108.646006707000026,18.977484442000055],[108.650401238000029,18.973578192000048],[108.65357506600003,18.964341539000092],[108.656260613000029,18.943996486000071],[108.653819207000026,18.921047268000041],[108.647227410000028,18.903225002000074],[108.628916863000029,18.868231512000069],[108.623871290000082,18.849188544000064],[108.627452019000032,18.835882880000021],[108.636973504000025,18.825100002000049],[108.649424675000034,18.813625393000052],[108.668142123000052,18.788641669000071],[108.683360222000033,18.756170966000067],[108.693614129000025,18.719875393000049],[108.697113477000073,18.683294989000018],[108.690928582000026,18.604722398000103],[108.68718509200005,18.587836005000021],[108.679453972000033,18.572251695000091],[108.674082879000025,18.554836330000079],[108.677256707000026,18.53241608300004],[108.68490644600007,18.515204169000071],[108.69499759200005,18.504828192000055],[108.710703972000033,18.49966054900009],[108.75513756600003,18.496975002000074],[108.775563998000067,18.493068752000042],[108.795583530000044,18.486558335000041],[108.831065300000034,18.46869538000006],[108.868662957000026,18.443833726000037],[108.875987175000034,18.433172919000043],[108.885915561000047,18.426662502000045],[108.937347852000073,18.40892161700009],[108.95281009200005,18.402289130000028],[108.960948113000029,18.393866278000075],[108.967784050000034,18.384466864000043],[108.979014519000032,18.374823309000071],[108.990896030000044,18.368719794000068],[109.000743035000028,18.367173570000091],[109.091644727000073,18.368597723000054],[109.101573113000029,18.366034247000091],[109.111175977000073,18.361273505000064],[109.122080925000034,18.358221747000083],[109.13599694100003,18.361151434000078],[109.129161004000025,18.347479559000075],[109.139496290000068,18.340725002000049],[109.142344597000033,18.328680731000073],[109.14389082100007,18.314154364000039],[109.14966881600003,18.299709377000035],[109.162608269000032,18.28782786700009],[109.17310631600003,18.288153387000069],[109.190603061000047,18.299709377000045],[109.21810957100007,18.305650132000046],[109.333506707000026,18.304266669000075],[109.439952019000032,18.288967190000058],[109.462738477000073,18.279689846000057],[109.480723504000025,18.264797268000038],[109.492930535000028,18.245062567000044],[109.500173373000052,18.259507554000031],[109.506521030000059,18.252752997000069],[109.510264519000032,18.238592841000067],[109.509613477000073,18.230780341000074],[109.492686394000032,18.228094794000068],[109.484711134000065,18.221502997000066],[109.478037957000026,18.212795315000065],[109.465017123000052,18.20408763200005],[109.478688998000052,18.192694403000075],[109.510752800000034,18.2136091170001],[109.533946160000028,18.210353908000055],[109.529551629000025,18.227687893000049],[109.538828972000033,18.236761786000045],[109.552256707000026,18.24477773600006],[109.561208530000044,18.258734442000058],[109.566579623000052,18.248846747000069],[109.566254102000073,18.242987372000069],[109.563324415000068,18.238023179000045],[109.561208530000044,18.230780341000074],[109.559092644000032,18.230536200000071],[109.554453972000033,18.228827216000074],[109.549652540000068,18.225531317000037],[109.547618035000028,18.220851955000054],[109.548594597000033,18.217678127000056],[109.553233269000032,18.217678127000056],[109.554453972000033,18.214056708000047],[109.556488477000073,18.209214585000026],[109.561208530000044,18.205796617000079],[109.56576582100007,18.201361395000028],[109.56804446700005,18.193182684000096],[109.562510613000029,18.176988023000099],[109.561208530000044,18.169338283000059],[109.56804446700005,18.169338283000073],[109.576019727000073,18.177476304000038],[109.587657097000033,18.181586005000025],[109.601328972000047,18.181219794000068],[109.615733269000032,18.176174221000053],[109.613047722000033,18.183050848000047],[109.603526238000029,18.198797919000068],[109.602061394000032,18.204087632000068],[109.606130405000044,18.208889065000054],[109.619151238000029,18.217271226000033],[109.621918165000068,18.220851955000043],[109.629079623000052,18.227362372000091],[109.663747592000064,18.237616278000072],[109.677256707000026,18.245062567000044],[109.684336785000028,18.221136786000038],[109.69068444100003,18.209173895000035],[109.701182488000043,18.204087632000068],[109.708750847000033,18.207220770000049],[109.719004754000025,18.214829820000087],[109.728037957000026,18.224676825000074],[109.73178144600007,18.234198309000064],[109.738536004000025,18.243231512000062],[109.74146569100003,18.250799872000062],[109.739268425000034,18.258734442000058],[109.734548373000052,18.259995835000051],[109.717784050000034,18.258449611000074],[109.711924675000034,18.258734442000058],[109.694021030000044,18.267157294000064],[109.686208530000059,18.267645575000081],[109.670420769000032,18.26557038000006],[109.670420769000032,18.273016669000075],[109.696787957000026,18.289862372000087],[109.704600457000026,18.292222398000089],[109.711599155000059,18.287990627000053],[109.713389519000032,18.279852606000073],[109.717784050000034,18.273098049000051],[109.73178144600007,18.273016669000068],[109.726573113000043,18.303778387000069],[109.750010613000029,18.37360260600008],[109.746104363000029,18.395900783000062],[109.75904381600003,18.400376695000102],[109.776215040000068,18.404038804000049],[109.795664910000028,18.405178127000084],[109.814463738000029,18.402085679000034],[109.81959069100003,18.39777252800009],[109.821543816000045,18.391669012000069],[109.825205925000034,18.385891018000045],[109.835459832000026,18.382269598000057],[109.88209069100003,18.407538153000075],[109.898285352000073,18.41425202000006],[109.91537519600007,18.41681549700008],[109.948741082000026,18.415228583000065],[109.954112175000034,18.414252020000049],[109.958018425000034,18.414374091000067],[109.965179884000079,18.416327216000056],[109.973643425000034,18.423081773000096],[109.977386915000068,18.431463934000067],[109.981944207000041,18.435492255000057],[109.992523634000065,18.429388739000043],[109.992849155000044,18.432766018000038],[109.992360873000052,18.439642645000045],[109.992523634000065,18.443060614000029],[110.00318444100003,18.433579820000094],[110.006195509000065,18.429388739000043],[110.009287957000026,18.434800523000103],[110.017344597000033,18.444973049000048],[110.020518425000034,18.450506903000068],[110.023936394000032,18.441229559000082],[110.023448113000029,18.429388739000043],[110.019867384000065,18.417669989000036],[110.013682488000029,18.408921617000065],[110.000336134000065,18.403021552000041],[109.987071160000028,18.403998114000061],[109.97592207100007,18.406642971000071],[109.968597852000073,18.405503648000092],[109.968597852000073,18.38983795800003],[109.995127800000049,18.382310289000081],[110.026215040000068,18.380601304000045],[110.04029381600003,18.382269598000072],[110.052582227000073,18.390204169000043],[110.051117384000079,18.399644273000074],[110.044444207000026,18.411363023000099],[110.04029381600003,18.425970770000056],[110.04460696700005,18.440130927000059],[110.053233269000046,18.440619208000044],[110.060720248000052,18.429592190000058],[110.061371290000082,18.40892161700009],[110.068207227000073,18.40892161700009],[110.069834832000026,18.426988023000082],[110.08130944100003,18.464544989000057],[110.082530144000032,18.477769273000089],[110.074066602000073,18.489081122000066],[110.04615319100003,18.495917059000075],[110.034190300000034,18.505764065000044],[110.034190300000034,18.511948960000048],[110.070648634000065,18.502020575000049],[110.088145379000025,18.504339911000049],[110.103282097000033,18.539374091000077],[110.121104363000029,18.555812893000052],[110.156993035000028,18.580796617000082],[110.227224155000044,18.642157294000071],[110.27084394600007,18.668158270000049],[110.301036004000025,18.662787177000041],[110.30787194100003,18.662787177000041],[110.327321811000047,18.679348049000055],[110.38013756600003,18.69049713700009],[110.397227410000028,18.703762111000085],[110.403493686000047,18.703762111000074],[110.410899285000028,18.697495835000044],[110.410899285000028,18.690130927000045],[110.368662957000026,18.685939846000046],[110.34538821700005,18.680853583000054],[110.335215691000045,18.673325914000088],[110.344493035000028,18.664618231000063],[110.388682488000029,18.675034898000082],[110.403493686000047,18.662787177000041],[110.416026238000029,18.670558986000071],[110.426768425000034,18.680894273000039],[110.431000196000085,18.692450262000079],[110.424571160000028,18.703762111000074],[110.450368686000047,18.756537177000059],[110.469004754000025,18.777167059000092],[110.486582879000025,18.77204010600008],[110.492849155000044,18.772040106000066],[110.498545769000046,18.781642971000039],[110.50717207100007,18.783514716000063],[110.519053582000026,18.783107815000047],[110.53443444100003,18.785630601000012],[110.510020379000025,18.868597723000054],[110.503428582000041,18.881903387000083],[110.493662957000026,18.876044012000065],[110.49341881600003,18.862616278000079],[110.49968509200005,18.837551174000051],[110.502452019000032,18.811224677000062],[110.500824415000068,18.802923895000056],[110.492849155000044,18.793117580000061],[110.480804884000065,18.800970770000038],[110.465017123000052,18.804510809000085],[110.450938347000033,18.804999091000074],[110.445078972000033,18.803656317000055],[110.441905144000032,18.808254299000044],[110.435801629000025,18.814154364000057],[110.431488477000073,18.821478583000061],[110.434580925000034,18.830389716000063],[110.44109134200005,18.836493231000077],[110.454356316000045,18.844468492000086],[110.458750847000033,18.848334052000048],[110.461273634000079,18.856024481000087],[110.463145379000025,18.875148830000068],[110.465586785000028,18.881903387000083],[110.470469597000033,18.884263414000081],[110.477712436000047,18.885239976000054],[110.483897332000026,18.887193101000051],[110.486582879000025,18.892482815000058],[110.490896030000044,18.895656643000049],[110.500010613000029,18.895738023000039],[110.50912519600007,18.897772528000079],[110.51335696700005,18.906398830000057],[110.512380405000044,18.91351959800005],[110.508067254000025,18.922186591000049],[110.50709069100003,18.930324611000056],[110.509938998000052,18.964341539000078],[110.518077019000032,18.993475653000093],[110.530772332000026,19.01837799700008],[110.547536655000044,19.040187893000056],[110.563243035000028,19.055650132000032],[110.567230665000068,19.065578518000049],[110.56999759200005,19.100897528000061],[110.582286004000025,19.150051174000073],[110.57545006600003,19.150051174000062],[110.562347852000073,19.102362372000066],[110.554942254000025,19.087347723000054],[110.556813998000052,19.120021877000056],[110.554942254000025,19.128322658000076],[110.54623457100007,19.139878648],[110.541514519000046,19.138617255000042],[110.535655144000032,19.132228908000069],[110.524180535000028,19.128322658000066],[110.507334832000026,19.132228908000069],[110.497569207000026,19.141546942000048],[110.489756707000026,19.152980861000071],[110.479177280000044,19.163072007000025],[110.479177280000044,19.169256903000072],[110.490489129000025,19.166571356000091],[110.496918165000068,19.159898179000031],[110.502207879000039,19.153143622000073],[110.510101759000065,19.150051174000062],[110.544444207000026,19.150051174000062],[110.549082879000025,19.151760158000055],[110.568614129000025,19.163072007000025],[110.57585696700005,19.157049872000062],[110.580332879000025,19.155178127000067],[110.589040561000047,19.176703192000048],[110.606293165000068,19.199855861000067],[110.621592644000032,19.230658270000035],[110.632660352000073,19.264471747000062],[110.636729363000029,19.296535549000058],[110.641368035000042,19.312445380000039],[110.666026238000029,19.319769598000057],[110.677907748000052,19.334377346000046],[110.676036004000025,19.346747137000072],[110.670664910000028,19.365057684000082],[110.669688347000033,19.381740627000053],[110.681488477000073,19.38898346600007],[110.685801629000025,19.39305247600003],[110.69499759200005,19.411810614000064],[110.698252800000034,19.416937567000041],[110.706228061000047,19.41828034100007],[110.724375847000033,19.415961005000032],[110.732432488000029,19.416937567000041],[110.745127800000034,19.422674872000069],[110.757578972000033,19.430894273000035],[110.764496290000068,19.44082265800003],[110.760264519000032,19.451646226000033],[110.760264519000032,19.457912502000056],[110.772308790000068,19.46165599200009],[110.785492384000065,19.471909898000035],[110.79623457100007,19.484605210000051],[110.800629102000087,19.495428778000075],[110.802500847000033,19.517401434000078],[110.807383660000028,19.530585028000079],[110.821787957000026,19.554103908000062],[110.812998894000032,19.563381252000074],[110.803558790000068,19.589178778000072],[110.794444207000041,19.601263739000039],[110.80632571700005,19.612738348000022],[110.826426629000025,19.621771552000041],[110.847666863000043,19.622463283000059],[110.86264082100007,19.608710028000068],[110.841156446000085,19.607977606000091],[110.825694207000026,19.603257554000034],[110.818532748000052,19.591050523000039],[110.821787957000026,19.567775783000059],[110.829844597000033,19.552069403000075],[110.842784050000034,19.53994375200006],[110.85865319100003,19.534816799000041],[110.876475457000026,19.539780992000072],[110.887705925000034,19.550604559000075],[110.913584832000026,19.583685614000046],[110.965830925000034,19.635972398000042],[110.977305535000028,19.640773830000061],[110.993337436000047,19.643011786000073],[111.00912519600007,19.641750393000063],[111.020355665000068,19.635972398000028],[111.034678582000026,19.642238674000069],[111.016368035000028,19.678045966000063],[111.010508660000028,19.683783270000035]]}},
{"type":"Feature","properties":{"featurecla":"Coastline","scalerank":5,"min_zoom":3.0,"historical_claim":false,"geometry_status":"modern_physical_reference","source_id":"source.natural_earth.coastline.10m"},"geometry":{"type":"LineString","coordinates":[[93.970713738000029,19.416937567000041],[93.956228061000047,19.432521877000056],[93.917735222000033,19.45400625200007],[93.899261915000068,19.46775950700005],[93.88021894600007,19.479193427000034],[93.858083530000044,19.482489325000081],[93.836599155000044,19.479396877000049],[93.819997592000064,19.471502997000094],[93.803070509000065,19.487372137000065],[93.755381707000083,19.523016669000054],[93.74927819100003,19.531317450000081],[93.74537194100003,19.539211330000061],[93.740489129000082,19.546698309000078],[93.731211785000028,19.554103908000062],[93.723643425000049,19.556382554000045],[93.704925977000073,19.558294989000068],[93.69695071700005,19.560288804000031],[93.688161655000059,19.55947500200006],[93.649180535000028,19.513128973000061],[93.65552819100003,19.504095770000049],[93.656586134000065,19.497381903000075],[93.652191602000073,19.493312893000052],[93.641774936000047,19.492010809000096],[93.658946160000028,19.457505601000026],[93.669118686000047,19.44647858300004],[93.683360222000033,19.43744538000005],[93.716319207000083,19.427394924000051],[93.730479363000029,19.419256903000086],[93.738047722000033,19.403265692000033],[93.736664259000065,19.396958726000037],[93.731944207000083,19.39642975500005],[93.726735873000052,19.396673895000031],[93.724375847000033,19.392726955000064],[93.725352410000028,19.386867580000054],[93.72779381600003,19.383734442000037],[93.729991082000083,19.381740627000049],[93.731211785000028,19.379055080000068],[93.733409050000034,19.367865302000038],[93.743174675000034,19.355454820000102],[93.74537194100003,19.344916083000044],[93.749847852000087,19.333319403000083],[93.773773634000065,19.298773505000039],[93.785655144000032,19.286566473000057],[93.796885613000043,19.278509833000026],[93.802744988000029,19.276678778000075],[93.82357832100007,19.279120184000082],[93.845550977000073,19.278021552000041],[93.856944207000083,19.278876044000082],[93.86491946700005,19.282863674000055],[93.866384311000047,19.291083075000071],[93.862803582000083,19.299750067000041],[93.862803582000083,19.307766018000049],[93.875173373000052,19.313910223000047],[93.879161004000082,19.312201239000043],[93.881032748000052,19.306870835000044],[93.883555535000028,19.301499742000082],[93.889414910000028,19.29962799700008],[93.895518425000034,19.301174221000061],[93.898936394000032,19.303290106000066],[93.900889519000032,19.305405992000107],[93.917165561000047,19.318304755000035],[93.940196160000028,19.348618882000046],[93.953949415000068,19.354885158000073],[93.965830925000034,19.363023179000031],[93.97234134200005,19.381822007000039],[93.973643425000034,19.402736721000046],[93.970713738000029,19.416937567000041]]}},
{"type":"Feature","properties":{"featurecla":"Coastline","scalerank":5,"min_zoom":3.0,"historical_claim":false,"geometry_status":"modern_physical_reference","source_id":"source.natural_earth.coastline.10m"},"geometry":{"type":"LineString","coordinates":[[93.50521894600007,19.807318427000048],[93.501149936000047,19.825384833000044],[93.50521894600007,19.872219143000045],[93.498789910000028,19.887030341000084],[93.484711134000065,19.897162177000023],[93.470550977000073,19.905218817000055],[93.464121941000045,19.913478908000055],[93.461192254000082,19.919501044000047],[93.453379754000082,19.928452867000075],[93.44263756600003,19.938137111000074],[93.422048373000052,19.951361395000053],[93.402842644000032,19.953070380000035],[93.406748894000032,19.92047760600008],[93.44068444100003,19.810939846000039],[93.456797722000033,19.788763739000032],[93.511973504000082,19.745835679000049],[93.518321160000028,19.761948960000041],[93.51685631600003,19.777167059000082],[93.50521894600007,19.807318427000048]]}},
{"type":"Feature","properties":{"featurecla":"Coastline","scalerank":5,"min_zoom":3.0,"historical_claim":false,"geometry_status":"modern_physical_reference","source_id":"source.natural_earth.coastline.10m"},"geometry":{"type":"LineString","coordinates":[[92.964040561000047,20.036688544000075],[92.96257571700005,20.04608795800003],[92.958506707000083,20.054877020000049],[92.952891472000047,20.063055731000087],[92.946462436000047,20.070502020000045],[92.929209832000083,20.081040757000046],[92.922699415000068,20.087632554000052],[92.916840040000082,20.088934637000083],[92.911957227000087,20.084702867000118],[92.908702019000032,20.07485586100006],[92.90943444100003,20.065090236000074],[92.914317254000082,20.059637762000083],[92.919769727000073,20.055731512000083],[92.922373894000032,20.050604559000085],[92.925791863000029,20.03375885600007],[92.987478061000047,19.925197658000062],[93.00123131600003,19.90664297100005],[93.008555535000028,19.889878648000035],[93.013194207000097,19.846502997000101],[93.018565300000034,19.827826239000061],[93.024912957000083,19.82782623900005],[93.021983269000032,19.870184637000094],[93.014659050000034,19.90558502800009],[92.967539910000028,20.022202867000104],[92.964040561000047,20.036688544000075]]}},
{"type":"Feature","properties":{"featurecla":"Coastline","scalerank":5,"min_zoom":3.0,"historical_claim":false,"geometry_status":"modern_physical_reference","source_id":"source.natural_earth.coastline.10m"},"geometry":{"type":"LineString","coordinates":[[107.080332879000039,20.800441799000048],[107.080332879000039,20.807847398000032],[107.086761915000068,20.805121161000059],[107.107676629000025,20.800441799000048],[107.100840691000045,20.804266669000064],[107.095469597000033,20.809027411000041],[107.090993686000047,20.81476471600007],[107.08716881600003,20.82151927300001],[107.080332879000039,20.821519273000032],[107.070974155000044,20.82029857000007],[107.054942254000039,20.82391998900005],[107.042979363000029,20.831366278000072],[107.04615319100003,20.842027085000023],[107.04615319100003,20.848863023000035],[107.035980665000068,20.857367255000042],[107.02271569100003,20.862250067000041],[107.012461785000028,20.858791408000037],[107.011403842000064,20.842027085000037],[107.00513756600003,20.842027085000037],[106.994476759000065,20.851752020000049],[106.963633660000028,20.856105861000074],[106.949961785000028,20.869330145000053],[106.957367384000065,20.876776434000092],[106.948090040000068,20.870266018000052],[106.94654381600003,20.862860419000075],[106.946787957000026,20.855536200000049],[106.943125847000033,20.848863023000035],[106.936289910000028,20.844671942000044],[106.912852410000028,20.836900132000039],[106.909922722000033,20.818548895000049],[106.921071811000047,20.804592190000044],[106.949961785000028,20.787420966000077],[106.962412957000026,20.774969794000082],[106.985118035000028,20.745266018000059],[107.00513756600003,20.732163804000034],[107.00513756600003,20.738959052000038],[107.002289259000065,20.742499091000088],[106.997813347000033,20.753241278000079],[107.00513756600003,20.753241278000079],[107.008636915000068,20.748928127000067],[107.014821811000047,20.74359772300005],[107.018239780000044,20.738959052000038],[107.025645379000025,20.738959052000038],[107.025645379000025,20.746405341000074],[107.031911655000044,20.746405341000067],[107.034190300000034,20.743353583000044],[107.03443444100003,20.742173570000084],[107.035329623000052,20.741197007000061],[107.039317254000025,20.738959052000038],[107.039317254000025,20.732163804000034],[107.018239780000044,20.73216380400002],[107.018239780000044,20.725978908000069],[107.021250847000033,20.72361888200005],[107.025645379000025,20.718491929000049],[107.031911655000044,20.725978908000069],[107.031911655000044,20.718491929000049],[107.035899285000028,20.721665757000032],[107.038828972000033,20.723456122000073],[107.04615319100003,20.725978908000069],[107.04615319100003,20.704250393000056],[107.055023634000065,20.721665757000064],[107.05982506600003,20.738959052000038],[107.06609134200005,20.738959052000038],[107.06609134200005,20.732163804000034],[107.07349694100003,20.732163804000034],[107.067393425000034,20.749741929000034],[107.036875847000033,20.766262111000078],[107.031911655000044,20.787420966000067],[107.041758660000028,20.779933986000042],[107.05046634200005,20.775946356000087],[107.060313347000047,20.775946356000077],[107.07349694100003,20.780585028000068],[107.07349694100003,20.787420966000077],[107.066661004000025,20.792141018000045],[107.062836134000065,20.798285223000061],[107.062510613000029,20.805609442000065],[107.06609134200005,20.814113674000069],[107.075043165000082,20.796047268000045],[107.082204623000067,20.789374091000067],[107.094004754000025,20.787420966000067],[107.088145379000025,20.794419664000099],[107.08521569100003,20.797186591000063],[107.080332879000039,20.800441799000048]]}},
{"type":"Feature","properties":{"featurecla":"Coastline","scalerank":6,"min_zoom":6.0,"historical_claim":false,"geometry_status":"modern_physical_reference","source_id":"source.natural_earth.coastline.10m"},"geometry":{"type":"LineString","coordinates":[[107.369639519000032,20.825913804000034],[107.35710696700005,20.829331773000035],[107.34498131600003,20.842515367000097],[107.34107506600003,20.842596747000083],[107.342133009000065,20.828436591000052],[107.350271030000059,20.810939846000071],[107.360850457000026,20.805894273000032],[107.368907097000033,20.80719635600007],[107.375254754000025,20.803941148000035],[107.38021894600007,20.797552802000038],[107.383555535000028,20.799302476000044],[107.38445071700005,20.812811591000088],[107.381195509000065,20.81891510600007],[107.369639519000032,20.825913804000034]]}},
{"type":"Feature","properties":{"featurecla":"Coastline","scalerank":5,"min_zoom":4.0,"historical_claim":false,"geometry_status":"modern_physical_reference","source_id":"source.natural_earth.coastline.10m"},"geometry":{"type":"LineString","coordinates":[[106.840098504000025,20.879868882000036],[106.835948113000029,20.902411200000088],[106.824554884000065,20.915187893000059],[106.785411004000025,20.930812893000056],[106.773610873000067,20.904974677000038],[106.765635613000029,20.876776434000075],[106.770681186000061,20.858587958000037],[106.783864780000044,20.852362372000069],[106.799327019000032,20.849676825000074],[106.81218509200005,20.842027085000023],[106.81959069100003,20.842027085000037],[106.814626498000052,20.850531317000055],[106.812673373000052,20.859320380000035],[106.814219597000033,20.868109442000041],[106.81959069100003,20.876776434000092],[106.822520379000025,20.853501695000091],[106.842539910000042,20.813625393000031],[106.847504102000087,20.797308661000045],[106.856211785000028,20.792873440000047],[106.873545769000032,20.789536851000054],[106.886485222000033,20.796128648000028],[106.881602410000028,20.821519273000032],[106.845550977000073,20.866034247000055],[106.840098504000025,20.879868882000036]]}},
{"type":"Feature","properties":{"featurecla":"Coastline","scalerank":0,"min_zoom":0.0,"historical_claim":false,"geometry_status":"modern_physical_reference","source_id":"source.natural_earth.coastline.10m"},"geometry":{"type":"MultiLineString","coordinates":[[[122.297211134000023,18.403876044000082],[122.317149285000042,18.377427476000037],[122.324961785000028,18.336615302000052],[122.320160352000016,18.292547919000093],[122.306976759,18.251288153000093],[122.288584832000083,18.21820709800005],[122.262705925000091,18.186102606000073],[122.246755405000044,18.171942450000078],[122.213715040000025,18.149969794000093],[122.180023634,18.120754299000073],[122.174327019000089,18.113470770000042],[122.16976972700003,18.100490627000049],[122.169118686000061,18.08812083500003],[122.171885613000086,18.079413153000079],[122.175547722000047,18.071844794000089],[122.177256707000083,18.063177802000034],[122.177256707000083,18.029038804000045],[122.182483691773626,18.0]],[[120.475560285653614,18.0],[120.47722415500003,18.004828192000058],[120.478282097000033,18.02179596600007],[120.476817254000039,18.043646552000041],[120.472992384,18.064276434000089],[120.467051629000039,18.077134507000036],[120.470062696000028,18.091009833000033],[120.526215040000011,18.204087632000068],[120.5234481130001,18.202541408000084],[120.520274285000042,18.206040757000029],[120.517914259,18.212103583000026],[120.518077019000089,18.217718817000037],[120.520843946000028,18.21963125200006],[120.525563998000038,18.221258856000098],[120.529958530000044,18.223537502000053],[120.531911655000059,18.227362372000066],[120.536143425000091,18.239813544000086],[120.56609134200005,18.292222398000103],[120.579112175000105,18.325140692000073],[120.586192254000025,18.364488023000085],[120.584971550000077,18.405462958000047],[120.573496941000045,18.443060614000029],[120.56177819100003,18.469671942000055],[120.560801629000025,18.486761786000034],[120.57016035200003,18.501776434000075],[120.590505405000044,18.522162177000041],[120.611094597000047,18.538560289000085],[120.627126498000038,18.541489976000044],[120.669688347000033,18.532416083000051],[120.690684441000045,18.534409898000103],[120.735362175000105,18.54930247600004],[120.754242384000023,18.552923895000035],[120.770843946,18.561468817000048],[120.775645379000039,18.581366278000107],[120.775889519000089,18.604315497000083],[120.77898196700005,18.621812242000093],[120.792735222000033,18.636135158000055],[120.812998894000089,18.644517320000094],[120.834239129000025,18.645941473000065],[120.85084069100003,18.63886139500007],[120.865896030000059,18.620306708000044],[120.891856316000045,18.579901434000078],[120.909190300000077,18.567206122000076],[120.926931186000047,18.566229559000075],[120.947032097000019,18.572007554000049],[120.963877800000105,18.581366278000107],[120.970550977,18.590765692000026],[120.978770379000039,18.598293361000053],[121.018321160000028,18.617092190000054],[121.032725457000069,18.621812242000093],[121.042491082000069,18.622300523000096],[121.063324415000011,18.620672919000075],[121.073008660000013,18.621812242000104],[121.083343946000028,18.627997137000087],[121.094981316000045,18.63703034100007],[121.106781446000014,18.642726955000061],[121.118174675000091,18.638861395000042],[121.126149936000061,18.634100653000075],[121.137054884,18.630926825000078],[121.159353061000047,18.628648179000063],[121.170664910000028,18.625474351000051],[121.17741946700005,18.617824611000074],[121.182627800000091,18.608832098000057],[121.190277540000011,18.601304429000059],[121.23991946700005,18.577704169000075],[121.266286655000059,18.55487702000007],[121.364024285000028,18.50641510600008],[121.378184441000045,18.494859117000093],[121.39185631600003,18.486314195000087],[121.424082879000039,18.477240302000041],[121.498301629000025,18.429388739000043],[121.506114129000011,18.426662502000045],[121.519786004000039,18.425116278000079],[121.526133660000028,18.422552802000034],[121.532562696000014,18.415961005000032],[121.538828972000019,18.40704987200008],[121.54656009200005,18.399237372000076],[121.592051629000011,18.384711005000039],[121.613291863000086,18.359320380000039],[121.629649285000013,18.331691799000055],[121.64966881600003,18.313950914000113],[121.64966881600003,18.320217190000044],[121.634613477000016,18.334540106000102],[121.634938998000052,18.355129299000055],[121.645030144000074,18.36945221600007],[121.659678582000097,18.364813544000075],[121.672862175000105,18.354966539000088],[121.85279381600003,18.28799062700007],[121.895518425000105,18.279201565000065],[121.917328321000014,18.278631903000086],[121.974619988000086,18.286037502000063],[121.986827019000089,18.290432033000059],[122.039561394000103,18.320217190000069],[122.078623894000089,18.379461981000087],[122.091319207000083,18.389064846000053],[122.111582879000039,18.392767645000063],[122.119313998000067,18.403021552000041],[122.122080925000105,18.436835028000093],[122.14576256600003,18.507391669000064],[122.152842644000089,18.518784898000096],[122.199392123000052,18.522853908000066],[122.220225457000097,18.522406317000055],[122.235362175000077,18.515366929000034],[122.243174675000091,18.499823309000075],[122.247080925000091,18.459784247000076],[122.251719597000047,18.443060614000036],[122.260508660000028,18.432277736000064],[122.288096550000091,18.409247137000072],[122.297211134000023,18.403876044000082]]]}},
{"type":"Feature","properties":{"featurecla":"Coastline","scalerank":6,"min_zoom":5.0,"historical_claim":false,"geometry_status":"modern_physical_reference","source_id":"source.natural_earth.coastline.10m"},"geometry":{"type":"LineString","coordinates":[[121.388438347000033,18.902980861000071],[121.353282097000033,18.898830471000061],[121.299571160000042,18.881903387000072],[121.280039910000042,18.880560614000064],[121.275238477000016,18.875881252000056],[121.279144727,18.862005927000034],[121.294932488000086,18.846828518000045],[121.318614129000011,18.843207098000036],[121.406748894000103,18.850816148000025],[121.431407097000047,18.856146552000041],[121.453623894000089,18.865952867000086],[121.47779381600003,18.881903387000083],[121.466970248000067,18.881781317000037],[121.458018425000091,18.883937893000049],[121.450531446000014,18.888413804000038],[121.443614129000039,18.895493882000046],[121.429860873000052,18.905585028000072],[121.416758660000042,18.908148505000067],[121.388438347000033,18.902980861000071]]}},
{"type":"Feature","properties":{"featurecla":"Coastline","scalerank":5,"min_zoom":3.0,"historical_claim":false,"geometry_status":"modern_physical_reference","source_id":"source.natural_earth.coastline.10m"},"geometry":{"type":"LineString","coordinates":[[121.971202019000089,18.98493073100008],[121.964610222000019,18.991888739000053],[121.960703972000033,19.000962632000018],[121.955821160000028,19.008856512000087],[121.946625196000014,19.012193101000047],[121.941661004000025,19.010728257000036],[121.926605665000025,19.003892320000091],[121.923513217000064,19.002020575000092],[121.920909050000105,18.998114325000078],[121.915049675000105,19.000637111000064],[121.907969597000047,19.004584052000041],[121.902354363000086,19.005357164000088],[121.892588738000086,18.996486721000053],[121.879161004000039,18.975409247000073],[121.871592644000103,18.971258856000077],[121.874685092000036,18.965033270000045],[121.871592644000103,18.950628973000065],[121.864105665000011,18.934637762000104],[121.853851759,18.923488674000076],[121.87484785200003,18.900824286000045],[121.861582879000025,18.884019273000028],[121.84107506600003,18.868150132000032],[121.840830925000091,18.848334052000048],[121.834157748000052,18.83429596600006],[121.847178582000069,18.824367580000072],[121.865733269000089,18.821926174000037],[121.8750106130001,18.830389716000063],[121.881032748000067,18.85016510600008],[121.895274285000028,18.867661851000044],[121.9296981130001,18.895493882000046],[121.942393425000091,18.909979559000071],[121.96257571700005,18.938666083000047],[121.989105665000011,18.949123440000058],[121.99089603000003,18.961127020000045],[121.98365319100003,18.974839585000037],[121.971202019000089,18.98493073100008]]}},
{"type":"Feature","properties":{"featurecla":"Coastline","scalerank":5,"min_zoom":4.0,"historical_claim":false,"geometry_status":"modern_physical_reference","source_id":"source.natural_earth.coastline.10m"},"geometry":{"type":"LineString","coordinates":[[121.2109481130001,19.176703192000048],[121.208181186000061,19.153794664000074],[121.192393425000077,19.111721096000057],[121.190277540000011,19.087347723000054],[121.196787957000083,19.065497137000076],[121.209239129000025,19.050238348000061],[121.244965040000011,19.018459377000045],[121.258962436000061,19.045721747000076],[121.252207879000039,19.081284898000035],[121.238536004000025,19.118394273000035],[121.229828321000028,19.159247137000083],[121.225840691000045,19.166205145000049],[121.219737175000091,19.171779690000051],[121.2109481130001,19.176703192000048]]}},
{"type":"Feature","properties":{"featurecla":"Coastline","scalerank":5,"min_zoom":3.0,"historical_claim":false,"geometry_status":"modern_physical_reference","source_id":"source.natural_earth.coastline.10m"},"geometry":{"type":"LineString","coordinates":[[121.526133660000028,19.320705471000036],[121.524668816000045,19.327866929000038],[121.525157097000033,19.331366278000075],[121.526133660000028,19.334865627000063],[121.526133660000028,19.382269598000054],[121.516612175000077,19.393540757000036],[121.504242384,19.39227936400005],[121.488942905000059,19.385931708000054],[121.470957879000025,19.382147528000072],[121.45240319100003,19.384344794000071],[121.39576256600003,19.403265692000033],[121.3789168630001,19.383734442000055],[121.367686394000089,19.377997137000065],[121.35084069100003,19.375921942000051],[121.349864129000025,19.370306708000037],[121.381602410000042,19.334377346000046],[121.393565300000105,19.311224677000038],[121.398936394000089,19.303371486000071],[121.406016472000047,19.298529364000029],[121.413910352000016,19.297593492000079],[121.42115319100003,19.297919012000087],[121.426280144000103,19.296535549000062],[121.464610222000033,19.274969794000057],[121.470957879000025,19.269232489000046],[121.498301629000025,19.259263414000095],[121.50668379,19.262152411000066],[121.510101759,19.267645575000078],[121.512705925000091,19.273993231000066],[121.518728061000047,19.279120184000092],[121.525889519000089,19.279730536000045],[121.5351668630001,19.278753973000057],[121.543304884000023,19.278876044000057],[121.54672285200003,19.282863674000055],[121.54558353000003,19.290269273000039],[121.543304884000023,19.295884507000018],[121.54086347700003,19.300116278000075],[121.539805535000028,19.303371486000071],[121.537852410000042,19.306789455000054],[121.526133660000028,19.320705471000036]]}},
{"type":"Feature","properties":{"featurecla":"Coastline","scalerank":6,"min_zoom":5.0,"historical_claim":false,"geometry_status":"modern_physical_reference","source_id":"source.natural_earth.coastline.10m"},"geometry":{"type":"LineString","coordinates":[[121.977305535000028,19.577378648000028],[121.969493035000028,19.575344143000063],[121.957367384,19.564113674000051],[121.950043165000011,19.560288804000049],[121.941579623000067,19.559963283000084],[121.926524285000028,19.562567450000074],[121.906423373000067,19.558661200000092],[121.90023847700003,19.55923086100006],[121.896820509,19.556870835000026],[121.895518425000105,19.546616929000042],[121.898203972000019,19.536769924000058],[121.905528191000045,19.529933986000074],[121.923513217000064,19.519354559000078],[121.94711347700003,19.496771552000055],[121.9609481130001,19.491766669000071],[121.978037957000097,19.498846747000069],[121.987152540000025,19.513128973000061],[121.99203535200003,19.548163153000068],[121.997894727,19.560288804000027],[121.99773196700005,19.564927476000051],[121.991221550000105,19.570542710000048],[121.982920769000103,19.575344143000073],[121.977305535000028,19.577378648000028]]}},
{"type":"Feature","properties":{"featurecla":"Coastline","scalerank":6,"min_zoom":6.0,"historical_claim":false,"geometry_status":"modern_physical_reference","source_id":"source.natural_earth.coastline.10m"},"geometry":{"type":"LineString","coordinates":[[121.841644727000016,20.34601471600007],[121.838389519000089,20.340765692000087],[121.837657097000019,20.333929755000032],[121.839203321000014,20.320786851000033],[121.85084069100003,20.273423570000098],[121.861827019000103,20.273749091000063],[121.869313998000052,20.276190497000073],[121.892100457000097,20.29734935100004],[121.893239780000059,20.313666083000047],[121.879405144000089,20.333441473000057],[121.8593856130001,20.34735748900005],[121.841644727000016,20.34601471600007]]}},
{"type":"Feature","properties":{"featurecla":"Coastline","scalerank":5,"min_zoom":4.0,"historical_claim":false,"geometry_status":"modern_physical_reference","source_id":"source.natural_earth.coastline.10m"},"geometry":{"type":"LineString","coordinates":[[122.009776238000086,20.488470770000045],[121.997894727,20.483872789000085],[121.980235222000033,20.472967841000091],[121.965993686000047,20.46063873900005],[121.963715040000011,20.451605536000041],[121.922373894000103,20.3932966170001],[121.916026238000072,20.375921942000048],[121.922129754000025,20.354152736000049],[121.938975457000083,20.348700262000108],[121.958018425000091,20.354966539000099],[121.971202019000089,20.368475653000075],[121.97388756600003,20.379299221000046],[121.970876498000052,20.386053778000061],[121.966156446000014,20.393540757000036],[121.963715040000011,20.406642971000046],[121.968760613000086,20.413397528000068],[121.991221550000105,20.432359117000082],[122.026540561000047,20.455796617000086],[122.032399936000061,20.464056708000047],[122.032725457000083,20.473456122000076],[122.027598504000025,20.481146552000038],[122.019297722000047,20.486476955000036],[122.009776238000086,20.488470770000045]]}},
{"type":"Feature","properties":{"featurecla":"Coastline","scalerank":5,"min_zoom":4.0,"historical_claim":false,"geometry_status":"modern_physical_reference","source_id":"source.natural_earth.coastline.10m"},"geometry":{"type":"LineString","coordinates":[[121.877207879000025,20.770331122000069],[121.879893425000105,20.784491278000079],[121.88070722700003,20.799383856000073],[121.879242384,20.814032294000071],[121.87484785200003,20.827826239000029],[121.865977410000028,20.838202216000074],[121.855804884,20.838324286000038],[121.845876498000067,20.831366278000079],[121.837657097000019,20.820257880000053],[121.823741082000083,20.786810614000053],[121.805430535000042,20.758978583000047],[121.791188998000038,20.730047919000079],[121.78638756600003,20.70307038000005],[121.80339603000003,20.691148179000052],[121.829844597000033,20.698960679000038],[121.851735873000067,20.718573309000075],[121.867686394000074,20.744289455000072],[121.877207879000025,20.770331122000069]]}},
{"type":"Feature","properties":{"featurecla":"Coastline","scalerank":6,"min_zoom":6.0,"historical_claim":false,"geometry_status":"modern_physical_reference","source_id":"source.natural_earth.coastline.10m"},"geometry":{"type":"LineString","coordinates":[[121.936696811000061,21.065619208000026],[121.934825066000045,21.073228257000046],[121.9296981130001,21.064520575000063],[121.936696811000061,21.065619208000026]]}},
{"type":"Feature","properties":{"featurecla":"Coastline","scalerank":6,"min_zoom":6.0,"historical_claim":false,"geometry_status":"modern_physical_reference","source_id":"source.natural_earth.coastline.10m"},"geometry":{"type":"LineString","coordinates":[[107.38217207100007,20.887884833000054],[107.365977410000028,20.888413804000045],[107.355479363000029,20.887111721000043],[107.351328972000047,20.885931708000051],[107.346039259000065,20.888169664000088],[107.33920332100007,20.890366929000031],[107.333832227000073,20.888251044000054],[107.332530144000032,20.883286851000047],[107.335459832000026,20.876939195000087],[107.340586785000028,20.875392971000061],[107.343516472000033,20.877346096000043],[107.354177280000044,20.864732164000078],[107.361094597000033,20.859686591000077],[107.367686394000032,20.858384507000043],[107.374522332000026,20.859320380000053],[107.387868686000047,20.864976304000034],[107.38998457100007,20.867417710000041],[107.38990319100003,20.869533596000053],[107.38990319100003,20.871771552000034],[107.392751498000052,20.874579169000075],[107.395192905000044,20.878566799000044],[107.392344597000033,20.884670315000058],[107.38217207100007,20.887884833000054]]}},
{"type":"Feature","properties":{"featurecla":"Coastline","scalerank":6,"min_zoom":6.0,"historical_claim":false,"geometry_status":"modern_physical_reference","source_id":"source.natural_earth.coastline.10m"},"geometry":{"type":"LineString","coordinates":[[107.525401238000029,20.910305080000079],[107.516123894000032,20.895656643000073],[107.505625847000033,20.887396552000041],[107.49146569100003,20.883775132000039],[107.470713738000029,20.883002020000056],[107.470713738000029,20.876776434000075],[107.481944207000026,20.86538320500005],[107.480235222000033,20.849514065000047],[107.463877800000034,20.814113674000044],[107.477224155000044,20.814520575000074],[107.484629754000025,20.82172272300004],[107.491709832000041,20.842027085000023],[107.497813347000033,20.853176174000044],[107.545176629000025,20.919134833000044],[107.553477410000028,20.935939846000057],[107.559418165000068,20.958726304000034],[107.55795332100007,20.966050523000014],[107.556407097000047,20.969183661000041],[107.553233269000032,20.97235748900005],[107.549571160000028,20.956122137000076],[107.525401238000029,20.910305080000079]]}},
{"type":"Feature","properties":{"featurecla":"Coastline","scalerank":5,"min_zoom":4.0,"historical_claim":false,"geometry_status":"modern_physical_reference","source_id":"source.natural_earth.coastline.10m"},"geometry":{"type":"LineString","coordinates":[[107.532725457000026,21.02016836100006],[107.532725457000026,21.040594794000064],[107.522634311000047,21.02228424700008],[107.519786004000025,21.013373114000043],[107.50904381600003,21.017401434000082],[107.504730665000068,21.020168361000049],[107.492442254000025,20.99144114800005],[107.489024285000028,20.976060289000092],[107.491709832000041,20.964911200000074],[107.47429446700005,20.94672272300004],[107.451182488000043,20.929999091000074],[107.424327019000032,20.915350653000068],[107.395030144000032,20.903509833000051],[107.395030144000032,20.897284247000062],[107.412119988000029,20.899481512000076],[107.457041863000029,20.910305080000079],[107.481455925000034,20.912543036000038],[107.497569207000026,20.916327216000091],[107.511729363000029,20.923976955000061],[107.522227410000028,20.936428127000035],[107.528819207000026,20.950913804000024],[107.539073113000029,20.986029364000057],[107.554535352000073,21.021551825000067],[107.558360222000033,21.034735419000082],[107.552256707000041,21.038234768000063],[107.546397332000026,21.034898179000049],[107.532725457000026,21.02016836100006]]}},
{"type":"Feature","properties":{"featurecla":"Coastline","scalerank":6,"min_zoom":6.0,"historical_claim":false,"geometry_status":"modern_physical_reference","source_id":"source.natural_earth.coastline.10m"},"geometry":{"type":"LineString","coordinates":[[107.745127800000049,21.020168361000049],[107.73764082100007,21.003241278000065],[107.74341881600003,20.99408600500005],[107.753428582000026,20.988674221000043],[107.758799675000034,20.982611395000063],[107.75717207100007,20.971014716000063],[107.738291863000029,20.937648830000075],[107.756114129000039,20.945705471000061],[107.77076256600003,20.957220770000049],[107.778005405000059,20.972601630000042],[107.772959832000026,20.992254950000071],[107.779144727000073,20.992254950000071],[107.782399936000047,20.989935614000036],[107.792816602000073,20.986029364000043],[107.792816602000073,20.992254950000071],[107.758067254000025,21.016587632000039],[107.745127800000049,21.020168361000049]]}},
{"type":"Feature","properties":{"featurecla":"Coastline","scalerank":6,"min_zoom":6.0,"historical_claim":false,"geometry_status":"modern_physical_reference","source_id":"source.natural_earth.coastline.10m"},"geometry":{"type":"LineString","coordinates":[[107.825694207000041,21.024969794000071],[107.816579623000052,21.005845445000091],[107.81771894600007,20.988267320000105],[107.82740319100003,20.989081122000073],[107.844411655000044,21.011867580000061],[107.85279381600003,21.019924221000039],[107.856293165000068,21.033270575000078],[107.842133009000065,21.035589911000049],[107.825694207000041,21.024969794000071]]}},
{"type":"Feature","properties":{"featurecla":"Coastline","scalerank":5,"min_zoom":3.0,"historical_claim":false,"geometry_status":"modern_physical_reference","source_id":"source.natural_earth.coastline.10m"},"geometry":{"type":"LineString","coordinates":[[110.547536655000044,21.037258205000057],[110.545583530000044,21.057359117000086],[110.538828972000033,21.07306549700008],[110.526377800000034,21.082098700000074],[110.50709069100003,21.082220770000042],[110.492930535000028,21.075995184000089],[110.48406009200005,21.067857164000099],[110.472829623000052,21.061672268000041],[110.451914910000028,21.061102606000087],[110.458750847000033,21.061102606000087],[110.444102410000042,21.059963283000059],[110.432139519000032,21.057277736000056],[110.42318769600007,21.051418361000067],[110.417735222000033,21.040594794000054],[110.408213738000029,21.048244533000048],[110.400401238000029,21.063910223000047],[110.389821811000047,21.095892645000049],[110.371348504000025,21.080959377000063],[110.342621290000068,21.074652411000038],[110.287364129000025,21.074448960000037],[110.295420769000032,21.063055731000073],[110.30795332100007,21.060858466000081],[110.322113477000073,21.064032294000071],[110.335215691000045,21.068589585000041],[110.326914910000028,21.057440497000059],[110.30990644600007,21.052923895000053],[110.290212436000047,21.054266669000071],[110.27312259200005,21.061102606000087],[110.269541863000029,21.051581122000069],[110.270681186000047,21.044867255000032],[110.276377800000034,21.041164455000057],[110.287364129000025,21.040594794000064],[110.287364129000025,21.033840236000056],[110.27507571700005,21.034328518000073],[110.264821811000047,21.033107815000033],[110.245860222000033,21.027573960000044],[110.259287957000026,21.016994533000055],[110.265391472000033,21.004339911000031],[110.261892123000052,20.992987372000076],[110.245860222000033,20.986029364000043],[110.266612175000034,20.972642320000087],[110.298675977000073,20.98065827000006],[110.33366946700005,20.996283270000024],[110.363047722000033,21.005845445000091],[110.441416863000029,21.005845445000091],[110.457692905000044,21.001206773000032],[110.476898634000065,20.990423895000042],[110.493011915000068,20.97797272300004],[110.49968509200005,20.968654690000054],[110.500173373000052,20.957505601000012],[110.502696160000028,20.947495835000041],[110.507985873000052,20.940375067000041],[110.51693769600007,20.937648830000057],[110.526052280000044,20.94159577000006],[110.525645379000025,20.951076565000047],[110.522227410000028,20.962591864000064],[110.52076256600003,20.97235748900005],[110.526866082000026,20.989203192000055],[110.543793165000068,21.022772528000068],[110.547536655000044,21.037258205000057]]}},
{"type":"Feature","properties":{"featurecla":"Coastline","scalerank":6,"min_zoom":6.0,"historical_claim":false,"geometry_status":"modern_physical_reference","source_id":"source.natural_earth.coastline.10m"},"geometry":{"type":"LineString","coordinates":[[109.10092207100007,21.021185614000043],[109.105235222000033,21.024481512000094],[109.11255944100003,21.027085679000042],[109.127696160000028,21.032171942000041],[109.136241082000026,21.051011460000048],[109.12273196700005,21.065415757000039],[109.099864129000039,21.060695705000064],[109.090505405000044,21.041937567000041],[109.095957879000025,21.022040106000084],[109.10092207100007,21.021185614000043]]}},
{"type":"Feature","properties":{"featurecla":"Coastline","scalerank":6,"min_zoom":6.0,"historical_claim":false,"geometry_status":"modern_physical_reference","source_id":"source.natural_earth.coastline.10m"},"geometry":{"type":"LineString","coordinates":[[107.621267123000052,21.116034247000062],[107.597911004000025,21.093980210000041],[107.594248894000032,21.089056708000022],[107.59107506600003,21.081773179000034],[107.589040561000047,21.073309637000079],[107.587412957000026,21.050930080000047],[107.584157748000052,21.039699611000056],[107.570078972000033,21.026678778000068],[107.566905144000032,21.01675039300007],[107.568858269000032,21.004950262000083],[107.571462436000047,20.996161200000092],[107.570078972000033,20.989935614000036],[107.559418165000068,20.986029364000043],[107.579600457000026,20.98314036700009],[107.589610222000033,21.008124091000074],[107.595957879000025,21.039129950000078],[107.631846550000034,21.11196523600006],[107.63209069100003,21.118841864000043],[107.62826582100007,21.120184637000076],[107.621267123000052,21.116034247000062]]}},
{"type":"Feature","properties":{"featurecla":"Coastline","scalerank":5,"min_zoom":3.0,"historical_claim":false,"geometry_status":"modern_physical_reference","source_id":"source.natural_earth.coastline.10m"},"geometry":{"type":"LineString","coordinates":[[107.580577019000032,21.211981512000065],[107.545909050000034,21.202704169000071],[107.539073113000029,21.19891998900005],[107.532725457000026,21.198919989000061],[107.52898196700005,21.203314520000045],[107.52662194100003,21.20799388200005],[107.525645379000039,21.214016018000073],[107.525401238000029,21.222154039000081],[107.523203972000033,21.230861721000032],[107.518077019000032,21.233587958000054],[107.51140384200005,21.234808661000049],[107.504730665000068,21.239243882000061],[107.481618686000047,21.266791083000054],[107.471364780000044,21.274481512000097],[107.467133009000079,21.276516018000052],[107.463063998000052,21.277411200000063],[107.459157748000052,21.277248440000047],[107.455332879000025,21.275702216000077],[107.451670769000032,21.271470445000098],[107.449066602000073,21.26532623900005],[107.44654381600003,21.253159898000046],[107.444834832000026,21.227484442000044],[107.445811394000032,21.212062893000041],[107.450205925000034,21.205145575000071],[107.441172722000033,21.203273830000064],[107.436371290000068,21.19773997600004],[107.435313347000033,21.189276434000067],[107.432383660000028,21.188544012000083],[107.42505944100003,21.196763414000092],[107.418304884000065,21.196682033000044],[107.41342207100007,21.166327216000067],[107.404470248000052,21.138128973000068],[107.402517123000052,21.126613674000044],[107.394297722000033,21.106838283000059],[107.379649285000028,21.081935940000054],[107.372894727000073,21.059556382000043],[107.388682488000029,21.04751211100006],[107.422862175000034,21.074774481000063],[107.435313347000033,21.081447658000052],[107.459646030000044,21.090236721000046],[107.470713738000029,21.095892645000049],[107.504161004000025,21.139715887000083],[107.524180535000028,21.159979559000071],[107.539073113000029,21.156724351000037],[107.547129754000025,21.156724351000051],[107.557383660000028,21.171779690000054],[107.590342644000032,21.193060614000046],[107.601573113000029,21.205145575000071],[107.606211785000028,21.217433986000064],[107.60320071700005,21.219305731000084],[107.580577019000032,21.211981512000065]]}},
{"type":"Feature","properties":{"featurecla":"Coastline","scalerank":6,"min_zoom":6.0,"historical_claim":false,"geometry_status":"modern_physical_reference","source_id":"source.natural_earth.coastline.10m"},"geometry":{"type":"LineString","coordinates":[[107.813487175000049,21.360500393000038],[107.800303582000041,21.362453518000063],[107.783946160000042,21.356350002000067],[107.725840691000045,21.323472398000032],[107.714366082000041,21.310126044000071],[107.711436394000032,21.307562567000065],[107.809336785000042,21.347154039000074],[107.817067905000044,21.348537502000067],[107.819346550000034,21.350246486000081],[107.818207227000073,21.35407135600008],[107.815603061000047,21.358099677000048],[107.813487175000049,21.360500393000038]]}},
{"type":"Feature","properties":{"featurecla":"Coastline","scalerank":6,"min_zoom":6.0,"historical_claim":false,"geometry_status":"modern_physical_reference","source_id":"source.natural_earth.coastline.10m"},"geometry":{"type":"LineString","coordinates":[[107.868662957000041,21.39008209800005],[107.860118035000028,21.38621653900006],[107.826914910000042,21.376410223000061],[107.826914910000042,21.370266018000059],[107.852224155000044,21.375311591000077],[107.872813347000047,21.37421295800003],[107.865244988000029,21.370103257000025],[107.859385613000029,21.364081122000055],[107.854991082000026,21.355943101000033],[107.853526238000029,21.36025625200006],[107.848155144000032,21.370266018000059],[107.843597852000073,21.35883209800005],[107.84115644600007,21.348537502000067],[107.854258660000028,21.350409247000066],[107.922373894000032,21.372626044000064],[107.929942254000025,21.376410223000061],[107.936208530000044,21.376410223000061],[107.944183790000068,21.368109442000041],[107.959483269000032,21.373846747000076],[107.998301629000025,21.397528387000065],[107.998301629000025,21.40375397300004],[107.868662957000041,21.39008209800005]]}},
{"type":"Feature","properties":{"featurecla":"Coastline","scalerank":6,"min_zoom":5.0,"historical_claim":false,"geometry_status":"modern_physical_reference","source_id":"source.natural_earth.coastline.10m"},"geometry":{"type":"LineString","coordinates":[[88.872894727000073,21.595526434000075],[88.841319207000083,21.613999742000086],[88.830821160000028,21.577378648000018],[88.838715040000068,21.531927802000027],[88.862478061000047,21.523586330000057],[88.879730665000068,21.529974677000048],[88.895762566000045,21.528469143000056],[88.907969597000033,21.53070709800005],[88.913910352000073,21.548407294000071],[88.911306186000047,21.566880601000033],[88.90202884200005,21.580267645000049],[88.888519727000073,21.589544989000043],[88.872894727000073,21.595526434000075]]}},
{"type":"Feature","properties":{"featurecla":"Coastline","scalerank":5,"min_zoom":3.0,"historical_claim":false,"geometry_status":"modern_physical_reference","source_id":"source.natural_earth.coastline.10m"},"geometry":{"type":"LineString","coordinates":[[91.935557488000029,21.75999583500003],[91.935883009000065,21.765122789000099],[91.935557488000029,21.781154690000054],[91.919118686000061,21.776841539000095],[91.901215040000068,21.774318752000053],[91.908376498000052,21.752183335000044],[91.90951582100007,21.726792710000044],[91.903330925000034,21.702866929000038],[91.887705925000034,21.684963283000055],[91.890879754000082,21.698960679000052],[91.898203972000033,21.714829820000098],[91.902842644000032,21.730292059000075],[91.897959832000083,21.743312893000059],[91.883311394000032,21.753892320000098],[91.87232506600003,21.754828192000051],[91.86296634200005,21.745591539000081],[91.853526238000029,21.725816148000039],[91.847911004000082,21.68878815300009],[91.868907097000033,21.622219143000041],[91.874034050000034,21.581854559000071],[91.873708530000044,21.558010158000037],[91.871104363000029,21.547674872000076],[91.855479363000029,21.526678778000072],[91.855235222000033,21.519476630000042],[91.858246290000068,21.512640692000044],[91.86255944100003,21.494940497000069],[91.86841881600003,21.486761786000049],[91.877126498000052,21.481024481000087],[91.887705925000034,21.480129299000069],[91.89966881600003,21.486029364000061],[91.899180535000028,21.493841864000046],[91.894541863000029,21.501410223000061],[91.894541863000029,21.506781317000051],[91.914073113000029,21.50946686400005],[91.939219597000033,21.505357164000081],[91.961110873000052,21.506170966000074],[91.970225457000083,21.523586330000054],[91.972422722000033,21.546087958000047],[91.98170006600003,21.588080145000056],[91.983897332000083,21.609198309000075],[91.974864129000082,21.648749091000067],[91.93873131600003,21.71482982000008],[91.935557488000029,21.75999583500003]]}},
{"type":"Feature","properties":{"featurecla":"Coastline","scalerank":5,"min_zoom":6.0,"historical_claim":false,"geometry_status":"modern_physical_reference","source_id":"source.natural_earth.coastline.10m"},"geometry":{"type":"LineString","coordinates":[[88.050547722000047,21.705389716000063],[88.043955925000034,21.680853583000019],[88.042246941000045,21.668158270000045],[88.043142123000052,21.657619533000069],[88.051768425000049,21.641587632000043],[88.063487175000034,21.636664130000042],[88.091563347000033,21.636542059000071],[88.11850019600007,21.627671617000093],[88.130056186000047,21.625921942000076],[88.139414910000028,21.63031647300005],[88.146006707000083,21.643744208000044],[88.144379102000073,21.657782294000075],[88.132578972000033,21.684963283000055],[88.16342207100007,21.705471096000061],[88.167002800000034,21.765448309000082],[88.146739129000082,21.8698591170001],[88.119313998000052,21.859523830000057],[88.090017123000052,21.808661200000085],[88.050547722000047,21.705389716000063]]}},
{"type":"Feature","properties":{"featurecla":"Coastline","scalerank":6,"min_zoom":5.0,"historical_claim":false,"geometry_status":"modern_physical_reference","source_id":"source.natural_earth.coastline.10m"},"geometry":{"type":"LineString","coordinates":[[89.115733269000032,21.781154690000054],[89.092784050000034,21.793402411000059],[89.08130944100003,21.822943427000041],[89.07154381600003,21.890326239000036],[89.06763756600003,21.904364325000074],[89.064952019000032,21.910223700000053],[89.061534050000034,21.914943752000088],[89.057383660000028,21.917669989000053],[89.045664910000042,21.917059637000072],[89.044688347000033,21.907782294000075],[89.051117384000065,21.890326239000053],[89.053721550000034,21.874741929000045],[89.06381269600007,21.841457424000065],[89.064219597000033,21.822088934000085],[89.057790561000047,21.803290106000066],[89.051442905000059,21.797105210000041],[89.051524285000028,21.793198960000026],[89.102305535000028,21.736761786000045],[89.13249759200005,21.721625067000044],[89.144704623000052,21.739325262000079],[89.139008009000065,21.766831773000039],[89.115733269000032,21.781154690000054]]}},
{"type":"Feature","properties":{"featurecla":"Coastline","scalerank":5,"min_zoom":4.0,"historical_claim":false,"geometry_status":"modern_physical_reference","source_id":"source.natural_earth.coastline.10m"},"geometry":{"type":"LineString","coordinates":[[91.887705925000034,21.866156317000048],[91.88607832100007,21.880275783000052],[91.874034050000034,21.917669989000053],[91.87273196700005,21.925604559000064],[91.871104363000029,21.928859768000049],[91.867198113000029,21.931952216000056],[91.843435092000064,21.906968492000104],[91.836192254000082,21.894110419000071],[91.832530144000032,21.876695054000049],[91.839854363000029,21.825506903000083],[91.823985222000033,21.742621161000038],[91.832530144000032,21.72581614800006],[91.84107506600003,21.735419012000083],[91.862803582000083,21.789984442000058],[91.87037194100003,21.824611721000057],[91.88445071700005,21.850287177000048],[91.887705925000034,21.866156317000048]]}},
{"type":"Feature","properties":{"featurecla":"Coastline","scalerank":6,"min_zoom":5.0,"historical_claim":false,"geometry_status":"modern_physical_reference","source_id":"source.natural_earth.coastline.10m"},"geometry":{"type":"LineString","coordinates":[[88.636241082000083,21.921372789000092],[88.61646569100003,21.897935289000085],[88.598643425000034,21.8698591170001],[88.586273634000079,21.843003648000042],[88.584320509000065,21.835760809000071],[88.584971550000034,21.826605536000045],[88.590505405000044,21.812892971000046],[88.591807488000029,21.804388739000039],[88.599619988000029,21.803656317000026],[88.636241082000083,21.792669989000046],[88.646332227000073,21.787909247000066],[88.649180535000028,21.842352606000095],[88.655284050000034,21.86660390800008],[88.667002800000034,21.890326239000053],[88.670583530000044,21.907416083000044],[88.663259311000047,21.921291408000062],[88.650157097000033,21.927435614000053],[88.636241082000083,21.921372789000092]]}},
{"type":"Feature","properties":{"featurecla":"Coastline","scalerank":6,"min_zoom":6.0,"historical_claim":false,"geometry_status":"modern_physical_reference","source_id":"source.natural_earth.coastline.10m"},"geometry":{"type":"LineString","coordinates":[[88.080902540000068,21.849351304000027],[88.104991082000083,21.861151434000082],[88.125010613000043,21.888657945000105],[88.132578972000033,21.920477606000055],[88.118907097000033,21.945013739000032],[88.105723504000082,21.947577216000088],[88.094248894000032,21.937892971000061],[88.084727410000028,21.921576239000053],[88.077321811000061,21.904608466000067],[88.07390384200005,21.892157294000068],[88.071055535000028,21.873602606000084],[88.072276238000029,21.856756903000075],[88.080902540000068,21.849351304000027]]}},
{"type":"Feature","properties":{"featurecla":"Coastline","scalerank":6,"min_zoom":6.0,"historical_claim":false,"geometry_status":"modern_physical_reference","source_id":"source.natural_earth.coastline.10m"},"geometry":{"type":"LineString","coordinates":[[90.332204623000052,21.938788153000079],[90.322520379000082,21.916693427000041],[90.318614129000082,21.89280833500003],[90.318614129000082,21.846258856000084],[90.322927280000044,21.843898830000054],[90.332204623000052,21.849514065000065],[90.341563347000033,21.860296942000048],[90.365489129000082,21.938706773000028],[90.390635613000029,21.978257554000038],[90.394297722000033,22.000230210000041],[90.371429884000065,21.994777736000081],[90.354014519000032,21.976752020000081],[90.332204623000052,21.938788153000079]]}},
{"type":"Feature","properties":{"featurecla":"Coastline","scalerank":6,"min_zoom":6.0,"historical_claim":false,"geometry_status":"modern_physical_reference","source_id":"source.natural_earth.coastline.10m"},"geometry":{"type":"LineString","coordinates":[[90.593516472000033,21.986558335000051],[90.526377800000034,21.943589585000051],[90.521983269000032,21.93878815300009],[90.517832879000082,21.931952216000056],[90.515391472000033,21.921291408000062],[90.51685631600003,21.912176825000078],[90.51693769600007,21.904486395000045],[90.510427280000044,21.897853908000066],[90.517914259000065,21.893255927000038],[90.522959832000083,21.888088283000059],[90.531504754000082,21.876695054000049],[90.523448113000029,21.875677802000045],[90.510752800000034,21.871405341000067],[90.50359134200005,21.8698591170001],[90.50359134200005,21.862453518000052],[90.521250847000033,21.861476955000054],[90.540782097000033,21.875921942000048],[90.557139519000032,21.897528387000072],[90.565603061000047,21.917669989000039],[90.572520379000082,21.917669989000053],[90.580821160000028,21.91250234600005],[90.590830925000034,21.935126044000071],[90.606618686000047,21.938788153000079],[90.60084069100003,21.954575914000088],[90.59734134200005,21.961330471000046],[90.593516472000033,21.966131903000097],[90.593516472000033,21.986558335000051]]}},
{"type":"Feature","properties":{"featurecla":"Coastline","scalerank":6,"min_zoom":6.0,"historical_claim":false,"geometry_status":"modern_physical_reference","source_id":"source.natural_earth.coastline.10m"},"geometry":{"type":"LineString","coordinates":[[110.471364780000044,20.647365627000056],[110.462738477000073,20.654771226000044],[110.447520379000025,20.658351955000057],[110.44263756600003,20.663519598000043],[110.437022332000026,20.667914130000042],[110.433360222000033,20.66742584800005],[110.433360222000033,20.663763739000046],[110.430023634000065,20.662014065000047],[110.422048373000052,20.662258205000061],[110.41765384200005,20.654771226000044],[110.426605665000068,20.642889716000063],[110.435801629000025,20.63849518400011],[110.439219597000047,20.629461981000084],[110.448090040000068,20.596258856000077],[110.451670769000032,20.589178778000079],[110.457286004000025,20.586859442000062],[110.464854363000029,20.590765692000058],[110.471202019000032,20.592596747000083],[110.47584069100003,20.595933335000041],[110.478037957000041,20.61078522300005],[110.476328972000033,20.63157786700009],[110.471364780000044,20.647365627000056]]}},
{"type":"Feature","properties":{"featurecla":"Coastline","scalerank":6,"min_zoom":6.0,"historical_claim":false,"geometry_status":"modern_physical_reference","source_id":"source.natural_earth.coastline.10m"},"geometry":{"type":"LineString","coordinates":[[110.595876498000052,20.958726304000034],[110.602712436000061,20.964911200000074],[110.589610222000033,20.959377346000061],[110.574880405000044,20.947455145000038],[110.547536655000044,20.917710679000034],[110.563487175000034,20.903469143000073],[110.575694207000026,20.888820705000054],[110.58920332100007,20.883490302000052],[110.609548373000052,20.897284247000051],[110.624522332000026,20.915187893000034],[110.630381707000026,20.925767320000091],[110.63249759200005,20.936672268000045],[110.627940300000034,20.948635158000066],[110.617930535000028,20.952378648000046],[110.606130405000044,20.953843492000093],[110.595876498000052,20.958726304000034]]}},
{"type":"Feature","properties":{"featurecla":"Coastline","scalerank":6,"min_zoom":5.0,"historical_claim":false,"geometry_status":"modern_physical_reference","source_id":"source.natural_earth.coastline.10m"},"geometry":{"type":"LineString","coordinates":[[110.616953972000033,21.191473700000071],[110.616953972000033,21.198919989000061],[110.594004754000025,21.202785549000069],[110.577321811000061,21.190985419000082],[110.554942254000025,21.156724351000037],[110.547536655000044,21.156724351000037],[110.55005944100003,21.16844310100004],[110.555430535000042,21.17682526200009],[110.568614129000025,21.191473700000063],[110.566172722000033,21.193345445000091],[110.549652540000068,21.20246002800009],[110.543223504000025,21.204169012000079],[110.537852410000028,21.204494533000062],[110.532237175000034,21.203314520000045],[110.526377800000034,21.200832424000055],[110.504161004000025,21.187689520000056],[110.492930535000028,21.183905341000088],[110.479177280000044,21.184637762000072],[110.463389519000032,21.190741278000075],[110.470957879000025,21.193670966000088],[110.496267123000052,21.195217190000044],[110.499847852000073,21.206284898000014],[110.487803582000026,21.208644924000062],[110.46216881600003,21.205145575000071],[110.452647332000026,21.201483466000063],[110.444834832000026,21.193793036000038],[110.434336785000028,21.186590887000076],[110.417735222000033,21.184637762000083],[110.417735222000033,21.178452867000079],[110.426117384000065,21.179103908000066],[110.443369988000029,21.177883205000064],[110.451914910000028,21.178452867000079],[110.445323113000043,21.165676174000058],[110.449473504000025,21.156236070000094],[110.461436394000032,21.151068427000052],[110.479177280000044,21.150458075000078],[110.472911004000025,21.164129950000074],[110.479177280000044,21.164129950000074],[110.483571811000061,21.155829169000093],[110.489024285000028,21.150091864000046],[110.496592644000032,21.146307684000071],[110.50709069100003,21.143703518000059],[110.505869988000029,21.126857815000047],[110.520681186000047,21.111802476000033],[110.543223504000025,21.104966539000102],[110.565196160000028,21.112616278000083],[110.576914910000028,21.130926825000078],[110.599457227000073,21.178290106000073],[110.616953972000033,21.191473700000071]]}},
{"type":"Feature","properties":{"featurecla":"Coastline","scalerank":6,"min_zoom":5.0,"historical_claim":false,"geometry_status":"modern_physical_reference","source_id":"source.natural_earth.coastline.10m"},"geometry":{"type":"LineString","coordinates":[[111.962657097000033,21.657619533000062],[111.955821160000028,21.656398830000054],[111.950938347000033,21.651109117000079],[111.945160352000073,21.650132554000038],[111.938487175000034,21.652573960000048],[111.934336785000028,21.65745677300006],[111.931407097000033,21.662298895000053],[111.928233269000032,21.664455471000053],[111.915863477000073,21.662746486000049],[111.896006707000026,21.653957424000051],[111.883799675000034,21.650132554000038],[111.847178582000026,21.647406317000062],[111.83529707100007,21.643947658000059],[111.84506269600007,21.623968817000044],[111.842051629000025,21.606838283000069],[111.822438998000052,21.575100002000074],[111.816905144000032,21.571356512000076],[111.810069207000026,21.568345445000098],[111.809336785000028,21.56549713700009],[111.822438998000052,21.561997789000095],[111.863291863000029,21.56826406500004],[111.871104363000029,21.573228257000032],[111.888194207000026,21.588934637000069],[111.897471550000034,21.595526434000075],[111.909678582000026,21.600531317000051],[111.919769727000073,21.60187409100007],[111.92904707100007,21.60187409100007],[111.981455925000034,21.612046617000097],[111.999847852000073,21.621161200000078],[112.007334832000083,21.636542059000071],[112.007334832000083,21.643947658000069],[111.999847852000073,21.653998114000046],[111.98951256600003,21.657782294000075],[111.962657097000033,21.657619533000062]]}},
{"type":"Feature","properties":{"featurecla":"Coastline","scalerank":5,"min_zoom":4.0,"historical_claim":false,"geometry_status":"modern_physical_reference","source_id":"source.natural_earth.coastline.10m"},"geometry":{"type":"LineString","coordinates":[[112.645355665000011,21.712836005000028],[112.620127800000091,21.704494533000041],[112.57781009200005,21.683010158000059],[112.55591881600003,21.67812734600005],[112.567881707000083,21.660630601000012],[112.55982506600003,21.64838288000005],[112.524261915000011,21.62689850500005],[112.518239780000044,21.616766669000061],[112.519297722000033,21.606675523000035],[112.525401238000086,21.598863023000032],[112.534922722000047,21.595526434000075],[112.539235873000052,21.598944403000075],[112.549082879000025,21.61640045800003],[112.55591881600003,21.623439846000061],[112.567149285000028,21.617621161000056],[112.579925977000016,21.615545966000067],[112.607188347000033,21.616034247000083],[112.61646569100003,21.619208075000103],[112.623789910000028,21.63328685100004],[112.650401238000086,21.640448309000078],[112.649912957000083,21.64931875200007],[112.63795006600003,21.664455471000061],[112.643321160000042,21.678168036000049],[112.651377800000091,21.688299872000091],[112.654551629000025,21.698472398000035],[112.645355665000011,21.712836005000028]]}},
{"type":"Feature","properties":{"featurecla":"Coastline","scalerank":5,"min_zoom":3.0,"historical_claim":false,"geometry_status":"modern_physical_reference","source_id":"source.natural_earth.coastline.10m"},"geometry":{"type":"LineString","coordinates":[[112.844004754000025,21.774318752000053],[112.850271030000044,21.774318752000053],[112.821136915000011,21.774807033000059],[112.807627800000091,21.772772528000075],[112.795664910000028,21.766831773000039],[112.777517123000052,21.772650458000019],[112.764903191000045,21.731756903000079],[112.747813347000033,21.733343817000048],[112.724375847000033,21.715806382000039],[112.711680535000042,21.702541408000059],[112.706228061000047,21.68838125200006],[112.715586785000028,21.68024323100008],[112.736664259,21.681097723000065],[112.759613477000016,21.686346747000069],[112.774424675000091,21.691717841000077],[112.767588738000086,21.663478908000069],[112.7343856130001,21.628729559000082],[112.737152540000011,21.612616278000079],[112.743907097000033,21.608791408000044],[112.74968509200005,21.608791408000044],[112.753672722000033,21.607367255000057],[112.756114129000025,21.593736070000098],[112.758311394000089,21.588080145000056],[112.761485222000033,21.583685614000046],[112.764903191000045,21.581854559000071],[112.790212436000047,21.577582098000054],[112.799652540000011,21.579087632000046],[112.810557488000086,21.589300848000068],[112.793467644000089,21.608221747000069],[112.794444207000083,21.623114325000081],[112.803233269000089,21.63816966400011],[112.810557488000086,21.657619533000062],[112.807139519000089,21.671291408000059],[112.80046634200005,21.689764716000084],[112.797536655000044,21.705877997000062],[112.812510613000086,21.717108466000084],[112.820567254000025,21.726507880000046],[112.831797722000033,21.735907294000068],[112.86255944100003,21.745591539000088],[112.868174675000091,21.757554429000038],[112.86255944100003,21.769435940000051],[112.844004754000025,21.774318752000053]]}},
{"type":"Feature","properties":{"featurecla":"Coastline","scalerank":0,"min_zoom":0.0,"historical_claim":false,"geometry_status":"modern_physical_reference","source_id":"source.natural_earth.coastline.10m"},"geometry":{"type":"LineString","coordinates":[[107.311045769000032,21.005275783000069],[107.333832227000073,21.005845445000091],[107.347748243000069,21.00995514500006],[107.357676629000025,21.015204169000071],[107.37427819100003,21.027573960000034],[107.37427819100003,21.033840236000056],[107.364349806000064,21.040350653000079],[107.360362175000049,21.052435614000043],[107.358246290000068,21.067328192000037],[107.354340040000068,21.082220770000049],[107.363536004000025,21.084418036000045],[107.367442254000025,21.087876695000102],[107.366302931000064,21.093491929000038],[107.36060631600003,21.102118231000073],[107.375498894000046,21.116156317000048],[107.382334832000026,21.139797268000052],[107.388438347000033,21.184637762000072],[107.379649285000028,21.180975653000072],[107.370697462000066,21.181626695000084],[107.362071160000028,21.185614325000074],[107.354340040000068,21.191473700000071],[107.358897332000026,21.203070380000039],[107.36060631600003,21.239243882000039],[107.364838087000066,21.247626044000068],[107.370860222000033,21.253363348000047],[107.373301629000025,21.258978583000037],[107.367442254000025,21.266587632000025],[107.367442254000025,21.273382880000035],[107.391612175000034,21.280422268000052],[107.423594597000033,21.27960846600007],[107.443125847000033,21.28766510600007],[107.443125847000033,21.293890692000044],[107.416026238000029,21.30853913000005],[107.409027540000082,21.315008856000077],[107.41529381600003,21.328680731000084],[107.450938347000033,21.32050202000006],[107.456797722000033,21.318345445000091],[107.461680535000028,21.309271552000034],[107.472178582000026,21.303697007000046],[107.48178144600007,21.301336981000077],[107.484141472000033,21.301336981000066],[107.504486524000072,21.298407294000057],[107.52662194100003,21.29877350500006],[107.537445509000065,21.301947333000044],[107.525157097000033,21.307562567000065],[107.525157097000033,21.315008856000077],[107.528819207000026,21.323228257000068],[107.525970899000072,21.334418036000038],[107.521983269000032,21.344305731000084],[107.522308790000068,21.348537502000067],[107.535166863000029,21.345363674000044],[107.54037519600007,21.337347723000061],[107.542572462000066,21.326564846000061],[107.546885613000029,21.315008856000077],[107.55404707100007,21.304510809000085],[107.562266472000033,21.298041083000047],[107.573741082000026,21.294745184000082],[107.590586785000028,21.293890692000058],[107.599213087000066,21.29877350500006],[107.603526238000029,21.31049225500005],[107.608164910000028,21.335516669000068],[107.624115431000064,21.330715236000078],[107.628754102000073,21.328680731000084],[107.627207879000025,21.333156643000027],[107.626719597000033,21.333889065000051],[107.625336134000065,21.333726304000031],[107.621348504000025,21.335516669000082],[107.635752800000034,21.341376044000075],[107.642344597000033,21.342271226000047],[107.633881056000064,21.349351304000045],[107.631195509000065,21.354478257000032],[107.63412519600007,21.358587958000058],[107.642344597000033,21.362779039000092],[107.642344597000033,21.370266018000059],[107.637787306000078,21.373724677000052],[107.637217644000032,21.375433661000045],[107.637299024000072,21.377752997000069],[107.635020379000025,21.383246161000045],[107.650238477000073,21.376857815000058],[107.66342207100007,21.378078518000038],[107.669444207000026,21.385443427000045],[107.662852410000028,21.397528387000094],[107.662852410000028,21.403753973000065],[107.666026238000029,21.406805731000077],[107.669037306000064,21.411200262000072],[107.676524285000028,21.411200262000072],[107.684174024000072,21.403265692000048],[107.698090040000068,21.398382880000028],[107.711517774000072,21.398911851000037],[107.717377149000072,21.407456773000032],[107.721446160000028,21.41087474200009],[107.730316602000073,21.411810614000057],[107.748545769000032,21.411200262000072],[107.765228712000066,21.438544012000079],[107.758555535000028,21.444728908000066],[107.761810743000069,21.450751044000064],[107.767588738000043,21.455715236000053],[107.775645379000025,21.458563544000082],[107.78638756600003,21.458400783000041],[107.783946160000042,21.464911200000081],[107.781097852000073,21.479152736000064],[107.778900587000066,21.485663153000079],[107.792572462000066,21.480129299000069],[107.788584832000026,21.494452216000063],[107.780365431000064,21.503078518000052],[107.768321160000028,21.506903387000076],[107.752207879000025,21.506781317000041],[107.752207879000025,21.513617255000057],[107.76685631600003,21.520209052000073],[107.783457879000025,21.524318752000045],[107.79623457100007,21.51947663000006],[107.80005944100003,21.499335028000068],[107.806895379000025,21.506781317000051],[107.812998894000032,21.493109442000037],[107.820567254000025,21.493109442000058],[107.818939649000072,21.506252346000039],[107.817393425000034,21.509344794000086],[107.812998894000032,21.513617255000057],[107.812998894000032,21.520453192000055],[107.820567254000025,21.526678778000072],[107.826670769000032,21.52667877800009],[107.825938347000033,21.508978583000044],[107.828868035000028,21.494940497000069],[107.835948113000043,21.488348700000081],[107.847911004000025,21.493109442000037],[107.855967644000032,21.520941473000033],[107.862803582000026,21.530218817000048],[107.86841881600003,21.513617255000057],[107.875091993000069,21.513617255000057],[107.882660352000087,21.522528387000079],[107.883799675000034,21.526760158000055],[107.881927931000064,21.534084377000042],[107.896739129000025,21.53156159100007],[107.909678582000026,21.526516018000056],[107.918711785000028,21.517523505000035],[107.922211134000065,21.503078518000052],[107.923431837000066,21.499945380000042],[107.926036004000025,21.495917059000092],[107.928558790000068,21.490545966000077],[107.929698113000029,21.482855536000027],[107.92701256600003,21.479315497000051],[107.92123457100007,21.474798895000053],[107.916270379000025,21.468247789000081],[107.916026238000029,21.458400783000062],[107.929698113000029,21.442613023000042],[107.94857832100007,21.454982815000047],[107.96998131600003,21.475775458000051],[107.991221550000034,21.485663153000079],[107.991221550000034,21.480129299000069],[107.972666863000043,21.460272528000075],[107.965342644000032,21.447333075000071],[107.963877800000034,21.431626695000094],[107.970713738000029,21.431626695000094],[108.016612175000034,21.470363674000062],[108.043223504000025,21.481634833000054],[108.080577019000032,21.485663153000079],[108.080577019000032,21.493109442000058],[108.061045769000032,21.496161200000074],[108.047618035000028,21.493150132000043],[108.036224806000064,21.488226630000057],[108.022227410000028,21.485663153000079],[108.013682488000029,21.492417710000055],[108.011241082000026,21.506537177000041],[108.018646681000064,21.518947658000055],[108.039561394000032,21.520453192000055],[108.027354363000029,21.523342190000047],[107.991221550000034,21.548407294000071],[108.002289259000065,21.5542666690001],[108.017100457000026,21.555243231000077],[108.031993035000042,21.551906643000073],[108.056895379000025,21.536037502000045],[108.071055535000028,21.536566473000057],[108.076996290000068,21.54547760600008],[108.066254102000073,21.561997789000106],[108.078461134000065,21.563218492000093],[108.092784050000034,21.558661200000088],[108.105804884000065,21.55906810100004],[108.114756707000026,21.57510000200006],[108.120941602000073,21.56631094000004],[108.12826582100007,21.562730210000044],[108.132334832000026,21.565375067000048],[108.128428582000026,21.57510000200006],[108.135264519000032,21.581854559000053],[108.157969597000033,21.571519273000042],[108.176361524000072,21.575751044000075],[108.21029707100007,21.602972723000036],[108.204112175000034,21.602972723000054],[108.204112175000034,21.609198309000075],[108.208832227000073,21.616197007000036],[108.208832227000073,21.623928127000035],[108.204681837000066,21.631008205000057],[108.197276238000029,21.636542059000071],[108.200938347000033,21.638617255000039],[108.206065300000034,21.642564195000109],[108.21029707100007,21.643947658000059],[108.209808790000068,21.633490302000073],[108.21029707100007,21.63031647300005],[108.216888868000069,21.635402736000056],[108.238291863000043,21.643947658000059],[108.22787519600007,21.63206614800006],[108.226817254000039,21.625555731000073],[108.241709832000026,21.612616278000097],[108.249359571000085,21.603094794000079],[108.252533399000072,21.595282294000064],[108.252777540000068,21.588527736000067],[108.251963738000029,21.581854559000092],[108.244965040000068,21.564357815000058],[108.219330274000072,21.52936432500006],[108.21029707100007,21.513617255000035],[108.211029493000069,21.500637111000046],[108.226410352000073,21.508002020000067],[108.258636915000068,21.534084377000042],[108.269134962000066,21.538641669000075],[108.277842644000032,21.54010651200009],[108.283783399000072,21.544745184000099],[108.285980665000068,21.558294989000036],[108.289561394000032,21.564032294000082],[108.307139519000032,21.578111070000102],[108.313975457000026,21.581854559000053],[108.313975457000026,21.589300848000068],[108.309092644000032,21.588934637000069],[108.293467644000032,21.589300848000068],[108.296641472000033,21.599432684000099],[108.300791863000029,21.607245184000089],[108.306407097000033,21.612738348000043],[108.313975457000026,21.616034247000059],[108.311127149000072,21.619940497000069],[108.306488477000073,21.63031647300005],[108.327647332000026,21.63031647300005],[108.312754754000039,21.651841539000085],[108.311371290000068,21.681708075000074],[108.32154381600003,21.709662177000052],[108.341319207000026,21.725816148000039],[108.335948113000029,21.706854559000075],[108.337657097000033,21.697455145000049],[108.38599694100003,21.672919012000076],[108.397959832000026,21.672837632000043],[108.403330925000034,21.684963283000066],[108.406993035000028,21.683294989000036],[108.408050977000073,21.683294989000036],[108.409678582000026,21.678127346000064],[108.413584832000026,21.684800523000042],[108.420909050000049,21.693182684000078],[108.423838738000029,21.698553778000079],[108.427012566000045,21.687730210000044],[108.423594597000033,21.679388739000053],[108.409678582000026,21.664455471000053],[108.423431837000066,21.66327545800004],[108.470957879000025,21.671291408000059],[108.470957879000025,21.664455471000053],[108.459483269000032,21.66209544500007],[108.448090040000068,21.658107815000037],[108.441416863000029,21.652085679000045],[108.443695509000065,21.643947658000059],[108.43482506600003,21.642157294000057],[108.427338087000066,21.639146226000044],[108.42123457100007,21.635158596000057],[108.416351759000065,21.63031647300005],[108.416351759000065,21.623439846000043],[108.422373894000032,21.618719794000075],[108.427582227000073,21.616685289000088],[108.432465040000068,21.618109442000044],[108.437510613000029,21.623439846000071],[108.443695509000065,21.623439846000071],[108.43873131600003,21.594183661000031],[108.431895379000039,21.58323802300001],[108.416351759000065,21.581854559000053],[108.420909050000049,21.59422435100004],[108.406748894000032,21.600246486000064],[108.390635613000029,21.595363674000051],[108.389659050000034,21.57510000200006],[108.402110222000033,21.559800523000042],[108.420013868000069,21.556870835000023],[108.470957879000025,21.561997789000095],[108.470957879000025,21.56826406500004],[108.461029493000069,21.56785716400006],[108.458018425000034,21.56826406500004],[108.458018425000034,21.57510000200006],[108.467133009000065,21.577541408000052],[108.471202019000046,21.581203518000073],[108.469981316000045,21.586900132000036],[108.463470899000072,21.595526434000075],[108.471771681000064,21.60049062700006],[108.478526238000029,21.606146552000041],[108.49146569100003,21.623439846000043],[108.50513756600003,21.609198309000096],[108.50513756600003,21.602972723000036],[108.489105665000068,21.607611395000038],[108.48178144600007,21.599514065000054],[108.480072462000066,21.587836005000039],[108.481211785000028,21.581854559000053],[108.490489129000025,21.583685614000053],[108.51880944100003,21.595526434000075],[108.516612175000034,21.599188544000064],[108.511973504000025,21.609198309000075],[108.521006707000026,21.61078522300005],[108.526866082000041,21.614243882000036],[108.53052819100003,21.620510158000052],[108.533050977000087,21.630316473000065],[108.525401238000029,21.631170966000077],[108.521006707000026,21.633002020000053],[108.517344597000033,21.63495514500006],[108.511973504000025,21.636542059000071],[108.511973504000025,21.643947658000059],[108.523448113000029,21.639308986000067],[108.535980665000068,21.638006903000072],[108.546885613000029,21.64305247600003],[108.552989129000025,21.657619533000037],[108.548838738000029,21.656195380000039],[108.539317254000025,21.650132554000038],[108.545176629000025,21.666083075000046],[108.557220899000072,21.671616929000034],[108.565440300000034,21.678534247000076],[108.55982506600003,21.698553778000079],[108.552989129000025,21.698553778000079],[108.54224694100003,21.683823960000044],[108.539317254000025,21.678127346000029],[108.538584832000026,21.684027411000049],[108.537119988000029,21.68537018400006],[108.533050977000087,21.684963283000066],[108.531016472000033,21.679877020000049],[108.527924024000072,21.677679755000039],[108.524017774000086,21.675604559000067],[108.51880944100003,21.671291408000059],[108.52076256600003,21.680568752000063],[108.517914259000065,21.689276434000092],[108.51880944100003,21.698553778000079],[108.521494988000029,21.702297268000052],[108.525970899000072,21.705389716000063],[108.53052819100003,21.710191148000039],[108.533050977000087,21.719061591000077],[108.520111524000072,21.712632554000063],[108.51303144600007,21.700181382000054],[108.50513756600003,21.671291408000059],[108.502289259000079,21.679144598000054],[108.500824415000068,21.680324611000046],[108.501475457000041,21.680365302000034],[108.50513756600003,21.684963283000066],[108.50513756600003,21.691717841000067],[108.496348504000025,21.692938544000064],[108.486420118000069,21.697251695000087],[108.47779381600003,21.698553778000079],[108.47779381600003,21.705389716000063],[108.49382571700005,21.705389716000063],[108.496348504000025,21.704779364000039],[108.497650587000066,21.705389716000063],[108.495046420000051,21.705633856000091],[108.493907097000033,21.705877997000041],[108.491709832000026,21.708685614000046],[108.49146569100003,21.712836005000039],[108.50513756600003,21.712836005000039],[108.50513756600003,21.719061591000084],[108.496918165000068,21.725897528000086],[108.486827019000032,21.731878973000047],[108.475433790000068,21.736761786000045],[108.463470899000072,21.740179755000046],[108.470469597000033,21.743068752000056],[108.47592207100007,21.744330145000045],[108.482188347000033,21.743597723000047],[108.49146569100003,21.740179755000032],[108.491302931000064,21.757717190000061],[108.496104363000029,21.768255927000048],[108.501963738000029,21.776678778000075],[108.50513756600003,21.787909247000076],[108.502940300000034,21.797593492000097],[108.497080925000034,21.809027411000038],[108.488291863000029,21.814764716000091],[108.47779381600003,21.807806708000051],[108.476084832000041,21.811712958000051],[108.47388756600003,21.81443919500008],[108.47201582100007,21.81753164300007],[108.470957879000025,21.822088934000085],[108.481537306000064,21.821478583000044],[108.484629754000025,21.822088934000096],[108.469574415000082,21.832953192000019],[108.455658399000086,21.848781643000049],[108.448741082000026,21.865790106000084],[108.457286004000025,21.888332424000051],[108.458018425000034,21.917669989000053],[108.460703972000033,21.926947333000044],[108.464691602000087,21.934312242000104],[108.470225457000026,21.940252997000076],[108.47779381600003,21.945013739000032],[108.460703972000033,21.887111721000061],[108.463145379000025,21.862982489000057],[108.49146569100003,21.856268622000055],[108.478363477000073,21.866400458000037],[108.484873894000032,21.877101955000064],[108.501719597000033,21.885809637000047],[108.51880944100003,21.890326239000036],[108.515391472000033,21.89492422100005],[108.513194207000026,21.898504950000067],[108.510752800000034,21.901597398000039],[108.50513756600003,21.904608466000067],[108.50513756600003,21.910834052000052],[108.521494988000029,21.906724351],[108.525645379000025,21.904608466000081],[108.537689649000072,21.914496161000056],[108.545664910000028,21.923814195000094],[108.550547722000033,21.935451565000054],[108.552989129000025,21.95180898600006],[108.558360222000033,21.942572333000051],[108.55982506600003,21.93878815300009],[108.567149285000028,21.938788153000068],[108.567393425000034,21.941961981000084],[108.566986524000072,21.948553778000093],[108.567149285000028,21.95180898600006],[108.573334181000064,21.95180898600006],[108.573822462000066,21.935451565000069],[108.566905144000032,21.927801825000074],[108.558116082000026,21.923651434000071],[108.552989129000025,21.917669989000053],[108.553721550000034,21.903753973000068],[108.560313347000033,21.895493882000046],[108.570323113000029,21.893377997000062],[108.580821160000028,21.897853908000059],[108.576996290000068,21.899359442000055],[108.573985222000047,21.899969794000082],[108.570892774000072,21.901271877000049],[108.567149285000028,21.904608466000067],[108.579600457000026,21.901800848000047],[108.58334394600007,21.900539455000057],[108.587657097000033,21.897853908000059],[108.589691602000073,21.902899481000091],[108.592295769000032,21.906805731000084],[108.594086134000065,21.911200262000087],[108.594493035000028,21.917669989000053],[108.622569207000026,21.896226304000031],[108.635508660000028,21.890326239000053],[108.635508660000028,21.884182033000048],[108.622080925000034,21.871079820000094],[108.600596550000049,21.830633856000073],[108.584239129000025,21.822088934000085],[108.571381056000064,21.812811591000063],[108.569427931000064,21.794378973000047],[108.580577019000032,21.781317450000074],[108.607513868000083,21.787909247000066],[108.597504102000073,21.766546942000041],[108.593760613000029,21.754828192000051],[108.594493035000028,21.74017975500006],[108.628672722000033,21.746405341000081],[108.629161004000039,21.756089585000041],[108.625010613000029,21.767808335000044],[108.615000847000033,21.787909247000076],[108.621836785000042,21.787909247000076],[108.623301629000025,21.783514716000067],[108.628672722000033,21.774318752000053],[108.635508660000028,21.774318752000053],[108.639659050000034,21.784979559000085],[108.642181837000066,21.796861070000094],[108.643077019000032,21.80939362200008],[108.642344597000033,21.822088934000096],[108.649180535000028,21.822088934000096],[108.64975019600007,21.814154364000046],[108.656016472000033,21.794826565000061],[108.660166863000029,21.80133698100008],[108.667002800000034,21.809515692000048],[108.669688347000033,21.815252997000073],[108.67701256600003,21.815252997000073],[108.67310631600003,21.798000393000052],[108.664805535000042,21.787176825000078],[108.65560957100007,21.778225002000056],[108.649180535000028,21.766831773000053],[108.646332227000073,21.751369533000048],[108.652598504000025,21.749986070000109],[108.66537519600007,21.751857815000037],[108.683197462000081,21.746405341000081],[108.683197462000081,21.740179755000046],[108.667002800000034,21.73484935100003],[108.658783399000072,21.733221747000083],[108.649180535000028,21.733343817000048],[108.654307488000029,21.72353750200006],[108.674571160000028,21.715399481000073],[108.683197462000081,21.705389716000063],[108.694102410000028,21.712144273000028],[108.70045006600003,21.722479559000075],[108.711192254000025,21.746405341000081],[108.717865431000064,21.74315013200005],[108.724864129000025,21.746405341000081],[108.724701368000069,21.72972239800005],[108.715424024000072,21.70913320500005],[108.712657097000033,21.688421942000058],[108.73170006600003,21.671291408000059],[108.738536004000025,21.671291408000059],[108.740244988000029,21.679999091000081],[108.742442254000025,21.684149481000073],[108.751556837000081,21.691717841000077],[108.751556837000081,21.650132554000038],[108.74537194100003,21.650132554000038],[108.740326368000069,21.660142320000087],[108.733164910000042,21.662420966000091],[108.711192254000025,21.657619533000069],[108.711192254000025,21.650132554000038],[108.727549675000034,21.644761460000051],[108.731293165000068,21.629461981000073],[108.733490431000064,21.612738348000018],[108.74537194100003,21.602972723000061],[108.738536004000025,21.616034247000083],[108.745941602000073,21.62026601800007],[108.762787306000064,21.62055084800005],[108.77271569100003,21.623439846000043],[108.778086785000028,21.628729559000082],[108.782074415000068,21.635484117000093],[108.787364129000025,21.641424872000091],[108.796478712000066,21.643947658000059],[108.815440300000034,21.637925523000042],[108.833994988000029,21.627997137000094],[108.849945509000065,21.625962632000039],[108.861420118000069,21.643947658000059],[108.851817254000039,21.645982164000085],[108.842377149000072,21.646389065000051],[108.821055535000028,21.643947658000059],[108.838633660000028,21.668036200000078],[108.834320509000065,21.685736395000063],[108.816661004000025,21.699693101000026],[108.793060743000069,21.712836005000039],[108.793060743000069,21.719061591000077],[108.799896681000064,21.71906159100006],[108.799896681000064,21.725816148000039],[108.779551629000025,21.725816148000039],[108.782969597000033,21.727443752000035],[108.786387566000045,21.727850653000065],[108.789805535000028,21.729152736000049],[108.793060743000069,21.733343817000048],[108.786875847000033,21.740179755000032],[108.792816602000073,21.738430080000061],[108.795176629000025,21.737982489000053],[108.796641472000047,21.736965236000074],[108.799896681000064,21.73334381700003],[108.800547722000033,21.744818427000041],[108.798594597000033,21.748277085000048],[108.793060743000069,21.753810940000051],[108.80591881600003,21.758449611000085],[108.812103712000066,21.752427476000015],[108.814056837000066,21.741115627000067],[108.814219597000047,21.729641018000034],[108.816661004000025,21.716376044000096],[108.822113477000073,21.715033270000049],[108.828949415000082,21.720038153000083],[108.834727410000028,21.725816148000028],[108.843516472000033,21.745021877000049],[108.842539910000028,21.768052476000047],[108.832611524000072,21.783840236000071],[108.814219597000047,21.781154690000054],[108.815928582000026,21.789007880000032],[108.816254102000073,21.793361721000043],[108.817393425000034,21.796576239000043],[108.821055535000028,21.800970770000049],[108.788910352000073,21.810939846000068],[108.779551629000025,21.815252997000073],[108.801361524000072,21.818345445000091],[108.840830925000034,21.811590887000079],[108.861420118000069,21.815252997000073],[108.855235222000033,21.808172919000075],[108.850677931000064,21.800523179000031],[108.849864129000025,21.791693427000041],[108.855235222000033,21.781154690000054],[108.858246290000068,21.787298895000049],[108.869476759000065,21.80097077000006],[108.875743035000028,21.800970770000049],[108.866953972000033,21.774155992000086],[108.861420118000069,21.766831773000039],[108.861420118000069,21.75999583500003],[108.869476759000065,21.753810940000051],[108.875743035000028,21.75381094000004],[108.880625847000033,21.761175848000054],[108.886322462000066,21.767157294000071],[108.89380944100003,21.771551825000081],[108.903086785000028,21.774318752000053],[108.897471550000034,21.75999583500003],[108.904307488000029,21.762762762000065],[108.916840040000068,21.764349677000038],[108.924082879000025,21.766831773000039],[108.922373894000032,21.76288483300004],[108.916595899000072,21.753810940000051],[108.88599694100003,21.750433661000049],[108.875743035000028,21.746405341000081],[108.869965040000068,21.74233633000005],[108.867442254000025,21.741400458000047],[108.865489129000025,21.739732164000088],[108.861420118000069,21.73334381700003],[108.864268425000034,21.731878973000075],[108.869476759000065,21.705389716000063],[108.86646569100003,21.700181382000043],[108.860362175000034,21.697902736000074],[108.855235222000033,21.694281317000044],[108.855235222000033,21.684963283000037],[108.857269727000073,21.683417059000071],[108.869476759000065,21.671291408000059],[108.875498894000032,21.670152085000044],[108.891612175000049,21.672674872000073],[108.897471550000034,21.671291408000059],[108.90170332100007,21.665187893000041],[108.906504754000025,21.650824286000038],[108.920746290000068,21.622015692000044],[108.927989129000025,21.615057684000064],[108.94459069100003,21.609198309000075],[108.958994988000029,21.606594143000052],[108.970225457000026,21.606350002000053],[108.992442254000025,21.609198309000067],[109.013763868000069,21.615383205000064],[109.048431837000066,21.636908270000056],[109.066742384000079,21.643947658000059],[109.066742384000079,21.636542059000057],[109.054698113000029,21.622056382000032],[109.049815300000034,21.614081122000083],[109.046397332000026,21.602972723000054],[109.056651238000029,21.611558335000037],[109.060069207000026,21.616034247000083],[109.066742384000079,21.616034247000073],[109.06967207100007,21.602240302000052],[109.077647332000026,21.596991278000068],[109.087412957000026,21.599554755000057],[109.094818556000064,21.609198309000096],[109.101084832000026,21.609198309000075],[109.107188347000033,21.59796784100007],[109.116058790000068,21.590562242000086],[109.12435957100007,21.590969143000063],[109.128916863000029,21.602972723000054],[109.135752800000034,21.602972723000054],[109.142100457000026,21.553452867000107],[109.142588738000029,21.510199286000049],[109.132823113000029,21.495917059000082],[109.109873894000032,21.489569403000068],[109.082530144000032,21.486029364000046],[109.060069207000026,21.480129299000069],[109.043711785000028,21.466253973000036],[109.039805535000028,21.450262762000076],[109.05014082100007,21.437160549000048],[109.077403191000045,21.431626695000094],[109.096446160000028,21.425197658000044],[109.138682488000029,21.401597398000032],[109.156260613000029,21.40375397300004],[109.148936394000032,21.409979559000078],[109.144623243000069,21.417954820000105],[109.144297722000033,21.427557684000082],[109.149424675000034,21.438544012000079],[109.157074415000068,21.423529364000043],[109.171966993000083,21.417547919000075],[109.214610222000033,21.41742584800005],[109.219737175000034,21.449123440000047],[109.227061394000032,21.472235419000075],[109.238780144000032,21.485663153000079],[109.237152540000068,21.45868561400005],[109.238780144000032,21.431626695000094],[109.244965040000068,21.431626695000094],[109.247650587000081,21.436265367000093],[109.250254754000025,21.438299872000059],[109.253754102000073,21.440334377000049],[109.258636915000068,21.444728908000066],[109.277598504000025,21.436997789000092],[109.298920118000069,21.443264065000047],[109.315521681000064,21.459051825000071],[109.320811394000032,21.480129299000069],[109.33521569100003,21.458156643000052],[109.343760613000029,21.453517971000043],[109.424408399000072,21.452378648000039],[109.438243035000028,21.455064195000112],[109.444183790000068,21.462103583000051],[109.447276238000029,21.470119533000055],[109.454600457000026,21.481838283000066],[109.463877800000034,21.492987372000083],[109.472178582000026,21.499335028000068],[109.467865431000078,21.490871486000064],[109.465830925000034,21.482896226000019],[109.466888868000069,21.474839585000037],[109.472178582000026,21.465806382000039],[109.485850457000026,21.474310614000057],[109.530772332000026,21.491644598000036],[109.540537957000026,21.503078518000052],[109.543304884000065,21.508246161000059],[109.556976759000065,21.521551825000081],[109.560883009000065,21.526678778000061],[109.562266472000033,21.536932684000078],[109.560883009000065,21.56826406500004],[109.564952019000032,21.572739976000037],[109.571055535000028,21.576239325000056],[109.572764519000032,21.581732489000057],[109.543223504000025,21.619574286000049],[109.540537957000026,21.626898505000032],[109.529877149000072,21.635687567000058],[109.464691602000073,21.657619533000037],[109.464691602000073,21.664455471000039],[109.484711134000065,21.658026434000064],[109.506358269000046,21.65766022300005],[109.521006707000026,21.665757554000042],[109.519867384000065,21.684963283000066],[109.513438347000033,21.682684637000083],[109.49927819100003,21.68016185100003],[109.492686394000032,21.67812734600005],[109.492686394000032,21.684963283000037],[109.495941602000073,21.68500397300005],[109.503021681000064,21.684515692000044],[109.506195509000065,21.684963283000037],[109.50326582100007,21.68838125200006],[109.500987175000034,21.691880601000037],[109.498057488000029,21.695379950000078],[109.492686394000032,21.698553778000079],[109.56771894600007,21.75999583500003],[109.569427931000064,21.750637111000064],[109.574961785000028,21.745672919000061],[109.583343946000085,21.744533596000061],[109.594493035000028,21.746405341000081],[109.594493035000028,21.740179755000046],[109.581553582000026,21.732367255000039],[109.567881707000026,21.719956773000032],[109.560801629000025,21.707261460000044],[109.56771894600007,21.698553778000079],[109.564219597000033,21.691229559000067],[109.560883009000065,21.671291408000059],[109.569427931000064,21.666489976000033],[109.575938347000033,21.659369208000044],[109.579925977000073,21.650458075000063],[109.58139082100007,21.640204169000086],[109.58529707100007,21.630845445000091],[109.594493035000028,21.634182033000066],[109.615489129000025,21.650132554000038],[109.603037957000026,21.620591539000095],[109.604991082000041,21.616034247000073],[109.610850457000026,21.611517645000045],[109.613536004000025,21.601223049000037],[109.612803582000026,21.589789130000042],[109.608002149000072,21.581854559000071],[109.608002149000072,21.57510000200006],[109.615814649000072,21.57070547100005],[109.62232506600003,21.567816473000047],[109.628916863000029,21.566839911000034],[109.63599694100003,21.56826406500004],[109.625254754000025,21.585394598000061],[109.637217644000032,21.601629950000049],[109.658783399000072,21.614935614000057],[109.67701256600003,21.623439846000071],[109.677989129000025,21.615301825000056],[109.676768425000034,21.610052802000045],[109.673675977000073,21.606390692000055],[109.670176629000025,21.602972723000061],[109.671722852000073,21.596625067000058],[109.673350457000041,21.582098700000088],[109.67701256600003,21.575100002000074],[109.668223504000025,21.559637762000079],[109.659922722000033,21.528062242000118],[109.64966881600003,21.520453192000055],[109.708588087000066,21.483303127000028],[109.74146569100003,21.474025783000059],[109.759532097000033,21.493109442000037],[109.765716993000069,21.493109442000058],[109.765716993000069,21.485663153000079],[109.773203972000033,21.485663153000079],[109.773203972000033,21.493109442000037],[109.760264519000032,21.511623440000051],[109.747813347000033,21.545233466000084],[109.748057488000029,21.574611721000046],[109.748057488000029,21.574937242000093],[109.773203972000033,21.581854559000092],[109.773203972000033,21.575100002000049],[109.765147332000026,21.563381252000063],[109.770111524000072,21.551581122000083],[109.783295118000069,21.546372789000085],[109.800547722000033,21.55459219000004],[109.799082879000025,21.49860260600008],[109.802744988000029,21.473334052000041],[109.814219597000033,21.458400783000062],[109.821055535000028,21.458400783000062],[109.823741082000026,21.465033270000067],[109.826914910000028,21.470526434000078],[109.83521569100003,21.480129299000069],[109.83521569100003,21.485663153000079],[109.827728712000066,21.485663153000079],[109.827728712000066,21.493109442000058],[109.841400587000066,21.506781317000041],[109.858978712000066,21.482814846000068],[109.886973504000039,21.481512762000076],[109.917979363000029,21.489406643000059],[109.944427931000064,21.493109442000058],[109.944427931000064,21.485663153000079],[109.927256707000026,21.479803778000079],[109.924571160000028,21.465033270000042],[109.933441602000073,21.453802802000045],[109.951263868000069,21.458400783000048],[109.940521681000064,21.437201239000043],[109.917572462000066,21.413804429000056],[109.904795769000032,21.390692450000074],[109.924082879000025,21.370266018000066],[109.924082879000025,21.362779039000102],[109.841400587000066,21.355943101000033],[109.816254102000087,21.357570705000057],[109.807383660000028,21.355943101000033],[109.80396569100003,21.350043036000045],[109.803477410000028,21.341213283000069],[109.799815300000034,21.332912502000067],[109.786875847000033,21.328680731000084],[109.787364129000025,21.339911200000074],[109.783702019000032,21.348293361000064],[109.776377800000034,21.353664455000064],[109.765716993000069,21.355943101000033],[109.773936394000032,21.318670966000081],[109.773529493000069,21.29970937700007],[109.765716993000069,21.28766510600007],[109.765716993000069,21.280829169000061],[109.770274285000028,21.271307684000071],[109.773203972000033,21.215399481000077],[109.767100457000026,21.20453522300004],[109.754893425000034,21.192938544000086],[109.746674024000072,21.179673570000094],[109.752045118000069,21.164129950000074],[109.736420118000069,21.169012762000079],[109.728363477000073,21.177883205000064],[109.720225457000026,21.183417059000075],[109.70435631600003,21.178452867000079],[109.695892774000086,21.170111395000028],[109.676605665000068,21.138495184000064],[109.670176629000025,21.123236395000056],[109.685557488000029,21.106594143000034],[109.699961785000042,21.082993882000036],[109.709808790000068,21.05719635600008],[109.711680535000028,21.033840236000056],[109.708506707000026,21.03587474200009],[109.700775587000081,21.038560289000088],[109.697520379000025,21.040594794000064],[109.680674675000034,20.994452216000045],[109.67896569100003,20.973863023000035],[109.691254102000073,20.958726304000024],[109.661224806000064,20.927557684000082],[109.665619337000066,20.880926825000067],[109.689463738000029,20.835394598000043],[109.717865431000064,20.807847398000057],[109.706797722000033,20.831854559000071],[109.70435631600003,20.842027085000023],[109.713877800000034,20.833685614000039],[109.728363477000073,20.815130927000052],[109.739024285000028,20.807847398000032],[109.731537306000064,20.855047919000075],[109.737803582000026,20.865383205000036],[109.74537194100003,20.867661851000065],[109.753021681000064,20.863714911000049],[109.759532097000033,20.855047919000075],[109.759532097000033,20.848863023000035],[109.752045118000069,20.848863023000035],[109.752045118000069,20.842027085000044],[109.773203972000033,20.821519273000032],[109.773203972000033,20.814113674000058],[109.760264519000032,20.807806708000044],[109.758148634000065,20.792792059000075],[109.763438347000047,20.776556708000061],[109.773203972000033,20.766913153000075],[109.756439649000072,20.749701239000046],[109.760264519000032,20.729966539000088],[109.786875847000033,20.691148179000052],[109.793711785000028,20.691148179000052],[109.801036004000039,20.706284898000035],[109.813975457000026,20.708441473000047],[109.82943769600007,20.707912502000049],[109.85474694100003,20.719916083000047],[109.860443556000064,20.715480861000067],[109.861908399000072,20.708156643000063],[109.85873457100007,20.704250393000056],[109.854095899000072,20.701849677000034],[109.84888756600003,20.696275132000032],[109.844248894000032,20.689683335000048],[109.841400587000066,20.684393622000055],[109.837006056000064,20.689154364000043],[109.830658399000072,20.693670966000063],[109.827728712000066,20.697984117000114],[109.812754754000025,20.684515692000044],[109.80591881600003,20.679510809000085],[109.797129754000025,20.677557684000075],[109.785248243000069,20.679592190000044],[109.779795769000046,20.683539130000057],[109.775157097000033,20.686183986000056],[109.765716993000069,20.684393622000041],[109.751556837000066,20.673732815000065],[109.750254754000025,20.660467841000056],[109.751719597000033,20.645412502000067],[109.745860222000033,20.629787502000053],[109.775889519000032,20.631333726000033],[109.80201256600003,20.616278387000083],[109.818858269000032,20.589097398000071],[109.821055535000028,20.554632880000039],[109.827728712000066,20.554632880000039],[109.841400587000066,20.59564850500005],[109.848236524000072,20.59564850500005],[109.845225457000026,20.581122137000076],[109.843760613000029,20.557074286000056],[109.841400587000066,20.547186591000056],[109.837494337000081,20.544378973000054],[109.831797722000047,20.544582424000051],[109.825694207000026,20.542792059000082],[109.821055535000028,20.534125067000033],[109.81959069100003,20.523504950000081],[109.822113477000073,20.516546942000065],[109.82748457100007,20.511460679000031],[109.83521569100003,20.506252346000053],[109.849701368000069,20.500921942000048],[109.882823113000029,20.49774811400005],[109.896088087000066,20.492580471000068],[109.902924024000072,20.484198309000082],[109.90951582100007,20.47117747600004],[109.914805535000028,20.457017320000094],[109.91724694100003,20.444769598000033],[109.92701256600003,20.454901434000064],[109.929942254000025,20.471380927000038],[109.93091881600003,20.506252346000057],[109.937510613000029,20.489650783000062],[109.939219597000033,20.473863023000035],[109.943614129000025,20.460679429000049],[109.958099806000064,20.451605536000041],[109.958506707000026,20.459906317000041],[109.960459832000026,20.46625397300004],[109.962982618000069,20.471991278000065],[109.964935743000069,20.478257554000045],[109.972259962000066,20.464544989000057],[109.983978712000066,20.453192450000078],[110.009776238000029,20.434230861000056],[110.015472852000073,20.418402411000038],[110.006114129000039,20.401190497000087],[109.992442254000025,20.384955145000049],[109.985443556000064,20.372137762000083],[109.982432488000029,20.351548570000102],[109.974864129000025,20.354641018000063],[109.958099806000064,20.382717190000051],[109.945811394000032,20.395738023000064],[109.914886915000068,20.41864655200002],[109.90357506600003,20.431097723000043],[109.896088087000066,20.431097723000043],[109.89380944100003,20.420477606000077],[109.88803144600007,20.414048570000102],[109.878916863000029,20.410874742000114],[109.865733269000032,20.410060940000058],[109.862803582000026,20.406317450000063],[109.889903191000045,20.382717190000051],[109.874115431000064,20.376288153000079],[109.885752800000034,20.366359768000049],[109.91724694100003,20.352280992000082],[109.919444207000026,20.342230536000049],[109.928721550000034,20.326361395000053],[109.93091881600003,20.317816473000065],[109.928558790000068,20.294582424000069],[109.924082879000025,20.273423570000109],[109.921722852000073,20.269680080000036],[109.91724694100003,20.259955145000053],[109.914561394000032,20.248480536000041],[109.91724694100003,20.239325262000083],[109.924896681000064,20.238267320000098],[109.933929884000065,20.244126695000098],[109.941416863000029,20.251857815000054],[109.944427931000064,20.256089585000044],[109.950938347000033,20.27216217700003],[109.965830925000034,20.280951239000025],[109.992279493000069,20.286525783000073],[109.99146569100003,20.284979559000089],[109.995209181000064,20.282782294000068],[110.000987175000034,20.280829169000071],[110.005951368000069,20.280340887000094],[110.011810743000069,20.283677476000037],[110.021576368000069,20.297023830000057],[110.027110222000033,20.300767320000102],[110.037852410000028,20.301703192000073],[110.048920118000069,20.300238348000054],[110.057627800000034,20.296372789000085],[110.061127149000072,20.29022858300003],[110.06373131600003,20.283026434000096],[110.069834832000026,20.277777411000052],[110.077647332000026,20.274562893000052],[110.085703972000033,20.273423570000098],[110.09310957100007,20.270575262000083],[110.109629754000025,20.252997137000083],[110.127533399000072,20.247992255000039],[110.187754754000025,20.252997137000083],[110.191172722000047,20.256170966000091],[110.19263756600003,20.263251044000071],[110.19662519600007,20.270249742000097],[110.208018425000034,20.273423570000098],[110.237152540000068,20.274969794000071],[110.245616082000026,20.273423570000098],[110.256358269000032,20.269354559000078],[110.265635613000043,20.264146226000047],[110.280284050000034,20.252997137000083],[110.294037306000064,20.262925523000035],[110.319672071000085,20.269720770000056],[110.344330274000072,20.279242255000035],[110.355479363000029,20.29734935100004],[110.362071160000028,20.304877020000056],[110.376719597000033,20.30524323100008],[110.399994337000066,20.300767320000102],[110.406830274000072,20.30516185100003],[110.458506707000026,20.362250067000033],[110.475352410000028,20.397650458000044],[110.482676629000025,20.403225002000053],[110.502289259000065,20.412746486000053],[110.515391472000033,20.43475983300003],[110.534190300000049,20.478257554000045],[110.511485222000033,20.527899481000077],[110.495209181000064,20.553168036000034],[110.478851759000079,20.567694403000075],[110.472666863000029,20.568589585000044],[110.458018425000034,20.567368882000036],[110.451670769000032,20.567694403000054],[110.442963087000066,20.57086823100008],[110.42514082100007,20.580064195000098],[110.408539259000065,20.585923570000094],[110.397471550000049,20.595445054000038],[110.39193769600007,20.606756903000086],[110.396983269000032,20.61611562700007],[110.389170769000032,20.625921942000051],[110.380625847000033,20.633775132000046],[110.371836785000028,20.634344794000093],[110.362803582000026,20.622300523000042],[110.362803582000026,20.643377997000073],[110.352142774000072,20.636542059000064],[110.339366082000026,20.631537177000038],[110.325938347000033,20.630764065000061],[110.314463738000029,20.636542059000064],[110.323741082000041,20.64305247600003],[110.328379754000025,20.652655341000067],[110.329600457000026,20.664455471000064],[110.328135613000029,20.677557684000075],[110.321299675000034,20.677557684000075],[110.317963087000066,20.670599677000052],[110.313487175000034,20.664862372000055],[110.307709181000064,20.660386460000041],[110.300791863000029,20.657049872000059],[110.308848504000025,20.68398672100005],[110.32943769600007,20.70722077000006],[110.337494337000066,20.725816148000046],[110.307627800000034,20.738959052000038],[110.308116082000026,20.743963934000067],[110.308848504000025,20.745103257000036],[110.310638868000069,20.745062567000033],[110.314463738000029,20.746405341000067],[110.307627800000034,20.753241278000079],[110.322520379000039,20.75995514500006],[110.332123243000069,20.767889716000077],[110.333018425000034,20.778753973000068],[110.321299675000034,20.794256903000058],[110.328623894000032,20.799750067000048],[110.333750847000033,20.805731512000087],[110.341807488000029,20.821519273000032],[110.348155144000032,20.803045966000095],[110.347259962000066,20.761786200000078],[110.348643425000034,20.746405341000067],[110.356455925000034,20.732326565000037],[110.368988477000073,20.71967194200003],[110.383555535000028,20.713446356000087],[110.396983269000032,20.718491929000049],[110.40943444100003,20.750962632000043],[110.402679884000065,20.790106512000094],[110.386241082000026,20.825995184000089],[110.368988477000073,20.848863023000035],[110.365814649000072,20.838568427000052],[110.361094597000033,20.835882880000046],[110.355235222000033,20.839667059000075],[110.348643425000034,20.848863023000035],[110.341807488000029,20.842027085000044],[110.335785352000073,20.858832098000043],[110.319672071000085,20.85993073100007],[110.300791863000029,20.85211823100007],[110.287119988000029,20.842027085000037],[110.211680535000028,20.840521552000048],[110.191498243000069,20.835842190000072],[110.191498243000069,20.848863023000035],[110.183360222000033,20.846096096000061],[110.180186394000032,20.84601471600007],[110.177500847000033,20.847479559000078],[110.170420769000032,20.848863023000035],[110.168793165000068,20.846096096000061],[110.169444207000041,20.843939520000038],[110.168711785000028,20.842678127000049],[110.164154493000069,20.842027085000037],[110.163910352000073,20.846747137000087],[110.162933790000068,20.847886460000034],[110.160736524000072,20.847845770000045],[110.156748894000032,20.848863023000035],[110.160655144000032,20.856675523000039],[110.161875847000033,20.86220937700007],[110.160655144000032,20.86790599200009],[110.156748894000032,20.876776434000075],[110.164154493000069,20.876776434000075],[110.16724694100003,20.87299225500006],[110.177256707000026,20.862494208000033],[110.171641472000033,20.877020575000049],[110.154144727000073,20.90643952000006],[110.149261915000068,20.923976955000068],[110.150970899000072,20.94318268400006],[110.155121290000082,20.961981512000076],[110.154795769000032,20.977280992000107],[110.143077019000032,20.986029364000043],[110.143077019000032,20.992254950000071],[110.156748894000032,20.986029364000043],[110.177826368000069,21.02008698100008],[110.184092644000032,21.033840236000056],[110.19068444100003,21.059068101000026],[110.195567254000025,21.071275132000018],[110.204600457000026,21.082220770000049],[110.203868035000028,21.066961981000077],[110.205577019000032,21.049383856000091],[110.21021569100003,21.034572658000048],[110.218841993000069,21.027573960000034],[110.221771681000064,21.032660223000047],[110.269297722000033,21.089178778000065],[110.280284050000034,21.095892645000049],[110.315277540000068,21.107652085000062],[110.333750847000033,21.116359768000052],[110.347422722000033,21.133205471000068],[110.375336134000065,21.152655341000088],[110.38607832100007,21.156724351000051],[110.394053582000026,21.162543036000049],[110.399424675000034,21.176581122000083],[110.402354363000043,21.193670966000063],[110.403168165000082,21.208482164000067],[110.404551629000025,21.212062893000056],[110.40748131600003,21.216986395000045],[110.409922722000033,21.223781643000063],[110.410655144000032,21.232367255000046],[110.408213738000029,21.238023179000052],[110.399017774000072,21.245550848000043],[110.396983269000032,21.249823309000082],[110.393402540000068,21.260402736000042],[110.384857618000069,21.271063544000075],[110.373789910000028,21.280585028000065],[110.362803582000026,21.28766510600007],[110.362803582000026,21.293890692000058],[110.366302931000078,21.306097723000054],[110.35670006600003,21.319159247000076],[110.341400587000066,21.330023505000053],[110.328135613000029,21.335516669000068],[110.328135613000029,21.342271226000033],[110.34498131600003,21.338853257000046],[110.368174675000034,21.325344143000059],[110.382660352000073,21.321844794000079],[110.376475457000026,21.335516669000068],[110.385834181000064,21.331488348000054],[110.389496290000068,21.328680731000084],[110.394379102000073,21.363999742000086],[110.372080925000049,21.403021552000041],[110.358490431000064,21.435736395000053],[110.389496290000068,21.452134507000039],[110.389496290000068,21.444728908000066],[110.383148634000065,21.441473700000056],[110.378672722000033,21.437486070000087],[110.368988477000073,21.424872137000069],[110.400970899000072,21.387030341000084],[110.419525587000081,21.377427476000037],[110.431162957000026,21.397528387000076],[110.437347852000073,21.397528387000076],[110.423920118000069,21.341620184000075],[110.424327019000032,21.328680731000084],[110.433929884000065,21.308783270000067],[110.441905144000032,21.314357815000061],[110.451182488000029,21.331976630000032],[110.465342644000032,21.348537502000067],[110.465342644000032,21.328680731000084],[110.468760613000029,21.332017320000109],[110.472666863000029,21.334906317000051],[110.478037957000041,21.336371161000038],[110.486338738000029,21.335516669000068],[110.486338738000029,21.328680731000084],[110.444834832000026,21.307562567000033],[110.444834832000026,21.301336981000077],[110.457041863000029,21.299302476000047],[110.46607506600003,21.29608795800004],[110.473155144000032,21.29547760600007],[110.478851759000079,21.301336981000091],[110.486338738000029,21.301336981000077],[110.486338738000029,21.293890692000058],[110.482188347000047,21.286566473000043],[110.480316602000073,21.281683661000056],[110.478851759000079,21.273382880000035],[110.472666863000029,21.273382880000035],[110.466319207000026,21.283433335000062],[110.456634962000066,21.287746486000056],[110.446299675000034,21.289984442000051],[110.437347852000073,21.293890692000058],[110.431162957000026,21.293890692000044],[110.431488477000073,21.289496161000049],[110.429942254000025,21.288478908000062],[110.427338087000066,21.288560289000078],[110.424327019000032,21.28766510600007],[110.429291212000066,21.28534577000007],[110.433116082000026,21.282863674000048],[110.435801629000025,21.279201565000054],[110.437347852000073,21.273382880000035],[110.425791863000029,21.269232489000064],[110.42701256600003,21.261542059000082],[110.433441602000073,21.251288153000065],[110.437347852000073,21.239243882000039],[110.435557488000029,21.226304429000052],[110.42701256600003,21.206000067000051],[110.424327019000032,21.191473700000071],[110.431162957000026,21.191473700000071],[110.447601759000065,21.203599351000026],[110.463226759000065,21.212144273000028],[110.481455925000034,21.217189846000046],[110.588715040000068,21.225572007000046],[110.584076368000083,21.229681708000051],[110.580170118000069,21.234605210000041],[110.577159050000049,21.240383205000068],[110.575205925000034,21.246730861000071],[110.616953972000033,21.229681708000051],[110.636485222000047,21.230169989000061],[110.643321160000028,21.252915757000043],[110.619720899000086,21.290757554000042],[110.615733269000032,21.301214911000034],[110.616709832000026,21.345404364000046],[110.635590040000068,21.38104889500006],[110.727305535000028,21.418890692000044],[110.760020379000025,21.444728908000066],[110.766368035000028,21.444728908000087],[110.755381707000026,21.413397528000058],[110.724619988000029,21.403143622000055],[110.692393425000034,21.399155992000093],[110.671641472000033,21.381293036000052],[110.644786004000025,21.374579169000064],[110.636485222000047,21.370266018000045],[110.631846550000034,21.355373440000069],[110.635752800000034,21.346421617000107],[110.64185631600003,21.337307033000055],[110.643321160000028,21.321844794000079],[110.648936394000032,21.333319403000075],[110.65552819100003,21.342759507000064],[110.664561394000032,21.3483747420001],[110.677582227000073,21.348537502000056],[110.662852410000028,21.337225653000072],[110.654795769000032,21.314601955000057],[110.650889519000032,21.260402736000042],[110.657074415000068,21.260402736000049],[110.664886915000068,21.285630601000033],[110.676280144000032,21.309637762000083],[110.690033399000072,21.33100006700003],[110.704844597000047,21.348537502000067],[110.743988477000073,21.382554429000024],[110.768158399000072,21.397528387000076],[110.790537957000026,21.403753973000054],[110.806162957000026,21.401597398000053],[110.829844597000033,21.392238674000048],[110.852305535000028,21.389146226000033],[110.869395379000025,21.384711005000053],[110.869883660000028,21.383246161000045],[110.877289259000065,21.386135158000066],[110.889659050000034,21.395493882000036],[110.893321160000028,21.397528387000076],[110.91724694100003,21.405910549000062],[110.941172722000033,21.422064520000045],[110.965912306000064,21.432847398000039],[110.992930535000028,21.424872137000076],[111.024912957000041,21.456529039000085],[111.043711785000028,21.46938711100006],[111.068614129000025,21.472642320000094],[111.058604363000029,21.483099677000048],[111.04224694100003,21.484564520000045],[111.026866082000026,21.47931549700008],[111.020111524000072,21.469224351000022],[111.01693769600007,21.458075262000087],[111.008148634000065,21.449896552000052],[110.99537194100003,21.445298570000102],[110.97974694100003,21.444728908000059],[110.97974694100003,21.452134507000039],[110.992442254000025,21.454982815000047],[111.00131269600007,21.462876695000102],[111.013926629000025,21.485663153000079],[111.002207879000025,21.489935614000043],[110.995697462000066,21.507635809000085],[110.985931837000066,21.513617255000057],[111.011729363000029,21.521185614000046],[111.023285352000073,21.52781810100004],[111.027598504000025,21.540920315000037],[111.03443444100003,21.531480210000023],[111.07545006600003,21.513617255000057],[111.079356316000045,21.508124091000067],[111.078461134000065,21.502875067000044],[111.079356316000045,21.497870184000085],[111.088389519000046,21.493109442000058],[111.097911004000025,21.492661851000037],[111.107676629000025,21.495794989000053],[111.116709832000026,21.500962632000054],[111.123789910000028,21.506781317000041],[111.126719597000033,21.502590236000049],[111.129974806000064,21.499335028000068],[111.129974806000064,21.493109442000069],[111.088389519000046,21.480129299000069],[111.088389519000046,21.472642320000094],[111.119883660000042,21.473374742000097],[111.13404381600003,21.471625067000048],[111.143646681000064,21.465806382000039],[111.161631707000026,21.476385809000085],[111.184580925000049,21.485663153000079],[111.226328972000047,21.499335028000068],[111.213633660000028,21.505682684000082],[111.198822462000066,21.507798570000087],[111.184174024000086,21.505764065000047],[111.171641472000033,21.499335028000068],[111.164968295000051,21.506008205000054],[111.167572462000066,21.508612372000076],[111.171641472000033,21.513617255000057],[111.157969597000047,21.513617255000057],[111.157969597000047,21.520453192000055],[111.192393425000034,21.531195380000053],[111.20630944100003,21.532049872000083],[111.212657097000033,21.520453192000055],[111.232188347000033,21.524562893000049],[111.255625847000033,21.517279364000039],[111.279795769000032,21.506293036000045],[111.301280144000032,21.499335028000068],[111.280284050000034,21.465318101000044],[111.269053582000026,21.452134507000039],[111.252940300000049,21.444728908000087],[111.267344597000033,21.439357815000051],[111.292491082000026,21.450628973000043],[111.344330274000072,21.487494208000044],[111.356455925000034,21.501288153000068],[111.362803582000026,21.506781317000041],[111.393565300000034,21.519680080000061],[111.404307488000029,21.526678778000061],[111.376475457000041,21.532700914000095],[111.363047722000047,21.532416083000069],[111.349701368000069,21.526678778000061],[111.362803582000026,21.541205145000056],[111.387787306000064,21.541449286000056],[111.437998894000032,21.534084377000035],[111.43091881600003,21.544012762000079],[111.415537957000026,21.557684637000069],[111.411143425000034,21.568264065000026],[111.412119988000043,21.576320705000061],[111.424327019000032,21.590277411000081],[111.432220899000086,21.602972723000054],[111.444102410000028,21.563625393000052],[111.455332879000025,21.551174221000046],[111.472666863000029,21.55459219000004],[111.467133009000065,21.529445705000057],[111.46810957100007,21.51825592700003],[111.476084832000026,21.513617255000057],[111.489349806000064,21.514715887000072],[111.504486524000072,21.51821523600006],[111.516612175000034,21.524562893000049],[111.521006707000026,21.534084377000042],[111.527191602000087,21.534084377000042],[111.537852410000028,21.520453192000055],[111.556651238000029,21.522365627000053],[111.577728712000066,21.530015367000111],[111.595550977000087,21.534084377000042],[111.586436394000032,21.54376862200008],[111.582041863000029,21.555487372000069],[111.580821160000028,21.568345445000098],[111.581879102000073,21.581854559000092],[111.59107506600003,21.575751044000075],[111.596527540000068,21.56549713700009],[111.60092207100007,21.554144598000061],[111.606455925000034,21.544623114000046],[111.619720899000072,21.533026434000075],[111.630463087000066,21.529852606000084],[111.640472852000073,21.533148505000046],[111.651377800000034,21.540920315000058],[111.665782097000033,21.558661200000088],[111.690440300000034,21.603827216000067],[111.712901238000029,21.623439846000043],[111.728363477000073,21.616359768000052],[111.748138868000069,21.614447333000037],[111.787933790000068,21.616034247000073],[111.782074415000068,21.627590236000078],[111.772471550000034,21.635199286000052],[111.760345899000072,21.640204169000079],[111.746918165000068,21.643947658000059],[111.773692254000025,21.650132554000038],[111.779633009000065,21.675441799000065],[111.772471550000034,21.705471096000057],[111.760590040000068,21.725816148000039],[111.695567254000025,21.761419989000057],[111.678070509000065,21.781154690000054],[111.700938347000033,21.768377997000073],[111.721202019000032,21.762640692000051],[111.72584069100003,21.766831773000039],[111.757904493000069,21.753322658000076],[111.769786004000025,21.753607489000046],[111.787933790000068,21.75999583500003],[111.793955925000034,21.74453359600005],[111.806895379000025,21.743312893000059],[111.822276238000043,21.752101955000064],[111.835052931000064,21.766831773000039],[111.828949415000068,21.749212958000061],[111.82935631600003,21.728705145000049],[111.836192254000025,21.716986395000045],[111.849375847000033,21.725816148000039],[111.86060631600003,21.721502997000073],[111.869476759000065,21.716742255000057],[111.875336134000065,21.709702867000082],[111.876719597000047,21.69855377800009],[111.869883660000028,21.698553778000061],[111.853770379000025,21.707424221000046],[111.842295769000032,21.699042059000075],[111.836924675000034,21.685288804000024],[111.838877800000034,21.67812734600005],[111.867930535000028,21.676703192000041],[111.876719597000047,21.678127346000064],[111.884287957000026,21.682847398000028],[111.89576256600003,21.695868231000073],[111.900645379000025,21.698553778000079],[111.904144727000087,21.701727606000084],[111.904063347000033,21.708807684000071],[111.905772332000026,21.715887762000069],[111.914561394000032,21.719061591000084],[111.991953972000033,21.763820705000086],[112.000254754000025,21.774318752000053],[111.975108269000032,21.776190497000087],[111.946381056000064,21.785874742000082],[111.920664910000028,21.800034898000046],[111.904063347000033,21.815252997000055],[111.89576256600003,21.837062893000077],[111.890635613000029,21.867377020000056],[111.888926629000025,21.899115302000066],[111.890391472000033,21.925116278000061],[111.911875847000033,21.913560289000074],[111.934092644000032,21.890448309000078],[111.951670769000032,21.864976304000027],[111.969248894000032,21.824042059000071],[111.993174675000034,21.834173895000045],[112.01880944100003,21.859808661000038],[112.03443444100003,21.884182033000073],[112.041270379000025,21.884182033000073],[112.037364129000025,21.862494208000054],[112.01295006600003,21.834621486000067],[112.00709069100003,21.818670966000067],[112.013031446000014,21.804388739000039],[112.028168165000011,21.797349351000037],[112.047211134,21.794989325000078],[112.085541212000066,21.796087958000054],[112.172699415000011,21.81443919500008],[112.182220899000072,21.823146877000031],[112.19263756600003,21.843166408000048],[112.200938347000033,21.826727606000066],[112.203135613000086,21.806708075000081],[112.198985222000033,21.786810614000061],[112.188975457000083,21.770575262000083],[112.182383660000028,21.752997137000076],[112.196869337000066,21.742336330000057],[112.216644727000016,21.735541083000058],[112.226817254000025,21.729641018000045],[112.244883660000028,21.706529039000092],[112.286224806000064,21.708807684000085],[112.332123243000069,21.724066473000047],[112.363291863000086,21.733343817000048],[112.372569207000083,21.742621161000038],[112.381439649000072,21.748521226000033],[112.387950066000045,21.756089585000041],[112.392832879000039,21.785142320000091],[112.402110222000033,21.801418361000056],[112.404307488000086,21.811509507000039],[112.401133660000028,21.837469794000082],[112.397959832000083,21.850572007000039],[112.394053582000083,21.856268622000062],[112.388438347000033,21.862250067000058],[112.387787306000064,21.87616608300004],[112.390635613000086,21.901190497000073],[112.387705925000091,21.908758856000077],[112.370127800000091,21.938788153000079],[112.356537306000064,21.979722398000028],[112.357513868000069,22.005357164000092],[112.364838087000066,22.034491278000083],[112.37818444100003,22.058417059000064],[112.397471550000091,22.068508205000061],[112.392832879000039,22.056301174000069],[112.381683790000011,22.006740627000042],[112.377207879000025,21.994574286000052],[112.376312696000028,21.986558335000037],[112.378509962000081,21.976874091000067],[112.388438347000033,21.963120835000034],[112.390635613000086,21.955511786000056],[112.404795769000089,21.942857164000078],[112.436289910000028,21.94562409100006],[112.468841993000069,21.95595937700006],[112.486175977000016,21.966131903000061],[112.493662957000083,21.966131903000097],[112.481455925000091,21.944647528000079],[112.424164259000023,21.917792059000085],[112.411143425000091,21.901190497000059],[112.415049675000091,21.868475653000068],[112.426036004000025,21.845160223000029],[112.443207227000016,21.82843659100006],[112.550873243000069,21.772853908000059],[112.579112175000091,21.766831773000039],[112.608002149000072,21.775091864000046],[112.633067254000039,21.795803127000063],[112.647552931000064,21.822658596000053],[112.645111524000072,21.849351304000027],[112.685557488000086,21.8698591170001],[112.690928582000083,21.875148830000072],[112.696299675000091,21.885809637000069],[112.70045006600003,21.890326239000036],[112.706065300000091,21.891791083000019],[112.730479363000086,21.890326239000053],[112.737640821000014,21.89687734600005],[112.740244988000086,21.925441799000055],[112.743744337000066,21.931952216000067],[112.788584832000083,21.951808986000053],[112.800384962000066,21.947170315000037],[112.807709181000064,21.952826239000043],[112.814789259,21.96157461100006],[112.826019727000016,21.966131903000086],[112.840830925000091,21.960923570000091],[112.851573113000086,21.948309637000069],[112.858978712000066,21.932521877000056],[112.8711043630001,21.893744208000037],[112.879405144000089,21.875189520000035],[112.911586066000041,21.856290824000052],[112.928779572000053,21.865298931000051],[112.957081234000043,21.875653459000095],[112.972666863000086,21.892075914000095],[112.979584181000064,21.901190497000073],[112.980967644000089,21.907171942000051],[112.985931837000081,21.920558986000053],[112.987071160000028,21.928534247000069],[112.989349806000064,21.937323309000071],[112.994720899000072,21.938421942000076],[113.001475457000083,21.938706773000028],[113.016675856,21.942533338000093],[113.025620043,21.949425357000052],[113.028618342000073,21.961148361000088],[113.021194839000046,21.972191247000072],[113.018968822000048,21.977020068000058],[113.021213375000016,21.984604708000067],[113.022729088,22.002534256000047],[113.018286002000082,22.02115791600005],[113.018304285,22.034950080000041],[113.016105150000044,22.057711938000075],[113.017620467000029,22.081842543000032],[113.022110281000096,22.101146484000079],[113.020637769000018,22.125977567000053],[113.02661394800009,22.143212451000075],[113.057893130000025,22.121093894000058],[113.077290334000054,22.147266677000076],[113.085052931000064,22.20758698100008],[113.11060631600003,22.219305731000052],[113.110362175000091,22.204169012000087],[113.113291863000086,22.187404690000047],[113.1191512380001,22.171942450000088],[113.127452019000089,22.16095612200008],[113.118244353000023,22.143745558000091],[113.124522332000083,22.131089585000041],[113.115326368000069,22.113470770000053],[113.11060631600003,22.099188544000068],[113.118856841000024,22.065838498000065],[113.139629912000032,22.036851782000042],[113.157466616000079,22.024699645000059],[113.178314175000082,22.040914172000047],[113.194692158000066,22.04639504700009],[113.21412194100003,22.045314846000057],[113.230560743000069,22.043158270000077],[113.247162306000064,22.054266669000071],[113.25123131600003,22.060736395000056],[113.254974806000064,22.071112372000083],[113.2558699880001,22.082668361000067],[113.246592644000089,22.10346100500006],[113.250987175000105,22.115668036000034],[113.263438347000033,22.137030341000067],[113.273529493000069,22.13837311400005],[113.278168165000011,22.140529690000069],[113.282237175000091,22.145412502000053],[113.285655144000089,22.153265692000033],[113.294688347000033,22.167873440000086],[113.297943556000064,22.176825262000072],[113.302744988000086,22.183294989000061],[113.312998894000089,22.185777085000037],[113.32545006600003,22.183661200000088],[113.35084069100003,22.171535549000055],[113.36255944100003,22.171454169000057],[113.401970530000085,22.179574118000051],[113.36451256600003,22.230129299000058],[113.354014519000089,22.243557033000059],[113.328506053000069,22.268475656000085],[113.318158395000083,22.289166392000109],[113.302989129000025,22.309759833000037],[113.227305535000028,22.425279039000085],[113.189219597000033,22.46259186400005],[113.165619337000081,22.478745835000055],[113.160166863000086,22.48761627800009],[113.158457879000025,22.506740627000056],[113.16529381600003,22.575588283000052],[113.177582227000016,22.564113674000048],[113.231944207000083,22.479071356000077],[113.242686394000089,22.457464911000049],[113.255625847000033,22.403876044000071],[113.276377800000105,22.372056382000032],[113.303233269000089,22.343654690000054],[113.351573113000086,22.308335679000045],[113.357025587000066,22.301906643000049],[113.360199415000011,22.29315827000007],[113.362315300000105,22.274969794000093],[113.36451256600003,22.267767645000063],[113.411875847000033,22.225531317000044],[113.419037306000064,22.208807684000085],[113.425629102000016,22.186224677000059],[113.459213743000078,22.158004487000095],[113.483745490000047,22.155142169000026],[113.497229914000059,22.171640502000056],[113.5214949880001,22.191310940000065],[113.528086785000028,22.199937242000068],[113.529877149000072,22.202256578000057],[113.529470248000052,22.202866929000038],[113.522959832000083,22.212998765000073],[113.522959832000083,22.213039455000064],[113.538584832000083,22.221747137000079],[113.552857484000015,22.219006415000081],[113.56119560400009,22.233730112000039],[113.587654701000019,22.237882255000049],[113.589986730000078,22.253415329000052],[113.583747844000072,22.263458627000094],[113.57720985200001,22.266637463000034],[113.574702489000074,22.284831527000044],[113.573578321000014,22.300726630000039],[113.583018425000091,22.309515692000041],[113.592295769000089,22.316148179000045],[113.596690300000091,22.325751044000061],[113.597259962000066,22.341538804000024],[113.599457227000016,22.350531317000044],[113.610362175000105,22.370184637000072],[113.581634962000066,22.371323960000041],[113.558116082000083,22.380764065000065],[113.551571073000105,22.39583674500005],[113.546354837000081,22.437585488000085],[113.562510613000086,22.480414130000039],[113.59473803000003,22.523389661000078],[113.599169995000011,22.57517984600009],[113.563843828000017,22.614443708000078],[113.553042584000082,22.638472303000075],[113.516277435,22.671417566000063],[113.476328972000047,22.699855861000064],[113.466319207000083,22.716498114000046],[113.453623894000089,22.725734768000049],[113.395030144000089,22.748195705000061],[113.377533399000072,22.767401434000078],[113.426036004000025,22.749416408000084],[113.439545118000069,22.739447333000051],[113.451914910000028,22.755113023000039],[113.463389519000103,22.762396552000048],[113.494232618000069,22.774847723000068],[113.440033399000072,22.804144598000065],[113.425873243000069,22.815822658000052],[113.367930535000028,22.880682684000096],[113.350433790000025,22.889715887000058],[113.332041863000086,22.887518622000076],[113.312591993000083,22.881008205000064],[113.29224694100003,22.87726471600006],[113.283050977000016,22.880438544000079],[113.263926629000025,22.894598700000099],[113.258067254000025,22.897772528000072],[113.234873894000089,22.89964427300005],[113.212982618000069,22.904527085000041],[113.212982618000069,22.912014065000072],[113.307627800000091,22.894110419000068],[113.336517774000072,22.897772528000079],[113.429942254000025,22.93134186400005],[113.446381056000078,22.928452867000086],[113.467865431000064,22.919012762000076],[113.473724806000064,22.918198960000034],[113.483978712000066,22.924261786000045],[113.484222852000016,22.929348049000073],[113.480967644000089,22.935695705000043],[113.491231641000013,22.953952883000042],[113.503843993000032,22.989832793000062],[113.502312001000064,23.020423688000061],[113.481211785000042,23.05149974200009],[113.451426629000025,23.062323309000103],[113.419281446000014,23.065497137000101],[113.398692254000025,23.083319403000079],[113.417491082000083,23.096991278000068],[113.445160352000016,23.089341539000092],[113.494232618000069,23.062811591000074],[113.509125196000014,23.062160549000041],[113.52466881600003,23.066595770000042],[113.536875847000033,23.075018622000059],[113.542002800000105,23.086411851000026],[113.550873243000069,23.087876695000102],[113.587657097000047,23.106105861000049],[113.593272332000083,23.110663153000065],[113.626475457000083,23.117987372000076],[113.673920118000069,23.15045807500006],[113.703135613000086,23.157782294000068],[113.719818556000078,23.155340887000069],[113.74537194100003,23.143011786000038],[113.761078321000014,23.137925523000018],[113.797943556000064,23.134344794000061],[113.813243035000028,23.12978750200006],[113.830088738000086,23.117499091000063],[113.800873243000083,23.128404039000102],[113.78443444100003,23.131740627000045],[113.758067254000025,23.121568101000033],[113.744232618000069,23.126044012000087],[113.731455925000091,23.133856512000076],[113.720225457000083,23.137925523000042],[113.691986524000072,23.132554429000045],[113.637217644000089,23.109116929000042],[113.582123243000069,23.098456122000073],[113.556407097000033,23.084133205000047],[113.53638756600003,23.06313711100006],[113.528330925000091,23.038031317000048],[113.528819207000083,23.010809637000079],[113.532725457000083,22.995754299000055],[113.542002800000105,22.986517645000063],[113.55396569100003,22.987616278000083],[113.564219597000033,22.99689362200008],[113.583018425000091,23.021226304000045],[113.583832227000016,22.978461005000032],[113.582041863000086,22.957464911000049],[113.576182488000086,22.938706773000035],[113.586680535000028,22.953558661000038],[113.599213087000066,23.009222723000047],[113.617198113000086,23.034898179000042],[113.605072462000066,23.001410223000043],[113.602631056000064,22.987738348000065],[113.604095899000072,22.973456122000073],[113.597992384,22.960516669000068],[113.595062696000014,22.944769598000061],[113.59498131600003,22.929592190000029],[113.596690300000091,22.918198960000034],[113.601817254000025,22.930609442000055],[113.609141472000033,22.96287669500008],[113.612071160000028,22.99469635600008],[113.616709832000083,23.007879950000085],[113.630707227000016,23.034898179000042],[113.638194207000083,23.034898179000031],[113.624359571000014,22.999212958000047],[113.619151238000086,22.979396877000056],[113.617198113000086,22.95604075700005],[113.611338738000086,22.933783270000038],[113.592295769000089,22.889064846000053],[113.596039259,22.880560614000043],[113.597992384,22.889634507000043],[113.602875196000014,22.897650458000044],[113.610362175000105,22.904527085000041],[113.604991082000097,22.887518622000076],[113.602305535000028,22.866359768000052],[113.605560743000069,22.847235419000071],[113.617198113000086,22.836249091000084],[113.612884962000066,22.848374742000097],[113.610118035000042,22.862046617000093],[113.610850457000083,22.876369533000073],[113.617198113000086,22.890285549000062],[113.632578972000033,22.853094794000075],[113.643565300000091,22.83417389500006],[113.655284050000091,22.81924062700006],[113.662608269000089,22.79808177300005],[113.656260613000086,22.776841539000085],[113.65357506600003,22.758734442000055],[113.672373894000089,22.746893622000069],[113.684580925000091,22.746893622000069],[113.691172722000033,22.751613674000044],[113.695078972000033,22.757473049000055],[113.699717644000089,22.761175848000057],[113.71216881600003,22.763332424000058],[113.744395379000025,22.761175848000047],[113.758067254000025,22.753404039000102],[113.764659050000091,22.734808661000041],[113.772933511000019,22.672447513000066],[113.793568,22.661614499000056],[113.799157451000042,22.63100106100006],[113.812836134,22.60439687700006],[113.822357618000069,22.587225653000086],[113.833832227000016,22.571926174000062],[113.843760613000086,22.56195709800005],[113.879893425000091,22.536688544000064],[113.893890821000014,22.521144924000058],[113.881846550000091,22.514146226000044],[113.866155330000083,22.51149314000007],[113.867873297000074,22.494828602000037],[113.874362862,22.478184272000075],[113.881478735000087,22.473332940000095],[113.89034489800008,22.452712399000063],[113.909678582000083,22.477647203000075],[113.910329623000052,22.485825914000092],[113.913422071000014,22.48761627800009],[113.91529381600003,22.488674221000068],[113.92505944100003,22.48704661700009],[113.935801629000025,22.48891836100006],[113.947757778000096,22.490406454000052],[113.948816139000087,22.500348095000049],[113.948900852000065,22.511199790000088],[113.951938777,22.523841151000056],[113.960297071000014,22.528469143000056],[113.963796420000122,22.538112697000098],[113.970632358000103,22.533718166000089],[113.984385613000086,22.533718166000089],[113.987478061000047,22.531846421000058],[113.99927819100003,22.530625718000078],[114.018565300000091,22.522569078000068],[114.035411004000039,22.514227606000091],[114.035492384,22.514146226000044],[114.035817905000044,22.513820705000057],[114.038096550000105,22.511379299000055],[114.03874759200005,22.510565497000098],[114.042002800000091,22.506781317000048],[114.055267774000072,22.506944078000064],[114.058441602000016,22.516994533000062],[114.067230665000011,22.521918036000041],[114.079681837000066,22.523749091000077],[114.079112175000091,22.527573960000062],[114.082367384,22.529364325000081]]}},
{"type":"Feature","properties":{"featurecla":"Coastline","scalerank":6,"min_zoom":6.0,"historical_claim":false,"geometry_status":"modern_physical_reference","source_id":"source.natural_earth.coastline.10m"},"geometry":{"type":"LineString","coordinates":[[113.278005405000044,21.925034898000039],[113.275157097000033,21.931545315000054],[113.267832879000025,21.943304755000046],[113.257660352000016,21.946600653000065],[113.24773196700005,21.943182684000085],[113.23170006600003,21.934475002000053],[113.221690300000091,21.914129950000071],[113.22584069100003,21.900824286000049],[113.22974694100003,21.898749091000074],[113.234629754000025,21.893459377000081],[113.250743035000042,21.88320547100005],[113.258474155000044,21.880438544000071],[113.267751498000052,21.886460679000049],[113.275157097000033,21.897528387000072],[113.278656446000014,21.907375393000052],[113.283702019000103,21.913519598000072],[113.285655144000089,21.918117580000061],[113.28093509200005,21.922837632000043],[113.278005405000044,21.925034898000039]]}},
{"type":"Feature","properties":{"featurecla":"Coastline","scalerank":6,"min_zoom":6.0,"historical_claim":false,"geometry_status":"modern_physical_reference","source_id":"source.natural_earth.coastline.10m"},"geometry":{"type":"LineString","coordinates":[[113.771746629000063,22.000343410000092],[113.75685926600012,22.000390400000047],[113.745501537000109,21.997795254000049],[113.736279280000076,21.997162124000049],[113.73905611400005,21.985972906000079],[113.748205648000067,21.972788470000072],[113.764476783000077,21.966817927000079],[113.775921084000061,21.985858782000051],[113.771746629000063,22.000343410000092]]}},
{"type":"Feature","properties":{"featurecla":"Coastline","scalerank":6,"min_zoom":6.0,"historical_claim":false,"geometry_status":"modern_physical_reference","source_id":"source.natural_earth.coastline.10m"},"geometry":{"type":"LineString","coordinates":[[114.306813998000052,22.057196356000084],[114.309336785000028,22.062567450000099],[114.310069207000083,22.068589585000041],[114.304209832000083,22.069281317000041],[114.298594597000033,22.0671247420001],[114.295420769000089,22.062811591000074],[114.292979363000086,22.05780670800004],[114.282969597000033,22.052557684000082],[114.271657748000052,22.050523179000034],[114.216807488000086,22.032171942000044],[114.206716342000064,22.025783596000039],[114.222422722000033,22.021673895000077],[114.302500847000033,22.044867255000046],[114.305349155000059,22.050279039000092],[114.306813998000052,22.057196356000084]]}},
{"type":"Feature","properties":{"featurecla":"Coastline","scalerank":6,"min_zoom":5.0,"historical_claim":false,"geometry_status":"modern_physical_reference","source_id":"source.natural_earth.coastline.10m"},"geometry":{"type":"LineString","coordinates":[[113.391449415000011,22.027533270000053],[113.410329623000052,22.063544012000087],[113.412608269000089,22.075995184000092],[113.398936394000089,22.068508205000061],[113.393565300000091,22.071600653000075],[113.38990319100003,22.074693101000037],[113.387217644000089,22.078192450000071],[113.385264519000089,22.082180080000064],[113.38404381600003,22.085394598000061],[113.38404381600003,22.088120835000019],[113.382660352000016,22.089585679000045],[113.377777540000011,22.089016018000056],[113.37273196700005,22.080145575000081],[113.363291863000086,22.075995184000082],[113.35279381600003,22.073146877000049],[113.343597852000016,22.068508205000061],[113.309418165000011,22.024115302000052],[113.32349694100003,22.011948960000037],[113.405772332000083,22.00702545800004],[113.402679884,22.014349677000041],[113.40162194100003,22.01845937700007],[113.398936394000089,22.021918036000052],[113.391449415000011,22.027533270000053]]}},
{"type":"Feature","properties":{"featurecla":"Coastline","scalerank":6,"min_zoom":6.0,"historical_claim":false,"geometry_status":"modern_physical_reference","source_id":"source.natural_earth.coastline.10m"},"geometry":{"type":"LineString","coordinates":[[113.473480665000011,22.098537502000074],[113.473968946000014,22.088120835000044],[113.470225457000083,22.077622789000081],[113.484711134,22.071356512000079],[113.538910352000016,22.082098700000078],[113.547618035000028,22.092596747000087],[113.532562696000014,22.095363674000051],[113.527110222000033,22.106105861000039],[113.530935092000064,22.112941799000058],[113.532725457000083,22.120306708000047],[113.527110222000033,22.125881252000049],[113.518890821000014,22.127264716000081],[113.471527540000011,22.114081122000059],[113.464854363000086,22.108140367000082],[113.465993686000047,22.101507880000042],[113.473480665000011,22.098537502000074]]}},
{"type":"Feature","properties":{"featurecla":"Coastline","scalerank":6,"min_zoom":5.0,"historical_claim":false,"geometry_status":"modern_physical_reference","source_id":"source.natural_earth.coastline.10m"},"geometry":{"type":"LineString","coordinates":[[113.364756707000083,22.157904364000046],[113.347178582000083,22.156439520000049],[113.335459832000083,22.148871161000041],[113.32797285200003,22.145819403000068],[113.323090040000011,22.157904364000064],[113.314952019000089,22.153998114000029],[113.308441602000016,22.148627020000038],[113.304209832000083,22.141831773000035],[113.302744988000086,22.133978583000044],[113.298675977000016,22.128566799000062],[113.289724155000044,22.12547435100004],[113.279144727000016,22.123195705000054],[113.271739129000025,22.120021877000056],[113.264170769000089,22.10492584800005],[113.26880944100003,22.088324286000034],[113.279144727000016,22.074693101000051],[113.289073113000086,22.068508205000061],[113.313649936000047,22.076402085000069],[113.336192254000025,22.100490627000038],[113.354014519000089,22.130845445000084],[113.364756707000083,22.157904364000046]]}},
{"type":"Feature","properties":{"featurecla":"Coastline","scalerank":0,"min_zoom":0.0,"historical_claim":false,"geometry_status":"modern_physical_reference","source_id":"source.natural_earth.coastline.10m"},"geometry":{"type":"LineString","coordinates":[[113.558604363000086,22.163031317000044],[113.569427931000064,22.160752671000079],[113.574066602000016,22.160752671000079],[113.574066602000016,22.15611399900008],[113.571787957000083,22.152899481000087],[113.567881707000083,22.150580145000049],[113.563243035000028,22.150580145000049],[113.56023196700005,22.141546942000033],[113.56763756600003,22.139064846000085],[113.572520379000025,22.137315171000065],[113.577972852000016,22.139634507000032],[113.577972852000016,22.138088283000059],[113.574880405000044,22.135036526000093],[113.57976321700005,22.131903387000083],[113.585948113000086,22.131944078000064],[113.586680535000028,22.129543361000056],[113.587494337000066,22.127224026000086],[113.587494337000066,22.12486399900007],[113.585948113000086,22.12409088700009],[113.583588087000066,22.123317776000096],[113.577484571000014,22.126654364000046],[113.577972852000016,22.120917059000078],[113.574066602000016,22.119370835000041],[113.570974155000044,22.120143947000106],[113.566742384,22.123358466000081],[113.566661004000025,22.117377020000067],[113.565196160000028,22.112616278000068],[113.566335483000103,22.107692776000086],[113.563243035000028,22.106919664000095],[113.557383660000028,22.111151434000092],[113.552256707000083,22.107692776000086],[113.551524285000028,22.106146552000038],[113.549164259,22.105373440000033],[113.546804233000103,22.105373440000037],[113.543711785000028,22.107692776000086],[113.541107618000069,22.113267320000091],[113.545258009000023,22.114243882000039],[113.542328321000014,22.140733140000087],[113.54224694100003,22.140814520000056],[113.534108920000108,22.148789781000055],[113.532237175000091,22.152533270000049],[113.532237175000091,22.152614651000089],[113.534434441000045,22.161200262000083],[113.541433139000105,22.162339585000041],[113.542979363000086,22.163804429000049],[113.552907748000052,22.165838934000075],[113.558604363000086,22.163031317000044]]}},
{"type":"Feature","properties":{"featurecla":"Coastline","scalerank":0,"min_zoom":0.0,"historical_claim":false,"geometry_status":"modern_physical_reference","source_id":"source.natural_earth.coastline.10m"},"geometry":{"type":"LineString","coordinates":[[113.536468946000014,22.217067776000071],[113.538910352000016,22.220770575000078],[113.544525587000066,22.217678127000056],[113.544525587000066,22.216131903000083],[113.550710483000103,22.213853257000039],[113.553802931000064,22.21149323100008],[113.555593295000108,22.207546291000092],[113.556813998000052,22.203558661000049],[113.551524285000028,22.204413153000083],[113.548431837000066,22.202053127000084],[113.549164259,22.199733791000085],[113.550710483000103,22.198960679000038],[113.557139519000103,22.202460028000075],[113.553802931000064,22.196641343000064],[113.553802931000064,22.195868231000087],[113.552256707000083,22.197414455000061],[113.550710483000103,22.195868231000087],[113.551524285000028,22.194199937000079],[113.551524285000028,22.191880601000037],[113.551524285000028,22.191107489000068],[113.551524285000028,22.189561265000062],[113.548431837000066,22.188055731000087],[113.542979363000086,22.184190171000065],[113.539886915000011,22.182643947000091],[113.535980665000011,22.182643947000091],[113.53288821700005,22.178697007000046],[113.528900587000066,22.178697007000036],[113.524831576,22.173814195000102],[113.524750196000014,22.173732815000054],[113.519867384000023,22.183701890000069],[113.519867384000023,22.183742580000068],[113.520192905000044,22.184881903000083],[113.522146030000044,22.190497137000072],[113.524831576,22.193060614000064],[113.525401238000086,22.193630276000071],[113.530365431000064,22.201524156000065],[113.535248243000083,22.207546291000106],[113.533702019000089,22.210760809000089],[113.532074415000011,22.210760809000089],[113.53288821700005,22.209173895000049],[113.527354363000086,22.207546291000092],[113.524343295000108,22.212551174000055],[113.528900587000066,22.213853257000039],[113.528900587000066,22.214626369000065],[113.535248243000083,22.214626369000079],[113.536468946000014,22.217067776000071]]}},
{"type":"Feature","properties":{"featurecla":"Coastline","scalerank":5,"min_zoom":6.0,"historical_claim":false,"geometry_status":"modern_physical_reference","source_id":"source.natural_earth.coastline.10m"},"geometry":{"type":"LineString","coordinates":[[114.137380405000044,22.178778387000072],[114.110850457000083,22.177069403000083],[114.114105665000011,22.185736395000042],[114.114105665000011,22.216131903000093],[114.104258660000028,22.215969143000052],[114.106374545000108,22.222398179000042],[114.10670006600003,22.23578522300004],[114.113291863000086,22.233343817000023],[114.117442254000025,22.221869208000044],[114.125743035000028,22.213446356000084],[114.132823113000086,22.216131903000083],[114.132823113000086,22.209947007000043],[114.125743035000028,22.205226955000061],[114.138194207000083,22.206040757000039],[114.14966881600003,22.206040757000039],[114.154633009,22.20359935100004],[114.143077019000089,22.196112372000076],[114.139089389000105,22.191107489000046],[114.145355665000011,22.178697007000061],[114.137380405000044,22.178778387000072]]}},
{"type":"Feature","properties":{"featurecla":"Coastline","scalerank":1,"min_zoom":4.0,"historical_claim":false,"geometry_status":"modern_physical_reference","source_id":"source.natural_earth.coastline.10m"},"geometry":{"type":"LineString","coordinates":[[114.215586785000028,22.28563060100003],[114.221771681000064,22.279364325000056],[114.228119337000066,22.280910549000051],[114.235850457000083,22.277818101000044],[114.243662957000083,22.264593817000044],[114.251475457000083,22.259059963000091],[114.251475457000083,22.248887437000068],[114.245290561000047,22.241888739000029],[114.249034050000091,22.232530015000055],[114.253754102000016,22.223985093000074],[114.249034050000091,22.222398179000042],[114.256114129000025,22.20359935100004],[114.243662957000083,22.201280015000059],[114.240489129000025,22.205226955000061],[114.232758009,22.21149323100008],[114.232676629000039,22.221991278000068],[114.229502800000091,22.233587958000044],[114.2226668630001,22.238836981000084],[114.216807488000086,22.234320380000042],[114.2226668630001,22.232530015000062],[114.2226668630001,22.224758205000079],[114.218679233000103,22.223985093000074],[114.211761915000011,22.216131903000083],[114.218679233000103,22.206000067000044],[114.215586785000028,22.198960679000038],[114.219493035000028,22.191880601000037],[114.207692905000044,22.189561265000044],[114.206065300000091,22.205226955000061],[114.209320509,22.207546291000092],[114.206553582000083,22.212388414000092],[114.196055535000028,22.207546291000092],[114.191416863000086,22.209947007000054],[114.196055535000028,22.215318101000047],[114.189056837000066,22.21922435100003],[114.193695509,22.225531317000044],[114.191416863000086,22.230983791000082],[114.182709181000064,22.232530015000055],[114.183848504000025,22.241034247000076],[114.17115319100003,22.233303127000056],[114.167246941000045,22.22785065300009],[114.164886915000011,22.227850653000079],[114.162608269000089,22.233303127000056],[114.160980665000011,22.240383205000054],[114.152191602000016,22.245021877000038],[114.13599694100003,22.245754299000041],[114.129079623000052,22.248887437000068],[114.125010613000086,22.256740627000077],[114.123545769000089,22.261379299000044],[114.11882571700005,22.269191799000069],[114.11255944100003,22.271511135000079],[114.113373243000069,22.277818101000044],[114.115651889000119,22.279364325000071],[114.120453321000014,22.281683661000049],[114.129079623000052,22.285630601000022],[114.139089389000105,22.288723049000069],[114.149912957000083,22.285630601000022],[114.157074415000011,22.281683661000034],[114.16570071700005,22.279364325000071],[114.178884311000061,22.279364325000071],[114.188161655000044,22.287176825000074],[114.196787957000083,22.291856187000064],[114.206390821000014,22.288234768000049],[114.215586785000028,22.28563060100003]]}},
{"type":"Feature","properties":{"featurecla":"Coastline","scalerank":1,"min_zoom":3.0,"historical_claim":false,"geometry_status":"modern_physical_reference","source_id":"source.natural_earth.coastline.10m"},"geometry":{"type":"LineString","coordinates":[[113.846446160000028,22.197088934000067],[113.839203321000028,22.204901434000071],[113.8379012380001,22.217962958000037],[113.837331576,22.228623765000055],[113.839203321000028,22.234198309000078],[113.849213087000066,22.234198309000078],[113.849213087000066,22.244126695000077],[113.856781446000028,22.245998440000051],[113.856781446000028,22.25226471600006],[113.850596550000091,22.256740627000067],[113.850596550000091,22.256781317000069],[113.851084832000083,22.257106838000087],[113.859873894000089,22.263454494000086],[113.866953972000033,22.268988348000036],[113.867605014000119,22.270738023000032],[113.876800977000016,22.272284247000076],[113.883962436000047,22.279364325000056],[113.892507358000103,22.292710679000049],[113.911306186000047,22.292710679000038],[113.921478712000066,22.291856187000064],[113.928396030000044,22.284857489000057],[113.938649936000047,22.288723049000055],[113.961924675000091,22.30117422100005],[113.976735873000052,22.29808177300005],[113.983734571000014,22.309027411000034],[113.992442254000025,22.310573635000079],[113.999522332000083,22.322251695000091],[114.017344597000033,22.335516669000068],[114.020518425000105,22.328517971000078],[114.043793165000011,22.345770575000063],[114.049327019000089,22.342230536000063],[114.054860873000052,22.336330471000032],[114.051768425000091,22.328517971000064],[114.050222201000011,22.319932359000084],[114.04615319100003,22.323146877000077],[114.03834069100003,22.324571031000058],[114.031423373000052,22.324571031000058],[114.029633009,22.308986721000053],[114.012705925000091,22.311346747000066],[114.012705925000091,22.29808177300005],[114.022146030000044,22.301906643000059],[114.0175887380001,22.289048570000087],[114.018890821000028,22.264593817000051],[114.004161004000025,22.264593817000044],[113.99537194100003,22.267767645000049],[114.007253451,22.25210195500004],[113.992442254000025,22.241197007000025],[114.014984571000014,22.227077541000089],[114.000173373000052,22.216131903000083],[113.981944207000083,22.20823802300005],[113.980642123000052,22.215318101000047],[113.980642123000052,22.237250067000044],[113.969086134,22.237250067000044],[113.959564649000072,22.237250067000044],[113.945648634,22.23725006700003],[113.928396030000044,22.223985093000074],[113.921478712000066,22.223985093000081],[113.918304884,22.219224351000047],[113.928396030000044,22.216905015000041],[113.928396030000044,22.210760809000089],[113.919118686000047,22.205023505000046],[113.9062606130001,22.20400625200007],[113.894053582000083,22.215318101000047],[113.892507358000103,22.222398179000059],[113.883962436000047,22.219997463000091],[113.873708530000044,22.21308014500006],[113.859141472000033,22.201402085000044],[113.846446160000028,22.197088934000067]]}},
{"type":"Feature","properties":{"featurecla":"Coastline","scalerank":1,"min_zoom":0.0,"historical_claim":false,"geometry_status":"modern_physical_reference","source_id":"source.natural_earth.coastline.10m"},"geometry":{"type":"LineString","coordinates":[[114.229828321000014,22.555812893000073],[114.234711134,22.556179104000091],[114.227224155000044,22.547064520000074],[114.222178582000083,22.541449286000038],[114.214854363000086,22.534491278000075],[114.209971550000091,22.534491278000068],[114.209320509,22.523708401000086],[114.217946811000047,22.526027736000078],[114.218679233000103,22.529852606000073],[114.230397983000103,22.532945054000038],[114.234304233000117,22.536932684000092],[114.242035352000016,22.550197658000073],[114.245941602000016,22.550970770000053],[114.249034050000091,22.54783763200005],[114.254567905000059,22.550970770000028],[114.257660352000016,22.54783763200005],[114.253265821000014,22.539455471000039],[114.259206576,22.54079824400009],[114.2656356130001,22.535264390000066],[114.265147332000083,22.528469143000056],[114.270030144000089,22.525580145000056],[114.278005405000044,22.529852606000063],[114.279795769000089,22.526027736000078],[114.279795769000089,22.519720770000053],[114.277679884,22.511664130000039],[114.285166863000086,22.511175848000068],[114.289235873000052,22.505194403000075],[114.29851321700005,22.501003322000088],[114.326589389000105,22.508775132000046],[114.332774285000028,22.511948960000044],[114.335134311000047,22.506415106000077],[114.316335483000103,22.49237702000006],[114.305430535000028,22.483018296000076],[114.293630405000044,22.478257554000045],[114.280446811000047,22.472886460000037],[114.268728061000047,22.465033270000049],[114.264089389000105,22.458075262000101],[114.253754102000016,22.451768296000068],[114.245941602000016,22.451768296000083],[114.231211785000028,22.469794012000072],[114.217133009,22.467352606000087],[114.211761915000011,22.47056712400007],[114.209320509,22.465806382000029],[114.210948113000086,22.4573021510001],[114.215586785000028,22.454982815000065],[114.217133009,22.447943427000034],[114.209971550000091,22.449489651000086],[114.209320509,22.454087632000029],[114.202240431000064,22.458075262000076],[114.190603061000047,22.456529039000099],[114.186696811000047,22.451768296000061],[114.167491082000083,22.448065497000073],[114.176524285000028,22.443223374000073],[114.187510613000086,22.436143296000093],[114.200205925000105,22.428168036000045],[114.211761915000011,22.420599677000038],[114.209971550000091,22.412746486000049],[114.214854363000086,22.40888092700003],[114.209320509,22.398667710000037],[114.215586785000028,22.400336005000042],[114.223399285000028,22.41502513200005],[114.234222852000016,22.424750067000023],[114.238210483000103,22.435370184000078],[114.24382571700005,22.435532945000112],[114.251475457000083,22.430731512000062],[114.267181837000066,22.430731512000076],[114.26937910200003,22.425523179000031],[114.267181837000066,22.415961005000039],[114.272552931000064,22.409654039000099],[114.276459181000078,22.419826565000054],[114.288991733000103,22.426011460000048],[114.276459181000078,22.443996486000039],[114.288991733000103,22.453314520000028],[114.301605665000011,22.456529039000092],[114.300791863000086,22.465033270000049],[114.323741082000097,22.480047919000071],[114.325043165000011,22.475205796000051],[114.330739780000044,22.474107164000092],[114.325043165000011,22.464260158000055],[114.335703972000033,22.461737372000059],[114.338063998000052,22.446356512000083],[114.332774285000028,22.440008856000087],[114.337412957000083,22.431586005000039],[114.342784050000091,22.437689520000049],[114.347585483000103,22.42291901200009],[114.352305535000028,22.423692124000063],[114.351573113000086,22.440985419000086],[114.359873894000089,22.461167710000048],[114.367849155000044,22.454982815000051],[114.367360873000052,22.446275132000039],[114.370209181000078,22.440008856000087],[114.385752800000091,22.43923574400009],[114.399750196000014,22.436143296000068],[114.397390170000108,22.428412177000038],[114.401296420000108,22.412746486000056],[114.389333530000044,22.41791413000005],[114.381765170000108,22.419053453000036],[114.370209181000078,22.397975979000083],[114.375010613000086,22.400539455000054],[114.384938998000052,22.387355861000074],[114.389740431000064,22.365952867000097],[114.386566602000016,22.365220445000112],[114.385752800000091,22.370184637000097],[114.376394076,22.370632229000076],[114.379486524000072,22.362087307000078],[114.375580274000086,22.353461005000028],[114.370209181000078,22.348822333000058],[114.360850457000083,22.345770575000063],[114.357595248000052,22.332424221000053],[114.352305535000028,22.339463609000067],[114.352305535000028,22.351914781000062],[114.341970248000052,22.345770575000063],[114.339040561000047,22.352687893000045],[114.332774285000028,22.359767971000046],[114.334320509,22.37531159100007],[114.320404493000069,22.380764065000065],[114.318614129000025,22.38939036700009],[114.310069207000083,22.383775132000036],[114.30005944100003,22.381577867000107],[114.285980665000011,22.390977281000058],[114.278005405000044,22.390977281000058],[114.268728061000047,22.378444729000083],[114.273366733000103,22.363633531000065],[114.279795769000089,22.355007229000069],[114.276459181000078,22.348049221000039],[114.267181837000066,22.355780341000056],[114.266368035000028,22.365952867000097],[114.258392774000072,22.362087307000078],[114.25554446700005,22.355902411000049],[114.265798373000052,22.346340236000056],[114.272552931000064,22.320705471000057],[114.277191602000016,22.319199937000061],[114.291270379000025,22.316555080000054],[114.292084181000064,22.305161851000051],[114.295990431000064,22.305161851000051],[114.303884311000047,22.306708075000071],[114.311615431000064,22.297308661000052],[114.305674675000091,22.290757554000027],[114.297699415000011,22.28563060100003],[114.290537957000083,22.287949937000068],[114.288991733000103,22.287176825000074],[114.289724155000044,22.281683661000049],[114.289561394000089,22.273911851000033],[114.30005944100003,22.277044989000043],[114.303151889000105,22.269191799000055],[114.303151889000105,22.262152411000049],[114.296722852000016,22.258286851000037],[114.288991733000103,22.264593817000044],[114.278330925000091,22.270453192000051],[114.279795769000089,22.279364325000071],[114.273366733000103,22.295762437000054],[114.264821811000061,22.301947333000044],[114.2656356130001,22.309800523000046],[114.266368035000028,22.315985419000075],[114.25554446700005,22.322333075000067],[114.251475457000083,22.305161851000051],[114.253021681000064,22.295762437000054],[114.238942905000044,22.281683661000034],[114.228119337000066,22.291856187000064],[114.211761915000011,22.310573635000079],[114.214854363000086,22.30117422100005],[114.212494337000066,22.30117422100005],[114.195485873000052,22.318264065000051],[114.186534050000091,22.308742580000061],[114.191416863000086,22.301947333000044],[114.191416863000086,22.298895575000074],[114.183685743000069,22.301947333000044],[114.181651238000086,22.294419664000095],[114.176524285000028,22.291083075000078],[114.171885613000086,22.288723049000069],[114.167246941000045,22.294175523000039],[114.168223504000025,22.305487372000073],[114.16570071700005,22.310573635000079],[114.164886915000011,22.315212307000085],[114.159515821000014,22.315212307000085],[114.159515821000014,22.322251695000091],[114.152191602000016,22.328517971000064],[114.138194207000083,22.336004950000088],[114.124359571000014,22.342230536000041],[114.123545769000089,22.337144273000032],[114.113373243000069,22.352687893000045],[114.11101321700005,22.365952867000082],[114.104828321000028,22.369859117000068],[114.097504102000016,22.363023179000034],[114.079112175000091,22.365952867000097],[114.078298373000052,22.362860419000075],[114.070404493000069,22.362860419000075],[114.067230665000011,22.35899485900007],[114.057953321000014,22.361314195000094],[114.050222201000011,22.35899485900007],[114.039886915000011,22.355007229000083],[114.020518425000105,22.350368557000088],[114.014984571000014,22.35346100500005],[114.014984571000014,22.35899485900007],[113.998627149000086,22.35899485900007],[113.99187259200005,22.36408112200008],[113.982676629000025,22.366766669000086],[113.976735873000052,22.379217841000074],[113.972911004000025,22.379990953000071],[113.970632358000103,22.387071031000087],[113.964366082000097,22.380682684000092],[113.9746199880001,22.372056382000018],[113.954925977000016,22.369859117000061],[113.944834832000083,22.362087307000078],[113.930674675000091,22.369086005000046],[113.925954623000067,22.36908600500006],[113.914398634,22.376125393000049],[113.918304884,22.387844143000052],[113.910573764000119,22.398667710000037],[113.896983269000089,22.40875885600008],[113.90943444100003,22.418605861000064],[113.930674675000091,22.419826565000054],[113.941009962000066,22.426784572000098],[113.954112175000091,22.449489651000086],[113.977549675000091,22.458848374000063],[113.998627149000086,22.488552151000082],[114.004893425000091,22.488552151000082],[114.012705925000091,22.486110744000097],[114.011729363000086,22.480047919000071],[114.011159701,22.472886460000044],[114.014984571000014,22.475205796000051],[114.026784701,22.478257554000045],[114.029877149000072,22.478257554000031],[114.031423373000052,22.482245184000078],[114.030609571000014,22.487656968000067],[114.030609571000014,22.495510158000062],[114.04224694100003,22.501003322000088],[114.057953321000014,22.50486888200005],[114.06177819100003,22.508775132000036],[114.065765821000014,22.515855210000044],[114.073496941000045,22.518174546000079],[114.078298373000052,22.519720770000053],[114.085297071000014,22.522935289000085],[114.082367384,22.529364325000081]]}},
{"type":"Feature","properties":{"featurecla":"Coastline","scalerank":6,"min_zoom":6.0,"historical_claim":false,"geometry_status":"modern_physical_reference","source_id":"source.natural_earth.coastline.10m"},"geometry":{"type":"LineString","coordinates":[[113.6233788830001,22.439872186000052],[113.611815789000062,22.43047025200007],[113.61044137500005,22.413337446000078],[113.612272183000073,22.397961588000037],[113.621186661000024,22.391419027000051],[113.631449491000012,22.396102116000069],[113.642346963000023,22.400189681000082],[113.642421958,22.411420603000074],[113.653293261000044,22.413728444000075],[113.657824572000095,22.423751330000066],[113.657869708000021,22.432023345000065],[113.649595484000088,22.438565703000055],[113.634883211000101,22.438044736000052],[113.6233788830001,22.439872186000052]]}},
{"type":"Feature","properties":{"featurecla":"Coastline","scalerank":6,"min_zoom":6.0,"historical_claim":false,"geometry_status":"modern_physical_reference","source_id":"source.natural_earth.coastline.10m"},"geometry":{"type":"LineString","coordinates":[[90.43523196700005,22.041205145000045],[90.428477410000028,22.048041083000044],[90.415537957000083,22.038316148000032],[90.411875847000047,22.028713283000066],[90.414235873000052,21.997137762000072],[90.411875847000047,21.976019598000075],[90.406423373000052,21.96336497600004],[90.39975019600007,21.952948309000082],[90.394297722000033,21.938788153000079],[90.394541863000029,21.921454169000061],[90.402354363000029,21.906887111000053],[90.415537957000083,21.900539455000068],[90.431895379000082,21.907782294000075],[90.454844597000047,21.93305084800005],[90.476328972000033,21.945013739000029],[90.486175977000073,21.976792710000044],[90.473317905000044,22.003648179000049],[90.43523196700005,22.041205145000045]]}},
{"type":"Feature","properties":{"featurecla":"Coastline","scalerank":6,"min_zoom":6.0,"historical_claim":false,"geometry_status":"modern_physical_reference","source_id":"source.natural_earth.coastline.10m"},"geometry":{"type":"LineString","coordinates":[[90.387461785000028,22.048041083000033],[90.373871290000068,22.04555898600006],[90.358653191000045,22.022691148000035],[90.345876498000052,21.993597723000047],[90.339610222000033,21.972316799000055],[90.345957879000082,21.972316799000055],[90.35279381600003,21.992987372000094],[90.381114129000082,22.023098049000048],[90.387461785000028,22.048041083000033]]}},
{"type":"Feature","properties":{"featurecla":"Coastline","scalerank":5,"min_zoom":6.0,"historical_claim":false,"geometry_status":"modern_physical_reference","source_id":"source.natural_earth.coastline.10m"},"geometry":{"type":"LineString","coordinates":[[90.544444207000083,22.061672268000049],[90.508962436000047,22.033148505000042],[90.50359134200005,22.024115302000052],[90.504649285000028,22.010484117000097],[90.50904381600003,21.99941640800008],[90.519541863000029,21.994696356000098],[90.538340691000045,22.000230210000041],[90.559743686000047,22.02374909100007],[90.568695509000065,22.058091539000102],[90.574554884000065,22.096136786000034],[90.586192254000082,22.130560614000046],[90.591807488000029,22.119086005000046],[90.59343509200005,22.112534898000039],[90.593516472000033,22.102606512000094],[90.613454623000067,22.164048570000105],[90.604502800000034,22.165594794000064],[90.592784050000034,22.159409898000046],[90.581065300000034,22.148871161000041],[90.572520379000082,22.137396552000062],[90.560069207000083,22.137681382000032],[90.533457879000082,22.110052802000027],[90.52084394600007,22.102606512000079],[90.503103061000047,22.096340236000049],[90.491709832000083,22.080145575000081],[90.48560631600003,22.058335679000024],[90.48365319100003,22.034979559000078],[90.48991946700005,22.034979559000078],[90.49537194100003,22.044989325000071],[90.538340691000045,22.068508205000061],[90.544444207000083,22.061672268000049]]}},
{"type":"Feature","properties":{"featurecla":"Coastline","scalerank":6,"min_zoom":6.0,"historical_claim":false,"geometry_status":"modern_physical_reference","source_id":"source.natural_earth.coastline.10m"},"geometry":{"type":"LineString","coordinates":[[90.941742384000065,22.205023505000032],[90.935557488000029,22.212469794000075],[90.927500847000033,22.19025299700008],[90.920258009000065,22.160060940000058],[90.91920006600003,22.132147528000075],[90.92937259200005,22.116888739000053],[90.948985222000033,22.121649481000077],[90.95671634200005,22.144842841000074],[90.95671634200005,22.198879299000055],[90.954112175000034,22.208075262000083],[90.951182488000029,22.212469794000075],[90.947113477000073,22.211615302000038],[90.941742384000065,22.205023505000032]]}},
{"type":"Feature","properties":{"featurecla":"Coastline","scalerank":6,"min_zoom":6.0,"historical_claim":false,"geometry_status":"modern_physical_reference","source_id":"source.natural_earth.coastline.10m"},"geometry":{"type":"LineString","coordinates":[[90.976410352000073,22.185777085000037],[90.987803582000083,22.195379950000074],[90.994802280000044,22.213812567000065],[90.997813347000033,22.235093492000068],[90.996918165000068,22.253485419000071],[90.982920769000032,22.259182033000062],[90.977061394000032,22.239203192000048],[90.976410352000073,22.185777085000037]]}},
{"type":"Feature","properties":{"featurecla":"Coastline","scalerank":5,"min_zoom":3.0,"historical_claim":false,"geometry_status":"modern_physical_reference","source_id":"source.natural_earth.coastline.10m"},"geometry":{"type":"LineString","coordinates":[[91.148847154000066,22.357056968000041],[91.126898793000066,22.374864818000059],[91.092256984000088,22.391338292000047],[91.074800663000076,22.388589827000111],[91.069119534000038,22.311029637000043],[91.068273939000051,22.24073278100008],[91.059092644000032,22.192043361000074],[91.052256707000083,22.175441799000062],[91.03395508300008,22.148779882000056],[91.005111115000034,22.116821943000058],[91.011257169000032,22.102090665000048],[91.022471550000034,22.094875393000049],[91.038584832000083,22.091131903000083],[91.063293649000059,22.089847552000048],[91.082407719000059,22.101382523000041],[91.093689318000031,22.118858822000053],[91.106373953000059,22.121657900000059],[91.120711971000063,22.130301388000088],[91.141467650000038,22.146201361000063],[91.154307488000029,22.169663804000049],[91.160899285000028,22.182074286000045],[91.170576339000036,22.197170808000074],[91.186784662000036,22.227757465000092],[91.181895379000082,22.260321356000077],[91.181407097000033,22.283596096000053],[91.171397332000083,22.319647528000075],[91.156450276000044,22.332078852000048],[91.148847154000066,22.357056968000041]]}},
{"type":"Feature","properties":{"featurecla":"Coastline","scalerank":6,"min_zoom":6.0,"historical_claim":false,"geometry_status":"modern_physical_reference","source_id":"source.natural_earth.coastline.10m"},"geometry":{"type":"LineString","coordinates":[[90.952891472000033,22.226752020000042],[90.990082227000073,22.281398830000047],[90.994395379000082,22.302069403000079],[90.993500196000085,22.322333075000067],[90.98951256600003,22.34076569200003],[90.983897332000083,22.355902411000049],[90.976410352000073,22.363348700000085],[90.96615644600007,22.347398179000027],[90.96021569100003,22.322984117000097],[90.956716342000064,22.277655341000063],[90.950531446000085,22.263617255000071],[90.940196160000028,22.246812242000086],[90.93718509200005,22.232733466000074],[90.952891472000033,22.226752020000042]]}},
{"type":"Feature","properties":{"featurecla":"Coastline","scalerank":6,"min_zoom":6.0,"historical_claim":false,"geometry_status":"modern_physical_reference","source_id":"source.natural_earth.coastline.10m"},"geometry":{"type":"LineString","coordinates":[[90.619639519000032,22.424750067000048],[90.626149936000047,22.406968492000118],[90.633799675000034,22.367621161000031],[90.640147332000083,22.349676825000088],[90.633311394000046,22.349676825000088],[90.634287957000083,22.339544989000053],[90.63404381600003,22.328355210000048],[90.635020379000082,22.317613023000042],[90.640147332000083,22.308742580000061],[90.646739129000082,22.326076565000047],[90.640391472000033,22.366034247000083],[90.647471550000034,22.383775132000036],[90.650157097000033,22.376166083000047],[90.661143425000049,22.355902411000049],[90.658702019000032,22.379543361000035],[90.64771569100003,22.407212632000043],[90.633148634000065,22.431626695000109],[90.619639519000032,22.445257880000042],[90.614431186000047,22.449042059000082],[90.607595248000052,22.450344143000052],[90.601573113000029,22.448309637000076],[90.599131707000083,22.442124742000086],[90.601410352000073,22.429185289000102],[90.606944207000083,22.427435614000061],[90.613617384000079,22.428615627000056],[90.619639519000032,22.424750067000048]]}},
{"type":"Feature","properties":{"featurecla":"Coastline","scalerank":5,"min_zoom":0.0,"historical_claim":false,"geometry_status":"modern_physical_reference","source_id":"source.natural_earth.coastline.10m"},"geometry":{"type":"LineString","coordinates":[[90.790552519000073,22.495333023000072],[90.76694021600008,22.517531391000098],[90.754507385000068,22.548434354000069],[90.74697855800008,22.596906803000092],[90.731271613000047,22.620527278000051],[90.715507023000043,22.638283560000051],[90.701369487000079,22.66189841700011],[90.684095252000091,22.694372801000043],[90.67154649400004,22.722410315000044],[90.66061944900008,22.757804896000039],[90.650563998000052,22.787420966000084],[90.631032748000052,22.785630601000037],[90.613454623000067,22.781683661000031],[90.596202019000032,22.775376695000091],[90.585459832000083,22.768052476000022],[90.578623894000032,22.757025458000037],[90.55632571700005,22.67470937700006],[90.55396569100003,22.639797268000056],[90.558767123000052,22.602932033000059],[90.574961785000028,22.598863023000018],[90.631358269000032,22.561590887000062],[90.647471550000034,22.548285223000047],[90.658946160000028,22.524400132000036],[90.670583530000044,22.463853257000014],[90.681813998000067,22.445257880000042],[90.681813998000067,22.439032294000075],[90.677744988000029,22.426703192000044],[90.679942254000082,22.407171942000044],[90.687998894000032,22.377630927000052],[90.681895379000082,22.360419012000087],[90.681813998000067,22.301906643000049],[90.678477410000028,22.282782294000089],[90.67351321700005,22.266424872000069],[90.631846550000034,22.182114976000022],[90.622243686000047,22.145086981000087],[90.633311394000046,22.123114325000063],[90.618988477000087,22.101304429000045],[90.607758009000065,22.072333075000081],[90.603526238000029,22.044012762000055],[90.610036655000044,22.024115302000052],[90.625987175000034,22.027167059000071],[90.681813998000067,22.102606512000079],[90.669932488000029,22.074937242000093],[90.651215040000068,22.044623114000053],[90.639414910000042,22.016099351000033],[90.647471550000034,21.99404531500004],[90.657725457000083,21.992865302000045],[90.670420769000032,21.997707424000044],[90.68287194100003,22.003973700000063],[90.691661004000082,22.007025458000022],[90.717784050000034,22.048407294000075],[90.727061394000032,22.053697007000046],[90.750010613000029,22.075995184000092],[90.755869988000029,22.065985419000071],[90.757334832000083,22.061672268000049],[90.77475019600007,22.075913804000034],[90.827891472000033,22.152411200000074],[90.836192254000082,22.178168036000034],[90.835022009000056,22.339615964000085],[90.855024091000075,22.434665140000039],[90.834636880000062,22.458295610000057],[90.790552519000073,22.495333023000072]]}},
{"type":"Feature","properties":{"featurecla":"Coastline","scalerank":6,"min_zoom":6.0,"historical_claim":false,"geometry_status":"modern_physical_reference","source_id":"source.natural_earth.coastline.10m"},"geometry":{"type":"LineString","coordinates":[[90.647471550000034,22.424750067000023],[90.65365644600007,22.431057033000062],[90.657074415000068,22.433661200000067],[90.66732832100007,22.439032294000075],[90.667002800000034,22.458441473000057],[90.66529381600003,22.46914297100005],[90.661143425000049,22.480047919000086],[90.656016472000033,22.480698960000044],[90.653493686000047,22.483465887000079],[90.647471550000034,22.424750067000023]]}},
{"type":"Feature","properties":{"featurecla":"Coastline","scalerank":6,"min_zoom":6.0,"historical_claim":false,"geometry_status":"modern_physical_reference","source_id":"source.natural_earth.coastline.10m"},"geometry":{"type":"LineString","coordinates":[[91.158618605000072,22.503423074000061],[91.123562150000055,22.489145564000079],[91.113709660000055,22.46141485000005],[91.134163288000082,22.449480400000091],[91.159533241000076,22.450674247000059],[91.180244454000047,22.459238753000072],[91.201017198000059,22.472195996000032],[91.210830486000077,22.495521457000056],[91.199987966000037,22.514694415000058],[91.158618605000072,22.503423074000061]]}},
{"type":"Feature","properties":{"featurecla":"Coastline","scalerank":5,"min_zoom":3.0,"historical_claim":false,"geometry_status":"modern_physical_reference","source_id":"source.natural_earth.coastline.10m"},"geometry":{"type":"LineString","coordinates":[[91.46755661400006,22.586309651000061],[91.446764587000089,22.576303983000066],[91.423786399000051,22.525301950000088],[91.429658286000063,22.493002901000082],[91.446517271000062,22.453242453000104],[91.476052165000056,22.413317257000074],[91.507519217000038,22.39679658800009],[91.555179078000037,22.402031244000057],[91.56363308400006,22.435621052000023],[91.556360625000096,22.478210170000072],[91.46755661400006,22.586309651000061]]}},
{"type":"Feature","properties":{"featurecla":"Coastline","scalerank":5,"min_zoom":6.0,"historical_claim":false,"geometry_status":"modern_physical_reference","source_id":"source.natural_earth.coastline.10m"},"geometry":{"type":"LineString","coordinates":[[90.645253503000049,22.849289349000045],[90.626760276000027,22.857215927000098],[90.606618686000047,22.87726471600006],[90.592295769000032,22.881903387000097],[90.552744988000029,22.881740627000031],[90.544444207000083,22.880682684000096],[90.537608269000032,22.866766669000054],[90.52116946700005,22.864650783000055],[90.486827019000032,22.870428778000083],[90.473399285000028,22.865139065000047],[90.46607506600003,22.851752020000063],[90.463145379000082,22.834051825000078],[90.462657097000033,22.815822658000052],[90.465668165000068,22.788072007000054],[90.46420332100007,22.778876044000079],[90.455739780000044,22.767401434000078],[90.482920769000032,22.759751695000073],[90.492849155000044,22.753241278000068],[90.496755405000059,22.743150132000032],[90.498220248000052,22.733832098000047],[90.510961293000037,22.722723883000075],[90.520992829000093,22.711765344000082],[90.534612117000052,22.728775291000087],[90.529677236000055,22.744363068000023],[90.53155868500005,22.769236749000083],[90.546560092000064,22.78367747600004],[90.56177819100003,22.788804429000017],[90.590955634000068,22.813918922000088],[90.628052252000032,22.812082197000063],[90.662364129000082,22.805487372000062],[90.678233269000032,22.808335679000034],[90.663629592000063,22.828918033000026],[90.645253503000049,22.849289349000045]]}},
{"type":"Feature","properties":{"featurecla":"Coastline","scalerank":5,"min_zoom":4.0,"historical_claim":false,"geometry_status":"modern_physical_reference","source_id":"source.natural_earth.coastline.10m"},"geometry":{"type":"LineString","coordinates":[[90.66732832100007,22.953029690000044],[90.66732832100007,22.959173895000049],[90.645355665000068,22.974839585000044],[90.607269727000073,23.018133856000077],[90.586192254000082,23.034898179000042],[90.561289910000028,23.032619533000062],[90.528005405000044,23.007635809000085],[90.508067254000082,22.975775458000047],[90.524099155000044,22.953029690000044],[90.53451582100007,22.951239325000071],[90.561696811000047,22.951564846000068],[90.572520379000082,22.953029690000054],[90.581228061000047,22.956529039000102],[90.584727410000028,22.96039459800005],[90.588715040000068,22.962062893000063],[90.599131707000083,22.959173895000049],[90.607676629000082,22.95258209800005],[90.619639519000032,22.93252187700007],[90.627126498000052,22.925034898000046],[90.636241082000083,22.92133209800005],[90.66732832100007,22.918198960000048],[90.662364129000082,22.927801825000071],[90.654633009000065,22.937323309000092],[90.644704623000052,22.945990302000041],[90.633311394000046,22.953029690000044],[90.641612175000034,22.952297268000049],[90.66732832100007,22.953029690000044]]}},
{"type":"Feature","properties":{"featurecla":"Coastline","scalerank":6,"min_zoom":6.0,"historical_claim":false,"geometry_status":"modern_physical_reference","source_id":"source.natural_earth.coastline.10m"},"geometry":{"type":"LineString","coordinates":[[90.510427280000044,23.069037177000045],[90.502452019000032,23.064886786000056],[90.494395379000082,23.062933661000045],[90.455739780000044,23.062811591000074],[90.460948113000043,23.048488674000048],[90.469493035000028,23.007635809000099],[90.47779381600003,23.012396552000055],[90.500173373000052,23.038031317000048],[90.515635613000029,23.051947333000054],[90.517100457000083,23.059312242000107],[90.510427280000044,23.069037177000045]]}},
{"type":"Feature","properties":{"featurecla":"Coastline","scalerank":6,"min_zoom":5.0,"historical_claim":false,"geometry_status":"modern_physical_reference","source_id":"source.natural_earth.coastline.10m"},"geometry":{"type":"LineString","coordinates":[[90.524099155000044,23.322251695000087],[90.529551629000082,23.333563544000068],[90.549571160000028,23.326239325000056],[90.586192254000082,23.301743882000036],[90.577647332000083,23.323635158000069],[90.539398634000065,23.350002346000078],[90.491872592000064,23.373032945000084],[90.455739780000044,23.38495514500007],[90.429698113000029,23.385158596000078],[90.426605665000068,23.375962632000043],[90.437266472000033,23.361802476000051],[90.468760613000029,23.331610419000071],[90.487071160000028,23.319037177000041],[90.506114129000082,23.314195054000038],[90.524099155000044,23.322251695000087]]}},
{"type":"Feature","properties":{"featurecla":"Coastline","scalerank":5,"min_zoom":3.0,"historical_claim":false,"geometry_status":"modern_physical_reference","source_id":"source.natural_earth.coastline.10m"},"geometry":{"type":"LineString","coordinates":[[113.546759202000089,22.741884151000058],[113.525501219000034,22.744872770000093],[113.502080464000073,22.736111940000058],[113.476539449000029,22.73126768100008],[113.476511416000108,22.719514324000059],[113.491368135000016,22.705773852000046],[113.52533118000008,22.683182073000076],[113.562427151000065,22.655683249000059],[113.602609574000098,22.611521289000056],[113.6280148190001,22.595784940000041],[113.641831517000028,22.601623679000063],[113.645109717000082,22.625115360000049],[113.635686524000107,22.65647495100006],[113.603939094,22.684951690000059],[113.575321735000102,22.698734278000085],[113.573203943000067,22.70069774500007],[113.563707368,22.720302998000086],[113.55950467400011,22.734999722000062],[113.546759202000089,22.741884151000058]]}},
{"type":"Feature","properties":{"featurecla":"Coastline","scalerank":5,"min_zoom":4.0,"historical_claim":false,"geometry_status":"modern_physical_reference","source_id":"source.natural_earth.coastline.10m"},"geometry":{"type":"LineString","coordinates":[[113.593516472000033,22.784816799000055],[113.587657097000047,22.794623114000061],[113.576426629000025,22.823919989000043],[113.573008660000028,22.830064195000091],[113.546722852000016,22.83486562700006],[113.52702884200005,22.846625067000037],[113.487803582000083,22.892808335000041],[113.475596550000091,22.900702216000067],[113.432953321000014,22.912014065000072],[113.405121290000011,22.908107815000058],[113.39616946700005,22.898098049000058],[113.402110222000033,22.882879950000078],[113.434092644000089,22.849066473000068],[113.455902540000011,22.830755927000048],[113.473155144000089,22.825384833000047],[113.473968946000014,22.849310614000068],[113.480804884,22.849310614000043],[113.495290561000047,22.813869533000062],[113.506114129000025,22.798041083000033],[113.52116946700005,22.787909247000087],[113.52857506600003,22.802150783000055],[113.535655144000089,22.784328518000052],[113.54460696700005,22.768784898000039],[113.55827884200005,22.757879950000074],[113.579844597000033,22.753729559000082],[113.594574415000011,22.756089585000041],[113.602793816000045,22.762640692000069],[113.602875196000014,22.772447007000036],[113.593516472000033,22.784816799000055]]}},
{"type":"Feature","properties":{"featurecla":"Coastline","scalerank":6,"min_zoom":6.0,"historical_claim":false,"geometry_status":"modern_physical_reference","source_id":"source.natural_earth.coastline.10m"},"geometry":{"type":"LineString","coordinates":[[113.529209751000053,22.960353838000046],[113.515375838000068,22.969220349000054],[113.505753500000083,22.951609447000063],[113.509959735000052,22.921216480000066],[113.52375724500007,22.896679122000094],[113.545013691,22.879960560000097],[113.553541515,22.885811368000059],[113.55359928200005,22.911280871000091],[113.545139775000067,22.937762314000061],[113.529185923,22.948594041000053],[113.529209751000053,22.960353838000046]]}},
{"type":"Feature","properties":{"featurecla":"Coastline","scalerank":6,"min_zoom":5.0,"historical_claim":false,"geometry_status":"modern_physical_reference","source_id":"source.natural_earth.coastline.10m"},"geometry":{"type":"LineString","coordinates":[[117.071543816000016,23.473089911000052],[117.070811394000089,23.475327867000075],[117.062998894000103,23.478461005000057],[117.0490833,23.474083690000061],[117.044348432000106,23.464467225000075],[117.037578990000043,23.446900552000042],[117.026857301000078,23.443854630000086],[117.017425977,23.44188060100004],[117.010020379000039,23.438950914000078],[117.000254754000039,23.441555080000079],[116.993907097000033,23.448309637000076],[116.988780144000089,23.455633856000063],[116.982188347000047,23.459458726000051],[116.967634678000067,23.453148053000067],[116.953110066000036,23.442087018000052],[116.942989291,23.43006217900006],[116.948097692000033,23.421805245000094],[116.969344964000015,23.418945631000046],[116.992445150000094,23.419212783000091],[117.004008645,23.419758833000049],[117.015447262000066,23.416249271000069],[117.023936394000074,23.414536851000051],[117.048896803000048,23.404709558000039],[117.082877173000028,23.411144377000095],[117.106944207000083,23.403550523000039],[117.128781320000044,23.399369184000083],[117.137366714,23.419564710000078],[117.141793589000031,23.449653305000083],[117.134090519000097,23.460469009000082],[117.122569207000083,23.465521552000041],[117.125852157000068,23.482691873000086],[117.108944737,23.482294276000058],[117.102147775000049,23.467993079000053],[117.090327731,23.461077402000065],[117.071543816000016,23.473089911000052]]}},
{"type":"Feature","properties":{"featurecla":"Coastline","scalerank":6,"min_zoom":6.0,"historical_claim":false,"geometry_status":"modern_physical_reference","source_id":"source.natural_earth.coastline.10m"},"geometry":{"type":"LineString","coordinates":[[120.021860789000016,23.451644407000082],[120.074931840000076,23.500818171000066],[120.115251230000013,23.547911555000031],[120.124769932000063,23.550453797000042],[120.090300909,23.499395950000075],[120.073449973000038,23.483814315000075],[120.062272064000027,23.471279090000071],[120.047912020000012,23.458084713000069],[120.036595385000055,23.450808781000088],[120.019541863000086,23.43838125200006],[120.007656285000053,23.432593713000088],[120.021860789000016,23.451644407000082]]}},
{"type":"Feature","properties":{"featurecla":"Coastline","scalerank":6,"min_zoom":6.0,"historical_claim":false,"geometry_status":"modern_physical_reference","source_id":"source.natural_earth.coastline.10m"},"geometry":{"type":"LineString","coordinates":[[116.995616082000083,23.563544012000087],[116.985850457000083,23.560451565000029],[116.978526238000086,23.559271552000041],[116.974375847000033,23.559393622000087],[116.967539910000042,23.554348049000058],[116.957774285000013,23.544907945000087],[116.94654381600003,23.539455471000064],[116.936045769000103,23.535549221000046],[116.937266472000047,23.526271877000056],[116.950938347000033,23.517401434000096],[116.970957879000025,23.51463450700005],[116.987803582000069,23.524115302000059],[116.992930535000042,23.533880927000045],[116.995860222000033,23.538519598000054],[117.003672722000019,23.546210028000079],[117.009287957000083,23.55499909100007],[117.005137566000045,23.562933661000052],[116.995616082000083,23.563544012000087]]}},
{"type":"Feature","properties":{"featurecla":"Coastline","scalerank":6,"min_zoom":4.0,"historical_claim":false,"geometry_status":"modern_physical_reference","source_id":"source.natural_earth.coastline.10m"},"geometry":{"type":"LineString","coordinates":[[119.647959832000083,23.603461005000028],[119.641856316000045,23.594061591000091],[119.633311394000089,23.593491929000038],[119.621592644000089,23.594671942000058],[119.606293165000011,23.590399481000091],[119.608409050000091,23.594875393000059],[119.61312910200003,23.61029694200003],[119.595469597000019,23.604722398000053],[119.567230665000025,23.588527736000053],[119.559255405000044,23.590399481000077],[119.55241946700005,23.590399481000077],[119.551524285000028,23.576483466000084],[119.55241946700005,23.562486070000091],[119.556407097000033,23.564398505000042],[119.557139519000089,23.56500885600007],[119.557139519000089,23.566107489000046],[119.559255405000044,23.569322007000057],[119.564626498000052,23.561672268000063],[119.570567254000039,23.556057033000066],[119.577891472000033,23.551988023000035],[119.587168816000045,23.548814195000102],[119.573741082000097,23.538763739000043],[119.557383660000028,23.534613348000061],[119.542165561000061,23.537583726000037],[119.531993035000028,23.548814195000091],[119.527110222000033,23.539984442000051],[119.545583530000059,23.523098049000055],[119.563975457000097,23.516587632000039],[119.582367384,23.518947658000084],[119.600108269000074,23.528387762000083],[119.602712436000061,23.532619533000059],[119.606781446000014,23.54682038000005],[119.609711134000023,23.551947333000037],[119.615000847000047,23.55463288000005],[119.625661655000059,23.555812893000066],[119.640635613000086,23.563544012000087],[119.651377800000091,23.561590887000062],[119.661143425000091,23.555731512000076],[119.668467644000089,23.548814195000091],[119.670664910000042,23.559230861000078],[119.665782097000047,23.573309637000079],[119.647959832000083,23.603461005000028]]}},
{"type":"Feature","properties":{"featurecla":"Coastline","scalerank":6,"min_zoom":4.0,"historical_claim":false,"geometry_status":"modern_physical_reference","source_id":"source.natural_earth.coastline.10m"},"geometry":{"type":"LineString","coordinates":[[119.477061394000103,23.603461005000042],[119.476817254000025,23.58681875200007],[119.474457227000016,23.579738674000048],[119.466156446000014,23.576808986000064],[119.456553582000097,23.576157945000091],[119.449473504000039,23.574123440000044],[119.444834832000083,23.569769598000054],[119.442393425000091,23.562486070000091],[119.456553582000097,23.562486070000091],[119.461192254000025,23.565985419000086],[119.466075066000016,23.568060614000057],[119.47193444100003,23.569037177000045],[119.480235222000033,23.569322007000046],[119.491709832000083,23.57103099200009],[119.492849155000044,23.575751044000079],[119.4902449880001,23.582464911000052],[119.490733269000089,23.590399481000077],[119.501231316000045,23.619818427000062],[119.507823113000086,23.632391669000071],[119.517344597000033,23.637600002000056],[119.501312696000014,23.650376695000091],[119.489431186000047,23.639634507000043],[119.477061394000103,23.603461005000042]]}},
{"type":"Feature","properties":{"featurecla":"Coastline","scalerank":6,"min_zoom":4.0,"historical_claim":false,"geometry_status":"modern_physical_reference","source_id":"source.natural_earth.coastline.10m"},"geometry":{"type":"LineString","coordinates":[[119.572601759,23.62767161700009],[119.576833530000044,23.62250397300005],[119.585134311000047,23.624741929000038],[119.590668165000011,23.632798570000102],[119.586924675000105,23.645005601000033],[119.596202019000089,23.653265692000048],[119.591075066000045,23.663519598000043],[119.578868035000042,23.673081773000035],[119.5664168630001,23.679185289000095],[119.545258009,23.66494375200006],[119.561778191000045,23.649847723000043],[119.569346550000091,23.639715887000094],[119.572601759,23.62767161700009]]}},
{"type":"Feature","properties":{"featurecla":"Coastline","scalerank":5,"min_zoom":6.0,"historical_claim":false,"geometry_status":"modern_physical_reference","source_id":"source.natural_earth.coastline.10m"},"geometry":{"type":"LineString","coordinates":[[117.468900667000071,23.753090464000106],[117.447781723000048,23.742251607000078],[117.434825066000045,23.7507184920001],[117.419769727000016,23.754299221000046],[117.413584832000069,23.771673895000049],[117.4043074880001,23.774155992000072],[117.385915561000061,23.774155992000093],[117.37273196700005,23.766750393000063],[117.379242384,23.7468122420001],[117.375661655000044,23.747300523000042],[117.376688890000068,23.728865309000078],[117.342458530000059,23.699652411000052],[117.340505405000044,23.688950914000106],[117.346446160000042,23.684759833000047],[117.356130405000044,23.689398505000021],[117.363942905000059,23.691473700000063],[117.375498894000089,23.689398505000021],[117.386729363000086,23.684881903000072],[117.393728061000047,23.679185289000088],[117.369125311000062,23.622357128000107],[117.337819098000068,23.596462572000071],[117.320482728000016,23.574015926000062],[117.374460060000047,23.572654305000089],[117.431558644,23.582630235000064],[117.423838738000086,23.601996161000045],[117.415375196000014,23.608221747000066],[117.417765549000038,23.627465821000058],[117.421149445000097,23.646464419000022],[117.4326695540001,23.660117014000043],[117.444834832000083,23.66494375200006],[117.46721918500009,23.657933737000061],[117.479835283000057,23.662678062000062],[117.476542910000035,23.689431710000051],[117.484156040000016,23.710793044000074],[117.495941602000016,23.72016022300004],[117.516191276000086,23.716277715000018],[117.526660765000088,23.740106905000069],[117.504161004000025,23.749904690000069],[117.468900667000071,23.753090464000106]]}},
{"type":"Feature","properties":{"featurecla":"Coastline","scalerank":6,"min_zoom":6.0,"historical_claim":false,"geometry_status":"modern_physical_reference","source_id":"source.natural_earth.coastline.10m"},"geometry":{"type":"LineString","coordinates":[[121.947438998000067,21.116156317000048],[121.949066602000016,21.106878973000057],[121.954274936000047,21.118394273000032],[121.950694207000083,21.122381903000075],[121.947438998000067,21.116156317000048]]}},
{"type":"Feature","properties":{"featurecla":"Coastline","scalerank":6,"min_zoom":6.0,"historical_claim":false,"geometry_status":"modern_physical_reference","source_id":"source.natural_earth.coastline.10m"},"geometry":{"type":"LineString","coordinates":[[121.563487175000091,22.044623114000053],[121.560069207000083,22.053534247000069],[121.561371290000025,22.06366608300004],[121.564626498000052,22.072170315000051],[121.566579623000052,22.075995184000082],[121.566579623000052,22.082180080000064],[121.492035352,22.082180080000064],[121.498789910000028,22.07477448100007],[121.502614780000044,22.06655508000005],[121.502777540000011,22.057562567000051],[121.498301629000025,22.048041083000069],[121.513194207000069,22.035060940000051],[121.538910352000016,22.018215236000035],[121.566905144000089,22.007757880000046],[121.587657097000033,22.013861395000053],[121.588877800000091,22.023504950000078],[121.581065300000105,22.032212632000039],[121.563487175000091,22.044623114000053]]}},
{"type":"Feature","properties":{"featurecla":"Coastline","scalerank":6,"min_zoom":6.0,"historical_claim":false,"geometry_status":"modern_physical_reference","source_id":"source.natural_earth.coastline.10m"},"geometry":{"type":"LineString","coordinates":[[121.460703972000033,22.659002997000073],[121.471446160000042,22.641791083000033],[121.481455925000091,22.638088283000066],[121.483164910000013,22.636135158000055],[121.486582879000025,22.635402736000064],[121.493174675000091,22.635402736000064],[121.496104363000072,22.634670315000054],[121.496348504000025,22.638495184000082],[121.494965040000025,22.644191799000076],[121.496348504000025,22.650051174000065],[121.499766472000033,22.655666408000069],[121.502777540000011,22.669501044000079],[121.5000106130001,22.67625560100004],[121.49577884200005,22.678534247000094],[121.457530144000103,22.67593008000005],[121.455414259,22.673814195000123],[121.460703972000033,22.659002997000073]]}},
{"type":"Feature","properties":{"featurecla":"Coastline","scalerank":0,"min_zoom":1.0,"historical_claim":false,"geometry_status":"modern_physical_reference","source_id":"source.natural_earth.coastline.10m"},"geometry":{"type":"LineString","coordinates":[[121.905772332000083,24.950100002000049],[121.926768425000091,24.966620184000078],[122.005381707000083,25.001898505000042],[121.99773196700005,25.010687567000062],[121.983571811000033,25.017157294000071],[121.967539910000042,25.021063544000079],[121.953868035000013,25.022365627000056],[121.927256707000097,25.018703518000063],[121.91920006600003,25.02204010600008],[121.909190300000091,25.036037502000049],[121.899912957000083,25.065985419000079],[121.897227410000042,25.083889065000051],[121.898936394000089,25.093980210000037],[121.905121290000025,25.106594143000045],[121.892832879000025,25.11367422100005],[121.718516472000033,25.152004299000055],[121.703868035000028,25.156887111000074],[121.697520379000039,25.162583726000044],[121.69459069100003,25.166083075000088],[121.680511915000011,25.175034898000053],[121.676442905000059,25.179388739000061],[121.676117384,25.186916408000066],[121.679942254000025,25.193019924000048],[121.683929884,25.197455145000053],[121.684418165,25.200506903000079],[121.676117384,25.202582098000047],[121.664398634000023,25.201361395000042],[121.654144727,25.198797919000068],[121.64966881600003,25.197088934000078],[121.635996941000045,25.222805080000064],[121.597911004000025,25.27142975500005],[121.580821160000028,25.283026434000078],[121.539724155000059,25.287420966000063],[121.497813347000047,25.278753973000061],[121.461273634,25.261908270000053],[121.436289910000042,25.24144114800001],[121.424164259,25.221340236000056],[121.416270379000025,25.203599351000026],[121.413259311000047,25.200425523000035],[121.406016472000047,25.197333075000063],[121.399099155000044,25.1921247420001],[121.39576256600003,25.182806708000026],[121.407399936000047,25.176214911000045],[121.429453972000033,25.155991929000038],[121.443207227000016,25.136419989000061],[121.430023634,25.13157786700009],[121.424082879000039,25.13690827000006],[121.419444207000083,25.146389065000061],[121.412282748000052,25.155462958000051],[121.398936394000089,25.159491278000086],[121.387380405000059,25.159328518000056],[121.37875410200003,25.157945054000038],[121.371755405000059,25.154771226000044],[121.34831790500003,25.137111721000071],[121.330251498000067,25.130682684000082],[121.287445509,25.123683986000088],[121.2109481130001,25.111151434000082],[121.176931186000061,25.10004303600002],[121.159841342000064,25.091620184000075],[121.145762566000045,25.080389716000074],[121.129405144000089,25.071112372000087],[121.059336785000028,25.050238348000054],[121.031993035000042,25.02924225500005],[121.00554446700005,25.000677802000041],[120.971690300000091,24.951768296000076],[120.963877800000105,24.94041575700005],[120.955332879000025,24.919378973000075],[120.952810092000064,24.909247137000094],[120.953623894000089,24.905015367000086],[120.944021030000044,24.90204498900005],[120.933929884,24.894598700000071],[120.926036004000025,24.884711005000053],[120.922862175000105,24.874660549000055],[120.920583530000044,24.861395575000081],[120.914886915,24.853705145000056],[120.914642774000058,24.853420315000072],[120.90805097700003,24.847072658000066],[120.9023543630001,24.836818752000063],[120.906504754000025,24.829087632000032],[120.909027540000025,24.822739976000047],[120.909190300000077,24.816880601000033],[120.906423373000052,24.811468817000051],[120.898122592000036,24.801174221000053],[120.8769637380001,24.761908270000049],[120.871348504000039,24.743231512000069],[120.857676629000011,24.737005927000041],[120.854502800000091,24.730658270000045],[120.84750410200003,24.710842190000065],[120.833343946000014,24.697821356000066],[120.823008660000028,24.685044664000081],[120.826670769000089,24.666083075000078],[120.799327019000103,24.67080312700006],[120.778086785000042,24.665716864000043],[120.760590040000011,24.653957424000058],[120.744639519000089,24.638820705000057],[120.739431186000047,24.630357164000095],[120.735118035000028,24.621242580000061],[120.727875196000014,24.613918361000074],[120.702159050000091,24.607001044000071],[120.696299675000077,24.597723700000063],[120.690196160000028,24.576117255000057],[120.667735222000047,24.540025132000043],[120.659353061000047,24.520697333000047],[120.656016472000033,24.497870184000075],[120.648936394000089,24.483872789000102],[120.621348504000025,24.456000067000048],[120.570811394000103,24.404933986000056],[120.558116082000083,24.38589101800007],[120.547373894000089,24.351548570000098],[120.511973504000039,24.295558986000046],[120.501638217000064,24.252875067000058],[120.493174675000105,24.230658270000045],[120.480642123000038,24.221096096000053],[120.477793816000045,24.209662177000045],[120.475433790000011,24.207098700000078],[120.432302280000044,24.161078192000023],[120.422048373000052,24.152167059000085],[120.418630405000044,24.142523505000046],[120.416351759,24.107489325000085],[120.411875847000033,24.096909898000032],[120.392344597000033,24.082912502000045],[120.387868686000061,24.073309637000079],[120.385508660000028,24.063055731000073],[120.379567905000059,24.058010158000073],[120.371267123000052,24.054348049000051],[120.361827019000089,24.048529364000061],[120.350352410000028,24.038072007000025],[120.340098504000039,24.02179596600006],[120.318125847000047,23.96580638200005],[120.302500847000047,23.938869533000052],[120.29224694100003,23.911932684000071],[120.284434441000045,23.902004299000065],[120.25749759200005,23.878404039000095],[120.252940300000091,23.868068752000056],[120.246755405000044,23.843410549000051],[120.240733269000089,23.83283112200008],[120.219493035000028,23.817938544000068],[120.216563347000047,23.812648830000064],[120.212657097000019,23.803168036000038],[120.189219597000033,23.774807033000052],[120.184418165000025,23.764390367000097],[120.175547722000033,23.733832098000065],[120.170804961000044,23.698901520000049],[120.154229914000112,23.672211863000076],[120.143609007999984,23.638035702000089],[120.140867534000122,23.595262518000087],[120.141689131000021,23.53794659000004],[120.124261533000094,23.52002055000008],[120.125029247000043,23.489611410000066],[120.157543604000011,23.491475715000043],[120.142100457000083,23.473089911000059],[120.1386824880001,23.46426015800008],[120.13209069100003,23.456976630000046],[120.13054446700005,23.450995184000078],[120.142100457000083,23.44578685100004],[120.142100457000083,23.438950914000102],[120.134776238000086,23.42625560100003],[120.150645379000025,23.398138739000053],[120.164577389000101,23.36171145600008],[120.14416428100003,23.361854372000046],[120.130149160000073,23.360960244000076],[120.12077884200005,23.341253973000047],[120.120941602000016,23.329738674000073],[120.130284437,23.329334817000078],[120.137341482000011,23.327734060000083],[120.14576256600003,23.333319403000079],[120.148936394000089,23.322251695000087],[120.143565300000105,23.323879299000055],[120.131179711000087,23.318810078000077],[120.116527217,23.31789740400006],[120.110493538000014,23.303698714000067],[120.12468509200005,23.294989325000078],[120.11491946700005,23.29271067900002],[120.108897332000083,23.286688544000071],[120.096039259000023,23.255357164000088],[120.094248894000089,23.247503973000047],[120.096097504,23.239490892000049],[120.087443713000084,23.230287823000079],[120.082158917000015,23.217292379000067],[120.078623894000089,23.206976630000042],[120.08383222700003,23.195746161000056],[120.086924675000091,23.182033596000043],[120.081879102000016,23.173163153000079],[120.07154381600003,23.169989325000099],[120.062022332000083,23.165025132000022],[120.059418165,23.151027736000056],[120.070078972000047,23.139797268000056],[120.086273634000023,23.126939195000084],[120.089203321000014,23.117743231000063],[120.059418165,23.11749909100006],[120.059418165,23.110663153000058],[120.09498131600003,23.102484442000058],[120.100433790000011,23.096991278000068],[120.096446160000013,23.086411851000026],[120.084727410000042,23.082953192000058],[120.070567254000025,23.081203518000049],[120.059418165,23.07587311400005],[120.054942254000025,23.06777578300008],[120.052419467000036,23.055812893000066],[120.055186394000103,23.043687242000079],[120.066254102000016,23.034898179000042],[120.076670769000089,23.037420966000067],[120.083750847000033,23.047552802000027],[120.09245853000003,23.054754950000074],[120.107920769000089,23.048570054000052],[120.11101321700005,23.039984442000044],[120.109141472000033,23.015448309000085],[120.114105665000025,23.007635809000085],[120.126719597000019,23.00714752800009],[120.13347415500003,23.016546942000037],[120.137461785000028,23.028387762000079],[120.142100457000083,23.034898179000052],[120.166188998000038,23.031724351000033],[120.170258009,23.013373114000039],[120.160166863000086,22.992132880000042],[120.142100457000083,22.980292059000103],[120.156911655000059,22.966538804000049],[120.163828972000033,22.953843492000086],[120.167491082000083,22.931870835000041],[120.175547722000033,22.884100653000051],[120.178477410000028,22.877346096000057],[120.189219597000033,22.860174872000062],[120.191416863000086,22.852036851000033],[120.196462436000033,22.847479559000075],[120.201345248000067,22.844142971000061],[120.203461134,22.839667059000075],[120.202159050000091,22.831244208000044],[120.196462436000033,22.818589585000044],[120.196055535000042,22.808335679000024],[120.199961785000028,22.792466539000095],[120.217539910000013,22.756740627000063],[120.23617597700003,22.729885158000059],[120.246348504000025,22.709906317000051],[120.252126498000067,22.689642645000056],[120.247813347000047,22.675238348000054],[120.239593946000014,22.659084377000074],[120.24577884200005,22.64252350500005],[120.258962436000047,22.627590236000046],[120.293304884000023,22.598293361000081],[120.313487175000091,22.577053127000042],[120.319916212000066,22.565822658000069],[120.327972852,22.551703192000048],[120.33366946700005,22.525946356000073],[120.2851668630001,22.580064195000094],[120.331228061000047,22.519720770000053],[120.3808699880001,22.483872789000078],[120.389008009000023,22.484076239000032],[120.396006707000083,22.486476955000064],[120.402110222000033,22.486802476000033],[120.413259311000061,22.482326565000058],[120.421722852000016,22.477362372000048],[120.439952019000103,22.46259186400005],[120.457204623000052,22.451605536000049],[120.495290561000033,22.434759833000044],[120.511973504000039,22.424750067000048],[120.514414910000028,22.420070705000068],[120.518077019000089,22.406968492000097],[120.522227410000028,22.404282945000105],[120.526377800000091,22.40302155200002],[120.538747592000036,22.396429755000039],[120.569672071000014,22.37384674700008],[120.577321811000047,22.36383698100008],[120.593923373000052,22.329169012000079],[120.615000847000033,22.30499909100006],[120.621267123000067,22.295070705000072],[120.69695071700005,22.113226630000057],[120.694834832000083,22.102606512000094],[120.6855574880001,22.090155341000084],[120.683360222000019,22.079046942000041],[120.683360222000019,22.04120514500006],[120.681895379000025,22.029608466000081],[120.681651238000086,22.022528387000069],[120.683360222000019,22.013861395000045],[120.70435631600003,21.981390692000048],[120.699554884,21.956691799000065],[120.700368686000047,21.948431708000044],[120.714366082000083,21.937486070000084],[120.727305535000042,21.934475002000053],[120.736094597000033,21.94281647300005],[120.737315300000091,21.966131903000097],[120.76742597700003,21.959295966000081],[120.797373894000089,21.946763414000092],[120.823090040000025,21.928615627000049],[120.840342644000074,21.904608466000067],[120.841563347000033,21.925482489000039],[120.836192254000039,21.957709052000045],[120.835703972000019,21.987250067000069],[120.85084069100003,22.000230210000041],[120.863617384,22.008937893000073],[120.873301629000011,22.029974677000045],[120.879242384,22.055812893000056],[120.875987175000091,22.237697658000059],[120.875010613000086,22.289252020000053],[120.881358269000089,22.345933335000023],[120.886566602000016,22.365952867000122],[120.922862175000105,22.424750067000048],[120.94109134200005,22.483628648000067],[120.948252800000105,22.526800848000054],[120.96062259200005,22.547796942000044],[120.991221550000091,22.583075262000087],[121.001149936000033,22.600775458000054],[121.021006707000097,22.647894598000047],[121.029063347000033,22.657538153000075],[121.0390731130001,22.662420966000052],[121.080251498000052,22.704087632000036],[121.141449415000025,22.741766669000068],[121.159353061000047,22.75747304900003],[121.17741946700005,22.77863190300009],[121.1855574880001,22.790961005000046],[121.190277540000011,22.802150783000066],[121.190928582000083,22.81195709800005],[121.188487175000091,22.833929755000042],[121.190277540000011,22.843166408000055],[121.20281009200005,22.856512762000079],[121.255625847000019,22.897772528000079],[121.260508660000013,22.907294012000079],[121.299571160000042,22.959173895000049],[121.307627800000105,22.979803778000079],[121.318858269000089,23.025539455000047],[121.337087436000047,23.055080471000061],[121.343435092000036,23.075384833000051],[121.347422722000033,23.083319403000065],[121.355479363000086,23.09100983300004],[121.37370853000003,23.103216864000046],[121.381602410000042,23.110663153000065],[121.40007571700005,23.145493882000022],[121.403819207000083,23.179266669000068],[121.403330925000105,23.21474844000004],[121.40886478000003,23.254584052000052],[121.416758660000042,23.276068427000045],[121.426768425000091,23.293117580000054],[121.453623894000089,23.325995184000085],[121.46216881600003,23.343003648000035],[121.479502800000105,23.435207424000055],[121.521494988000086,23.658677476000033],[121.539805535000028,23.692816473000057],[121.5703231130001,23.832098700000074],[121.594493035000013,23.891506252000084],[121.606700066000045,23.948065497000094],[121.608164910000042,23.970363674000048],[121.611094597000033,23.982489325000078],[121.625010613000086,24.002386786000038],[121.629161004000025,24.014960028000072],[121.628916863000086,24.026190497000076],[121.625743035000028,24.030951239000075],[121.620778842000064,24.034613348000047],[121.615000847000019,24.042303778000079],[121.608164910000042,24.06049225500005],[121.607432488000072,24.076849677000038],[121.613047722000033,24.092108466000091],[121.641286655000059,24.129868882000046],[121.65219160200003,24.172186591000067],[121.662852410000028,24.193101304000017],[121.672373894000089,24.201483466000067],[121.697764519000089,24.218980210000034],[121.700938347000019,24.224188544000068],[121.698252800000077,24.231512762000079],[121.703868035000028,24.238348700000067],[121.721446160000028,24.251166083000047],[121.745290561000033,24.281236070000105],[121.767425977000016,24.300930080000061],[121.772715691000045,24.30923086100006],[121.771983269000074,24.312933661000049],[121.769297722000033,24.318060614000053],[121.765879754000025,24.323187567000055],[121.763356967000036,24.32579173400007],[121.762543165000011,24.326605536000045],[121.758555535000028,24.332342841000077],[121.760508660000042,24.337103583000037],[121.764333530000044,24.34170156500004],[121.766449415000011,24.347357489000068],[121.768402540000025,24.369370835000023],[121.771494988000086,24.380560614000039],[121.776377800000091,24.388332424000041],[121.780772332000097,24.397609768000066],[121.77914472700003,24.421779690000047],[121.780039910000042,24.43268463700009],[121.806813998000038,24.460638739000032],[121.830414259,24.473130601000047],[121.840017123000052,24.481350002000067],[121.837738477000016,24.491034247000076],[121.83130944100003,24.500392971000064],[121.828379754000039,24.510728257000036],[121.830088738000072,24.519232489000039],[121.85279381600003,24.530991929000031],[121.855967644000089,24.550523179000038],[121.85084069100003,24.57298411700009],[121.840830925000091,24.590318101000037],[121.847911004000025,24.59491608300004],[121.857758009000023,24.59784577000006],[121.869476759,24.598944403000075],[121.881846550000091,24.597805080000064],[121.881846550000091,24.60398997600003],[121.852712436000047,24.608872789000102],[121.827972852000016,24.622788804000042],[121.814952019000089,24.644354559000071],[121.814219597000033,24.672308661000049],[121.819590691000016,24.685980536000049],[121.820323113000086,24.699652411000041],[121.807790561000047,24.753119208000033],[121.806813998000038,24.778753973000061],[121.808848504000039,24.80516185100003],[121.814626498000052,24.831732489000039],[121.823496941000045,24.854925848000043],[121.834727410000028,24.871527411000052],[121.905772332000083,24.950100002000049]]}},
{"type":"Feature","properties":{"featurecla":"Coastline","scalerank":6,"min_zoom":6.0,"historical_claim":false,"geometry_status":"modern_physical_reference","source_id":"source.natural_earth.coastline.10m"},"geometry":{"type":"LineString","coordinates":[[123.002614780000059,24.474310614000043],[122.967946811000047,24.471177476000047],[122.955577019000103,24.473130601000047],[122.94459069100003,24.466253973000036],[122.938161655000044,24.454820054000045],[122.938649936000061,24.444240627000056],[122.947520379000039,24.439520575000078],[122.987803582000083,24.443304755000053],[122.998383009,24.439520575000078],[123.011078321000028,24.447699286000049],[123.01823978000003,24.459295966000077],[123.016368035000042,24.469794012000076],[123.002614780000059,24.474310614000043]]}},
{"type":"Feature","properties":{"featurecla":"Coastline","scalerank":5,"min_zoom":6.0,"historical_claim":false,"geometry_status":"modern_physical_reference","source_id":"source.natural_earth.coastline.10m"},"geometry":{"type":"LineString","coordinates":[[123.606293165000125,25.73899974200015],[123.604665561000175,25.73875560100014],[123.600433790000011,25.739365953000178],[123.60279381600003,25.745469468000088],[123.606293165000125,25.73899974200015]]}},
{"type":"Feature","properties":{"featurecla":"Coastline","scalerank":5,"min_zoom":6.0,"historical_claim":false,"geometry_status":"modern_physical_reference","source_id":"source.natural_earth.coastline.10m"},"geometry":{"type":"LineString","coordinates":[[123.594248894000202,25.752793687000075],[123.59302819100003,25.744370835000073],[123.588633660000141,25.751532294000061],[123.594248894000202,25.752793687000075]]}},
{"type":"Feature","properties":{"featurecla":"Coastline","scalerank":5,"min_zoom":6.0,"historical_claim":false,"geometry_status":"modern_physical_reference","source_id":"source.natural_earth.coastline.10m"},"geometry":{"type":"LineString","coordinates":[[123.559906446,25.756822007000146],[123.558197462000194,25.754339911000102],[123.555593295000108,25.757554428999974],[123.559906446,25.756822007000146]]}},
{"type":"Feature","properties":{"featurecla":"Coastline","scalerank":5,"min_zoom":6.0,"historical_claim":false,"geometry_status":"modern_physical_reference","source_id":"source.natural_earth.coastline.10m"},"geometry":{"type":"LineString","coordinates":[[123.545339389000219,25.761786200000127],[123.528900587000066,25.761786200000127],[123.511485222000147,25.758083401000064],[123.513926629000139,25.769110419000118],[123.531423373000067,25.773342190000058],[123.537445509000122,25.773260809000142],[123.545339389000219,25.761786200000127]]}},
{"type":"Feature","properties":{"featurecla":"Coastline","scalerank":5,"min_zoom":6.0,"historical_claim":false,"geometry_status":"modern_physical_reference","source_id":"source.natural_earth.coastline.10m"},"geometry":{"type":"LineString","coordinates":[[123.620453321,25.774481512000143],[123.620453321,25.773586330000171],[123.618011915,25.774481512000122],[123.620453321,25.774481512000143]]}},
{"type":"Feature","properties":{"featurecla":"Coastline","scalerank":5,"min_zoom":6.0,"historical_claim":false,"geometry_status":"modern_physical_reference","source_id":"source.natural_earth.coastline.10m"},"geometry":{"type":"LineString","coordinates":[[123.595306837000066,25.801906643000116],[123.595469597000033,25.797267971],[123.592377149000185,25.797430731000127],[123.595306837000066,25.801906643000116]]}},
{"type":"Feature","properties":{"featurecla":"Coastline","scalerank":6,"min_zoom":6.0,"historical_claim":false,"geometry_status":"modern_physical_reference","source_id":"source.natural_earth.coastline.10m"},"geometry":{"type":"LineString","coordinates":[[121.074002263000011,27.479483886000089],[121.08314306,27.473018559000081],[121.094337964000047,27.466534876000097],[121.103478723000094,27.460070019000057],[121.103364930000012,27.451879507000061],[121.093123755000079,27.452894441000073],[121.074715802000014,27.456721832000074],[121.066486754000053,27.454983920000107],[121.069451271000048,27.446761769000091],[121.076517034000076,27.438498163000073],[121.067263555000068,27.436770104000058],[121.059159267000041,27.444133394000069],[121.050087625000046,27.45605582800005],[121.046108644000014,27.465199494000025],[121.053402954000049,27.473320017000059],[121.074002263000011,27.479483886000089]]}},
{"type":"Feature","properties":{"featurecla":"Coastline","scalerank":6,"min_zoom":6.0,"historical_claim":false,"geometry_status":"modern_physical_reference","source_id":"source.natural_earth.coastline.10m"},"geometry":{"type":"LineString","coordinates":[[121.181651238000072,27.864650783000062],[121.167979363000086,27.85968659100007],[121.158702019000103,27.858140367000086],[121.153656446000028,27.856431382000014],[121.152598504000025,27.852769273000046],[121.156748894000089,27.848781643000056],[121.149180535000013,27.845770575000081],[121.133067254000025,27.847154039000085],[121.114024285000028,27.844142971000057],[121.096039259,27.827866929000038],[121.097992384000023,27.817816473000061],[121.116384311000061,27.817816473000061],[121.130056186000047,27.820502020000053],[121.138438347000047,27.824855861000053],[121.147471550000091,27.82436758000005],[121.160004102000016,27.818508205000072],[121.171234571000014,27.818793036000031],[121.174815300000091,27.825873114000071],[121.173024936000061,27.841009833000069],[121.17505944100003,27.843695380000042],[121.180349155000059,27.84227122600004],[121.185394727000016,27.843817450000085],[121.187510613000086,27.845933335000034],[121.189300977000016,27.84829336100006],[121.189707879000025,27.855292059000085],[121.188487175000091,27.863714911000049],[121.181651238000072,27.864650783000062]]}},
{"type":"Feature","properties":{"featurecla":"Coastline","scalerank":6,"min_zoom":6.0,"historical_claim":false,"geometry_status":"modern_physical_reference","source_id":"source.natural_earth.coastline.10m"},"geometry":{"type":"LineString","coordinates":[[121.049327019000089,27.950873114000053],[121.071787957000097,27.957261460000044],[121.083343946000028,27.954738674000058],[121.092946811000047,27.947739976000044],[121.103282097000047,27.946193752000049],[121.125824415000025,27.951361395000063],[121.139170769000074,27.956976630000053],[121.139659050000091,27.965765692000041],[121.127452019000103,27.977484442000062],[121.111338738000072,27.983791408000062],[121.080821160000028,27.980658270000021],[121.075694207000083,27.981390692000044],[121.07016035200003,27.98289622600003],[121.064789259,27.981431382000046],[121.045176629000011,27.967474677000052],[121.040212436000061,27.957953192000048],[121.044688347000033,27.951971747000069],[121.049327019000089,27.950873114000053]]}},
{"type":"Feature","properties":{"featurecla":"Coastline","scalerank":5,"min_zoom":3.0,"historical_claim":false,"geometry_status":"modern_physical_reference","source_id":"source.natural_earth.coastline.10m"},"geometry":{"type":"LineString","coordinates":[[121.255530612000044,28.140000892000039],[121.26183975900004,28.16880909900005],[121.270240569000052,28.182290473000084],[121.268893416000083,28.193941892000026],[121.256402506000086,28.214798309000052],[121.230587604000107,28.21973251800005],[121.2109481130001,28.208970445000105],[121.208975572000099,28.200131985000038],[121.204069835000055,28.18970744600006],[121.187531124000088,28.168901841000032],[121.165283255000077,28.150533523000043],[121.134938998000052,28.143052476000037],[121.1250106130001,28.140082098000054],[121.120371941000045,28.135687567000058],[121.127359298000101,28.126556316000066],[121.132329198000079,28.114314296000096],[121.130625847000033,28.103461005000042],[121.137461785000042,28.094183661000056],[121.142751498000067,28.082586981000087],[121.152351456000019,28.078073949000018],[121.155235235000077,28.071368142000026],[121.146733938000011,28.057810957000083],[121.151572802000047,28.041232470000072],[121.166898872000047,28.043081974000064],[121.186400477,28.043700183000059],[121.202441708000052,28.054753871000059],[121.2185124,28.058463349000082],[121.219248894000103,28.067857164000088],[121.231455925000105,28.06500885600007],[121.23812910200003,28.071193752000074],[121.233897332000097,28.079087632000043],[121.23365319100003,28.082424221000053],[121.235687696000028,28.085516669000075],[121.23812910200003,28.092922268000059],[121.247243686000047,28.087795315000047],[121.257090691000045,28.08515045800004],[121.267832879000011,28.084540106000084],[121.279144727,28.085435289000106],[121.285352420000095,28.101945631000042],[121.264535719000037,28.121594912000035],[121.255530612000044,28.140000892000039]]}},
{"type":"Feature","properties":{"featurecla":"Coastline","scalerank":6,"min_zoom":5.0,"historical_claim":false,"geometry_status":"modern_physical_reference","source_id":"source.natural_earth.coastline.10m"},"geometry":{"type":"LineString","coordinates":[[121.957530144000103,29.119533596000057],[121.955414259,29.143500067000048],[121.951914910000028,29.152289130000025],[121.943207227000016,29.161118882000036],[121.926605665000025,29.166734117000072],[121.903330925000091,29.16657135600008],[121.881358269000103,29.16030508000005],[121.868174675000091,29.147406317000055],[121.871592644000103,29.126613674000069],[121.888438347000019,29.110296942000055],[121.900157097000033,29.093736070000087],[121.888682488000086,29.072333075000081],[121.912282748000067,29.071356512000087],[121.925140821000014,29.063055731000095],[121.935313347000033,29.062892971000046],[121.958343946000028,29.101874091000084],[121.958832227000016,29.108058986000056],[121.957530144000103,29.119533596000057]]}},
{"type":"Feature","properties":{"featurecla":"Coastline","scalerank":6,"min_zoom":6.0,"historical_claim":false,"geometry_status":"modern_physical_reference","source_id":"source.natural_earth.coastline.10m"},"geometry":{"type":"LineString","coordinates":[[121.862152540000011,29.129584052000038],[121.856781446000014,29.134263414000088],[121.843923373000052,29.141913153000068],[121.796234571000028,29.149400132000054],[121.789805535000028,29.149847723000043],[121.785980665000011,29.14374420800004],[121.783539259,29.132879950000042],[121.782725457000083,29.124660549000051],[121.785817905000044,29.119696356000091],[121.792735222000033,29.118557033000069],[121.802500847000019,29.118638414000099],[121.814463738000072,29.115383205000064],[121.826670769000103,29.107977606000084],[121.837250196000028,29.099798895000053],[121.842051629000025,29.095038153000043],[121.8535262380001,29.097560940000054],[121.86101321700005,29.106838283000041],[121.867360873000038,29.115790106000084],[121.864593946000014,29.123846747000073],[121.862152540000011,29.129584052000038]]}},
{"type":"Feature","properties":{"featurecla":"Coastline","scalerank":5,"min_zoom":4.0,"historical_claim":false,"geometry_status":"modern_physical_reference","source_id":"source.natural_earth.coastline.10m"},"geometry":{"type":"LineString","coordinates":[[122.143239780000044,29.733384507000046],[122.14031009200005,29.734605210000044],[122.126475457000083,29.745062567000051],[122.122080925000105,29.750799872000069],[122.120941602000016,29.757798570000094],[122.123789910000028,29.770900783000059],[122.122080925000105,29.778713283000073],[122.114756707000097,29.788519598000022],[122.1074324880001,29.789618231000063],[122.097992384,29.786851304000038],[122.084483269000103,29.784898179000042],[122.06820722700003,29.779527085000044],[122.0566512380001,29.76780833500003],[122.048594597000047,29.756089585000058],[122.043223504000025,29.750799872000073],[122.039317254000025,29.747544664000085],[122.035329623000052,29.739976304000038],[122.03288821700005,29.730943101000019],[122.033376498000067,29.723456122000076],[122.036468946000014,29.717474677000034],[122.040049675000091,29.716376044000079],[122.045095248000052,29.716986395000031],[122.053070509,29.71600983300004],[122.056813998000052,29.719794012000069],[122.07390384200005,29.724432684000075],[122.092784050000105,29.725775458000033],[122.1015731130001,29.719712632000046],[122.103688998000067,29.710516669000036],[122.108734571000014,29.704006252000053],[122.115244988000086,29.698391018000045],[122.121104363000086,29.69171784100006],[122.1230574880001,29.686468817000062],[122.125010613000086,29.673244533000034],[122.127452019000089,29.669012762000083],[122.132578972000033,29.668890692000062],[122.138926629000025,29.672593492000097],[122.149424675000091,29.681830145000038],[122.149424675000091,29.668850002000053],[122.165212436000061,29.673163153000068],[122.16976972700003,29.675034898000053],[122.162933790000011,29.654527085000044],[122.186859571000028,29.673407294000086],[122.17701256600003,29.696844794000082],[122.143239780000044,29.733384507000046]]}},
{"type":"Feature","properties":{"featurecla":"Coastline","scalerank":6,"min_zoom":6.0,"historical_claim":false,"geometry_status":"modern_physical_reference","source_id":"source.natural_earth.coastline.10m"},"geometry":{"type":"LineString","coordinates":[[122.3046981130001,29.817450262000072],[122.31039472700003,29.824611721000046],[122.312022332000097,29.829046942000048],[122.284190300000105,29.842840887000083],[122.27116946700005,29.846828518000066],[122.247731967000064,29.846096096000064],[122.23170006600003,29.836249091000056],[122.232676629000025,29.827826239000039],[122.23755944100003,29.823797919000071],[122.251312696000014,29.806097723000047],[122.265391472000033,29.798000393000052],[122.272471550000091,29.792141018000066],[122.295583530000044,29.779120184000085],[122.308360222000019,29.776271877000074],[122.314707879000039,29.783677476],[122.31218509200005,29.795152085000037],[122.3046981130001,29.817450262000072]]}},
{"type":"Feature","properties":{"featurecla":"Coastline","scalerank":5,"min_zoom":4.0,"historical_claim":false,"geometry_status":"modern_physical_reference","source_id":"source.natural_earth.coastline.10m"},"geometry":{"type":"LineString","coordinates":[[122.395192905000059,29.883612372000062],[122.408050977,29.899847723000054],[122.409678582000069,29.911200262000083],[122.395192905000059,29.922064520000063],[122.403168165,29.926255601000047],[122.40748131600003,29.93060944200003],[122.409027540000011,29.936672268000056],[122.40943444100003,29.945705471000064],[122.406748894000089,29.952704169000057],[122.400645379000039,29.952948309000107],[122.388926629000025,29.948797919000089],[122.359141472000019,29.946275132000032],[122.346446160000028,29.949408270000035],[122.341807488000086,29.963039455000079],[122.335459832000083,29.961330471000046],[122.3300887380001,29.958238023000039],[122.325450066000045,29.953924872000069],[122.322032097000047,29.948431708000058],[122.320567254000011,29.937241929000031],[122.325205925000105,29.927883205000061],[122.333506707000069,29.920599677000062],[122.353851759000023,29.910589911000049],[122.362071160000042,29.904486395000053],[122.367360873000067,29.895900783000066],[122.369151238000086,29.88361237200008],[122.365489129000039,29.876288153000072],[122.359222852000016,29.869777736000074],[122.35710696700005,29.861721096000043],[122.365407748000052,29.849758205000075],[122.377207879000025,29.83893463700009],[122.384776238000086,29.835191148000032],[122.395192905000059,29.833319403000083],[122.395518425000105,29.842678127000074],[122.394053582000069,29.847886460000062],[122.385915561000047,29.856878973000061],[122.382823113000086,29.864732164000088],[122.386729363000072,29.870672919000064],[122.39226321700005,29.87641022300005],[122.395192905000059,29.883612372000062]]}},
{"type":"Feature","properties":{"featurecla":"Coastline","scalerank":6,"min_zoom":6.0,"historical_claim":false,"geometry_status":"modern_physical_reference","source_id":"source.natural_earth.coastline.10m"},"geometry":{"type":"LineString","coordinates":[[121.972178582000097,29.94476959800005],[121.970225457000083,29.946844794000086],[121.96648196700005,29.951727606000077],[121.959971550000105,29.953192450000095],[121.951914910000028,29.94806549700008],[121.940928582000083,29.937689520000045],[121.933604363000086,29.921332098000036],[121.946136915000025,29.903957424000065],[121.974131707000069,29.899847723000054],[121.992442254000025,29.908270575000092],[121.993500196000014,29.918850002000056],[121.986827019000089,29.929877020000053],[121.972178582000097,29.94476959800005]]}},
{"type":"Feature","properties":{"featurecla":"Coastline","scalerank":6,"min_zoom":5.0,"historical_claim":false,"geometry_status":"modern_physical_reference","source_id":"source.natural_earth.coastline.10m"},"geometry":{"type":"LineString","coordinates":[[121.881846550000091,30.076361395000038],[121.876475457000097,30.081610419000064],[121.864756707000083,30.08592357000003],[121.853037957000083,30.087144273000039],[121.847666863000086,30.083156643000059],[121.837412957000069,30.055894273000042],[121.834727410000028,30.044989325000071],[121.834483269000089,30.038560289000085],[121.835948113000086,30.025702216000099],[121.835134311000061,30.019435940000058],[121.832204623000052,30.013657945000038],[121.829112175000105,30.009100653000075],[121.82740319100003,30.004217841000088],[121.828868035000028,29.99750397300005],[121.836192254000025,29.988674221000064],[121.847422722000047,29.982123114000057],[121.860118035000028,29.978094794000082],[121.871592644000103,29.976711330000075],[121.889659050000105,29.983954169000061],[121.903330925000091,30.00177643400006],[121.910492384,30.024115302000048],[121.909190300000091,30.044989325000071],[121.902110222000047,30.053534247000087],[121.893077019000074,30.056219794000082],[121.885264519000089,30.061183986000078],[121.881846550000091,30.076361395000038]]}},
{"type":"Feature","properties":{"featurecla":"Coastline","scalerank":5,"min_zoom":3.0,"historical_claim":false,"geometry_status":"modern_physical_reference","source_id":"source.natural_earth.coastline.10m"},"geometry":{"type":"LineString","coordinates":[[122.327484571000014,30.024481512000087],[122.322520379000025,30.03192780200003],[122.304209832000083,30.041978257000039],[122.300140821000014,30.048732815000058],[122.297129754000025,30.062567450000078],[122.289561394000089,30.067328192000037],[122.2695418630001,30.066066799000033],[122.256114129000025,30.068182684000078],[122.24968509200005,30.073431708000051],[122.245371941000016,30.080145575000078],[122.238780144000089,30.086615302000027],[122.229340040000025,30.09162018400006],[122.203868035000028,30.099554755000042],[122.193695509,30.09979889500006],[122.182465040000011,30.098578192000048],[122.173594597000033,30.102240302000034],[122.16976972700003,30.117254950000067],[122.164805535000042,30.120510158000055],[122.140798373000038,30.121323960000023],[122.132334832000083,30.1237653670001],[122.117442254000039,30.13593170800004],[122.103282097000033,30.143703518000045],[122.087412957000083,30.147528387000076],[121.974619988000086,30.148016669000079],[121.963145379000025,30.142401434000082],[121.96550540500003,30.129706122000091],[121.978037957000097,30.107082424000041],[121.980804884,30.090073960000037],[121.980316602000016,30.084621486000053],[121.977305535000028,30.07733795800004],[121.973806186000047,30.072577216000074],[121.971853061000061,30.067694403000097],[121.973399285000042,30.059963283000055],[121.976817254000011,30.05365631700003],[121.991709832000083,30.038072007000036],[121.995453321,30.036566473000054],[122.008799675000091,30.033392645000045],[122.012217644000089,30.03192780200003],[122.013519727,30.025824286000027],[122.011241082000083,30.015082098000068],[122.012217644000089,30.011419989000053],[122.0117293630001,30.008449611000071],[122.009613477000016,30.004339911000049],[122.010508660000028,30.000311591000074],[122.019053582000097,29.997219143000056],[122.025726759,29.997259833000051],[122.03052819100003,29.99933502800009],[122.034678582000069,30.002020575000078],[122.048838738000086,30.007391669000054],[122.065277540000011,30.015936591000063],[122.077403191000045,30.017645575000056],[122.098968946000014,30.014471747000094],[122.14421634200005,30.000392971000046],[122.184743686000061,29.994452216000063],[122.22917728000003,29.978664455000054],[122.245616082000097,29.969875393000045],[122.277842644000074,29.939927476000051],[122.293630405000059,29.93378327000006],[122.300140821000014,29.952460028000086],[122.301036004000025,29.975897528000068],[122.302989129000025,29.986314195000041],[122.306976759,29.997219143000041],[122.313243035000013,30.003485419000071],[122.320974155000044,30.005926825000078],[122.326670769000089,30.010809637000094],[122.327484571000014,30.024481512000087]]}},
{"type":"Feature","properties":{"featurecla":"Coastline","scalerank":6,"min_zoom":6.0,"historical_claim":false,"geometry_status":"modern_physical_reference","source_id":"source.natural_earth.coastline.10m"},"geometry":{"type":"LineString","coordinates":[[122.3457137380001,30.241929429000042],[122.357188347000033,30.24774811400005],[122.3750106130001,30.262152411000066],[122.380625847000033,30.263739325000063],[122.383555535000042,30.261542059000082],[122.384532097000019,30.250148830000064],[122.395843946000014,30.239447333000051],[122.408539259000023,30.243963934000082],[122.410655144000089,30.254706122000069],[122.407725457000097,30.265936591000084],[122.399912957000083,30.274603583000051],[122.382578972000047,30.27716705900006],[122.342051629000025,30.273627020000063],[122.33187910200003,30.273667710000034],[122.323985222000019,30.272162177000048],[122.318614129000025,30.26837799700008],[122.312998894000103,30.259955145000045],[122.302500847000047,30.252101955000068],[122.287445509000023,30.247788804000027],[122.278330925000091,30.240627346000064],[122.277598504000025,30.235541083000044],[122.283376498000052,30.23525625200007],[122.294769727000016,30.236721096000089],[122.305349155000044,30.240139065000065],[122.315684441000016,30.240301825000067],[122.329112175000091,30.239081122000059],[122.3457137380001,30.241929429000042]]}},
{"type":"Feature","properties":{"featurecla":"Coastline","scalerank":6,"min_zoom":5.0,"historical_claim":false,"geometry_status":"modern_physical_reference","source_id":"source.natural_earth.coastline.10m"},"geometry":{"type":"LineString","coordinates":[[122.238780144000089,30.313137111000056],[122.227875196000028,30.316351630000042],[122.220469597000033,30.320705471000053],[122.2187606130001,30.326076565000083],[122.225108269000089,30.33234284100007],[122.211436394000103,30.346625067000048],[122.194672071000014,30.338568427000034],[122.166026238000086,30.331691799000065],[122.152842644000089,30.322699286000059],[122.147227410000028,30.321478583000037],[122.122080925000105,30.319281317000044],[122.104177280000044,30.314154364000043],[122.095713738000086,30.31069570500005],[122.087901238000072,30.305650132000046],[122.083994988000086,30.302435614000032],[122.073578321000014,30.291408596000021],[122.114024285000028,30.265082098000057],[122.137705925000105,30.25462474200009],[122.174082879000011,30.247992255000025],[122.187998894000089,30.243638414000102],[122.202321811000047,30.241929429000017],[122.21452884200005,30.247300523000035],[122.217539910000028,30.254584052000023],[122.217051629000025,30.262518622000076],[122.219574415000025,30.270453192000026],[122.231944207000069,30.277736721000046],[122.223806186000047,30.278876044000061],[122.203868035000028,30.285142320000034],[122.203868035000028,30.291408596000021],[122.238780144000089,30.313137111000056]]}},
{"type":"Feature","properties":{"featurecla":"Coastline","scalerank":6,"min_zoom":5.0,"historical_claim":false,"geometry_status":"modern_physical_reference","source_id":"source.natural_earth.coastline.10m"},"geometry":{"type":"LineString","coordinates":[[122.398936394000103,30.456488348000054],[122.38542728000003,30.456203518000045],[122.374685092000064,30.457342841000042],[122.368500196000028,30.463202216000084],[122.369151238000086,30.476996161000045],[122.348806186000047,30.460638739000064],[122.337412957000097,30.458482164000088],[122.311289910000028,30.472642320000023],[122.29948978000003,30.471340236000078],[122.290782097000033,30.471665757000046],[122.287119988000086,30.483140367000107],[122.280039910000028,30.482611395000056],[122.27662194100003,30.479803778000072],[122.272797071000028,30.469468492000065],[122.272797071000028,30.459295966000063],[122.273773634,30.451361395000067],[122.278005405000059,30.445746161000034],[122.287119988000086,30.442206122000062],[122.277354363000086,30.436712958000051],[122.272797071000028,30.435980536000049],[122.285411004000011,30.422064520000053],[122.306000196000014,30.42316315300009],[122.347992384000023,30.435980536000041],[122.363780144000074,30.433417059000089],[122.404063347000047,30.418646552000048],[122.42310631600003,30.414943752000053],[122.416514519000089,30.441595770000056],[122.410980665000011,30.452134507000032],[122.398936394000103,30.456488348000054]]}},
{"type":"Feature","properties":{"featurecla":"Coastline","scalerank":6,"min_zoom":6.0,"historical_claim":false,"geometry_status":"modern_physical_reference","source_id":"source.natural_earth.coastline.10m"},"geometry":{"type":"LineString","coordinates":[[122.529307488000086,30.720770575000078],[122.524587436000061,30.723578192000051],[122.509613477,30.721177476000033],[122.5019637380001,30.718980210000044],[122.496348504000039,30.716782945000048],[122.484385613000086,30.714667059000071],[122.472911004000011,30.717230536000045],[122.458018425000077,30.730658270000038],[122.440765821,30.741034247000059],[122.429942254000025,30.743068752000067],[122.429209832000097,30.738023179000038],[122.434743686000047,30.727118231000098],[122.432627800000077,30.714829820000027],[122.427256707000083,30.703924872000076],[122.431976759,30.697984117000093],[122.445160352000016,30.696763414000092],[122.455251498000052,30.693996486000025],[122.460703972000019,30.694037177000034],[122.463063998000067,30.696356512000087],[122.466563347000033,30.699123440000033],[122.474375847000047,30.70258209800005],[122.487315300000105,30.701849677000041],[122.493174675000077,30.70311107000003],[122.524750196000014,30.70180898600006],[122.531097852000016,30.704413153000061],[122.526377800000091,30.71417877800009],[122.529307488000086,30.720770575000078]]}},
{"type":"Feature","properties":{"featurecla":"Coastline","scalerank":6,"min_zoom":5.0,"historical_claim":false,"geometry_status":"modern_physical_reference","source_id":"source.natural_earth.coastline.10m"},"geometry":{"type":"LineString","coordinates":[[121.837738477000016,31.375148830000075],[121.804453972000033,31.374701239000036],[121.794200066000045,31.368801174000044],[121.813243035000028,31.320786851000026],[121.823415561000047,31.302394924000073],[121.834727410000028,31.292547919000082],[121.851084832000097,31.293931382000054],[121.866221550000091,31.304185289000106],[121.877452019000103,31.319647528000068],[121.881846550000091,31.336615302000023],[121.877940300000091,31.354315497000069],[121.867849155000059,31.366197007000046],[121.853770379000039,31.37299225500005],[121.837738477000016,31.375148830000075]]}},
{"type":"Feature","properties":{"featurecla":"Coastline","scalerank":6,"min_zoom":5.0,"historical_claim":false,"geometry_status":"modern_physical_reference","source_id":"source.natural_earth.coastline.10m"},"geometry":{"type":"LineString","coordinates":[[121.762380405000059,31.373765367000104],[121.745941602000016,31.388495184000071],[121.725596550000091,31.402736721000032],[121.691254102000016,31.419175523000032],[121.618174675000091,31.443793036000045],[121.602549675000077,31.44424062700006],[121.591156446000014,31.445868231000095],[121.584483269000074,31.44139232000002],[121.598806186000033,31.429144598000072],[121.720469597000047,31.357733466000077],[121.751638217000064,31.330511786000049],[121.766368035000013,31.320624091000095],[121.780039910000042,31.325181382000039],[121.782237175000091,31.341782945000027],[121.774180535000028,31.35919830900006],[121.762380405000059,31.373765367000104]]}},
{"type":"Feature","properties":{"featurecla":"Coastline","scalerank":5,"min_zoom":2.0,"historical_claim":false,"geometry_status":"modern_physical_reference","source_id":"source.natural_earth.coastline.10m"},"geometry":{"type":"LineString","coordinates":[[121.844075352000019,31.607946968000075],[121.721226702000095,31.630312791000062],[121.663222595000093,31.65235167000009],[121.641053101000026,31.665520354000105],[121.625701771000081,31.675756153000044],[121.605243048000034,31.691824392000076],[121.571091230000093,31.713752432000025],[121.535175816000105,31.728409827000068],[121.500965579000081,31.750328782000068],[121.475304021000071,31.770769919000109],[121.423885038000094,31.795639063000085],[121.386133171000083,31.811735768000077],[121.362088705000019,31.817608154000048],[121.322563521000021,31.829330658000075],[121.264064533,31.841076794000053],[121.219300745000041,31.829472772000074],[121.195160352000016,31.805243231000087],[121.181443091,31.795980353000065],[121.176287604000095,31.784322892000024],[121.186630534000074,31.774115982000076],[121.205578258000074,31.756618803000016],[121.224511103000069,31.737666620000063],[121.285899285000013,31.704046942000044],[121.302907748000052,31.671454169000111],[121.314463738000086,31.655585028000079],[121.344737175000091,31.641302802000055],[121.37552303300005,31.634133802000061],[121.40461395300008,31.61371463900009],[121.484629754000039,31.579901434000067],[121.51745636400004,31.568391911000038],[121.541341352,31.553785129000062],[121.571543816000045,31.529364325000071],[121.614688630000046,31.521581675000064],[121.684629824000012,31.506807045000059],[121.710167576000018,31.495077027000047],[121.730235222000047,31.484767971000046],[121.783352090000108,31.465686100000074],[121.817325791000044,31.446650375000051],[121.851373504000094,31.439178905000059],[121.912889695000104,31.456332207000035],[121.977850604000068,31.477771002000075],[121.986598396000105,31.503897262000059],[121.980085675000069,31.540295811000078],[121.918966340000011,31.578462856000048],[121.844075352000019,31.607946968000075]]}},
{"type":"Feature","properties":{"featurecla":"Coastline","scalerank":5,"min_zoom":3.0,"historical_claim":false,"geometry_status":"modern_physical_reference","source_id":"source.natural_earth.coastline.10m"},"geometry":{"type":"LineString","coordinates":[[118.39421634200005,24.522691148000028],[118.385392712,24.503817045000069],[118.381414145999983,24.473511031000037],[118.354808625000032,24.47056171800007],[118.316656815000087,24.493348759000064],[118.287852410000042,24.480454820000105],[118.282074415000025,24.477362372000091],[118.282969597000047,24.470038153000075],[118.289561394000074,24.45563385600008],[118.292328321000014,24.440619208000058],[118.292735222000047,24.432074286000066],[118.292002800000077,24.424994208000051],[118.289398634000023,24.420599677000038],[118.28109785200003,24.411037502000067],[118.279551629000039,24.408433335000044],[118.283946160000013,24.401271877000049],[118.292979363000086,24.397650458000044],[118.303233269000103,24.397040106000063],[118.318217646000107,24.390544350000095],[118.330993879000047,24.396482454000083],[118.345760268000049,24.417579187000047],[118.372856105000096,24.433201267000086],[118.403624212000068,24.436009837000086],[118.422900529000017,24.430303610000077],[118.448785039000086,24.415513445000062],[118.463355546000017,24.431523084000062],[118.467354749000052,24.461827610000057],[118.449589939000035,24.505527833000091],[118.42259661300001,24.527968322000067],[118.39421634200005,24.522691148000028]]}},
{"type":"Feature","properties":{"featurecla":"Coastline","scalerank":5,"min_zoom":4.0,"historical_claim":false,"geometry_status":"modern_physical_reference","source_id":"source.natural_earth.coastline.10m"},"geometry":{"type":"LineString","coordinates":[[118.092539910000028,24.556219794000075],[118.089366082000083,24.538397528000068],[118.075205925000091,24.512152411000045],[118.072032097000019,24.497870184000064],[118.074717644000089,24.483954169000054],[118.082286004000039,24.482326565000051],[118.106211785000042,24.494126695000094],[118.103037957000083,24.479885158000062],[118.093435092000036,24.474676825000056],[118.081553582000069,24.472601630000078],[118.072032097000019,24.467474677000048],[118.06999759200005,24.460272528000075],[118.073415561000047,24.452704169000089],[118.081065300000091,24.445217190000054],[118.092051629000025,24.438462632000036],[118.114024285000028,24.430609442000026],[118.136485222000047,24.429266669000071],[118.153819207000083,24.437079169000068],[118.160817905000044,24.456935940000061],[118.163910352000016,24.471909898000039],[118.171641472000047,24.478461005000046],[118.180837436000061,24.483465887000076],[118.188731316000045,24.494126695000094],[118.189300977000016,24.503078518000049],[118.182302280000044,24.52265045800004],[118.181407097000047,24.535101630000053],[118.163096550000091,24.531968492000075],[118.137868686000047,24.536525783000062],[118.112071160000013,24.545599677000027],[118.092539910000028,24.556219794000075]]}},
{"type":"Feature","properties":{"featurecla":"Coastline","scalerank":6,"min_zoom":6.0,"historical_claim":false,"geometry_status":"modern_physical_reference","source_id":"source.natural_earth.coastline.10m"},"geometry":{"type":"LineString","coordinates":[[119.551036004000039,25.209458726000047],[119.543467644000103,25.209377346000064],[119.534027540000011,25.20722077000006],[119.522797071000014,25.208441473000033],[119.511973504000025,25.21344635600008],[119.502614780000044,25.22101471600007],[119.496429884,25.231350002000049],[119.491709832000083,25.241400458000026],[119.486664259,25.244859117000093],[119.481455925000077,25.245021877000063],[119.476084832000083,25.250555731000073],[119.470388217000036,25.252183335000041],[119.458181186000047,25.241115627000031],[119.454356316000045,25.23847077000006],[119.44654381600003,25.235988674000058],[119.444672071,25.22907135600007],[119.449473504000039,25.214341539000099],[119.461192254000025,25.203314520000042],[119.488942905000059,25.196275132000054],[119.492930535000042,25.200506903000079],[119.503265821000028,25.203802802000048],[119.512705925000091,25.198797919000068],[119.51295006600003,25.191392320000098],[119.510915561000047,25.182318427000052],[119.517344597000033,25.171454169000068],[119.52898196700005,25.165350653000083],[119.542165561000061,25.165350653000083],[119.548675977000016,25.17243073100008],[119.548187696000014,25.185980536000041],[119.553396030000044,25.195257880000053],[119.563243035000042,25.198797919000068],[119.567556186000061,25.204901434000092],[119.561045769000089,25.20864492400008],[119.551036004000039,25.209458726000047]]}},
{"type":"Feature","properties":{"featurecla":"Coastline","scalerank":5,"min_zoom":6.0,"historical_claim":false,"geometry_status":"modern_physical_reference","source_id":"source.natural_earth.coastline.10m"},"geometry":{"type":"LineString","coordinates":[[119.346527540000011,25.56671784100007],[119.343272332000083,25.573309637000083],[119.33171634200005,25.571275132000043],[119.321299675000091,25.561224677000066],[119.318207227000016,25.557074286000066],[119.310313347000047,25.548651434000096],[119.307465040000011,25.54682038000006],[119.305023634,25.543361721000057],[119.303721550000105,25.537746486000046],[119.281504754000025,25.482896226000033],[119.281586134000023,25.463812567000041],[119.285655144000103,25.454738674000058],[119.288340691000045,25.443670966000077],[119.296885613000086,25.422919012000076],[119.302582227000016,25.422919012000076],[119.313731316000045,25.429917710000044],[119.326019727000016,25.433986721000057],[119.334971550000077,25.43797435100004],[119.334808790000025,25.449896552000038],[119.330577019000103,25.467352606000073],[119.334727410000028,25.48969147300005],[119.343597852000016,25.515366929000031],[119.349131707000083,25.544012762000069],[119.352061394000074,25.552232164000106],[119.345957879000025,25.561102606000077],[119.346527540000011,25.56671784100007]]}},
{"type":"Feature","properties":{"featurecla":"Coastline","scalerank":5,"min_zoom":3.0,"historical_claim":false,"geometry_status":"modern_physical_reference","source_id":"source.natural_earth.coastline.10m"},"geometry":{"type":"LineString","coordinates":[[119.84652754,25.53632233300004],[119.862478061000033,25.546291408000076],[119.874522332000083,25.55678945500005],[119.855153842000036,25.565130927000066],[119.8300887380001,25.572007554000024],[119.816905144000103,25.579820054000056],[119.832855665000011,25.590887762000076],[119.822927280000059,25.601385809000078],[119.813487175000091,25.608832098000057],[119.803721550000105,25.610744533000073],[119.792002800000091,25.604559637000079],[119.780284050000077,25.617417710000044],[119.775889519000103,25.635728257000025],[119.77702884200005,25.652085679000052],[119.781748894000103,25.659165757000043],[119.763519727000016,25.659491278000079],[119.750498894000103,25.652980861000074],[119.745453321000014,25.649074611000039],[119.730479363000086,25.646144924000073],[119.713633660000028,25.630601304000038],[119.698741082000083,25.612616278000079],[119.692718946000014,25.594224351000033],[119.702647332000083,25.577297268000031],[119.709239129000025,25.585598049000076],[119.718760613000072,25.591253973000065],[119.727061394000074,25.590887762000079],[119.730479363000086,25.581000067000037],[119.717621290000011,25.544907945000102],[119.716156446000028,25.536322333000026],[119.726328972000047,25.525132554000034],[119.758799675000105,25.530747789000092],[119.778330925000105,25.52204010600007],[119.766368035000042,25.50625234600005],[119.748545769000089,25.50259023600006],[119.696055535000013,25.509344794000082],[119.686208530000059,25.507717190000061],[119.6777449880001,25.501206773000039],[119.668467644000089,25.487860419000075],[119.678477410000028,25.482326565000051],[119.689219597000033,25.480454820000084],[119.699880405000044,25.482326565000051],[119.709971550000091,25.487860419000075],[119.711599155000059,25.48623281500004],[119.712250196000028,25.480210679000059],[119.712250196000028,25.473578192000051],[119.711761915000011,25.469549872000073],[119.708994988000072,25.465643622000087],[119.701019727000016,25.459947007000022],[119.697764519000089,25.456610419000061],[119.693044467000036,25.437648830000061],[119.703868035000028,25.423570054000038],[119.722178582000083,25.413804429000045],[119.73991946700005,25.407782294000071],[119.757334832000083,25.404933986000056],[119.760020379000025,25.410630601000033],[119.757334832000083,25.421332098000043],[119.7578231130001,25.433254299000058],[119.771983269000103,25.450588283000069],[119.794606967000036,25.463039455000072],[119.821055535000042,25.467515367000093],[119.84652754,25.461167710000034],[119.839691602000016,25.47915273600006],[119.806407097000047,25.495835679000049],[119.7988387380001,25.515814520000045],[119.8046981130001,25.532619533000062],[119.818614129000039,25.545803127000056],[119.834483269000089,25.549139716000052],[119.84652754,25.53632233300004]]}},
{"type":"Feature","properties":{"featurecla":"Coastline","scalerank":6,"min_zoom":5.0,"historical_claim":false,"geometry_status":"modern_physical_reference","source_id":"source.natural_earth.coastline.10m"},"geometry":{"type":"LineString","coordinates":[[119.305430535000042,26.035956122000069],[119.272227410000028,26.042059637000079],[119.257578972000033,26.047552802000034],[119.243337436000061,26.057074286000038],[119.221202019000089,26.089544989000046],[119.209239129000025,26.098578192000048],[119.217784050000105,26.059027411000052],[119.226735873000052,26.047674872000069],[119.237559441000045,26.037583726000069],[119.246836785000028,26.026556708000051],[119.250743035000013,26.012396552000048],[119.257578972000033,26.001450914000067],[119.27328535200003,25.99713776200009],[119.290537957000097,25.995266018000066],[119.30201256600003,25.991848049000051],[119.312022332000083,25.986761786000052],[119.345957879000025,25.976385809000085],[119.371592644000103,25.97158437700006],[119.381114129000025,25.966986395000056],[119.390635613000086,25.966986395000056],[119.404958530000044,25.977932033000059],[119.40121504,25.996039130000064],[119.369802280000044,26.01422760600007],[119.305430535000042,26.035956122000069]]}},
{"type":"Feature","properties":{"featurecla":"Coastline","scalerank":6,"min_zoom":6.0,"historical_claim":false,"geometry_status":"modern_physical_reference","source_id":"source.natural_earth.coastline.10m"},"geometry":{"type":"LineString","coordinates":[[119.6269637380001,26.107896226000026],[119.61312910200003,26.121161200000078],[119.599375847000047,26.128119208000058],[119.574880405000059,26.119533596000064],[119.55396569100003,26.09564850500005],[119.565277540000011,26.080471096000078],[119.62037194100003,26.064195054000042],[119.638845248000067,26.070502020000063],[119.644053582000097,26.078436591000074],[119.638926629000025,26.088568427000045],[119.6269637380001,26.107896226000026]]}},
{"type":"Feature","properties":{"featurecla":"Coastline","scalerank":6,"min_zoom":6.0,"historical_claim":false,"geometry_status":"modern_physical_reference","source_id":"source.natural_earth.coastline.10m"},"geometry":{"type":"LineString","coordinates":[[120.326833530000044,26.939683335000041],[120.318532748000038,26.94859446800006],[120.320241733000103,26.958197333000044],[120.322194858000117,26.962103583000044],[120.326182488000072,26.961778062000072],[120.337087436000061,26.97003815300009],[120.344899936000047,26.971950588000087],[120.350922071000014,26.97117747600004],[120.355316602000016,26.96885814000008],[120.357513868000069,26.966050523000042],[120.363047722000047,26.963039455000057],[120.368907097000047,26.955674546000076],[120.373871290000011,26.943589585000034],[120.377696160000028,26.939846096000053],[120.384206575999983,26.937974351000044],[120.385671420000108,26.935166734000049],[120.352549675000091,26.92377350500005],[120.326833530000044,26.939683335000041]]}},
{"type":"Feature","properties":{"featurecla":"Coastline","scalerank":6,"min_zoom":5.0,"historical_claim":false,"geometry_status":"modern_physical_reference","source_id":"source.natural_earth.coastline.10m"},"geometry":{"type":"LineString","coordinates":[[119.88070722700003,32.125189520000028],[119.8750106130001,32.155218817000033],[119.832855665000011,32.252142645000035],[119.814300977000016,32.275580145000013],[119.785329623000067,32.291693427000048],[119.750824415000011,32.293117580000057],[119.716156446000028,32.272650458000044],[119.719493035000028,32.249579169000064],[119.74984785200003,32.228013414000117],[119.789317254000039,32.211493231000077],[119.819346550000105,32.203762111000067],[119.809906446000014,32.189113674000055],[119.7988387380001,32.178697007000046],[119.791026238000086,32.165472723000079],[119.792002800000091,32.142279364000039],[119.791270379000025,32.136867580000057],[119.788340691000045,32.133612372000066],[119.787119988000086,32.129584052000013],[119.792002800000091,32.121771552000034],[119.795176629000011,32.120550848000043],[119.804860873000052,32.120306708000037],[119.815196160000028,32.115220445000027],[119.843516472000019,32.108140367000082],[119.858734571000028,32.101548570000041],[119.890310092000036,32.075384833000044],[119.901866082000097,32.073391018000052],[119.901377800000077,32.082464911000038],[119.88070722700003,32.125189520000028]]}},
{"type":"Feature","properties":{"featurecla":"Coastline","scalerank":6,"min_zoom":6.0,"historical_claim":false,"geometry_status":"modern_physical_reference","source_id":"source.natural_earth.coastline.10m"},"geometry":{"type":"LineString","coordinates":[[120.748383009000023,37.938706773000035],[120.734548373000052,37.947658596000068],[120.727061394000089,37.947658596000068],[120.722422722000047,37.919094143000052],[120.726328972000033,37.908840236000053],[120.736989780000044,37.90460846600007],[120.746592644000089,37.89789459800005],[120.754567905000059,37.896673895000049],[120.758799675000091,37.907538153000083],[120.757334832000097,37.922674872000059],[120.748383009000023,37.938706773000035]]}},
{"type":"Feature","properties":{"featurecla":"Coastline","scalerank":6,"min_zoom":6.0,"historical_claim":false,"geometry_status":"modern_physical_reference","source_id":"source.natural_earth.coastline.10m"},"geometry":{"type":"LineString","coordinates":[[120.606781446000028,37.979885158000059],[120.601898634000023,37.96930573100007],[120.6093856130001,37.955023505000035],[120.615489129000025,37.948309637000087],[120.618418816000045,37.947007554000045],[120.622894727000016,37.948797919000071],[120.625661655000044,37.958685614000061],[120.625824415,37.972560940000051],[120.618988477000016,37.981146552000027],[120.606781446000028,37.979885158000059]]}},
{"type":"Feature","properties":{"featurecla":"Coastline","scalerank":6,"min_zoom":6.0,"historical_claim":false,"geometry_status":"modern_physical_reference","source_id":"source.natural_earth.coastline.10m"},"geometry":{"type":"LineString","coordinates":[[120.720062696,37.980943101000044],[120.704112175000091,37.989650783000044],[120.690196160000028,37.990627346000053],[120.688243035000013,37.985256252000056],[120.690928582000083,37.981431382000046],[120.694997592000036,37.974676825000067],[120.700531446000014,37.969875393000059],[120.709157748000052,37.965765692000062],[120.720469597000033,37.964016018000052],[120.727305535000042,37.969427802000062],[120.720062696,37.980943101000044]]}},
{"type":"Feature","properties":{"featurecla":"Coastline","scalerank":6,"min_zoom":6.0,"historical_claim":false,"geometry_status":"modern_physical_reference","source_id":"source.natural_earth.coastline.10m"},"geometry":{"type":"LineString","coordinates":[[120.760427280000059,38.170477606000077],[120.742686394000103,38.187567450000067],[120.738780144000103,38.175604559000057],[120.746592644000089,38.161851304000045],[120.754567905000059,38.158189195000055],[120.761241082000083,38.158026434000064],[120.773285352,38.159735419000057],[120.77271569100003,38.165432033000073],[120.760427280000059,38.170477606000077]]}},
{"type":"Feature","properties":{"featurecla":"Coastline","scalerank":6,"min_zoom":6.0,"historical_claim":false,"geometry_status":"modern_physical_reference","source_id":"source.natural_earth.coastline.10m"},"geometry":{"type":"LineString","coordinates":[[120.806488477000016,38.288234768000045],[120.813324415,38.293768622000087],[120.820485873000052,38.297512111000039],[120.824392123000038,38.298325914000102],[120.828379754000025,38.298814195000041],[120.836192254000039,38.304266669000079],[120.833750847000047,38.312567450000074],[120.819834832000069,38.313666083000058],[120.807383660000028,38.304877020000028],[120.802744988000086,38.298407294000043],[120.799978061000047,38.293890692000069],[120.80005944100003,38.287502346000061],[120.806488477000016,38.288234768000045]]}},
{"type":"Feature","properties":{"featurecla":"Coastline","scalerank":6,"min_zoom":6.0,"historical_claim":false,"geometry_status":"modern_physical_reference","source_id":"source.natural_earth.coastline.10m"},"geometry":{"type":"LineString","coordinates":[[120.914235873000067,38.384100653000097],[120.917246941000045,38.384426174000069],[120.923187696000014,38.383246161000038],[120.924571160000042,38.386867580000022],[120.917816602000016,38.395453192000048],[120.906911655000059,38.39256419500002],[120.907562696,38.385158596000061],[120.914235873000067,38.384100653000097]]}},
{"type":"Feature","properties":{"featurecla":"Coastline","scalerank":6,"min_zoom":4.0,"historical_claim":false,"geometry_status":"modern_physical_reference","source_id":"source.natural_earth.coastline.10m"},"geometry":{"type":"LineString","coordinates":[[118.6327429910001,39.074580773000029],[118.648672415000092,39.055850678000063],[118.648736281000083,39.044651167000048],[118.594320566000079,38.972197399000031],[118.514308354000036,38.919445031000052],[118.502698950000067,38.919027758000091],[118.480275913,38.934819522000041],[118.490900407000041,38.943186891000011],[118.470697966000102,38.970550754000051],[118.469477140000109,39.006318552000032],[118.478482745000065,39.042857813000069],[118.488193158000072,39.050492248000062],[118.526381074000028,39.046693882000056],[118.559717761,39.003125154000074],[118.577811867000051,39.008619298000021],[118.610195595000064,39.034034371000089],[118.628711213000088,39.048553859000037],[118.614637082000058,39.067648967000089],[118.6327429910001,39.074580773000029]]}},
{"type":"Feature","properties":{"featurecla":"Coastline","scalerank":6,"min_zoom":6.0,"historical_claim":false,"geometry_status":"modern_physical_reference","source_id":"source.natural_earth.coastline.10m"},"geometry":{"type":"LineString","coordinates":[[123.180674675000105,39.09194570500005],[123.176280144000089,39.089992580000057],[123.168142123000038,39.083929755000057],[123.143565300000091,39.080877997000073],[123.143321160000013,39.075832424000041],[123.150889519000089,39.073431708000037],[123.159190300000091,39.071682033000066],[123.164724155000059,39.066392320000027],[123.164886915000011,39.060492255000021],[123.153086785000042,39.062323309000071],[123.14812259200005,39.056341864000046],[123.14519290500003,39.043280341000077],[123.149912957000083,39.036566473000065],[123.160655144000089,39.029242255000035],[123.172536655000044,39.03367747600003],[123.185231967000064,39.042303778000083],[123.195567254000039,39.052069403000061],[123.195811394000089,39.065334377000042],[123.184825066000045,39.086127020000042],[123.180674675000105,39.09194570500005]]}},
{"type":"Feature","properties":{"featurecla":"Coastline","scalerank":6,"min_zoom":6.0,"historical_claim":false,"geometry_status":"modern_physical_reference","source_id":"source.natural_earth.coastline.10m"},"geometry":{"type":"LineString","coordinates":[[122.321299675000077,39.165961005000042],[122.333994988000086,39.146307684000064],[122.355235222000033,39.151556708000044],[122.376312696000014,39.160589911000052],[122.388926629000025,39.152329820000041],[122.402598504000025,39.159125067000055],[122.397471550000091,39.165838934000071],[122.388926629000025,39.187079169000064],[122.38990319100003,39.193548895000035],[122.392914259,39.203802802000041],[122.402598504000025,39.213812567000041],[122.382578972000047,39.208319403000083],[122.354828321,39.19562409100007],[122.330577019000089,39.180121161000052],[122.321299675000077,39.165961005000042]]}},
{"type":"Feature","properties":{"featurecla":"Coastline","scalerank":6,"min_zoom":6.0,"historical_claim":false,"geometry_status":"modern_physical_reference","source_id":"source.natural_earth.coastline.10m"},"geometry":{"type":"LineString","coordinates":[[122.63599694100003,39.234279690000058],[122.63599694100003,39.228013414000074],[122.6836043630001,39.224310614000053],[122.697520379000025,39.221258856000063],[122.693695509,39.213771877000056],[122.692556186000047,39.207668361000074],[122.692149285000042,39.201402085000041],[122.690684441000016,39.193304755000057],[122.725596550000105,39.210028387000101],[122.739512566000045,39.222235419000079],[122.741953972000047,39.236070054000052],[122.718597852000016,39.241888739000053],[122.662119988000086,39.232733466000049],[122.63599694100003,39.234279690000058]]}},
{"type":"Feature","properties":{"featurecla":"Coastline","scalerank":6,"min_zoom":6.0,"historical_claim":false,"geometry_status":"modern_physical_reference","source_id":"source.natural_earth.coastline.10m"},"geometry":{"type":"LineString","coordinates":[[122.684418165000011,39.262193101],[122.663259311000047,39.272202867000104],[122.643890821000014,39.278509833000044],[122.584727410000028,39.284369208000037],[122.546560092000064,39.296942450000081],[122.536631707000083,39.298041083000051],[122.505056186000033,39.296942450000081],[122.533457879000011,39.271673895000063],[122.586192254000025,39.258002020000049],[122.643077019000089,39.255072333000022],[122.684418165000011,39.262193101]]}},
{"type":"Feature","properties":{"featurecla":"Coastline","scalerank":5,"min_zoom":6.0,"historical_claim":false,"geometry_status":"modern_physical_reference","source_id":"source.natural_earth.coastline.10m"},"geometry":{"type":"LineString","coordinates":[[121.422536655000059,39.474514065000065],[121.413259311000047,39.476507880000057],[121.388438347000033,39.474514065000065],[121.352549675000105,39.482407945000027],[121.340586785000042,39.48135000200007],[121.33130944100003,39.475775458000044],[121.327321811000047,39.468451239000061],[121.324717644000103,39.460760809000085],[121.320160352,39.454006252000063],[121.311045769000074,39.447943427000041],[121.302907748000052,39.445217190000044],[121.294769727,39.443345445000027],[121.265879754000025,39.433579820000034],[121.2617293630001,39.427801825000067],[121.258636915,39.412420966000063],[121.257578972000033,39.399644273000042],[121.25945071700005,39.391506252000035],[121.264414910000042,39.386908270000056],[121.272959832000083,39.38507721600007],[121.29615319100003,39.391424872000073],[121.313324415000025,39.408433335000062],[121.327321811000047,39.427639065000029],[121.340586785000042,39.440334377000063],[121.351898634000023,39.444281317000048],[121.364268425000077,39.445461330000043],[121.375254754000025,39.442368882000025],[121.381602410000042,39.433539130000042],[121.379649285000028,39.424872137000079],[121.371755405000059,39.417547919000079],[121.354258660000028,39.40619538000005],[121.336110873000038,39.387355861000046],[121.336924675000091,39.377386786000066],[121.353200717000036,39.373195705000072],[121.403493686000047,39.370591539000088],[121.421722852000016,39.37368398600006],[121.4336043630001,39.385809637000087],[121.436045769000103,39.409816799000041],[121.435557488000086,39.416205145000056],[121.431976759000023,39.424261786000045],[121.425547722000033,39.430121161000059],[121.416270379000025,39.433539130000021],[121.416270379000025,39.440334377000042],[121.443125847000019,39.441148179000038],[121.450450066000016,39.450262762000087],[121.442393425000091,39.462876695000034],[121.422536655000059,39.474514065000065]]}},
{"type":"Feature","properties":{"featurecla":"Coastline","scalerank":6,"min_zoom":6.0,"historical_claim":false,"geometry_status":"modern_physical_reference","source_id":"source.natural_earth.coastline.10m"},"geometry":{"type":"LineString","coordinates":[[122.964366082000097,39.51544830900005],[122.97974694100003,39.499335028000083],[123.005707227,39.49730052300005],[123.029958530000044,39.507879950000074],[123.040049675000077,39.529730536000052],[123.0175887380001,39.544501044000071],[122.989756707000097,39.549505927000034],[122.968028191000045,39.541083075000067],[122.964366082000097,39.51544830900005]]}},
{"type":"Feature","properties":{"featurecla":"Coastline","scalerank":6,"min_zoom":6.0,"historical_claim":false,"geometry_status":"modern_physical_reference","source_id":"source.natural_earth.coastline.10m"},"geometry":{"type":"LineString","coordinates":[[127.369639519000103,26.214585679000063],[127.364105665000011,26.22134023600006],[127.354177280000044,26.218939520000042],[127.346202019000089,26.206366278000086],[127.342621290000025,26.185736395000053],[127.342295769000089,26.179999091000084],[127.342784050000077,26.170233466000074],[127.345388217000064,26.158270575000067],[127.353526238000086,26.15399811400005],[127.361094597000033,26.164007880000032],[127.363617384,26.177557684000089],[127.367930535000028,26.190619208000047],[127.370860222000033,26.203192450000078],[127.370778842000064,26.210028387000079],[127.369639519000103,26.214585679000063]]}},
{"type":"Feature","properties":{"featurecla":"Coastline","scalerank":6,"min_zoom":5.0,"historical_claim":false,"geometry_status":"modern_physical_reference","source_id":"source.natural_earth.coastline.10m"},"geometry":{"type":"LineString","coordinates":[[126.810069207000083,26.351874091000063],[126.801442905000044,26.36766185100003],[126.787119988000086,26.380072333000058],[126.769867384,26.388006903000104],[126.752126498000038,26.390692450000095],[126.741709832000097,26.389715887000087],[126.723643425000105,26.385972398000032],[126.706797722000047,26.379136460000041],[126.697764519000089,26.369045315000061],[126.703623894000089,26.355292059000099],[126.719981316000016,26.346991278000075],[126.74146569100003,26.341701565000058],[126.759938998000052,26.334418036000059],[126.767832879000025,26.320542710000048],[126.770030144000089,26.314195054000027],[126.775401238000072,26.308539130000039],[126.782399936000033,26.304510809000075],[126.788910352000016,26.303452867000097],[126.795176629000011,26.305609442000051],[126.795095248000052,26.308905341000081],[126.793711785000028,26.312892971000046],[126.795746290000025,26.317124742000097],[126.802093946000014,26.323553778000083],[126.807383660000042,26.332586981000059],[126.810313347000033,26.3425153670001],[126.810069207000083,26.351874091000063]]}},
{"type":"Feature","properties":{"featurecla":"Coastline","scalerank":3,"min_zoom":2.0,"historical_claim":false,"geometry_status":"modern_physical_reference","source_id":"source.natural_earth.coastline.10m"},"geometry":{"type":"LineString","coordinates":[[128.337657097000033,26.796942450000071],[128.331390821000014,26.813421942000041],[128.255056186000047,26.886297919000057],[128.254405144000089,26.864406643000063],[128.238536004000025,26.832424221000039],[128.234629754000025,26.813950914000081],[128.225922071000014,26.800970770000038],[128.187998894000089,26.780503648000039],[128.179453972000033,26.765855210000044],[128.176117384,26.762518622000076],[128.16920006600003,26.761175848000047],[128.161957227000016,26.757147528000072],[128.156993035000028,26.737127997000083],[128.152354363000086,26.731512762000087],[128.111338738000114,26.703436591000077],[128.103282097000033,26.691229559000071],[128.111094597000033,26.674017645000049],[128.057383660000028,26.644761460000044],[128.01490319100003,26.634833075000078],[128.004405144000089,26.634751695000098],[127.995616082000083,26.639227606000073],[127.988536004000039,26.652980861000064],[127.992523634000023,26.663275458000058],[127.999522332000083,26.671820380000046],[128.00123131600003,26.68024323100007],[127.987315300000091,26.692938544000079],[127.964610222000033,26.697170315000054],[127.919932488000086,26.694525458000047],[127.885427280000044,26.696112372000073],[127.878265821000014,26.694525458000047],[127.877940300000105,26.686590887000055],[127.885752800000091,26.653509833000044],[127.884776238000086,26.635687567000058],[127.885590040000011,26.620184637000087],[127.894297722000033,26.609279690000058],[127.940603061000061,26.602484442000037],[127.95590254,26.594794012000083],[127.962412957000069,26.581976630000057],[127.960215691000016,26.564113674000055],[127.937510613000086,26.532131252000045],[127.902679884,26.516424872000055],[127.864268425000091,26.505682684000067],[127.830577019000074,26.488430080000057],[127.828786655000044,26.48305898600006],[127.81373131600003,26.457993882000061],[127.810069207000069,26.457993882000046],[127.805186394000103,26.447577216000084],[127.793711785000042,26.442694403000058],[127.781097852000016,26.441229559000071],[127.74773196700005,26.441839911000059],[127.731293165000025,26.439886786000052],[127.72250410200003,26.42991771000003],[127.7207137380001,26.406480210000055],[127.724375847000047,26.385443427000048],[127.738617384,26.341457424000069],[127.74187259200005,26.320542710000048],[127.739105665000011,26.309230861000056],[127.731293165000025,26.289374091000067],[127.718272332000097,26.274074611000053],[127.700205925000105,26.27610911700009],[127.69263756600003,26.256252346000064],[127.677744988000086,26.230617580000075],[127.658457879000025,26.212347723000061],[127.638194207000069,26.214748440000054],[127.635915561000061,26.191351630000042],[127.657074415,26.12177155200003],[127.651703321000014,26.084377346000075],[127.710134311000047,26.084377346000043],[127.725352410000028,26.089585679000042],[127.741709832000083,26.115627346000053],[127.754893425000091,26.125311591000067],[127.775726759,26.12177155200003],[127.7968856130001,26.139715887000079],[127.814219597000047,26.165920315000051],[127.823578321000014,26.186753648000014],[127.809906446000028,26.189195054000042],[127.791514519000089,26.185492255000021],[127.775401238000086,26.185126044000071],[127.76840254,26.197658596000061],[127.771006707000083,26.216498114000061],[127.777517123000052,26.233343817000048],[127.828298373000067,26.316229559000085],[127.840830925000091,26.323919989000064],[127.861501498000052,26.319403387000087],[127.88209069100003,26.310736395000038],[127.901866082000083,26.304999091000074],[127.919932488000086,26.30963776200009],[127.910166863000086,26.323065497000083],[127.888845248000052,26.339097398000039],[127.878265821000014,26.351874091000077],[127.873383009,26.364813544000082],[127.869802280000044,26.393459377000053],[127.864756707000097,26.406480210000048],[127.85474694100003,26.412990627000081],[127.843028191000045,26.41746653900007],[127.838877800000077,26.42523834800005],[127.851735873000052,26.441229559000071],[127.859873894000103,26.445624091000063],[127.870616082000097,26.447414455000054],[127.94027754,26.447739976000026],[127.947276238000086,26.451157945000094],[127.950938347000047,26.466701565000047],[127.959971550000077,26.470851955000057],[127.972015821000028,26.47186920800004],[127.984141472000033,26.47846100500005],[128.03638756600003,26.527329820000073],[128.05591881600003,26.550482489000064],[128.071625196000014,26.544012762000069],[128.090342644000089,26.542669989000064],[128.108734571000014,26.545152085000037],[128.133067254000025,26.553208726000047],[128.13835696700005,26.554022528000086],[128.141774936000047,26.556586005000018],[128.145192905000044,26.564113674000055],[128.14576256600003,26.57343170800004],[128.140879754000025,26.576727606000073],[128.135020379000025,26.577948309000078],[128.13209069100003,26.581244208000058],[128.135264519000089,26.590073960000041],[128.142832879000025,26.601752020000067],[128.15162194100003,26.612453518000059],[128.158864780000044,26.618801174000055],[128.172211134,26.623480536000049],[128.217133009,26.625637111000056],[128.243337436000047,26.633286851000037],[128.264414910000028,26.652411200000074],[128.296641472000033,26.701320705000072],[128.299978061000047,26.70258209800004],[128.304209832000083,26.701320705000072],[128.308116082000083,26.700873114000046],[128.309743686000047,26.704738674000044],[128.308848504000025,26.717759507000046],[128.309743686000047,26.721177476000033],[128.323415561000047,26.746039130000046],[128.326833530000044,26.75047435100003],[128.333343946000014,26.756659247000091],[128.337657097000033,26.76430898600006],[128.334239129000025,26.77301666900005],[128.329844597000033,26.78034088700009],[128.330251498000052,26.787258205000064],[128.333343946000014,26.793036200000074],[128.337657097000033,26.796942450000071]]}},
{"type":"Feature","properties":{"featurecla":"Coastline","scalerank":6,"min_zoom":6.0,"historical_claim":false,"geometry_status":"modern_physical_reference","source_id":"source.natural_earth.coastline.10m"},"geometry":{"type":"LineString","coordinates":[[127.222178582000097,26.59894440300009],[127.2148543630001,26.592922268000066],[127.208832227000016,26.581976630000064],[127.2148543630001,26.577460028000086],[127.227061394000103,26.579535223000061],[127.236827019000103,26.579169012000079],[127.244151238000086,26.586411851000044],[127.242360873000067,26.596747137000062],[127.232758009000023,26.600775458000054],[127.222178582000097,26.59894440300009]]}},
{"type":"Feature","properties":{"featurecla":"Coastline","scalerank":6,"min_zoom":6.0,"historical_claim":false,"geometry_status":"modern_physical_reference","source_id":"source.natural_earth.coastline.10m"},"geometry":{"type":"LineString","coordinates":[[127.80982506600003,26.735419012000072],[127.795746290000011,26.731512762000087],[127.76880944100003,26.734035549000062],[127.754649285000013,26.728583075000085],[127.758555535000042,26.71287669500007],[127.785655144000074,26.702582098000047],[127.811208530000059,26.706976630000046],[127.80982506600003,26.735419012000072]]}},
{"type":"Feature","properties":{"featurecla":"Coastline","scalerank":6,"min_zoom":6.0,"historical_claim":false,"geometry_status":"modern_physical_reference","source_id":"source.natural_earth.coastline.10m"},"geometry":{"type":"LineString","coordinates":[[128.45435631600003,27.047512111000067],[128.451670769000089,27.054144598000057],[128.444346550000091,27.062567450000081],[128.42896569100003,27.066473700000078],[128.41570071700005,27.059759833000044],[128.408702019000089,27.050848700000085],[128.40162194100003,27.050726630000028],[128.396250847000033,27.049017645000031],[128.396250847000033,27.040757554000038],[128.401540561000076,27.03693268400006],[128.406097852000045,27.03510163000005],[128.410899285000028,27.030585028000072],[128.431407097000033,27.021673895000074],[128.448578321000014,27.020697333000051],[128.454844597000033,27.028753973000043],[128.45435631600003,27.047512111000067]]}},
{"type":"Feature","properties":{"featurecla":"Coastline","scalerank":6,"min_zoom":6.0,"historical_claim":false,"geometry_status":"modern_physical_reference","source_id":"source.natural_earth.coastline.10m"},"geometry":{"type":"LineString","coordinates":[[127.995371941000016,27.091742255000032],[127.987071160000042,27.078599351000033],[127.935720248000067,27.025091864000036],[127.925791863000086,27.009751695000098],[127.952159050000091,27.018296617000093],[127.975759311000061,27.039740302000038],[127.993174675000091,27.06671784100007],[128.000987175000091,27.09174225500005],[127.995371941000016,27.091742255000032]]}},
{"type":"Feature","properties":{"featurecla":"Coastline","scalerank":6,"min_zoom":5.0,"historical_claim":false,"geometry_status":"modern_physical_reference","source_id":"source.natural_earth.coastline.10m"},"geometry":{"type":"LineString","coordinates":[[128.700694207000083,27.454820054000027],[128.650401238000086,27.434719143000049],[128.635264519000117,27.423773505000046],[128.61882571700005,27.415594794000075],[128.600271030000044,27.415350653000072],[128.561534050000091,27.420396226000033],[128.54656009200005,27.41787344000004],[128.538422071000014,27.417629299000055],[128.533864780000044,27.415269273000035],[128.528819207000112,27.406439520000042],[128.526133660000028,27.397162177000034],[128.525157097000033,27.384670315000033],[128.526866082000083,27.371893622000087],[128.53248131600003,27.36204661700009],[128.545420769000089,27.353745835000069],[128.559906446000014,27.350734768000056],[128.574473504000025,27.353338934000085],[128.587412957000083,27.3620466170001],[128.595469597000033,27.363918361000064],[128.60474694100003,27.361802476000047],[128.613129102000016,27.364325262000083],[128.618174675000091,27.37970612200008],[128.630707227000016,27.375677802000041],[128.640472852000016,27.384670315000058],[128.655772332000083,27.410142320000091],[128.669769727000016,27.421087958000044],[128.697601759,27.435736395000045],[128.706879102000016,27.448635158000055],[128.703461134,27.450425523000064],[128.702810092000078,27.450751044000071],[128.702484571000014,27.451605536000045],[128.700694207000083,27.454820054000027]]}},
{"type":"Feature","properties":{"featurecla":"Coastline","scalerank":5,"min_zoom":3.0,"historical_claim":false,"geometry_status":"modern_physical_reference","source_id":"source.natural_earth.coastline.10m"},"geometry":{"type":"LineString","coordinates":[[128.988780144000089,27.811102606000105],[128.977305535000028,27.836615302000055],[128.965505405000044,27.894354559000071],[128.947032097000033,27.914129950000081],[128.915212436000047,27.900336005000035],[128.899912957000083,27.895900783000048],[128.894541863000086,27.891302802000038],[128.888519727000016,27.853176174000044],[128.884287957000083,27.836859442000037],[128.878916863000086,27.82477448100007],[128.899261915000011,27.769517320000116],[128.890879754000025,27.741888739000029],[128.894541863000086,27.72821686400005],[128.916351759,27.72235748900005],[128.919281446000014,27.715562242000086],[128.921885613000086,27.700913804000027],[128.929453972000033,27.686712958000047],[128.947032097000033,27.681382554000042],[128.960703972000033,27.685777085000041],[128.976328972000033,27.695502020000049],[128.98951256600003,27.707464911000049],[129.000254754000025,27.727728583000058],[129.024261915000011,27.756577867000061],[129.029633009,27.773260809000082],[129.02466881600003,27.786078192000055],[129.013194207000083,27.79523346600007],[128.999522332000112,27.802801825000074],[128.988780144000089,27.811102606000105]]}},
{"type":"Feature","properties":{"featurecla":"Coastline","scalerank":6,"min_zoom":6.0,"historical_claim":false,"geometry_status":"modern_physical_reference","source_id":"source.natural_earth.coastline.10m"},"geometry":{"type":"LineString","coordinates":[[128.236582879000025,27.866522528000075],[128.229828321000014,27.868963934000067],[128.232269727000016,27.852850653000104],[128.241547071000042,27.845363674000065],[128.24341881600003,27.857245184000075],[128.238536004000025,27.860907294000089],[128.236582879000025,27.866522528000075]]}},
{"type":"Feature","properties":{"featurecla":"Coastline","scalerank":6,"min_zoom":6.0,"historical_claim":false,"geometry_status":"modern_physical_reference","source_id":"source.natural_earth.coastline.10m"},"geometry":{"type":"LineString","coordinates":[[131.25513756600003,25.874986070000084],[131.247080925000091,25.87685781500004],[131.241058790000011,25.875677802000038],[131.236094597000033,25.872056382000054],[131.221202019000089,25.855698960000041],[131.212738477000016,25.841457424000062],[131.212087436000047,25.829046942000065],[131.230723504000025,25.821682033000059],[131.24146569100003,25.818752346000046],[131.252452019000089,25.819037177000045],[131.257334832000083,25.827093817000055],[131.259287957000083,25.837225653000075],[131.264170769000089,25.846340236000071],[131.270518425000091,25.853664455000043],[131.277110222000033,25.858384507000043],[131.25513756600003,25.874986070000084]]}},
{"type":"Feature","properties":{"featurecla":"Coastline","scalerank":6,"min_zoom":6.0,"historical_claim":false,"geometry_status":"modern_physical_reference","source_id":"source.natural_earth.coastline.10m"},"geometry":{"type":"LineString","coordinates":[[131.289724155000044,25.951361395000045],[131.290863477000016,25.938666083000047],[131.301524285000028,25.926743882000054],[131.309580925000091,25.922756252000042],[131.316579623000052,25.923081773000035],[131.322276238000086,25.927069403000072],[131.327891472000033,25.937079169000086],[131.321299675000091,25.947699286000052],[131.302093946000014,25.953192450000074],[131.289724155000044,25.951361395000045]]}},
{"type":"Feature","properties":{"featurecla":"Coastline","scalerank":6,"min_zoom":5.0,"historical_claim":false,"geometry_status":"modern_physical_reference","source_id":"source.natural_earth.coastline.10m"},"geometry":{"type":"LineString","coordinates":[[130.030284050000091,28.373480536000052],[130.018321160000028,28.364650783000073],[129.975596550000091,28.343247789000081],[129.913584832000083,28.297105210000041],[129.956553582000083,28.284816799000048],[129.97820071700005,28.283758856000077],[129.995453321000014,28.290920315000069],[130.007660352000016,28.306545315000054],[130.021494988000086,28.331284898000046],[130.031016472000033,28.356512762000062],[130.030284050000091,28.373480536000052]]}},
{"type":"Feature","properties":{"featurecla":"Coastline","scalerank":6,"min_zoom":6.0,"historical_claim":false,"geometry_status":"modern_physical_reference","source_id":"source.natural_earth.coastline.10m"},"geometry":{"type":"LineString","coordinates":[[129.714854363000086,29.654527085000044],[129.711436394000089,29.642523505000021],[129.712901238000086,29.629299221000064],[129.721039259,29.606146552000048],[129.74382571700005,29.622300523000018],[129.753754102000016,29.645412502000063],[129.745941602000016,29.66103750200007],[129.714854363000086,29.654527085000044]]}},
{"type":"Feature","properties":{"featurecla":"Coastline","scalerank":6,"min_zoom":6.0,"historical_claim":false,"geometry_status":"modern_physical_reference","source_id":"source.natural_earth.coastline.10m"},"geometry":{"type":"LineString","coordinates":[[129.893565300000091,29.874741929000034],[129.888682488000086,29.877508856000077],[129.88404381600003,29.878892320000041],[129.879567905000044,29.879136460000034],[129.875336134,29.878322658000059],[129.850980678000042,29.886729695000028],[129.832772265000017,29.873077651000084],[129.840184754,29.849729430000075],[129.852347652000049,29.839234318000095],[129.86340189200007,29.824606530000025],[129.920420769000089,29.819647528000086],[129.922129754000025,29.823146877000045],[129.927256707000083,29.825873114000043],[129.897418512000058,29.846915495000072],[129.893565300000091,29.874741929000034]]}},
{"type":"Feature","properties":{"featurecla":"Coastline","scalerank":6,"min_zoom":6.0,"historical_claim":false,"geometry_status":"modern_physical_reference","source_id":"source.natural_earth.coastline.10m"},"geometry":{"type":"LineString","coordinates":[[129.943695509,29.965277411000031],[129.934153440000046,29.982101624000038],[129.927135471000042,29.993404422000069],[129.921989545000088,30.004729881000067],[129.913422071000014,30.000311591000074],[129.909027540000011,29.999335028000079],[129.912364129000025,29.991888739000068],[129.90357506600003,29.984361070000038],[129.901133660000028,29.980698960000037],[129.899750196000014,29.975653387000072],[129.900645379000025,29.972560940000069],[129.903086785000028,29.970851955000054],[129.913333331000103,29.960901639000056],[129.923811733000093,29.957920034000054],[129.940928582000083,29.953192450000063],[129.948008660000028,29.958563544000068],[129.948008660000028,29.959458726],[129.945323113000086,29.961615302000048],[129.943695509,29.965277411000031]]}},
{"type":"Feature","properties":{"featurecla":"Coastline","scalerank":3,"min_zoom":3.0,"historical_claim":false,"geometry_status":"modern_physical_reference","source_id":"source.natural_earth.coastline.10m"},"geometry":{"type":"LineString","coordinates":[[130.674571160000028,30.374579169000061],[130.638678176000099,30.402660769000072],[130.599588494000045,30.41245819800006],[130.567825017000018,30.435941711000051],[130.523692254000025,30.449652411000066],[130.498950736000097,30.467962261000086],[130.488345125000023,30.457026279000047],[130.467118926000012,30.457225267000062],[130.461182410000106,30.441141568000056],[130.441172722000033,30.422308661000017],[130.423361028000045,30.398968251000046],[130.386485222000033,30.398138739000039],[130.376246508,30.394435997000077],[130.379012540000076,30.365875685000056],[130.386264038000036,30.339605661000061],[130.410633893000067,30.291556319000087],[130.427139938000096,30.255535937000051],[130.437713208000105,30.238970153000068],[130.485977453000032,30.225777010000069],[130.517719671,30.22749239400008],[130.546829845000047,30.231416228000057],[130.577279714000042,30.235905859000074],[130.603751051000046,30.252468518000054],[130.647146030000044,30.290513414000074],[130.669444207000083,30.33966705900006],[130.674571160000028,30.374579169000061]]}},
{"type":"Feature","properties":{"featurecla":"Coastline","scalerank":6,"min_zoom":6.0,"historical_claim":false,"geometry_status":"modern_physical_reference","source_id":"source.natural_earth.coastline.10m"},"geometry":{"type":"LineString","coordinates":[[130.220062696000014,30.471584377000049],[130.202305788000103,30.481901060000055],[130.191016268,30.476172262000027],[130.165050689000054,30.489890078000098],[130.141766046000043,30.489301081000072],[130.151776836000067,30.477863163000034],[130.163108376000082,30.468716573000055],[130.173115001000042,30.454421868000065],[130.190380823000083,30.461299148000062],[130.194386507000132,30.452148094000048],[130.193082099000094,30.439563337000035],[130.212467642000092,30.420690741000055],[130.231845441000019,30.423541633000077],[130.240633992000085,30.434935680000073],[130.26215684400006,30.435023779000051],[130.262144127000056,30.44703238500006],[130.242867,30.463611804000049],[130.220062696000014,30.471584377000049]]}},
{"type":"Feature","properties":{"featurecla":"Coastline","scalerank":3,"min_zoom":3.0,"historical_claim":false,"geometry_status":"modern_physical_reference","source_id":"source.natural_earth.coastline.10m"},"geometry":{"type":"LineString","coordinates":[[131.05201256600003,30.840236721000057],[131.045258009,30.836859442000044],[131.039235873000052,30.831447658000059],[131.02717589000008,30.819371621000094],[131.006257128000016,30.789246757000068],[131.008138666000036,30.767864858000046],[130.999703117000081,30.745686335000055],[130.985239371000034,30.741352311000075],[130.985131827000032,30.729775881000091],[130.966345346000026,30.701441462000041],[130.952796890000059,30.685495816000053],[130.939299697000024,30.672251498000065],[130.945430439,30.664215375000058],[130.943308587000047,30.654460150000027],[130.948376849000056,30.641109393000054],[130.951273786,30.610018201000081],[130.950938347000033,30.59503815300009],[130.942149285000028,30.569810289000078],[130.930221199000016,30.540859645000069],[130.90113980700005,30.503691978000077],[130.876278342000091,30.480704794000072],[130.870002258,30.463860979000064],[130.861771444000055,30.465662831000103],[130.851495082000042,30.470143740000079],[130.849382146000039,30.46126404200005],[130.853397547000128,30.440830762000065],[130.862571510000066,30.423947003000077],[130.865515395000102,30.397292703000065],[130.860275676000015,30.379525073000071],[130.857117893,30.36619154600006],[130.867345628000066,30.353699646000059],[130.870381079000026,30.343904295000073],[130.885817605000057,30.343850664000051],[130.891019609000068,30.355421322000041],[130.906519330000037,30.366014516000064],[130.924082879000025,30.36953359600005],[130.943650609000088,30.374681186000107],[130.962177175000079,30.372808183000082],[130.96328212800006,30.386143668000038],[130.97779709100007,30.400280234000046],[130.969638578000058,30.415438636000072],[130.971768639000061,30.426087012000043],[130.978030868000019,30.437596801000051],[130.972953826000094,30.44917003400008],[130.96475337600009,30.456319105000034],[130.967899306000049,30.464294822000053],[130.966960528000072,30.479399958000052],[130.980474011000069,30.497095505000075],[130.982638859000076,30.519305321000072],[130.994034117000069,30.532571782000044],[131.003403508000019,30.551166622000025],[131.01791169,30.551088098000022],[131.035563756000101,30.557209431000054],[131.037698961000046,30.572294187000058],[131.037847983,30.589171336000046],[131.051319307000085,30.597092024000052],[131.057615143000021,30.611269028],[131.057802897000101,30.642337950000076],[131.053760595000085,30.661867794000049],[131.07893733100002,30.699084278000036],[131.070968966,30.737329878000086],[131.071207980000054,30.769301799000065],[131.087933572,30.782606299000051],[131.073594694,30.799581581000055],[131.062406984000063,30.824528995000033],[131.061538216000031,30.840587948000042],[131.05201256600003,30.840236721000057]]}},
{"type":"Feature","properties":{"featurecla":"Coastline","scalerank":6,"min_zoom":6.0,"historical_claim":false,"geometry_status":"modern_physical_reference","source_id":"source.natural_earth.coastline.10m"},"geometry":{"type":"LineString","coordinates":[[129.946299675000091,30.844712632000039],[129.939952019000089,30.848944403000075],[129.932139519000089,30.851752020000067],[129.925547722000033,30.849595445000034],[129.915863477000016,30.841945705000054],[129.908213738000114,30.838446356000066],[129.90398196700005,30.834418036000041],[129.90984134200005,30.82587311400005],[129.910411004000025,30.821966864000057],[129.911957227000016,30.819769598000054],[129.927744988000086,30.813421942000019],[129.939463738000086,30.813421942000051],[129.950368686000076,30.819322007000046],[129.959808790000039,30.828680731000055],[129.95826256600003,30.836981512000079],[129.946299675000091,30.844712632000039]]}},
{"type":"Feature","properties":{"featurecla":"Coastline","scalerank":5,"min_zoom":3.0,"historical_claim":false,"geometry_status":"modern_physical_reference","source_id":"source.natural_earth.coastline.10m"},"geometry":{"type":"LineString","coordinates":[[123.814707879000025,24.391750393000059],[123.791270379000025,24.40961334800005],[123.784922722000047,24.416083075000078],[123.776866082000083,24.419745184000089],[123.769867384,24.418361721000057],[123.766856316000045,24.409409898000046],[123.76531009200005,24.401109117000125],[123.753184441000045,24.364447333000044],[123.748057488000072,24.329575914000106],[123.742360873000052,24.319728908000055],[123.729258660000042,24.315741278000086],[123.717539910000028,24.323675848000047],[123.7070418630001,24.328680731000077],[123.698008660000028,24.315985419000068],[123.690928582000083,24.31883372600003],[123.687673373000067,24.320502020000031],[123.683767123000067,24.323472398000039],[123.668223504000025,24.296616929000024],[123.68344160200003,24.285305080000057],[123.745778842000064,24.281236070000105],[123.85124759200005,24.256984768000059],[123.8730574880001,24.258246161000063],[123.915537957000083,24.306830145000042],[123.936045769000089,24.341457424000058],[123.934418165000011,24.36749909100007],[123.910492384,24.379543361000074],[123.872080925000091,24.390122789000085],[123.834727410000028,24.395493882000043],[123.814707879000025,24.391750393000059]]}},
{"type":"Feature","properties":{"featurecla":"Coastline","scalerank":5,"min_zoom":3.0,"historical_claim":false,"geometry_status":"modern_physical_reference","source_id":"source.natural_earth.coastline.10m"},"geometry":{"type":"LineString","coordinates":[[124.329112175000105,24.583563544000079],[124.321299675000091,24.590277411000041],[124.3144637380001,24.587307033000059],[124.30062910200003,24.569891669000068],[124.268402540000011,24.510443427000041],[124.256602410000042,24.501613674000055],[124.240244988000086,24.4948591170001],[124.230316602,24.479152736000071],[124.222422722000033,24.461004950000088],[124.211924675000091,24.446966864000053],[124.202159050000091,24.442206122000073],[124.191254102000016,24.44000885600007],[124.167816602000016,24.439520575000078],[124.156504754000039,24.441636460000048],[124.147959832000083,24.446356512000083],[124.13990319100003,24.453192450000067],[124.13445071700005,24.456773179000049],[124.132985873000052,24.464016018000045],[124.129161004000025,24.469387111000071],[124.116221550000105,24.467474677000048],[124.112315300000105,24.463364976000033],[124.101735873000052,24.446600653000083],[124.095225457000069,24.439520575000078],[124.078379754000025,24.435492255000053],[124.077891472000033,24.428452867000086],[124.088633660000042,24.421942450000063],[124.105723504000025,24.419094143000049],[124.12273196700005,24.414292710000062],[124.12875410200003,24.403550523000039],[124.132578972000033,24.391994533000062],[124.143077019000089,24.384914455000072],[124.122243686000047,24.360581773000035],[124.14031009200005,24.34198639500006],[124.177012566000045,24.33299388200005],[124.211924675000091,24.337103583000037],[124.241872592000064,24.363714911000034],[124.2539168630001,24.401800848000043],[124.260508660000042,24.44525788000005],[124.273936394000089,24.487941799000051],[124.309092644000089,24.53485748900005],[124.319021030000059,24.55304596600007],[124.326914910000042,24.561183986000046],[124.332286004000025,24.571030992000082],[124.329112175000105,24.583563544000079]]}},
{"type":"Feature","properties":{"featurecla":"Coastline","scalerank":5,"min_zoom":3.0,"historical_claim":false,"geometry_status":"modern_physical_reference","source_id":"source.natural_earth.coastline.10m"},"geometry":{"type":"LineString","coordinates":[[125.387217644000089,24.782171942000044],[125.365570509000023,24.779933986000067],[125.358246290000025,24.782619533000066],[125.326670769000089,24.810736395000049],[125.321625196000014,24.816880601000051],[125.314219597000047,24.829901434000103],[125.302256707000083,24.857570705000061],[125.294444207000069,24.869574286000031],[125.290212436000047,24.873928127000045],[125.285166863000086,24.877346096000057],[125.274424675000091,24.882228908000055],[125.262461785000028,24.884344794000064],[125.260264519000089,24.885199286000056],[125.271006707000083,24.867824611000056],[125.274750196000028,24.856431382000043],[125.273936394000103,24.820013739000043],[125.261485222000033,24.763861395000038],[125.256846550000077,24.751695054000042],[125.258799675000091,24.733384507000043],[125.299652540000011,24.725653387000087],[125.383799675000077,24.726955471000057],[125.42351321700005,24.732245184000071],[125.444021030000044,24.737209377000074],[125.452647332000083,24.744940497000087],[125.444834832000097,24.756740627000053],[125.426280144000074,24.768866278000075],[125.404633009,24.778387762000076],[125.387217644000089,24.782171942000044]]}},
{"type":"Feature","properties":{"featurecla":"Coastline","scalerank":6,"min_zoom":6.0,"historical_claim":false,"geometry_status":"modern_physical_reference","source_id":"source.natural_earth.coastline.10m"},"geometry":{"type":"LineString","coordinates":[[125.202891472000047,24.84625885600008],[125.194509311000047,24.850287177000038],[125.17701256600003,24.856390692000055],[125.163584832000083,24.854641018000066],[125.159678582000083,24.844427802000041],[125.157562696000028,24.833807684000085],[125.149668816000045,24.831935940000054],[125.141123894000089,24.82859935100003],[125.140147332000083,24.816392320000094],[125.150645379000011,24.804348049000062],[125.168142123000052,24.800970770000038],[125.205251498000052,24.804999091000067],[125.217051629000025,24.816595770000038],[125.21078535200003,24.836981512000076],[125.202891472000047,24.84625885600008]]}},
{"type":"Feature","properties":{"featurecla":"Coastline","scalerank":5,"min_zoom":6.0,"historical_claim":false,"geometry_status":"modern_physical_reference","source_id":"source.natural_earth.coastline.10m"},"geometry":{"type":"LineString","coordinates":[[124.568858269000202,25.896226303999981],[124.567718946000142,25.89443594],[124.565277540000139,25.895738023000046],[124.566823764000119,25.898423570000094],[124.568858269000202,25.896226303999981]]}},
{"type":"Feature","properties":{"featurecla":"Coastline","scalerank":5,"min_zoom":6.0,"historical_claim":false,"geometry_status":"modern_physical_reference","source_id":"source.natural_earth.coastline.10m"},"geometry":{"type":"LineString","coordinates":[[123.675873243000055,25.918158270000106],[123.672699415000025,25.92682526200014],[123.679209832000197,25.930772203000128],[123.684580925000219,25.92462799700013],[123.685801629000139,25.922796942000058],[123.683034701000011,25.920030015000176],[123.675873243000055,25.918158270000106]]}},
{"type":"Feature","properties":{"featurecla":"Coastline","scalerank":5,"min_zoom":6.0,"historical_claim":false,"geometry_status":"modern_physical_reference","source_id":"source.natural_earth.coastline.10m"},"geometry":{"type":"LineString","coordinates":[[123.673024936000161,25.928697006999982],[123.672048373000166,25.927476304000162],[123.67172285200013,25.929754950000017],[123.673024936000161,25.928697006999982]]}},
{"type":"Feature","properties":{"featurecla":"Coastline","scalerank":3,"min_zoom":2.0,"historical_claim":false,"geometry_status":"modern_physical_reference","source_id":"source.natural_earth.coastline.10m"},"geometry":{"type":"LineString","coordinates":[[126.946055535000028,33.478013414000081],[126.943369988000086,33.473822333000037],[126.937022332000083,33.469468492000097],[126.932383660000028,33.464911200000088],[126.922699415000025,33.476629950000031],[126.912852410000042,33.50657786700009],[126.898203972000047,33.51898834800005],[126.849945509,33.534979559000085],[126.835215691000045,33.544582424000062],[126.82336637100002,33.55943982600008],[126.792360330000079,33.563796905000054],[126.745505216000083,33.560556374000043],[126.664691543,33.549675810000082],[126.648797658000035,33.553426278000053],[126.582433913000045,33.529283568000032],[126.484934588000101,33.520757551000074],[126.459380103000058,33.502380557000052],[126.357360286000031,33.47796084100009],[126.310567327000058,33.464476461000068],[126.297949248,33.441714895000068],[126.270660675000059,33.435873541000014],[126.240977410000042,33.392767645000035],[126.206228061000047,33.375555731000084],[126.195811394000074,33.366685289000074],[126.17896569100003,33.341457424000055],[126.161143425000091,33.300767320000027],[126.171397332000083,33.269354559000071],[126.200823943000046,33.243552024000067],[126.231150586,33.234922996000087],[126.253916863000072,33.204046942000055],[126.270030144000103,33.197577216000063],[126.286143425000091,33.200384833000037],[126.30379021400006,33.22655937400009],[126.333427296000096,33.238169044000067],[126.428457759000011,33.239309302000045],[126.470562205000093,33.228713895000055],[126.521208895000086,33.236617790000089],[126.565527490000036,33.232907836000066],[126.606918862000057,33.240610458000049],[126.640723329000025,33.264666184000063],[126.741792565000083,33.280208472000083],[126.780141005,33.305550290000042],[126.806407097000033,33.303615627000077],[126.815928582000083,33.307806708000037],[126.840586785000028,33.310207424000055],[126.847239136000113,33.323217852000084],[126.847955509000016,33.332065315000079],[126.862992360000035,33.354141206000079],[126.873530040000119,33.373045514000069],[126.907506661000085,33.395725098000071],[126.925547722000033,33.413153387000065],[126.927256707000083,33.416083075000081],[126.935801629000039,33.425482489000053],[126.939219597000047,33.430853583000037],[126.939219597000047,33.436265367000082],[126.93287194100003,33.445502020000056],[126.932383660000028,33.451320705000064],[126.939300977000016,33.45823802300005],[126.948985222000047,33.460598049000041],[126.953623894000103,33.465033270000056],[126.946055535000028,33.478013414000081]]}},
{"type":"Feature","properties":{"featurecla":"Coastline","scalerank":6,"min_zoom":6.0,"historical_claim":false,"geometry_status":"modern_physical_reference","source_id":"source.natural_earth.coastline.10m"},"geometry":{"type":"LineString","coordinates":[[125.127696160000013,34.048570054000038],[125.129893425000105,34.04755280200002],[125.134287957000083,34.046861070000034],[125.137380405000044,34.051336981000091],[125.13640384200005,34.059271552000034],[125.122080925000091,34.083807684000078],[125.1132918630001,34.092840887000072],[125.102224155000059,34.095933335000048],[125.094574415000025,34.090073960000048],[125.08969160200003,34.079535223],[125.092133009000023,34.071763414000074],[125.103282097000033,34.066066799000062],[125.122813347000019,34.051174221000053],[125.127696160000013,34.048570054000038]]}},
{"type":"Feature","properties":{"featurecla":"Coastline","scalerank":6,"min_zoom":6.0,"historical_claim":false,"geometry_status":"modern_physical_reference","source_id":"source.natural_earth.coastline.10m"},"geometry":{"type":"LineString","coordinates":[[126.598968946000014,34.168646552000048],[126.593272332000083,34.169989325000081],[126.5820418630001,34.170152085000034],[126.573741082000097,34.168036200000053],[126.567881707000083,34.168646552000048],[126.54810631600003,34.179103908000066],[126.53288821700005,34.179103908000066],[126.515147332000083,34.168850002000063],[126.506358269000089,34.153998114000053],[126.507090691000016,34.138861395000056],[126.517751498000067,34.127142645000049],[126.536875847000033,34.126450914000102],[126.551931186000047,34.133978583000065],[126.561859571000014,34.141424872000051],[126.573008660000028,34.147691148],[126.576426629000039,34.153062242000082],[126.581797722000033,34.157416083000037],[126.591156446000028,34.157619533000044],[126.600271030000044,34.153469143000059],[126.604014519000103,34.152248440000065],[126.605804884000023,34.156154690000079],[126.609385613000086,34.155666408000052],[126.613536004000011,34.152533270000013],[126.615977410000013,34.156968492000097],[126.607676629000039,34.165594794000071],[126.598968946000014,34.168646552000048]]}},
{"type":"Feature","properties":{"featurecla":"Coastline","scalerank":5,"min_zoom":4.0,"historical_claim":false,"geometry_status":"modern_physical_reference","source_id":"source.natural_earth.coastline.10m"},"geometry":{"type":"LineString","coordinates":[[129.296641472000033,28.119574286000045],[129.287771030000044,28.125189520000031],[129.264170769000089,28.134711005000057],[129.251800977000016,28.14378489800005],[129.250498894000089,28.151027736000056],[129.256032748000052,28.159165757000046],[129.263926629000025,28.167385158000052],[129.269297722000033,28.174872137000076],[129.232595248000052,28.170721747000055],[129.221527540000011,28.176011460000044],[129.227712436000047,28.195257880000032],[129.195811394000089,28.195461330000054],[129.180837436000047,28.190252997000062],[129.187022332000083,28.174994208000051],[129.21412194100003,28.140082098000043],[129.215993686000047,28.130845445000087],[129.218109571000014,28.106105861000067],[129.221446160000028,28.099107164000099],[129.230642123000052,28.096665757000039],[129.251800977000016,28.100002346000071],[129.263031446000014,28.099107164000099],[129.263926629000025,28.096340236000067],[129.273610873000052,28.083319403000075],[129.276133660000028,28.082017320000091],[129.279144727000016,28.07709381700003],[129.285411004000025,28.081488348000068],[129.29070071700005,28.088812567000044],[129.290375196000014,28.092922268000059],[129.290537957000083,28.095160223000061],[129.295176629000025,28.099066473000065],[129.300791863000114,28.100531317000037],[129.303477410000028,28.096014716000081],[129.306407097000033,28.094142971000057],[129.323985222000033,28.07859935100004],[129.350433790000011,28.08649323100008],[129.34734134200005,28.106919664000095],[129.325531446000014,28.123480536000034],[129.296641472000033,28.119574286000045]]}},
{"type":"Feature","properties":{"featurecla":"Coastline","scalerank":3,"min_zoom":2.0,"historical_claim":false,"geometry_status":"modern_physical_reference","source_id":"source.natural_earth.coastline.10m"},"geometry":{"type":"LineString","coordinates":[[129.707530144000089,28.462144273000046],[129.698008660000028,28.494859117000086],[129.687754754000025,28.508978583000015],[129.67310631600003,28.509833075000071],[129.66724694100003,28.502997137000072],[129.668793165000011,28.495062567000041],[129.672536655000044,28.487616278000065],[129.673350457000083,28.482733466000045],[129.654307488000086,28.452134507000043],[129.644053582000083,28.439764716000081],[129.63249759200005,28.434881903000079],[129.61646569100003,28.438544012000094],[129.613942905000044,28.447984117000082],[129.62623131600003,28.482733466000052],[129.560801629000025,28.451117255000064],[129.533457879000025,28.430487372000083],[129.516368035000028,28.393296617000093],[129.504405144000089,28.399888414000081],[129.492686394000089,28.404852606000073],[129.482432488000086,28.41103750200006],[129.475352410000028,28.421291408000041],[129.466156446000014,28.404852606000073],[129.450938347000033,28.39203522300004],[129.432302280000044,28.386908270000056],[129.41334069100003,28.393296617000093],[129.399587436000047,28.371730861000056],[129.380625847000033,28.366766669000068],[129.357269727000016,28.368353583000058],[129.331309441000059,28.366034247000062],[129.330577019000089,28.363714911000031],[129.316254102000016,28.35016510600008],[129.295664910000028,28.336371161000024],[129.288259311000047,28.333075262000083],[129.263926629000025,28.328843492000082],[129.252452019000089,28.321519273000042],[129.24146569100003,28.312567450000085],[129.227712436000047,28.304592190000076],[129.23951256600003,28.290350653000054],[129.253672722000033,28.284572658000062],[129.290375196000014,28.28408437700007],[129.270843946000014,28.255357164000088],[129.241384311000047,28.256333726000033],[129.208832227000016,28.264227606000063],[129.180511915000011,28.25617096600007],[129.171397332000083,28.261664130000053],[129.162852410000028,28.262640692000055],[129.154470248000052,28.260321356000087],[129.14576256600003,28.25617096600006],[129.14576256600003,28.249945380000057],[129.158946160000028,28.240627346000057],[129.173594597000033,28.236070054000049],[129.207855665000011,28.229437567000048],[129.242442254000025,28.21430084800005],[129.256358269000089,28.214667059000085],[129.269297722000033,28.229437567000048],[129.280772332000083,28.218573309000075],[129.281423373000052,28.204820054000034],[129.280284050000091,28.190497137000079],[129.286631707000083,28.177923895000042],[129.33757571700005,28.147528387000097],[129.365733269000089,28.123195705000068],[129.375987175000091,28.119574286000045],[129.379405144000117,28.125962632000022],[129.374522332000083,28.140041408000076],[129.364431186000047,28.154038804000045],[129.351817254000025,28.160549221000057],[129.371104363000086,28.167222398000039],[129.388682488000086,28.162827867000086],[129.401540561000047,28.163316148000039],[129.406504754000025,28.184475002000053],[129.415212436000047,28.185736395000063],[129.467946811000047,28.215765692000055],[129.456879102000016,28.225734768000059],[129.431651238000086,28.24103424700008],[129.420176629000025,28.249945380000057],[129.430430535000028,28.254095770000049],[129.439626498000052,28.259019273000025],[129.447764519000089,28.266302802000041],[129.454844597000033,28.277248440000065],[129.447438998000052,28.290920315000061],[129.461192254000025,28.291693427000041],[129.487315300000091,28.282538153000068],[129.498871290000011,28.287502346000068],[129.530039910000028,28.314764716000074],[129.533457879000025,28.31883372600004],[129.55396569100003,28.328436591000063],[129.581553582000083,28.370672919000075],[129.601898634,28.380316473000057],[129.611175977000016,28.383124091000067],[129.615244988000086,28.389593817000037],[129.61687259200005,28.396470445000087],[129.619313998000052,28.400783596000046],[129.625254754000025,28.40273672100005],[129.639414910000028,28.405340887000083],[129.681651238000086,28.421087958000054],[129.693858269000089,28.42869700700005],[129.700531446000014,28.429999091000081],[129.708506707000083,28.428778387000083],[129.715993686000047,28.429144598000054],[129.721039259,28.43488190300009],[129.721690300000091,28.444037177000059],[129.717295769000089,28.450262762000108],[129.711436394000089,28.455633856000066],[129.707530144000089,28.462144273000046]]}},
{"type":"Feature","properties":{"featurecla":"Coastline","scalerank":6,"min_zoom":6.0,"historical_claim":false,"geometry_status":"modern_physical_reference","source_id":"source.natural_earth.coastline.10m"},"geometry":{"type":"LineString","coordinates":[[129.591563347000033,29.450100002000056],[129.599619988000086,29.443345445000084],[129.612315300000091,29.443345445000084],[129.615407748000052,29.455226955000057],[129.610687696000014,29.465562242000079],[129.608083530000044,29.469224351000026],[129.603526238000086,29.469549872000073],[129.601084832000083,29.471340236000071],[129.598155144000089,29.472357489000046],[129.591319207000083,29.467962958000015],[129.587412957000083,29.458238023000046],[129.591563347000033,29.450100002000056]]}},
{"type":"Feature","properties":{"featurecla":"Coastline","scalerank":6,"min_zoom":6.0,"historical_claim":false,"geometry_status":"modern_physical_reference","source_id":"source.natural_earth.coastline.10m"},"geometry":{"type":"LineString","coordinates":[[129.527679884,29.902329820000045],[129.533050977000016,29.893500067000048],[129.539886915000011,29.889878648000028],[129.551524285000028,29.893622137000083],[129.554453972000033,29.897528387000072],[129.550140821000014,29.903876044000071],[129.543304884,29.90814850500006],[129.535411004000025,29.909857489000046],[129.52857506600003,29.9089216170001],[129.527679884,29.902329820000045]]}},
{"type":"Feature","properties":{"featurecla":"Coastline","scalerank":6,"min_zoom":6.0,"historical_claim":false,"geometry_status":"modern_physical_reference","source_id":"source.natural_earth.coastline.10m"},"geometry":{"type":"LineString","coordinates":[[129.428233269000089,30.846421617000093],[129.429453972000033,30.840887762000069],[129.433848504000025,30.844549872000069],[129.43091881600003,30.848211981000045],[129.428233269000089,30.846421617000093]]}},
{"type":"Feature","properties":{"featurecla":"Coastline","scalerank":3,"min_zoom":3.0,"historical_claim":false,"geometry_status":"modern_physical_reference","source_id":"source.natural_earth.coastline.10m"},"geometry":{"type":"LineString","coordinates":[[128.878426932000025,32.673924825000086],[128.855225757000085,32.68886442000008],[128.842068713,32.703861391000096],[128.849782748000052,32.742743231000091],[128.842295769000089,32.759466864000025],[128.827688055000067,32.761902974000073],[128.810557488000086,32.766058661000045],[128.810801629000025,32.774888414000095],[128.812022332000083,32.782416083000022],[128.808490389000099,32.79990841200005],[128.784125479000068,32.788181200000054],[128.779223828,32.776625290000084],[128.743174675000091,32.758286851000037],[128.72184869,32.754283436000044],[128.70536494800001,32.74746123200002],[128.699652891000028,32.74377130200007],[128.685738497000102,32.770915670000051],[128.679047071000014,32.782904364000061],[128.660817905000044,32.782782294000071],[128.650939594000079,32.775413082000057],[128.641767572000049,32.761383973000072],[128.650401238000086,32.744533596000068],[128.644053582000083,32.73330312700007],[128.64226321700005,32.728013414000102],[128.642588738000086,32.722398179000038],[128.645030144000089,32.717962958000051],[128.647959832000083,32.713853257000046],[128.650645379000025,32.709295966000099],[128.653493686000047,32.699611721000039],[128.654551629000025,32.688869533000059],[128.654307488000086,32.677964585000041],[128.652679884,32.667914130000042],[128.639659050000091,32.64126211100006],[128.638682488000086,32.635158596000046],[128.636241082000083,32.64374420800003],[128.633067254000025,32.665472723000072],[128.631846550000091,32.669867255000021],[128.62427819100003,32.667303778000075],[128.618174675000091,32.659654039000088],[128.613536004000025,32.650213934000085],[128.61060631600003,32.642523505000064],[128.603818732000036,32.630598035000027],[128.600438893000046,32.614177909000027],[128.618544335000024,32.609536275000039],[128.652631041000063,32.591075013000086],[128.662852410000028,32.60154857000002],[128.712412957000083,32.604315497000059],[128.736041819000093,32.603493841000031],[128.755381707000083,32.580511786000045],[128.773110265000014,32.571665843000076],[128.790200827000035,32.586384515000063],[128.792228379000136,32.597941535000082],[128.794958743000052,32.610093420000041],[128.780121290000011,32.624823309000092],[128.775157097000033,32.627142645000013],[128.772227410000028,32.631903387000087],[128.775889519000089,32.642523505000035],[128.779633009,32.646795966000077],[128.788096550000091,32.64850495000006],[128.793223504000025,32.65249258000005],[128.815488465000044,32.646810135000059],[128.817715624000016,32.63458958800004],[128.85789915700002,32.64340912400008],[128.880931137000061,32.642359311000078],[128.899261915000011,32.642523505000035],[128.901133660000028,32.645982164000102],[128.901133660000028,32.646918036000038],[128.893711857000085,32.657617505000097],[128.878426932000025,32.673924825000086]]}},
{"type":"Feature","properties":{"featurecla":"Coastline","scalerank":6,"min_zoom":6.0,"historical_claim":false,"geometry_status":"modern_physical_reference","source_id":"source.natural_earth.coastline.10m"},"geometry":{"type":"LineString","coordinates":[[128.899750196000014,32.818304755000078],[128.89226321700005,32.823716539000117],[128.868174675000091,32.837836005000035],[128.86296634200005,32.835272528000068],[128.866221550000091,32.825384833000051],[128.87077884200005,32.816066799000048],[128.873383009,32.807847398000028],[128.874196811000047,32.804348049000055],[128.875010613000086,32.801743882000068],[128.873871290000011,32.798732815000037],[128.869883660000028,32.80109284100007],[128.866221550000091,32.807359117000075],[128.863454623000052,32.818833726000044],[128.856944207000083,32.830023505000057],[128.846202019000089,32.834865627000056],[128.837250196000014,32.833807684000071],[128.834646030000044,32.827053127000056],[128.835948113000086,32.81899648600006],[128.835215691000059,32.787665106000055],[128.840098504000053,32.777573960000034],[128.847911004000025,32.774888414000095],[128.86646569100003,32.764960028000075],[128.875336134,32.763495184000078],[128.882334832000083,32.765285549000069],[128.894867384,32.78172435100003],[128.907237175000091,32.794012762000087],[128.908539259,32.801336981000084],[128.902842644000089,32.814154364000032],[128.899750196000014,32.818304755000078]]}},
{"type":"Feature","properties":{"featurecla":"Coastline","scalerank":6,"min_zoom":6.0,"historical_claim":false,"geometry_status":"modern_physical_reference","source_id":"source.natural_earth.coastline.10m"},"geometry":{"type":"LineString","coordinates":[[128.953135613000086,32.874212958000072],[128.951182488000086,32.87645091400011],[128.94654381600003,32.880194403000075],[128.943369988000086,32.876288153000068],[128.942149285000028,32.865179755000057],[128.937673373000052,32.860785223000043],[128.92896569100003,32.864691473000036],[128.926768425000091,32.862209377000028],[128.929453972000033,32.849798895000049],[128.924327019000089,32.851507880000064],[128.908946160000028,32.866441148000057],[128.890879754000025,32.870917059000085],[128.880707227000016,32.862616278000083],[128.883148634,32.855943101000037],[128.889659050000091,32.858140367000097],[128.89576256600003,32.856431382000039],[128.909922722000033,32.842433986000067],[128.91570071700005,32.838853257000054],[128.920176629000025,32.835028387000079],[128.924001498000052,32.829657294000064],[128.924082879000025,32.824611721000068],[128.920583530000044,32.820746161000031],[128.923024936000047,32.818060614000039],[128.931976759,32.817124742000075],[128.938487175000091,32.812933661000052],[128.940440300000091,32.804429429000031],[128.945078972000033,32.804348049000055],[128.949392123000052,32.813381252000063],[128.947764519000089,32.819810289000074],[128.94459069100003,32.823391018000059],[128.94695071700005,32.828029690000044],[128.954437696000014,32.830715236000039],[128.958018425000091,32.841498114000039],[128.955414259,32.863104559000057],[128.953135613000086,32.874212958000072]]}},
{"type":"Feature","properties":{"featurecla":"Coastline","scalerank":6,"min_zoom":3.0,"historical_claim":false,"geometry_status":"modern_physical_reference","source_id":"source.natural_earth.coastline.10m"},"geometry":{"type":"LineString","coordinates":[[129.027842644000089,32.899807033000059],[129.024587436000047,32.908636786000052],[129.020681186000047,32.916693427000062],[129.009613477000016,32.924505927000077],[128.992442254000025,32.929429429000052],[128.984629754000025,32.929185289000095],[128.984711134,32.92609284100007],[128.982676629000025,32.923244533000059],[128.979340040000011,32.920233466000084],[128.979665561000047,32.916489976000037],[128.982269727000016,32.912420966000063],[128.983734571000014,32.906642971000061],[128.988780144000089,32.900213934000085],[128.994476759,32.895331122000073],[128.995616082000083,32.890529690000037],[128.991709832000083,32.889837958000044],[128.972992384,32.898504950000074],[128.964610222000033,32.898260809000085],[128.96412194100003,32.889553127000056],[128.96802819100003,32.873683986000046],[128.969493035000028,32.871486721000061],[128.973806186000047,32.869045315000065],[128.977549675000091,32.863999742000104],[128.982676629000025,32.862250067000055],[128.996836785000028,32.86664459800005],[129.006602410000028,32.864691473000029],[129.013682488000086,32.858791408000059],[129.017425977000016,32.856675523000042],[129.017914259,32.848049221000046],[129.024099155000044,32.848049221000046],[129.028168165000011,32.855658270000063],[129.029958530000044,32.888617255000042],[129.029470248000081,32.891750393000059],[129.027842644000089,32.899807033000059]]}},
{"type":"Feature","properties":{"featurecla":"Coastline","scalerank":5,"min_zoom":3.0,"historical_claim":false,"geometry_status":"modern_physical_reference","source_id":"source.natural_earth.coastline.10m"},"geometry":{"type":"LineString","coordinates":[[129.097992384,32.988267320000041],[129.09725354,33.018105753000029],[129.09927084900005,33.03568710900003],[129.102712334000103,33.05449343500004],[129.111966584000015,33.070308784000048],[129.118310081000033,33.088530759000044],[129.123911105000076,33.109172923000067],[129.115908072000025,33.11397540400008],[129.108593768000105,33.122417884000079],[129.112128298000016,33.131534918000071],[129.116387371000087,33.140655876000018],[129.117666865000047,33.15885922700005],[129.108180298000093,33.166688089000047],[129.09626241,33.125374519000047],[129.098547049000103,33.114491157000089],[129.106619099,33.10118815400007],[129.101724628000056,33.082973006000095],[129.085875278,33.076207505000077],[129.080996644000038,33.056781847000096],[129.084320509,33.043198960000048],[129.083994988000086,33.023382880000028],[129.077737118000073,33.020397963000072],[129.067645125000013,33.019115829000057],[129.065210605000061,33.043953982000076],[129.048622194000018,33.039602796000054],[129.042584149000049,33.000159672000059],[129.054453972000033,32.97931549700008],[129.035038412000063,32.967404474000034],[129.020420419000061,32.980624687000052],[128.998075702000051,32.966534179000085],[128.981460312000081,32.960351967000079],[128.979423070000053,32.947609145000058],[128.988780144000089,32.944159247000073],[129.024261915000011,32.937892971000061],[129.033050977000016,32.933335679000045],[129.047819517000107,32.909964614000053],[129.041475384000023,32.895999588000052],[129.040414320000082,32.862728196000027],[129.047129754000025,32.841457424000048],[129.045722828000066,32.822092732000065],[129.064952019000089,32.817816473000057],[129.068532748000052,32.825913804000038],[129.068695509,32.839178778000075],[129.0614950370001,32.84838424200008],[129.067919719000088,32.861182834000083],[129.086192254000025,32.857245184000078],[129.096572252000101,32.85694237600007],[129.097992384,32.868475653000054],[129.098480665000011,32.87514883000005],[129.090550780000058,32.89147978700003],[129.092536865000056,32.906607937000032],[129.100352410000028,32.919012762000079],[129.117543494000074,32.935841081000035],[129.137217644000089,32.938177802000034],[129.156325053000046,32.958490107000053],[129.175954623000052,32.966986395000056],[129.182807278000041,32.984685539000054],[129.169628216000092,33.005816536000033],[129.109711134,32.982896226000037],[129.097992384,32.988267320000041]]}},
{"type":"Feature","properties":{"featurecla":"Coastline","scalerank":5,"min_zoom":4.0,"historical_claim":false,"geometry_status":"modern_physical_reference","source_id":"source.natural_earth.coastline.10m"},"geometry":{"type":"LineString","coordinates":[[129.783213738000086,31.799627997000062],[129.776703321000014,31.779527085000026],[129.767751498000052,31.759344794000068],[129.75359134200005,31.743801174000058],[129.73170006600003,31.737616278000075],[129.716644727000016,31.730373440000058],[129.690602868000042,31.700198056000097],[129.676297655000099,31.666966426000055],[129.655381433,31.659784838000053],[129.659373675000097,31.64193470500004],[129.67769407500009,31.629699673000044],[129.695977406,31.621447336000077],[129.719248894000089,31.63735586100006],[129.729340040000011,31.644232489000043],[129.741709832000083,31.676174221000046],[129.776133660000028,31.729478257000039],[129.78638756600003,31.737616278000075],[129.799571160000028,31.745428778000072],[129.798594597000033,31.763657945000016],[129.790863477000016,31.784409898000067],[129.783213738000086,31.799627997000062]]}},
{"type":"Feature","properties":{"featurecla":"Coastline","scalerank":6,"min_zoom":6.0,"historical_claim":false,"geometry_status":"modern_physical_reference","source_id":"source.natural_earth.coastline.10m"},"geometry":{"type":"LineString","coordinates":[[129.933360222000033,31.867824611000067],[129.928558790000011,31.869696356000087],[129.913422071000014,31.86774323100007],[129.908457879000025,31.861802476000037],[129.912771030000044,31.85187409100006],[129.909922722000033,31.845689195000016],[129.90202884200005,31.848130601000019],[129.86451256600003,31.875555731000084],[129.84498131600003,31.880601304000034],[129.831797722000033,31.873521226000019],[129.823090040000011,31.863023179000056],[129.820323113000086,31.851874091000081],[129.820567254000025,31.845526434000075],[129.824229363000086,31.84227122600004],[129.831797722000033,31.843736070000038],[129.83952884200005,31.85366445500005],[129.850433790000011,31.857407945000045],[129.853526238000086,31.855169989000039],[129.846527540000011,31.850897528000068],[129.847422722000033,31.843410549000055],[129.853770379000025,31.835150458000051],[129.857432488000086,31.828558661000031],[129.85906009200005,31.823675848000057],[129.863291863000086,31.820868231000063],[129.868662957000083,31.818426825000056],[129.875987175000091,31.81126536700009],[129.88990319100003,31.810736395000053],[129.903330925000091,31.818060614000039],[129.912771030000044,31.819484768000056],[129.922211134,31.819810289000074],[129.929209832000083,31.82672760600008],[129.931488477000016,31.833482164000074],[129.931162957000083,31.836371161000045],[129.928477410000028,31.840399481000073],[129.928070509,31.84650299700008],[129.929698113000086,31.853420315000051],[129.927744988000086,31.859523830000068],[129.928477410000028,31.863918361000053],[129.933360222000033,31.867824611000067]]}},
{"type":"Feature","properties":{"featurecla":"Coastline","scalerank":6,"min_zoom":5.0,"historical_claim":false,"geometry_status":"modern_physical_reference","source_id":"source.natural_earth.coastline.10m"},"geometry":{"type":"LineString","coordinates":[[130.153086785000028,32.203762111000067],[130.132009311000047,32.211330471000039],[130.121104363000086,32.212632554000052],[130.113291863000086,32.207586981000084],[130.111094597000033,32.193304755000014],[130.115082227000016,32.175441799000048],[130.123220248000052,32.158921617000082],[130.133311394000089,32.149115302000048],[130.127777540000011,32.132310289000117],[130.134613477000016,32.117987372000066],[130.149261915000011,32.110500393000066],[130.167328321000014,32.114325262000072],[130.173594597000033,32.124335028000047],[130.190765821000014,32.164618231000077],[130.194102410000028,32.176418361000053],[130.187266472000033,32.196356512000072],[130.176036004000025,32.203355210000034],[130.153086785000028,32.203762111000067]]}},
{"type":"Feature","properties":{"featurecla":"Coastline","scalerank":6,"min_zoom":6.0,"historical_claim":false,"geometry_status":"modern_physical_reference","source_id":"source.natural_earth.coastline.10m"},"geometry":{"type":"LineString","coordinates":[[130.243907097000033,32.301825262000087],[130.232269727000016,32.298651434000071],[130.231211785000028,32.295111395000056],[130.228526238000086,32.293036200000074],[130.222911004000025,32.292059637000079],[130.217051629000025,32.286932684000107],[130.212901238000086,32.276678778000104],[130.210948113000086,32.26577383000005],[130.210703972000033,32.255357164000081],[130.215098504,32.252671617000068],[130.223155144000089,32.257066148000028],[130.232676629000025,32.258775132000054],[130.242849155000044,32.263088283000059],[130.25359134200005,32.27163320500005],[130.263031446000014,32.281317450000074],[130.266449415000011,32.287054755000035],[130.260264519000089,32.295070705000057],[130.243907097000033,32.301825262000087]]}},
{"type":"Feature","properties":{"featurecla":"Coastline","scalerank":3,"min_zoom":3.0,"historical_claim":false,"geometry_status":"modern_physical_reference","source_id":"source.natural_earth.coastline.10m"},"geometry":{"type":"LineString","coordinates":[[130.160492384,32.54633209800005],[130.139821811000047,32.547674872000059],[130.120290561000047,32.542873440000044],[130.10279381600003,32.536525783000052],[130.076914910000028,32.530991929000045],[130.056488477000016,32.521185614000053],[130.043223504000025,32.519029039000074],[130.032969597000033,32.521918036000031],[130.024750196000014,32.527736721000053],[130.015472852000016,32.532782294000071],[130.002940300000091,32.53335195500005],[130.025401238000086,32.502142645000049],[130.030284050000091,32.482407945000034],[130.020030144000089,32.460679429000031],[130.006521030000044,32.444037177000048],[129.994395379000025,32.42413971600007],[129.989024285000028,32.404486395000063],[129.995453321000014,32.388657945000062],[129.986989780000044,32.382961330000072],[129.980479363000086,32.375637111000074],[129.976573113000086,32.366441148000021],[129.975271030000044,32.35541413000005],[129.97974694100003,32.332993882000018],[129.99146569100003,32.314439195000041],[130.008799675000091,32.30589427300005],[130.030284050000091,32.313625393000031],[130.04615319100003,32.308254299000048],[130.054209832000083,32.306952216000056],[130.064300977000016,32.306789455000057],[130.053233269000089,32.296535549000041],[130.042165561000047,32.294501044000057],[130.030121290000011,32.295233466000056],[130.016612175000091,32.293117580000072],[129.996267123000081,32.282171942000041],[129.965342644000089,32.258205471000068],[129.961273634,32.252142645000049],[129.958018425000091,32.242377020000028],[129.958343946000014,32.237534898000057],[129.97584069100003,32.245917059000092],[129.986338738000086,32.244370835000041],[129.99732506600003,32.244045315000051],[130.009125196000014,32.252142645000049],[129.994395379000025,32.199896552000041],[129.995453321000014,32.190659898000057],[130.011973504000025,32.190619208000022],[130.036875847000033,32.19977448100007],[130.061045769000089,32.211859442000041],[130.074961785000028,32.220770575000081],[130.09693444100003,32.245021877000056],[130.105316602000016,32.252142645000049],[130.127777540000011,32.261419989000061],[130.133311394000089,32.265122789000095],[130.153086785000028,32.30337148600006],[130.157725457000083,32.310248114000053],[130.181407097000033,32.318264065000058],[130.19068444100003,32.323553778000061],[130.199229363000086,32.332749742000082],[130.203379754000025,32.338853257000018],[130.205577019000089,32.346625067000055],[130.208343946000014,32.373277085000041],[130.206797722000033,32.381252346000032],[130.204112175000091,32.387640692000048],[130.201508009,32.395493882000039],[130.198985222000033,32.480169989000068],[130.189463738000086,32.521795966000063],[130.160492384,32.54633209800005]]}},
{"type":"Feature","properties":{"featurecla":"Coastline","scalerank":5,"min_zoom":3.0,"historical_claim":false,"geometry_status":"modern_physical_reference","source_id":"source.natural_earth.coastline.10m"},"geometry":{"type":"LineString","coordinates":[[130.410004102000016,32.511623440000051],[130.391774936000047,32.508734442000055],[130.383311394000089,32.509426174000055],[130.379649285000028,32.515326239000053],[130.377207879000025,32.522894598000065],[130.370941602000016,32.527044989000046],[130.363047722000033,32.527085679000045],[130.341563347000033,32.514349677000027],[130.305186394000089,32.504055080000064],[130.29029381600003,32.497951565000037],[130.267832879000025,32.484198309000078],[130.247894727000016,32.464585679000031],[130.239105665000011,32.460272528000083],[130.225108269000089,32.45819733300003],[130.218597852000016,32.455959377000084],[130.213633660000028,32.450425523000028],[130.213063998000052,32.436509507000039],[130.221690300000091,32.421861070000034],[130.241953972000033,32.395493882000054],[130.264821811000047,32.403631903000083],[130.28443444100003,32.407538153000075],[130.324473504000025,32.409816799000076],[130.343109571000014,32.421820380000071],[130.353851759,32.424139716000091],[130.35865319100003,32.412909247000073],[130.357920769000089,32.391180731000077],[130.358734571000014,32.379950262000072],[130.362315300000091,32.374986070000048],[130.392832879000025,32.397162177000055],[130.434825066000059,32.49274323100007],[130.468516472000033,32.511623440000037],[130.457041863000086,32.525580145000056],[130.440196160000028,32.523993231000091],[130.410004102000016,32.511623440000051]]}},
{"type":"Feature","properties":{"featurecla":"Coastline","scalerank":0,"min_zoom":0.0,"historical_claim":false,"geometry_status":"modern_physical_reference","source_id":"source.natural_earth.coastline.10m"},"geometry":{"type":"LineString","coordinates":[[131.659790276000081,32.476819574000054],[131.678945694000049,32.473907004000054],[131.695485873000052,32.468247789000102],[131.717295769000089,32.472967841000063],[131.736501498000024,32.491685289000081],[131.718923373000052,32.508734442000055],[131.712657097000033,32.511623440000051],[131.695648634,32.511460679000024],[131.685069207000083,32.522447007000025],[131.682139519000089,32.535060940000051],[131.699066602000016,32.564520575000081],[131.704712872000073,32.581575157000081],[131.708792591000019,32.585903477000052],[131.729502800000091,32.584051825000088],[131.743337436000047,32.587958075000067],[131.749034050000091,32.59406159100007],[131.76685631600003,32.620794989000032],[131.77076256600003,32.63174062700007],[131.769786004000025,32.639553127000049],[131.768239780000044,32.642401434000064],[131.767832879000025,32.644110419000079],[131.77076256600003,32.648749091000042],[131.775645379000025,32.653713283000059],[131.788422071000014,32.662990627000063],[131.80063958400001,32.680833048000068],[131.816564412000048,32.689146346000101],[131.821937701000024,32.70268559100009],[131.833951739000099,32.698664529000041],[131.847911004000025,32.681830145000063],[131.855924849000075,32.686084221000037],[131.856994063,32.700864287000059],[131.859385613000086,32.717678127000042],[131.862152540000011,32.720363674000041],[131.86687259200005,32.722723700000081],[131.871104363000086,32.726792710000026],[131.872325066000059,32.731634833000037],[131.873057488000086,32.734686591000063],[131.873057488000086,32.762355861000067],[131.88249759200005,32.783433335000034],[131.929209832000083,32.778265692000048],[131.948090040000011,32.793402411000045],[131.962412957000083,32.792669989000053],[131.980723504000025,32.799261786000045],[131.996592644000089,32.810532945000027],[132.003428582000083,32.824123440000051],[131.997813347000033,32.829657294000071],[131.968516472000033,32.826117255000042],[131.955577019000089,32.82754140800003],[131.963715040000011,32.839016018000052],[131.97234134200005,32.844468492000104],[131.980967644000089,32.848334052000048],[131.989756707000083,32.854803778000083],[132.000173373000052,32.871283270000049],[131.995860222000033,32.87836334800005],[131.986664259,32.882269598000057],[131.982188347000033,32.888902085000041],[131.994802280000044,32.903550523000042],[132.025474986000035,32.923595910000046],[132.043714479000073,32.927275609000056],[132.064445697,32.936215320000102],[132.084114754000097,32.933233985000072],[132.081188909000048,32.943229703000036],[132.060743830000092,32.946884996000058],[132.0347898,32.951290617000069],[132.02183065700001,32.936916821000082],[132.013879094,32.934392929000076],[132.009776238000086,32.939032294000071],[132.010264519000089,32.944159247000037],[131.998220248000052,32.938910223000043],[131.990977410000028,32.941717841000063],[131.98560631600003,32.947333075000074],[131.979177280000044,32.950384833000044],[131.969899936000047,32.948309637000087],[131.959239129000025,32.944525458000044],[131.949701448000042,32.95927494200005],[131.93470534100004,32.959506862000083],[131.914595636000058,32.976492470000046],[131.903168165000011,32.98305898600006],[131.906773507000025,33.011846954000077],[131.92282875300009,33.028654541000037],[131.929550264,33.047089602000078],[131.945350313000063,33.04749881500004],[131.984008888000062,33.045544509000067],[132.00945071700005,33.051174221000046],[132.013438347000033,33.063869533000066],[131.996112915000026,33.091711249000078],[131.99146569100003,33.06899648600006],[131.985199415000011,33.063177802000048],[131.976084832000083,33.060248114000039],[131.967133009,33.061672268000081],[131.958018425000091,33.067206122000066],[131.950938347000033,33.076157945000027],[131.942383545000098,33.092556686000101],[131.934469362000073,33.092017862000027],[131.932618308000087,33.079469604000032],[131.929216945,33.068270865000038],[131.915831349000086,33.06916163000006],[131.905797527,33.07729573600006],[131.890859223,33.079510644000038],[131.880510747000017,33.075040430000058],[131.863217331000101,33.082533292000065],[131.868937761000097,33.094340211000087],[131.884350115000075,33.109354560000028],[131.911457216000031,33.12481513400008],[131.900401238000086,33.129136460000041],[131.86883062000004,33.128766999000057],[131.842621290000011,33.113267320000034],[131.809573689000104,33.127648887000078],[131.826660629,33.152561727000041],[131.830976013000054,33.169713067000089],[131.8487435400001,33.187999178000034],[131.864661840000053,33.193069709000049],[131.872243686000047,33.200344143000038],[131.871555364000073,33.215418626000073],[131.882195315000132,33.236532484000058],[131.902624533,33.266041833000074],[131.884448544000065,33.268305656000067],[131.850857190000056,33.252218959000054],[131.822174097000016,33.244032438000097],[131.762092419000055,33.253543499000045],[131.710862382000073,33.270175838000057],[131.700043165000011,33.254095770000056],[131.654535164000123,33.271625235000023],[131.612219175000064,33.252936484000095],[131.547862175000091,33.254950262000087],[131.528493686000047,33.261216539000102],[131.51037964,33.273403693000034],[131.49838511400003,33.340666269000046],[131.506028546000067,33.36307383900003],[131.532980942,33.366113306000024],[131.547373894000089,33.352280992000097],[131.556162957000083,33.346380927000048],[131.57628894100003,33.346355202000034],[131.596234455000058,33.349400219000067],[131.601084832000083,33.364935614000046],[131.609629754000025,33.368801174000062],[131.634613477000016,33.373968817000041],[131.638438347000033,33.386664130000042],[131.635427280000044,33.40232982],[131.64031009200005,33.416571356000048],[131.658702019000089,33.422837632000032],[131.674571160000028,33.416164455000079],[131.697436434,33.406392597000043],[131.706243498000049,33.409582667000024],[131.709282369000107,33.432637870000072],[131.727347583000096,33.463539130000086],[131.737294841,33.484607799000059],[131.729109,33.51254769600007],[131.739919467000078,33.53969961100006],[131.737071160000028,33.560370184000071],[131.729537981000021,33.580236163000052],[131.713115155000082,33.605438664000083],[131.689550313000041,33.641342245000097],[131.667366274000074,33.667192003000082],[131.647227410000028,33.669826565000072],[131.627452019000089,33.667669989000053],[131.607188347000033,33.67719147300005],[131.590017123000052,33.683010158000044],[131.573801546000027,33.680895527000061],[131.55147501700003,33.680444246000043],[131.521045117000085,33.676370792000036],[131.498557214000016,33.666985190000041],[131.484032287000105,33.653038364000047],[131.475637047000077,33.631565882000068],[131.459314056000039,33.616143772000029],[131.423175824000054,33.589053522000086],[131.417703108000069,33.581681679000063],[131.367620482,33.574801779000047],[131.323093352,33.58122055200004],[131.283834455000061,33.582369180000065],[131.256463812000106,33.604955352000054],[131.219869183000043,33.607544870000083],[131.188699101,33.616028293000049],[131.145874657000036,33.621633672000073],[131.119971697000096,33.626338521000015],[131.102976181000031,33.624253238000058],[131.08130944100003,33.634955145000063],[131.064463738000086,33.653265692000062],[131.050791863000086,33.681870835000034],[131.019786004000025,33.726548570000041],[131.009776238000086,33.746161200000074],[131.006032748000052,33.772284247000087],[131.00359134200005,33.779689846000053],[131.006944709000095,33.81308759000008],[130.985510796000085,33.808664865000083],[130.965993686000047,33.813055731000105],[130.961680535000028,33.816229559000071],[130.961924675000091,33.820054429000038],[130.963574186000073,33.833235282000089],[130.97974694100003,33.842718817000055],[130.984334856000032,33.84869791800007],[130.990684390000069,33.85682718300005],[130.988081329000011,33.864284161000057],[130.984607055000083,33.873960487000083],[130.999829321000107,33.873863540000073],[131.001770798000052,33.887228684000014],[130.992928835000043,33.897664667000079],[131.004161004000025,33.911078192000048],[131.00359134200005,33.916815497000087],[131.006358269000089,33.922919012000094],[131.015310092000021,33.935126044000057],[131.018685658000095,33.956262097000035],[131.007147594,33.966054932000084],[130.976567246000059,33.957366930000042],[130.949471364,33.93819283900006],[130.941416863000086,33.916815497000066],[130.926036004000025,33.899074611000046],[130.913584832000083,33.89118073100007],[130.896983269000089,33.889308986000053],[130.880852813000047,33.895939521000074],[130.8711989950001,33.913516099000077],[130.861423419000062,33.925567718000075],[130.835868687000016,33.925729009000065],[130.821338882000077,33.920287137000059],[130.828227904000073,33.939585138000048],[130.790494512,33.944411308000035],[130.756048919000023,33.943681113000096],[130.731504838000092,33.931848734000084],[130.717051629000025,33.937892971000053],[130.705251498000052,33.938706773000035],[130.692393425000091,33.937323309000078],[130.684418165000011,33.93423086100006],[130.654063347000033,33.896307684000078],[130.633067254000025,33.882473049000055],[130.612071160000028,33.879787502000042],[130.564707879000025,33.883286851000044],[130.548187696000014,33.880764065000051],[130.542328321000014,33.875962632000039],[130.539073113000086,33.869452216000091],[130.53052819100003,33.861558335000041],[130.507578972000033,33.849066473000036],[130.497080925000091,33.84813060100003],[130.488942905000044,33.855373440000044],[130.47779381600003,33.825140692000041],[130.472178582000083,33.817531643000066],[130.462087436000047,33.811183986000074],[130.45435631600003,33.807684637000079],[130.449554884,33.802232164000095],[130.448008660000028,33.789943752000042],[130.455703651000022,33.782232178000086],[130.466759595000099,33.780352986000082],[130.469986551000034,33.762869178000038],[130.467673844000046,33.743563601000048],[130.452113086000054,33.727973853000037],[130.44459069100003,33.718207098000043],[130.428721550000091,33.713690497000059],[130.41529381600003,33.702826239000046],[130.40202884200005,33.68939850500005],[130.386485222000033,33.677232164000081],[130.345497897000087,33.66247159000006],[130.324122259000092,33.664887418000035],[130.310610901000018,33.672617553000059],[130.304966046,33.687442912000023],[130.294280577,33.689239407000066],[130.289262620000045,33.681544502000065],[130.294900039000026,33.664350875000103],[130.30698072000007,33.655440605000074],[130.318393976000038,33.658380708000045],[130.324786740000036,33.653034533000053],[130.336168333000046,33.647677552000076],[130.348971888000051,33.641130205000088],[130.361582879000025,33.646226304000024],[130.379242384,33.659247137000079],[130.398692254000025,33.669134833000044],[130.403260381,33.65818688100007],[130.407501008000054,33.650468484000029],[130.402407685000071,33.630920788000076],[130.399478352000074,33.616110501000037],[130.390865624000071,33.604874022000068],[130.37303995000002,33.603144833000059],[130.358049624000046,33.597258600000103],[130.330268732000036,33.597919940000047],[130.315307038000014,33.59736182000006],[130.305430535000028,33.584947007000039],[130.301524285000028,33.579657294000086],[130.295297534000042,33.579042582000064],[130.29029381600003,33.574204820000041],[130.285411004000025,33.576971747000073],[130.273243747000038,33.582642956000079],[130.265431678000027,33.588579515000056],[130.2754495370001,33.603367650000031],[130.271921373000055,33.611668141000081],[130.251475457000083,33.607977606000091],[130.24537194100003,33.611761786000052],[130.231384383000091,33.618846152000053],[130.227156233000073,33.63484353900008],[130.236501498000052,33.644232489000039],[130.23170006600003,33.653306382000039],[130.220550977000016,33.659735419000057],[130.208011242,33.665076437000046],[130.20476321700005,33.639715887000079],[130.197764519000089,33.633612372000073],[130.19068444100003,33.630316473000057],[130.181895379000025,33.629055080000072],[130.170746290000011,33.628851630000014],[130.159547527000086,33.629596054000054],[130.153839339,33.618942981000075],[130.156663622,33.60650551500003],[130.139414910000028,33.594671942000033],[130.129161004000025,33.591253973000029],[130.119395379000025,33.591253973000029],[130.109141472000033,33.589748440000051],[130.098480665000011,33.581691799000069],[130.093028191,33.573431708000022],[130.092051629000025,33.566473700000081],[130.09693444100003,33.561712958000051],[130.109141472000033,33.559881903000061],[130.117930535000028,33.55683014500007],[130.12037194100003,33.543158270000035],[130.129893425000091,33.540025132000046],[130.161875847000033,33.546616929000038],[130.174164259,33.546861070000034],[130.167979363000086,33.534084377000063],[130.156423373000052,33.525376695000027],[130.142751498000052,33.520493882000039],[130.129893425000091,33.51898834800005],[130.125987175000091,33.516180731000084],[130.115261802000077,33.508950786000071],[130.103844862000074,33.511905245000044],[130.085972111000046,33.50653186400006],[130.055294383000046,33.495225676000075],[130.044625616000076,33.485740904000053],[130.040212436000047,33.461249091000084],[130.028819207000083,33.450669664000102],[130.01685631600003,33.44578685100003],[129.9889460280001,33.448851378000093],[129.975389076000056,33.45414314300006],[129.966868876000035,33.463027013000037],[129.966901622000023,33.472528834000073],[129.962647894000042,33.482607278000025],[129.953331260000027,33.473655596000057],[129.941208901000095,33.479536587000055],[129.945544702,33.490855127000081],[129.956996801000059,33.502782411000055],[129.961273634,33.512762762000087],[129.942149285000028,33.531683661000052],[129.910059486000023,33.54720499900008],[129.885831383000095,33.535840221000058],[129.868788919000053,33.539399950000117],[129.853187156000104,33.552501711000076],[129.854579244000092,33.532853854000031],[129.836834739000096,33.513254121000045],[129.84395138900004,33.481217054000091],[129.86687259200005,33.456732489000039],[129.871348504000025,33.442938544000071],[129.862071160000028,33.436997789000095],[129.84888756600003,33.442450262000065],[129.841319207000083,33.454413153000068],[129.835459832000083,33.466376044000064],[129.818440047000081,33.484211776000038],[129.804244745,33.481823058000082],[129.79717159900008,33.46758179600004],[129.787257223000097,33.454519039000047],[129.796885613000114,33.444484768000052],[129.816392187000019,33.426102031000063],[129.868662957000083,33.397447007000025],[129.861863318000019,33.39004618600007],[129.871025357,33.378177884000095],[129.859008134000078,33.367514084000049],[129.84629540100002,33.347964606000048],[129.841328118000092,33.315977314000051],[129.847992384,33.293402411000045],[129.851573113000086,33.28001536700009],[129.837901238000086,33.285386460000041],[129.827159050000091,33.293890692000048],[129.819834832000083,33.304754950000074],[129.814707879000025,33.330877997000094],[129.814545118000069,33.331244208000051],[129.807465040000011,33.348130601000044],[129.744163746000027,33.364314257000061],[129.701007885000081,33.353006931000039],[129.676873476000083,33.362418888000022],[129.679602532000104,33.389672534000063],[129.673184681000066,33.398539117000041],[129.644379102000016,33.362372137000079],[129.620616082000083,33.359279690000029],[129.592415279000079,33.381115210000068],[129.580412760000058,33.37100726900006],[129.57628043,33.347896503000058],[129.57146659700004,33.32063960100006],[129.584325775000025,33.301145664000046],[129.589342952000038,33.289914626000048],[129.591498490000049,33.283410159000091],[129.580912373000047,33.275084413000066],[129.573820247000072,33.276835114000065],[129.565342394000027,33.272067360000044],[129.56334175500001,33.255490408000064],[129.552144346000091,33.225838734000028],[129.56413821700005,33.21112702000007],[129.590098504000025,33.211127020000035],[129.600108269000089,33.208319403000104],[129.617442254000025,33.194647528000061],[129.628103061000047,33.191799221000032],[129.638031446000014,33.192775783000052],[129.645518425000091,33.197455145000028],[129.652679884,33.190252997000066],[129.656097852000016,33.184881903000047],[129.656097852000016,33.178941148000021],[129.652842644000089,33.170152085000026],[129.663259311000047,33.166001695000034],[129.674327019000089,33.160223700000067],[129.68327884200005,33.152329820000048],[129.687022332000083,33.142238674000055],[129.683604363000086,33.131048895000056],[129.662331943000027,33.126511172000043],[129.666514519000089,33.101263739000061],[129.673489606000089,33.103868783000053],[129.680747006000047,33.114878645000097],[129.696862257000021,33.114265208000063],[129.704112175000091,33.111802476000051],[129.708018425000091,33.11920807500006],[129.71216881600003,33.141058661000031],[129.70976418500004,33.162570344000081],[129.722856346000071,33.158403969000062],[129.721437557000058,33.14557295600008],[129.723644641000078,33.132775250000059],[129.728526238000086,33.122300523000035],[129.747730037,33.139524329000039],[129.758676612000045,33.138941491000075],[129.760144857,33.129815316000077],[129.746288238000034,33.124895688000038],[129.745585437000017,33.116334760000079],[129.749196811000047,33.09813060100003],[129.739066415000053,33.101034589000051],[129.733225585000014,33.101632521000049],[129.742442254000025,33.076361395000035],[129.746479535000049,33.065590119000049],[129.761096099000042,33.057062665000061],[129.774951840000085,33.058313960000064],[129.786589339000102,33.070564142000066],[129.797515059000034,33.077309044000032],[129.822355524000045,33.062679990000049],[129.823859385000105,33.043118812000046],[129.834069739000029,33.043134917000074],[129.853011313000025,33.054167339000053],[129.881443666,33.062762999000086],[129.912081621000084,33.036508148000038],[129.945622642000103,33.015757714000046],[129.947601759,32.995062567000041],[129.939183717000105,32.972323424000095],[129.929725265,32.957641312000064],[129.931224421000024,32.928894270000065],[129.985691116,32.863087170000078],[130.003147542000079,32.84537871600007],[129.987877909000076,32.841714061000069],[129.935609647000092,32.860488941000071],[129.883205584000052,32.875692707000049],[129.874514132000058,32.86096322200008],[129.868702126000017,32.853013496000102],[129.854884546000022,32.847485752000075],[129.85052814900007,32.841370511000044],[129.845439553,32.838308484000024],[129.841788679000047,32.844410601000057],[129.831586129000016,32.850508251000058],[129.822833672,32.858437588000072],[129.814814352000099,32.863313026000064],[129.794399834000046,32.874920702000054],[129.807477280000057,32.885941909000032],[129.803794708000055,32.902460108000064],[129.789935250000099,32.912245389000077],[129.786944806000065,32.947804871000066],[129.795673966000095,32.947794180000081],[129.800827475000034,32.923866660000058],[129.806676955000057,32.914696547000069],[129.814669304000063,32.92265535000007],[129.816088967000042,32.937947697000098],[129.813844919000076,32.961795698000074],[129.81600930400009,32.970967451000035],[129.823276995000015,32.979537528000023],[129.812307573,32.994803580000031],[129.796959,33.010061728000046],[129.766328098000031,33.017953982000051],[129.751838637000105,32.995939633000035],[129.74166376900007,32.991035481000033],[129.73578382200003,33.003843619000058],[129.738631910000095,33.019118252000069],[129.753120151000076,33.04176196700007],[129.759665339000094,33.047889438000112],[129.755266295000069,33.055216089000076],[129.750154465000037,33.05703905600005],[129.744336841000063,33.051523762000059],[129.73796634200005,33.046128648000042],[129.734711134,33.046616929000017],[129.734222852000016,33.049058335000012],[129.735362175000091,33.057847398000042],[129.734711134,33.060248114000046],[129.720197527000096,33.078967687000052],[129.681612229000052,33.094092267000057],[129.663416734000066,33.069023976000032],[129.660658300000023,33.039696591000052],[129.651861514000075,33.033557867000063],[129.649720817,33.017049060000097],[129.653518836000103,33.004253288000086],[129.646269195000059,32.989563298000071],[129.632402665000086,32.979106667000046],[129.631129363000014,32.956533586000035],[129.638430137,32.926546363000071],[129.651866082000083,32.922796942000055],[129.661306186000047,32.914740302000027],[129.669688347000033,32.904974677000048],[129.673350457000083,32.892401434000078],[129.674652540000011,32.880519924000062],[129.678396030000044,32.87042877800009],[129.687022332000083,32.854803778000068],[129.698090040000011,32.839544989000018],[129.721034942000074,32.82707413800005],[129.73271004500009,32.805570175000071],[129.744343281000056,32.80988554],[129.754508987,32.818482657000068],[129.771006707000083,32.813950914000081],[129.776377800000091,32.80329010600007],[129.778656446000014,32.791001695000027],[129.784678582000083,32.784898179000038],[129.793304884,32.780178127000049],[129.803721550000091,32.77228424700008],[129.823985222000033,32.736070054000052],[129.823795170000039,32.721984624000058],[129.85906009200005,32.724514065000051],[129.845693536,32.701274033000061],[129.834378031000028,32.694121637000073],[129.825954166000088,32.704808136000054],[129.815319547000058,32.70179772300007],[129.808959797000057,32.694068048000062],[129.796922555000037,32.69224452900005],[129.796882591000099,32.684506210000059],[129.803249284,32.677995584000087],[129.813871815000084,32.683379350000088],[129.818083510000093,32.677438175000091],[129.814495961000034,32.662551104000023],[129.804615349000073,32.647683737000079],[129.794162524000058,32.632314333000068],[129.782974576000015,32.607414885000075],[129.775197284,32.600851520000056],[129.761687350000102,32.595980299000082],[129.749590169000044,32.591710442000064],[129.734004908000088,32.580920387000049],[129.74035124,32.568442387000069],[129.749611511000012,32.572698325000104],[129.763146868000035,32.579976042000048],[129.776561353000034,32.576457201000039],[129.782908803000055,32.573503108000075],[129.785829554000088,32.583105356000083],[129.808543322000105,32.597552280000073],[129.832285601000081,32.615804797000067],[129.837724593000075,32.631667790000058],[129.841276696000023,32.639415249000074],[129.855444742000032,32.640086080000074],[129.874452904,32.648988692000046],[129.894929384000079,32.662689399000051],[129.90344364200007,32.68113718500009],[129.916764599000089,32.698278549000065],[129.942136283000082,32.72852185000005],[129.954890895000062,32.745171077000059],[129.949325824000084,32.757661216000095],[129.958508413,32.764782273000037],[129.962011591000078,32.761809253000095],[129.962671806,32.752894191000053],[129.970379838000099,32.744563219000042],[129.9908080350001,32.746916780000049],[130.008445791000099,32.75462632200005],[130.032411657000011,32.759349865000054],[130.050045710000063,32.772364374000063],[130.064166807000106,32.784811268000041],[130.093789355000013,32.794860309000036],[130.126222063000029,32.788870092000089],[130.138214265000101,32.788847353000037],[130.148099008000031,32.795353716000086],[130.17842736700004,32.792921787000076],[130.190233162000027,32.783481734000063],[130.186045769000089,32.774359442000055],[130.18287194100003,32.769029039000074],[130.186819922000041,32.762064626000026],[130.195833427000025,32.757391134000045],[130.207585429,32.752162345000052],[130.210313824000082,32.733249841000095],[130.20132314600005,32.724250206000079],[130.190131683,32.714106049000058],[130.177480226000057,32.705179565000066],[130.166925104000029,32.698037947000046],[130.153507700000091,32.686197489000072],[130.142223267000077,32.682064904000079],[130.12813256000004,32.683870546000037],[130.128792608000026,32.661317419000056],[130.129457349000063,32.64113420200006],[130.147049244000073,32.633992047000042],[130.155487560000097,32.625654336000089],[130.169561583000018,32.619092230000042],[130.173053879,32.603633781000028],[130.165986973000031,32.592955657000047],[130.181480284000031,32.592327246000075],[130.198412044000065,32.602978191000041],[130.223079018000021,32.605880903000063],[130.231545640000036,32.61001434800005],[130.236508021000077,32.622476706000029],[130.253916863000086,32.624823309000085],[130.259938998000052,32.632717190000044],[130.259045663000052,32.643865711000046],[130.26823067700002,32.650361334000081],[130.305577510000035,32.651433968000063],[130.341703709000058,32.667257674000048],[130.36082701600003,32.687963369000052],[130.350936331000071,32.70406338500004],[130.354991082000083,32.717230536000052],[130.373706217000063,32.73896888900002],[130.375782094000101,32.747884438000085],[130.374847852000016,32.780178127000049],[130.372243686000047,32.793402411000045],[130.35124759200005,32.83392975500005],[130.339419787,32.85657931100009],[130.307284519000063,32.876298975000047],[130.243587902000058,32.875284097000076],[130.19500237200009,32.844940112000067],[130.178284289000089,32.842494953000077],[130.153634952000061,32.842457332000038],[130.132528802000024,32.855939357000068],[130.122315101000027,32.86881610800009],[130.105316602000016,32.875921942000055],[130.115407748000052,32.880275783000073],[130.134639816,32.88904417800007],[130.149130251000088,32.896413044000049],[130.163596061000021,32.909290813000027],[130.188536294000073,32.915321158000062],[130.203786655000016,32.928900458000037],[130.204257785000095,32.950871108000051],[130.219146927,32.955059859000073],[130.222310199000049,32.975205048000078],[130.203901479000024,32.991781615000043],[130.160492384,33.054103908000052],[130.14512925400004,33.084836260000102],[130.131946085000095,33.101971727000048],[130.127564872000107,33.120936620000059],[130.150889519000089,33.111883856000084],[130.178233269000089,33.134914455000072],[130.21930162000001,33.159465952000055],[130.24139647700008,33.188234066000078],[130.258148634,33.178656317000048],[130.290442744000075,33.149588629000057],[130.300547722000033,33.149644273000042],[130.314789259,33.148504950000053],[130.337412957000083,33.143377997000066],[130.364756707000083,33.140326239000046],[130.368011915000011,33.134955145000028],[130.367523634,33.126369533000016],[130.372243686000047,33.114894924000055],[130.379405144000089,33.107855536000073],[130.400157097000033,33.095038153000083],[130.404470248000052,33.09300364800005],[130.409678582000083,33.092678127000056],[130.415049675000091,33.091620184000071],[130.420664910000028,33.087591864000046],[130.422211134,33.082586981000077],[130.421641472000033,33.069769598000036],[130.428477410000028,33.050523179000052],[130.426442905000044,33.007147528000097],[130.433116082000083,32.941717841000063],[130.441254102000016,32.923651434000064],[130.470225457000083,32.909735419000071],[130.516123894000089,32.868475653000068],[130.59302819100003,32.81586334800005],[130.605642123000052,32.796454169000064],[130.607676629000025,32.789862372000051],[130.611338738000086,32.78546784100007],[130.613047722000033,32.781236070000034],[130.609385613000086,32.775702216000084],[130.598155144000089,32.763088283000073],[130.593760613000086,32.755601304000059],[130.591970248000052,32.748724677000048],[130.594493035000028,32.737982489000025],[130.601410352000016,32.726141669000057],[130.612315300000091,32.71625397300005],[130.625987175000091,32.711411851000044],[130.625987175000091,32.704006252000056],[130.61646569100003,32.703762111000067],[130.608164910000028,32.702215887000087],[130.591970248000052,32.697211005000042],[130.576508009,32.698391018000052],[130.565440300000091,32.693426825000074],[130.54420006600003,32.676703192000041],[130.475271030000044,32.647040106000091],[130.457204623000052,32.635199286000045],[130.448008660000028,32.621405341000063],[130.461680535000028,32.615220445000027],[130.478037957000083,32.622015692000048],[130.641449415000011,32.648342190000058],[130.668304884,32.64874909100007],[130.656423373000052,32.623724677000041],[130.641286655000073,32.607489325000074],[130.570078972000033,32.554592190000058],[130.564707879000025,32.546332098000072],[130.567718946000014,32.534165757000039],[130.590586785000028,32.518459377000056],[130.598806186000047,32.505357164000067],[130.570078972000033,32.505601304000038],[130.558848504000025,32.501776434000078],[130.550466342000078,32.491685289000095],[130.56763756600003,32.477687893000045],[130.571299675000091,32.451890367000111],[130.562022332000083,32.427069403000083],[130.540537957000083,32.416001695000041],[130.51490319100003,32.385891018000045],[130.510020379000025,32.378485419000071],[130.513926629000025,32.350327867000068],[130.512461785000028,32.338202216000056],[130.50318444100003,32.327215887000087],[130.47706139400006,32.349025783000044],[130.469574415000011,32.34711334800005],[130.461680535000028,32.327215887000087],[130.460459832000083,32.318182684000057],[130.463715040000011,32.309393622000066],[130.461680535000028,32.299953518000052],[130.457041863000086,32.29486725500005],[130.444021030000044,32.287827867000111],[130.441172722000033,32.282619533000044],[130.431000196000014,32.257147528000061],[130.35865319100003,32.190659898000057],[130.357758009,32.187241929000038],[130.35865319100003,32.172674872000044],[130.356944207000083,32.169378973000057],[130.348480665000011,32.166571356000105],[130.34498131600003,32.162746486000046],[130.344655795,32.161769924000055],[130.335134311000076,32.135199286000045],[130.331879102000016,32.128607489000032],[130.31959069100003,32.118231512000058],[130.29851321700005,32.105861721000053],[130.278656446000014,32.100531317000062],[130.248301629000025,32.133734442000048],[130.206797722000033,32.120672919000079],[130.179860873000052,32.093451239000046],[130.20404738700006,32.072580785000056],[130.204048122000017,32.048285308000054],[130.186307185000032,32.026795814000081],[130.172993660000088,32.017449556000052],[130.174106087000041,31.998755987000042],[130.189952019000089,31.986029364000043],[130.194102410000028,31.980902411000056],[130.205126644000075,31.971670373000038],[130.213917550000019,31.950174432000022],[130.220437744000037,31.929594515000087],[130.21472979100011,31.885618474000058],[130.197003742000106,31.858485428000055],[130.207855665000039,31.843695380000057],[130.235118035000028,31.819525458000051],[130.222829623000052,31.82444896000003],[130.190318738000087,31.835088246000062],[130.181000196000014,31.826971747000073],[130.171430627000063,31.790136657000065],[130.181813998000052,31.76825592700007],[130.184092644000089,31.758693752000038],[130.199717644000089,31.753729559000071],[130.246267123000052,31.729641018000059],[130.259287957000083,31.720851955000064],[130.297373894000089,31.669989325000078],[130.32545006600003,31.642075914000092],[130.336192254000025,31.626166083000033],[130.337657097000033,31.607896226000037],[130.324473504000025,31.58673737200008],[130.334483269000089,31.562404690000051],[130.328461134,31.529038804000031],[130.317067905000044,31.493068752000063],[130.304760233000025,31.476634180000069],[130.293268129000012,31.444704032000047],[130.244883660000056,31.404852606000077],[130.228282097000033,31.381293036000024],[130.215179884,31.391058661000027],[130.195974155000044,31.412054755000028],[130.184092644000089,31.416083075000081],[130.17546634200005,31.41730377800009],[130.162364129000025,31.421942450000071],[130.153086785000028,31.422267971000029],[130.145030144000089,31.420070705000079],[130.118988477000016,31.408636786000059],[130.140635613000086,31.397650458000054],[130.170258009,31.377020575000081],[130.19654381600003,31.354193427000048],[130.207774285000028,31.336615302000055],[130.206595059000051,31.324819150000049],[130.190721529000029,31.326789327000096],[130.179381995000085,31.327781069000093],[130.192952418,31.315156593000051],[130.203093214000091,31.293824192000042],[130.208715226000095,31.279282515000052],[130.21205593000002,31.260865751000072],[130.2222047140001,31.246299862000036],[130.248789910000028,31.244126695000041],[130.27507571700005,31.252997137000072],[130.297373894000089,31.253729559000071],[130.451144476000081,31.249388072000031],[130.494802280000044,31.227240302000055],[130.506602410000028,31.212795315000058],[130.516123894000089,31.189520575000074],[130.51685631600003,31.175441799000026],[130.521739129000025,31.168687242000086],[130.53679446700005,31.162176825000063],[130.550791863000086,31.162420966000063],[130.562510613000086,31.166937567000048],[130.573578321000014,31.167425848000047],[130.586436394000089,31.15542226800007],[130.603688998000081,31.172349351000037],[130.623301629000025,31.178859768000052],[130.639821811000047,31.186468817000037],[130.646657748000052,31.206935940000047],[130.65007571700005,31.223700262000072],[130.661957227000016,31.258612372000076],[130.660329623000052,31.27142975500005],[130.623681984000086,31.275646770000055],[130.602875196000014,31.301988023000046],[130.58912194100003,31.306219794000068],[130.57349694100003,31.314601955000033],[130.562673373000052,31.334377346000046],[130.550466342000078,31.375148830000043],[130.520518425000091,31.432440497000073],[130.516123894000089,31.453314520000053],[130.518077019000089,31.472398179000027],[130.529144727000016,31.513251044000057],[130.54224694100003,31.541734117000086],[130.558441602000016,31.566310940000051],[130.56763756600003,31.600734768000066],[130.574961785000028,31.611273505000046],[130.602224155000044,31.638251044000064],[130.606211785000028,31.646633205000061],[130.610118035000028,31.672308661000049],[130.613047722000033,31.682359117000104],[130.644786004000025,31.714748440000047],[130.686045769000089,31.725531317000051],[130.737964688000034,31.708438590000064],[130.776377800000091,31.710272528000079],[130.804535352000016,31.687241929000031],[130.810313347000033,31.650946356000066],[130.799001498000052,31.611721096000068],[130.776377800000091,31.579901434000085],[130.758636915000011,31.563788153000086],[130.749034050000091,31.559719143000034],[130.73601321700005,31.559475002000042],[130.722666863000086,31.563421942000044],[130.719248894000089,31.570705471000064],[130.72234134200005,31.597316799000058],[130.711680535000028,31.614406643000059],[130.687836134,31.619452216000045],[130.662282748000052,31.617865302000034],[130.637878059000059,31.622594691000071],[130.613893058000031,31.612066478000088],[130.590888846000098,31.585987911000068],[130.598317905000044,31.573431708000058],[130.609385613000086,31.566310940000051],[130.619476759,31.564276434000078],[130.636892123000052,31.555243231000095],[130.695567254000025,31.545803127000063],[130.705332879000025,31.528753973000036],[130.692525190000083,31.485572010000062],[130.703417386000069,31.459304551000063],[130.74732506600003,31.435492255000021],[130.769541863000086,31.402411200000071],[130.782725457000083,31.372788804000049],[130.795251606000079,31.344425107000049],[130.796646298000041,31.325345784000039],[130.789670147000038,31.27514867400004],[130.780369115000099,31.242514662000069],[130.753940574000012,31.203882653000051],[130.764784453000061,31.186509332000071],[130.742686394000089,31.121283270000042],[130.728688998000052,31.111558335000051],[130.688975457000083,31.090155341000081],[130.663339410000049,31.069506364000052],[130.657722026000101,31.00319120000006],[130.677943044000017,31.005010434000038],[130.69488036000007,31.018824916000071],[130.72542805,31.047039567000077],[130.767588738000086,31.056463934000057],[130.773796452000056,31.065482772000038],[130.792357105000065,31.077847115000065],[130.819511054000031,31.087260474000029],[130.845225457000083,31.089911200000063],[130.870680662000041,31.096018518000019],[130.907237175000091,31.106919664000085],[130.924001498000052,31.112982489000061],[130.94068444100003,31.121323960000044],[130.956228061000047,31.13117096600007],[130.968597852000016,31.141750393000052],[130.979991082000083,31.155991929000031],[130.997080925000091,31.186590887000083],[131.006602410000028,31.199774481000077],[131.008159402000047,31.221082284000087],[131.032950897000092,31.227524446000089],[131.060249739000028,31.225314840000063],[131.132113944000025,31.279513102000067],[131.124747195000054,31.288345546000073],[131.092590767000047,31.276050664000088],[131.0742169050001,31.282104405000045],[131.082986237,31.297055970000084],[131.104381835000027,31.309449248000082],[131.107387594000102,31.317184411000103],[131.104014519000089,31.32884349200009],[131.083343946000014,31.33844635600007],[131.059580925000091,31.344875393000041],[131.025451286,31.354095225000034],[131.013610736000032,31.363069850000052],[131.02807477500005,31.401785761000056],[131.045258009,31.427476304000034],[131.056895379000025,31.439642645000045],[131.071787957000083,31.449611721000053],[131.109385613000086,31.464544989000036],[131.130381707000083,31.46942780200002],[131.150645379000025,31.47134023600006],[131.161556885000095,31.463997931000044],[131.178633013000081,31.452428893000075],[131.200342492,31.457373282000049],[131.207802354000023,31.456049140000044],[131.212657097000033,31.454738674000069],[131.219248894000089,31.446478583000069],[131.238617384,31.428412177000048],[131.243011915000011,31.422267971000043],[131.24577884200005,31.412176825000074],[131.245127800000091,31.395575262000072],[131.249847852000016,31.38812897300005],[131.265879754000025,31.381170966000063],[131.28484134200005,31.381984768000056],[131.325043165000011,31.388128973000061],[131.323741082000083,31.383937893000059],[131.322601759,31.381293036000049],[131.318207227000016,31.375148830000075],[131.324961785000028,31.372870184000078],[131.327647332000083,31.371323960000037],[131.33130944100003,31.36766185100004],[131.338226759,31.372626044000082],[131.340586785000028,31.378729559000089],[131.341807488000086,31.386053778000079],[131.345469597000033,31.394964911000041],[131.35865319100003,31.410467841000063],[131.363780144000089,31.419663804000042],[131.373545769000089,31.467352606000091],[131.37623131600003,31.474432684000092],[131.388926629000025,31.485581773000032],[131.393728061000047,31.491034247000076],[131.393321160000028,31.512274481000077],[131.391449415000011,31.516750393000045],[131.38795006600003,31.520493882000039],[131.385264519000089,31.526922919000057],[131.386485222000033,31.539007880000039],[131.390798373000052,31.54881419500002],[131.404063347000033,31.568060614000036],[131.406911655000044,31.569728908000076],[131.411468946000014,31.586127020000056],[131.423350457000083,31.598334052000038],[131.455332879000025,31.620917059000078],[131.450531446000014,31.651109117000086],[131.475271030000044,31.762152411000031],[131.478526238000086,31.77033112200008],[131.493011915000011,31.786932684000071],[131.496348504000025,31.795965887000072],[131.468042276000034,31.80489943300006],[131.455903478000096,31.821973977000066],[131.447621863,31.847434831000051],[131.449961785000028,31.858710028000061],[131.447276238000086,31.876898505000032],[131.458570337000083,31.905451862000085],[131.496486394000044,32.012744267000059],[131.53052845600007,32.107391282000052],[131.550327242000094,32.169466089000082],[131.562416900000017,32.217916371000058],[131.580414259,32.253973700000074],[131.592539910000028,32.303656317000062],[131.60279381600003,32.323553778000061],[131.61101321700005,32.329982815000051],[131.61646569100003,32.332342841000099],[131.619476759,32.337103583000037],[131.621836785000028,32.360296942000041],[131.629405144000089,32.386786200000046],[131.633474155000073,32.395493882000039],[131.641368035000028,32.399237372000059],[131.653086785000028,32.401271877000049],[131.663584832000083,32.406439520000035],[131.68913158600003,32.421737335000053],[131.673889183000028,32.441804894000086],[131.656629400000043,32.457357730000076],[131.659790276000081,32.476819574000054]]}},
{"type":"Feature","properties":{"featurecla":"Coastline","scalerank":6,"min_zoom":6.0,"historical_claim":false,"geometry_status":"modern_physical_reference","source_id":"source.natural_earth.coastline.10m"},"geometry":{"type":"LineString","coordinates":[[130.446787957000083,32.596828518000066],[130.450043165000011,32.603257554000031],[130.452891472000033,32.610988674000041],[130.446462436000076,32.616603908000052],[130.436534050000091,32.620672919000071],[130.428477410000028,32.617661851000065],[130.420095248000052,32.611558335000041],[130.416840040000011,32.610052802000048],[130.416514519000089,32.613959052000041],[130.413584832000083,32.613592841000091],[130.398773634,32.593166408000052],[130.39966881600003,32.586411851000044],[130.407725457000083,32.581732489000046],[130.41138756600003,32.573879299000033],[130.406748894000089,32.560980536000031],[130.409190300000091,32.549261786000045],[130.421397332000083,32.540757554000045],[130.427582227000016,32.537298895000028],[130.424571160000028,32.546820380000035],[130.431895379000025,32.549872137000094],[130.445811394000089,32.552557684000078],[130.450938347000033,32.563421942000033],[130.453868035000028,32.58006419500002],[130.452647332000083,32.590643622000073],[130.446787957000083,32.596828518000066]]}},
{"type":"Feature","properties":{"featurecla":"Coastline","scalerank":6,"min_zoom":6.0,"historical_claim":false,"geometry_status":"modern_physical_reference","source_id":"source.natural_earth.coastline.10m"},"geometry":{"type":"LineString","coordinates":[[132.562022332000083,32.742132880000042],[132.557953321000014,32.745306708000044],[132.554942254000025,32.747503973000029],[132.548594597000033,32.750799872000073],[132.543793165000011,32.745591539000095],[132.539886915000011,32.733791408000059],[132.540537957000083,32.721502997000066],[132.543223504000025,32.70844147300005],[132.549652540000011,32.704291083000051],[132.563243035000056,32.709947007000018],[132.570811394000089,32.717271226000044],[132.57154381600003,32.725490627000063],[132.568614129000025,32.734361070000034],[132.562022332000083,32.742132880000042]]}},
{"type":"Feature","properties":{"featurecla":"Coastline","scalerank":1,"min_zoom":1.5,"historical_claim":false,"geometry_status":"modern_physical_reference","source_id":"source.natural_earth.coastline.10m"},"geometry":{"type":"LineString","coordinates":[[134.689789259,33.82807038000005],[134.689789259,33.834906317000041],[134.698252800000063,33.836249091000056],[134.70826256600003,33.840562242000111],[134.717051629000025,33.841701565000044],[134.717051629000025,33.847967841000084],[134.660817905000044,33.846380927000034],[134.646250847000033,33.853094794000071],[134.662364129000025,33.875881252000063],[134.67351321700005,33.881659247000073],[134.686778191000059,33.886216539000088],[134.690714176000029,33.895733504000063],[134.702891472000033,33.90623607000002],[134.70223081000006,33.920965305000053],[134.702570540000011,33.937266741000073],[134.690231657000027,33.94239734900011],[134.695962500000064,33.951893257000059],[134.662916031,33.96886860900009],[134.65092897,33.985940781000053],[134.637016,34.010666224000111],[134.626591465000047,34.008139616000044],[134.624250753000069,33.997581129000082],[134.611637133000045,33.997020270000071],[134.604966364,34.001024089000069],[134.599782748000052,34.009466864000068],[134.594574415000011,34.029771226000037],[134.594248894000089,34.039740302000048],[134.595225457000083,34.045965887000094],[134.601817254000025,34.063706773000035],[134.607758009,34.067613023000035],[134.604584825000074,34.084834391000065],[134.605187379000085,34.110776919000052],[134.62273196700005,34.134466864000039],[134.620462621,34.140252930000074],[134.623695527,34.150771923000029],[134.634302263,34.165932268000056],[134.642088745000024,34.179263295000077],[134.628265821000014,34.177923895000042],[134.619151238000086,34.182074286000024],[134.607758009,34.18431224200009],[134.627207879000025,34.187933661000038],[134.625404414000059,34.193466909000065],[134.625747865,34.201014144000041],[134.627176280000072,34.209673788000103],[134.640700704000096,34.225355862000072],[134.646871456000099,34.239252459000049],[134.627895528000067,34.233081904000066],[134.610349369000033,34.216027454000113],[134.594044248000046,34.21381249700007],[134.600482336000027,34.228194232000057],[134.61109366800008,34.239414243000049],[134.607144793000089,34.250845488000031],[134.594248894000089,34.232123114000039],[134.58171634200005,34.229641018000059],[134.560883009,34.22142161700009],[134.495242568000094,34.224235342000028],[134.468623304000062,34.207460144000038],[134.439767011000072,34.208349433000095],[134.41570071700005,34.224188544000057],[134.405772332000083,34.234442450000081],[134.401703321000042,34.24274323100007],[134.396657748000052,34.249457098000057],[134.384125196000014,34.250067450000081],[134.357676629000025,34.24640534100007],[134.343516472000033,34.25063711100006],[134.321787957000083,34.268947658000037],[134.309580925000091,34.273098049000026],[134.296885613000114,34.275295315000037],[134.257823113000086,34.29417552300005],[134.271250847000033,34.323065497000059],[134.260427280000044,34.334418036000031],[134.237803582000083,34.340806382000039],[134.216807488000086,34.355047919000079],[134.21216881600003,34.347235419000071],[134.190440300000091,34.325384833000037],[134.182627800000091,34.32094961100006],[134.166270379000025,34.324855861000074],[134.161631707000055,34.334906317000048],[134.161631707000083,34.362494208000065],[134.158213738000086,34.374945380000042],[134.153005405000044,34.385728257000039],[134.143565300000063,34.391791083000051],[134.127452019000117,34.389797268000052],[134.124522332000083,34.380845445000041],[134.122813347000033,34.366603908000044],[134.11687259200005,34.360500393000059],[134.100759311000047,34.376166083000037],[134.088389519000089,34.354803778000061],[134.08130944100003,34.347723700000067],[134.04615319100003,34.355047919000064],[134.036875847000033,34.354681708000051],[134.021250847000061,34.349188544000043],[134.011973504000025,34.34882233300003],[134.00123131600003,34.352240302000041],[133.989024285000028,34.360785223000036],[133.970876498000052,34.364650783000044],[133.956228061000047,34.373968817000041],[133.94654381600003,34.376166083000037],[133.937022332000083,34.375067450000074],[133.920909050000091,34.370428778000068],[133.912119988000114,34.369330145000056],[133.89966881600003,34.364162502000063],[133.890635613000086,34.352199611000074],[133.882823113000086,34.338446356000098],[133.874196811000047,34.328314520000042],[133.843597852000016,34.312241929000024],[133.781993035000028,34.288275458000044],[133.754649285,34.270005601000015],[133.731944207000083,34.250962632000039],[133.701426629000025,34.231268622000059],[133.672618035,34.223130601000022],[133.654470248000052,34.238959052000041],[133.637543165000011,34.233587958000037],[133.609222852000016,34.238959052000041],[133.57935631600003,34.249416408000052],[133.558360222000033,34.259466864000039],[133.572276238000086,34.24217357000002],[133.587657097000033,34.231919664000081],[133.604014519000089,34.223374742000111],[133.62037194100003,34.211655992000082],[133.632985873000052,34.198309637000065],[133.641123894000089,34.184637762000065],[133.646006707000083,34.16738515800003],[133.64812259200005,34.124660549000026],[133.641286655000044,34.079169012000072],[133.633962436000047,34.060777085000034],[133.620860222000033,34.045558986000074],[133.587250196000014,34.020331122000066],[133.572520379000025,34.006170966000077],[133.561696811000047,33.993394273000028],[133.548594597000033,33.980943101000051],[133.532074415000011,33.970933335000048],[133.51099694100003,33.965236721000039],[133.486338738000086,33.966742255000035],[133.438243035000028,33.981878973000022],[133.414805535000028,33.985744533000059],[133.359947684000076,33.982709600000071],[133.340966815,33.989939136000068],[133.322607543,33.990552810000054],[133.29982343000006,33.981024860000041],[133.2790455600001,33.983276759000042],[133.248874470000032,33.974108531000063],[133.243680224000059,33.956257295000064],[133.208868424,33.947403314000027],[133.173292231,33.940584065000046],[133.14670395600001,33.931541102000033],[133.127010888000086,33.933290639000063],[133.10776334500008,33.941172842000064],[133.086600305000076,33.949313315000062],[133.077294392,33.959732720000041],[133.069196795000039,33.974223154000065],[133.060313347000033,33.991359768000059],[133.031848838000087,34.052734410000085],[132.976573113000086,34.108587958000044],[132.966319207000083,34.114325262000079],[132.96132289500008,34.121134032000029],[132.954033485000082,34.125393309000067],[132.942383612000043,34.141262037000033],[132.928774824000016,34.119874497000097],[132.915511319000075,34.120258787000083],[132.897499941000092,34.122714018000082],[132.89536372300006,34.113214350000064],[132.90620625300005,34.113165418000037],[132.926158290000103,34.111668096000081],[132.930338028000079,34.094375970000044],[132.922520629000019,34.08483910800004],[132.919110430000046,34.068406073000084],[132.862359096000091,34.055893542000042],[132.847186045000058,34.039963579000073],[132.79873386700001,34.013104233000064],[132.769861567000021,33.996270044000099],[132.772471550000091,33.95587799700008],[132.757481294000058,33.934948344000077],[132.754936877000119,33.910320249000044],[132.712370372,33.904548780000084],[132.706283305000056,33.877051785000056],[132.698981658000093,33.850384146000046],[132.690082672000017,33.813905380000058],[132.695567254000025,33.786444403000075],[132.697113477000016,33.756740627000056],[132.676605665000011,33.715643622000059],[132.645474593000017,33.689587666000065],[132.618489498000031,33.674289227000095],[132.601735873000052,33.660386460000048],[132.500612341000078,33.624998209000083],[132.479502800000091,33.608343817000048],[132.470469597000033,33.602118231000063],[132.441661004,33.57294342700002],[132.435394727000045,33.56366608300003],[132.428477410000028,33.547593492000097],[132.412364129000025,33.534979559000085],[132.293745878000095,33.485380231000072],[132.264631651000059,33.46407350200009],[132.240684626000075,33.464576055000066],[132.221880750000082,33.454025777000084],[132.199766627000031,33.455010144000092],[132.171331261000091,33.445634434000056],[132.155280026000014,33.437046147000046],[132.157085550000033,33.428841528000056],[132.166576054000075,33.420203724000096],[132.153248276,33.415429414000059],[132.135487597000093,33.420022598000045],[132.094319993,33.408487128000047],[132.0515547,33.376040227000082],[132.029636530000062,33.365246591000073],[132.010538920000045,33.348988639000069],[132.02548739100007,33.34490369600006],[132.073507896000024,33.36763167000003],[132.110295567000094,33.386727643000086],[132.101567748000093,33.370133835000033],[132.114136518,33.364151183000025],[132.130660483000042,33.363566366000036],[132.139430551000032,33.37397803600004],[132.1499849060001,33.389167102000044],[132.179738784000051,33.406986099000058],[132.214402183000061,33.422946732000078],[132.253606956,33.440708826000048],[132.278586024000106,33.447300719000054],[132.307803890000059,33.464289883000056],[132.322232735000057,33.457555327000065],[132.333751595000081,33.462444308000052],[132.344596230000093,33.467154654000076],[132.36296634200005,33.468085028000068],[132.381114129000025,33.466050523000028],[132.42115319100003,33.444484768000052],[132.411875847000033,33.441961981000063],[132.404144727000016,33.437648830000036],[132.398203972000033,33.431341864000082],[132.394379102000016,33.423407294000079],[132.408050977000016,33.423407294000071],[132.408050977000016,33.41657135600007],[132.391123894000089,33.397894598000015],[132.390635613000086,33.374986070000034],[132.402354363000086,33.362616278000075],[132.42115319100003,33.375555731000084],[132.417328321000014,33.347398179000017],[132.415537957000083,33.341457424000048],[132.40788821700005,33.336249091000049],[132.391368035000028,33.334865627000063],[132.384125196000014,33.330877997000094],[132.378672722000033,33.319484768000059],[132.390274380000051,33.316188081000064],[132.401221375000091,33.30938686700005],[132.420121392000055,33.304355639000043],[132.486803525000028,33.316068149000024],[132.525609768000095,33.314664231000044],[132.522280443,33.307620908000068],[132.504788342000126,33.303810851000037],[132.484735461000014,33.290840859000063],[132.484570570000074,33.276525918000047],[132.491823351,33.270716494000034],[132.502579812000022,33.266609133000088],[132.507701687,33.257903119000026],[132.524212845000079,33.263023330000053],[132.541393707,33.26255771700005],[132.524492242000065,33.249982363000072],[132.536828870000022,33.242584289000035],[132.54836358700004,33.226902944000074],[132.53617229300005,33.217566250000061],[132.513766845000077,33.213342918000066],[132.502669883000067,33.198734747000053],[132.505077281000013,33.181235085000097],[132.485701764000055,33.169153220000041],[132.477821465000034,33.18140829700009],[132.461201039,33.191403309000073],[132.459658865000051,33.204012318000068],[132.445493724000016,33.204965422000072],[132.420123834000037,33.209824239000078],[132.39467584800002,33.203894821000056],[132.398647482,33.187183802000042],[132.415386557000033,33.189277566000051],[132.42366068900003,33.199176094000059],[132.43810824600007,33.191397889000093],[132.449246617000085,33.185075323000028],[132.458606517000021,33.173705878000071],[132.438043613000104,33.168218345000071],[132.435394727000045,33.155829169000079],[132.44068444100003,33.142279364000025],[132.450205925000091,33.136664130000042],[132.479502800000091,33.135972398000028],[132.490082227000016,33.132757880000057],[132.48755944100003,33.125474351000037],[132.48015384200005,33.118312893000052],[132.47584069100003,33.114894924000026],[132.471446160000028,33.113959052000041],[132.449066602000016,33.114894924000069],[132.449066602000016,33.108710028000083],[132.462738477000016,33.105454820000034],[132.469004754000025,33.095770575000074],[132.468760613000086,33.082342841000077],[132.462738477000016,33.067694403000075],[132.483164910000028,33.067694403000061],[132.471527540000011,33.055609442000076],[132.451833530000044,33.052883205000057],[132.407922397000107,33.069329326000059],[132.396884785,33.058005309000073],[132.400446487000067,33.043913948000075],[132.382402156000012,33.019779079000045],[132.396700365000015,33.016593804000088],[132.419704131,33.051921558000046],[132.44113728700006,33.043659348000048],[132.471495412000081,33.040685904000028],[132.481408436000066,33.02352753800006],[132.501475457000083,32.993231512000087],[132.496127844000057,32.985332140000068],[132.482918558000051,32.970501244000047],[132.494039466,32.94893138500003],[132.472272326000081,32.933672312000041],[132.490489129000025,32.901190497000073],[132.504161004000025,32.891669012000072],[132.52076256600003,32.889308986000081],[132.537852410000028,32.895819403000068],[132.532237175000091,32.899400132000011],[132.523448113000086,32.906887111000046],[132.517344597000033,32.909409898000035],[132.524180535000028,32.930243231000098],[132.53638756600003,32.931219794000064],[132.552907748000052,32.924872137000072],[132.572032097000033,32.923081773000028],[132.558929884,32.93675364800005],[132.57545006600003,32.931830145000042],[132.61841881600003,32.906887111000046],[132.627207879000025,32.906317450000074],[132.63990319100003,32.908921617000097],[132.709157748000052,32.909409898000042],[132.705166864000034,32.897164690000068],[132.692785187000027,32.884330091000045],[132.663007260000086,32.856807656000043],[132.64600159500003,32.825692004000068],[132.623376882,32.799495693000026],[132.619903364000038,32.772990306000082],[132.627660768000084,32.752093098000053],[132.664643176000027,32.778868304000063],[132.711400796000021,32.789525389000055],[132.729340040000011,32.77415599200009],[132.757578972000033,32.752386786000052],[132.771983269000089,32.746079820000041],[132.791514519000089,32.740668036000038],[132.81218509200005,32.740301825000074],[132.829600457000083,32.748724677000048],[132.843272332000083,32.760931708000058],[132.858409050000091,32.769598700000074],[132.872080925000091,32.768744208000065],[132.881114129,32.752386786000024],[132.892832879000025,32.77423737200008],[132.915049675000091,32.777980861000032],[132.93913821700005,32.770453192000033],[132.956797722000033,32.758612372000073],[132.961761915000011,32.751125393000059],[132.971364780000016,32.731675523000042],[132.976573113000086,32.724514065000051],[132.984385613000086,32.719631252000063],[133.002207879000025,32.711655992000082],[133.028005405000044,32.720648505000035],[133.027598504000025,32.739650783000052],[133.017344597000033,32.75787995000006],[133.004079623000024,32.772284247000066],[132.984873894000089,32.78709544500002],[132.976735873000052,32.795152085000041],[132.969737175000091,32.807074286000045],[132.955477133000045,32.814618733000096],[132.957899471000019,32.835425557000065],[132.955099265000058,32.852628542000048],[132.961059035000062,32.864100526000051],[132.989905308000061,32.862576095000037],[133.002452019000089,32.869330145000049],[133.009287957000083,32.903469143000038],[132.994412721,32.948993177000034],[133.001702206,32.986956751000051],[133.018258809000031,33.024023267000068],[133.052847681,33.039498643000066],[133.074617088000082,33.028737892000045],[133.089854363000086,33.019273179000038],[133.097764177000045,33.023466920000082],[133.098866992000012,33.032648240000078],[133.097116134000089,33.048111006000056],[133.107436129,33.061068704000057],[133.132386954000026,33.08902945600007],[133.165033411000081,33.137199555000059],[133.190149233000085,33.163316435000063],[133.203835836000053,33.162622107000061],[133.209761041000093,33.151041825000057],[133.225433790000011,33.159084377000042],[133.217946811000047,33.165838934000057],[133.21533962500007,33.187503519000082],[133.226898634,33.194403387000094],[133.240977410000028,33.205796617000068],[133.253265821000014,33.21906159100007],[133.258474155000044,33.242132880000042],[133.260508660000028,33.245754299000041],[133.265147332000083,33.248439846000046],[133.269379102000016,33.252346096000053],[133.270843946000014,33.259507554000024],[133.269704623000052,33.264227606000084],[133.265879754000025,33.267645575000067],[133.264659050000091,33.272528387000079],[133.260752800000091,33.279771226000058],[133.254649285000028,33.286525783000073],[133.251963738000086,33.294745184000078],[133.258474155000044,33.306708075000081],[133.254567905000044,33.326239325000081],[133.269379102000016,33.346869208000044],[133.29224694100003,33.364691473000043],[133.312347852000016,33.375555731000084],[133.319102410000028,33.371527411000038],[133.326019727000016,33.368801174000076],[133.323090040000011,33.351304429000024],[133.328135613000086,33.353461005000057],[133.346690300000091,33.375555731000098],[133.356618686000047,33.383286851000022],[133.365000847000033,33.387600002000042],[133.375498894000089,33.389390367000097],[133.391612175000091,33.389837958000044],[133.414805535000028,33.393052476000037],[133.439707879000025,33.401678778000068],[133.455088738000086,33.414699611000067],[133.450368686000019,33.43085358300003],[133.465909386000021,33.454324098000086],[133.546861679000017,33.486111348000072],[133.589305166000031,33.501933551000029],[133.60773318400004,33.515824680000037],[133.672147820000077,33.528902337000034],[133.73939679,33.537506879000034],[133.763052198000082,33.519784407000088],[133.854901669000014,33.500094530000069],[133.925205166000069,33.493693261000097],[133.942148496000073,33.458879104000076],[133.968760613000086,33.435695705000057],[133.996621902000015,33.424565380000047],[134.025536461,33.415400345000087],[134.040049675000091,33.384100653000068],[134.079972921000035,33.339048073000072],[134.107960423,33.314923482000019],[134.106224345000101,33.294332361000045],[134.12750724600005,33.289525482000052],[134.141764142000056,33.291793265000081],[134.157969597000061,33.269720770000049],[134.176527122000039,33.236127821000089],[134.190255131000043,33.248329294000072],[134.191199626000071,33.271257625000104],[134.196299675000091,33.296779690000072],[134.19849694100003,33.310288804000045],[134.207774285000028,33.339097398000014],[134.21452884200005,33.376613674000062],[134.244633605000104,33.460750226000073],[134.273205085000086,33.50800352400006],[134.296711794000089,33.531363447000039],[134.313701067000011,33.543079177000031],[134.315460495000025,33.555137887000051],[134.312348015,33.572506474000072],[134.326260481000077,33.580127844000067],[134.339452853000012,33.577066680000094],[134.352966918000106,33.581630858000047],[134.360524174000034,33.588708587000049],[134.363769538000042,33.600755389000085],[134.388621681000018,33.623634081000034],[134.3761745380001,33.635657008000074],[134.404022398000023,33.654477560000075],[134.457300392000093,33.670926008000052],[134.538440257000047,33.716857725000068],[134.546377911000036,33.732502102000076],[134.570661015000042,33.736448978000062],[134.579377395000051,33.764170062000055],[134.607758009,33.766017971000053],[134.616799862,33.782601997000086],[134.651866082000083,33.786444403000075],[134.664654034000023,33.798487076000072],[134.702048631000025,33.813676891000064],[134.732303854000037,33.825951916000058],[134.75123131600003,33.834906317000062],[134.740045550000104,33.840282578000078],[134.722031249,33.834073248000045],[134.689789259,33.82807038000005]]}},
{"type":"Feature","properties":{"featurecla":"Coastline","scalerank":6,"min_zoom":6.0,"historical_claim":false,"geometry_status":"modern_physical_reference","source_id":"source.natural_earth.coastline.10m"},"geometry":{"type":"LineString","coordinates":[[129.135508660000028,33.299872137000079],[129.128265821000014,33.301581122000051],[129.113129102000016,33.291408596000046],[129.103770379000025,33.288967190000065],[129.08912194100003,33.283270575000067],[129.076182488000086,33.268784898000021],[129.075043165000011,33.259914455000064],[129.07976321700005,33.261297919000057],[129.085785352000016,33.260077216000049],[129.092133009,33.255438544000079],[129.10320071700005,33.249172268000038],[129.119151238000086,33.246527411000038],[129.127289259,33.247503973000072],[129.134287957000083,33.258612372000066],[129.149587436000047,33.269029039000102],[129.150157097000033,33.276516018000052],[129.143321160000028,33.284816799000062],[129.135508660000028,33.299872137000079]]}},
{"type":"Feature","properties":{"featurecla":"Coastline","scalerank":5,"min_zoom":3.0,"historical_claim":false,"geometry_status":"modern_physical_reference","source_id":"source.natural_earth.coastline.10m"},"geometry":{"type":"LineString","coordinates":[[129.555684200000087,33.410804911000078],[129.525320807000071,33.404927250000085],[129.523455919000071,33.390566545000055],[129.539309700000103,33.379487549000075],[129.522916224000028,33.368377118000097],[129.515914178,33.378395130000065],[129.508309662000102,33.382091776000053],[129.495129500000075,33.358294573000073],[129.44266269100001,33.348066089000056],[129.440896188000011,33.32526007500006],[129.43726510800002,33.296679880000056],[129.406411024000022,33.274950791000037],[129.408431800000017,33.253823673000056],[129.416769161000047,33.236929605000043],[129.393961406000017,33.239525906000047],[129.382005420000041,33.228919943000072],[129.377656884000089,33.214639528000063],[129.38466500200002,33.204099875000047],[129.396006707000083,33.20258209800005],[129.403086785000028,33.197658596000082],[129.406504754000025,33.194037177000048],[129.400157097000033,33.185695705000043],[129.384781986,33.183493173000031],[129.3607009320001,33.198718068000062],[129.3498690240001,33.213467515000048],[129.344960167000067,33.190196636000067],[129.342500664,33.179620180000086],[129.358083530000044,33.176947333000051],[129.376021310000056,33.169719227000087],[129.412590953000063,33.178317860000064],[129.44660473600004,33.198519605000051],[129.493095126000071,33.245163286000064],[129.502478028000041,33.265259920000055],[129.501148101000013,33.280032440000078],[129.514386228000035,33.288012293000072],[129.514341894000069,33.298044940000061],[129.526340142000095,33.303384269000041],[129.538317003000088,33.315594612000048],[129.527528462000078,33.323477473000075],[129.542028153000047,33.335676701000075],[129.555873941000073,33.35314538100004],[129.562163301000055,33.366393867000056],[129.555684200000087,33.410804911000078]]}},
{"type":"Feature","properties":{"featurecla":"Coastline","scalerank":6,"min_zoom":6.0,"historical_claim":false,"geometry_status":"modern_physical_reference","source_id":"source.natural_earth.coastline.10m"},"geometry":{"type":"LineString","coordinates":[[129.55591881600003,33.493963934000085],[129.554860873000052,33.499823309000078],[129.551768425000091,33.506903387000094],[129.541758660000028,33.507310289000088],[129.52466881600003,33.497544664000074],[129.506683790000011,33.483099677000027],[129.50318444100003,33.473700262000072],[129.511973504000025,33.472967841000063],[129.516449415000011,33.47353750200007],[129.519053582000083,33.478176174000062],[129.526866082000083,33.480454820000041],[129.539398634,33.475165106000084],[129.554453972000033,33.473456122000073],[129.56804446700005,33.478501695000034],[129.576426629000025,33.488348700000074],[129.573415561000047,33.496079820000048],[129.55591881600003,33.493963934000085]]}},
{"type":"Feature","properties":{"featurecla":"Coastline","scalerank":6,"min_zoom":6.0,"historical_claim":false,"geometry_status":"modern_physical_reference","source_id":"source.natural_earth.coastline.10m"},"geometry":{"type":"LineString","coordinates":[[127.309092644000103,34.02008698100007],[127.296397332000083,34.037583726000051],[127.294688347000019,34.047919012000087],[127.29810631600003,34.057196356000084],[127.295664910000028,34.061468817000048],[127.29420006600003,34.061102606000077],[127.291514519000089,34.05849844],[127.286875847000033,34.057277736000067],[127.283213738000086,34.058294989000046],[127.280039910000028,34.057440497000073],[127.279307488000086,34.053290106000077],[127.279795769000089,34.048651434000071],[127.278330925000091,34.044623114000061],[127.280772332000083,34.037787177000055],[127.283864780000059,34.034613348000043],[127.287608269000103,34.032416083000058],[127.289805535000028,34.02407461100006],[127.293223504000025,34.017238674000048],[127.295664910000028,34.014105536000059],[127.309336785000013,34.011460679000031],[127.32349694100003,34.005764065000044],[127.324717644000074,34.010687567000033],[127.32211347700003,34.014105536000059],[127.314952019000089,34.015773830000064],[127.309092644000103,34.02008698100007]]}},
{"type":"Feature","properties":{"featurecla":"Coastline","scalerank":6,"min_zoom":6.0,"historical_claim":false,"geometry_status":"modern_physical_reference","source_id":"source.natural_earth.coastline.10m"},"geometry":{"type":"LineString","coordinates":[[126.672048373000052,34.153265692000062],[126.661875847000019,34.165716864000053],[126.663584832000083,34.173325914000081],[126.673106316000045,34.180121161000045],[126.670746290000011,34.189886786000045],[126.653819207000083,34.197088934000092],[126.645274285000042,34.197170315000029],[126.644786004000025,34.193752346000046],[126.636485222000019,34.187160549000048],[126.638438347000033,34.182562567000062],[126.645030144000103,34.177476304000045],[126.642832879000039,34.164618231000084],[126.636485222000019,34.141546942000041],[126.638682488000072,34.12811920800003],[126.643809441000016,34.127183335000048],[126.648610873000052,34.124009507000046],[126.650401238000086,34.119370835000048],[126.65552819100003,34.116848049000062],[126.665375196000014,34.11908600500005],[126.670420769000103,34.12693919500002],[126.670420769000103,34.137030341000049],[126.671885613000086,34.142971096000053],[126.676280144000103,34.143540757000046],[126.679453972000033,34.146551825000074],[126.676036004000025,34.151434637000072],[126.672048373000052,34.153265692000062]]}},
{"type":"Feature","properties":{"featurecla":"Coastline","scalerank":6,"min_zoom":6.0,"historical_claim":false,"geometry_status":"modern_physical_reference","source_id":"source.natural_earth.coastline.10m"},"geometry":{"type":"LineString","coordinates":[[126.909353061000047,34.197699286000038],[126.899261915000011,34.20966217700002],[126.882172071000014,34.213283596000061],[126.867930535000042,34.207464911000052],[126.860850457000083,34.201849677000034],[126.856944207000097,34.194281317000026],[126.855316602000016,34.184759833000065],[126.849131707000083,34.174383856000084],[126.85320071700005,34.159002997000059],[126.856944207000097,34.157171942000048],[126.860362175000105,34.162176825000074],[126.866953972000033,34.16282786700009],[126.875987175000105,34.156073309000078],[126.886973504000025,34.151353257000039],[126.901866082000083,34.152411200000095],[126.913584832000097,34.157660223000065],[126.919932488000086,34.166978257000068],[126.922373894000089,34.17234935100003],[126.924978061000019,34.184881903000054],[126.918955925000091,34.190497137000072],[126.909353061000047,34.197699286000038]]}},
{"type":"Feature","properties":{"featurecla":"Coastline","scalerank":6,"min_zoom":6.0,"historical_claim":false,"geometry_status":"modern_physical_reference","source_id":"source.natural_earth.coastline.10m"},"geometry":{"type":"LineString","coordinates":[[126.612152540000011,34.218166408000073],[126.606944207000083,34.221380927000048],[126.596202019000089,34.226019598000072],[126.575368686000047,34.228949286000045],[126.567637566000016,34.23240794500002],[126.559743686000047,34.234523830000057],[126.556407097000033,34.232123114000039],[126.561534050000105,34.225165106000091],[126.562185092000036,34.222316799000055],[126.55982506600003,34.22016022300005],[126.556162957000083,34.218654690000051],[126.555349155000059,34.216457424000062],[126.557302280000044,34.214056708000058],[126.556895379000039,34.211004950000088],[126.55396569100003,34.206529039000067],[126.548838738000086,34.194566148000042],[126.549815300000091,34.191229559000071],[126.554535352000016,34.190415757000046],[126.558767123000067,34.189154364000053],[126.560720248000052,34.185126044000057],[126.568614129000025,34.179022528000104],[126.58383222700003,34.175604559000078],[126.588877800000091,34.179103908000066],[126.583994988000086,34.186265367000068],[126.592051629000039,34.187648830000057],[126.606618686000047,34.188299872000094],[126.610118035000042,34.19969310100003],[126.617035352000016,34.204535223000057],[126.616221550000091,34.213283596000061],[126.612152540000011,34.218166408000073]]}},
{"type":"Feature","properties":{"featurecla":"Coastline","scalerank":3,"min_zoom":3.0,"historical_claim":false,"geometry_status":"modern_physical_reference","source_id":"source.natural_earth.coastline.10m"},"geometry":{"type":"LineString","coordinates":[[129.312528389000022,34.279756376000073],[129.301435788000049,34.288097282000102],[129.302462024000079,34.307787350000083],[129.289385329000083,34.317823887000081],[129.280196987000068,34.322871728000074],[129.268924950000041,34.322464245000056],[129.270787239000015,34.31532030700005],[129.275288310000064,34.307596814000078],[129.262043179000102,34.307761393000085],[129.248220248000052,34.300441799000041],[129.238717540000039,34.299287051000086],[129.230672292,34.293362874000096],[129.224052602000029,34.293443088000082],[129.224356072000091,34.312610853000066],[129.228461439000057,34.320781035000046],[129.225244985000018,34.327403369000095],[129.207360827,34.329277274000063],[129.198534541000072,34.316228084000052],[129.195885,34.272992513000084],[129.188821856,34.249552909000059],[129.18925958300008,34.234227385000068],[129.18049970800007,34.2272170130001],[129.17588028900002,34.19550913500008],[129.178802962000077,34.169765202000072],[129.170353644000102,34.146815683000021],[129.171634259000029,34.106806812000045],[129.177629028000069,34.108929999000054],[129.190308026000025,34.114810742000088],[129.198307164000084,34.110991656000081],[129.21073071,34.099960891000073],[129.216062405,34.098339292000048],[129.220421471,34.08887792300002],[129.231800114000066,34.094814056000068],[129.235857511000063,34.100763360000101],[129.248296839000091,34.099926858000039],[129.251090201000011,34.107570290000062],[129.262423528,34.114496337000062],[129.264583167000069,34.123786830000057],[129.276587440000071,34.129111206000061],[129.283519052000088,34.146004766000104],[129.283735079000053,34.157504733000053],[129.287848285,34.165120182000067],[129.294494137000015,34.166678146000045],[129.297211961000016,34.170476062000027],[129.298090067000089,34.181964366000059],[129.299713736000058,34.197823180000057],[129.302579323000032,34.209284960000033],[129.298021227000049,34.213176603000079],[129.297463983000057,34.218658484000052],[129.309383699000023,34.21905214800006],[129.324803217000067,34.229252624000083],[129.32105260400013,34.240796492000058],[129.318075504000035,34.258349633000066],[129.325609906000068,34.271384678000061],[129.342960471000083,34.278277529000036],[129.347102762000077,34.286977747000044],[129.342583158000025,34.293051839000043],[129.316783900000019,34.294468719000072],[129.312528389000022,34.279756376000073]]}},
{"type":"Feature","properties":{"featurecla":"Coastline","scalerank":6,"min_zoom":6.0,"historical_claim":false,"geometry_status":"modern_physical_reference","source_id":"source.natural_earth.coastline.10m"},"geometry":{"type":"LineString","coordinates":[[126.853851759000023,34.308539130000035],[126.858897332000069,34.312201239000018],[126.868174675000091,34.313625393000059],[126.87680097700003,34.312241929000024],[126.883067254000025,34.317938544000043],[126.88404381600003,34.324896552000034],[126.885590040000011,34.328314520000042],[126.891368035000028,34.33392975500005],[126.893321160000042,34.341253973000043],[126.884532097000019,34.345526434000078],[126.870371941000045,34.348374742000097],[126.859222852000016,34.349351304000045],[126.854991082000083,34.348700262000087],[126.850759311000047,34.348456122000066],[126.843516472000047,34.350043036000045],[126.837657097000047,34.353745835000041],[126.827484571000014,34.351629950000067],[126.813975457000083,34.342515367000082],[126.802907748000038,34.338690497000066],[126.793793165000011,34.342230536000038],[126.785899285000028,34.343247789000095],[126.782237175000091,34.341782945000041],[126.777842644000074,34.339667059000078],[126.767832879000025,34.337225653000068],[126.757578972000019,34.336127020000056],[126.758962436000047,34.33274974200009],[126.78109785200003,34.324652411000031],[126.784922722000033,34.322577216000049],[126.788747592000064,34.32094961100006],[126.798350457000069,34.32086823100007],[126.810313347000033,34.32436758000005],[126.820567254000011,34.32562897300005],[126.828298373000052,34.322902736000039],[126.833669467000064,34.316839911000031],[126.835703972000033,34.309149481000063],[126.840586785000028,34.303371486000067],[126.8496199880001,34.304917710000034],[126.853851759000023,34.308539130000035]]}},
{"type":"Feature","properties":{"featurecla":"Coastline","scalerank":5,"min_zoom":4.0,"historical_claim":false,"geometry_status":"modern_physical_reference","source_id":"source.natural_earth.coastline.10m"},"geometry":{"type":"LineString","coordinates":[[126.763926629000039,34.309230861000067],[126.745616082000097,34.324204820000055],[126.742523634000023,34.332749742000061],[126.737071160000042,34.338853257000046],[126.733897332000083,34.34617747600003],[126.731130405000044,34.362005927000041],[126.721853061000047,34.381293036000031],[126.709971550000077,34.392889716000077],[126.699229363000072,34.398911851000044],[126.687754754000039,34.402044989000046],[126.670176629000025,34.400580145000056],[126.664398634,34.399481512000072],[126.653656446000014,34.395209052000027],[126.64576256600003,34.385565497000059],[126.641774936000047,34.372951565000037],[126.640961134000023,34.360337632000046],[126.641937696000028,34.34796784100007],[126.644867384,34.337103583000037],[126.651866082000083,34.329779364000053],[126.663584832000083,34.323431708000037],[126.676605665000011,34.320461330000057],[126.687022332000083,34.322699286000066],[126.695648634,34.320786851000037],[126.698090040000011,34.313421942000041],[126.688812696000014,34.307562567000055],[126.688975457000083,34.30109284100007],[126.707774285000028,34.29564036700009],[126.722911004000039,34.292710679000017],[126.73170006600003,34.289374091000077],[126.736501498000038,34.291693427000034],[126.737478061000047,34.297552802000041],[126.741709832000097,34.298244533000044],[126.749359571000014,34.294134833000051],[126.758311394000089,34.290920315000058],[126.763194207000083,34.289780992000097],[126.768077019000074,34.289211330000064],[126.771494988000086,34.291896877000063],[126.765879754000025,34.303045966000077],[126.763926629000039,34.309230861000067]]}},
{"type":"Feature","properties":{"featurecla":"Coastline","scalerank":6,"min_zoom":6.0,"historical_claim":false,"geometry_status":"modern_physical_reference","source_id":"source.natural_earth.coastline.10m"},"geometry":{"type":"LineString","coordinates":[[132.243662957000083,33.793280341000049],[132.225759311000047,33.799872137000079],[132.208750847000033,33.800116278000075],[132.195323113000086,33.793524481000077],[132.188324415000011,33.779689846000053],[132.204437696000014,33.782131252000035],[132.236338738000086,33.768540757000046],[132.257334832000083,33.766017971000053],[132.272959832000083,33.768540757000025],[132.274099155000044,33.772202867000097],[132.252452019000089,33.785345770000056],[132.243662957000083,33.793280341000049]]}},
{"type":"Feature","properties":{"featurecla":"Coastline","scalerank":5,"min_zoom":3.0,"historical_claim":false,"geometry_status":"modern_physical_reference","source_id":"source.natural_earth.coastline.10m"},"geometry":{"type":"LineString","coordinates":[[129.776377800000091,33.773423570000041],[129.776377800000091,33.779689846000053],[129.781911655000044,33.781154690000065],[129.791270379000025,33.784979559000085],[129.796885613000114,33.786444403000075],[129.781095119000042,33.792392556000053],[129.766787011000019,33.802095372000025],[129.762871791000066,33.812343646000038],[129.762202774,33.823138437000068],[129.7680401020001,33.836650259000066],[129.76726321700005,33.844549872000066],[129.700694207000083,33.861558335000041],[129.688647503000084,33.871145815000048],[129.686719922000066,33.859795866000077],[129.678952076000087,33.848985077000087],[129.673144499000045,33.832217928000013],[129.678401807000029,33.814930974000042],[129.6569338810001,33.815453689000016],[129.658269248000011,33.803573747000087],[129.660283351000089,33.783591931000032],[129.687022332000083,33.766017971000053],[129.687022332000083,33.759182033000037],[129.676931186000047,33.760728257000032],[129.646658083000034,33.77277290600005],[129.64930417100004,33.756039813000086],[129.657126909,33.742554783000053],[129.670763247000082,33.750139093000101],[129.681160702000057,33.744217528000036],[129.677293615000053,33.72909541000007],[129.690956681000102,33.715612462000088],[129.710459832000083,33.700832424000041],[129.721039259,33.697739976000065],[129.722767353,33.716748197000086],[129.735064035000079,33.736738564000071],[129.760378803000094,33.737304520000073],[129.783864780000044,33.738185940000065],[129.799652540000011,33.751044012000065],[129.799571160000028,33.764837958000044],[129.776377800000091,33.773423570000041]]}},
{"type":"Feature","properties":{"featurecla":"Coastline","scalerank":5,"min_zoom":3.0,"historical_claim":false,"geometry_status":"modern_physical_reference","source_id":"source.natural_earth.coastline.10m"},"geometry":{"type":"LineString","coordinates":[[132.236175977000016,33.869045315000022],[132.243662957000083,33.861558335000041],[132.254649285000028,33.865668036000045],[132.272146030000044,33.860419012000108],[132.284515821000014,33.861558335000041],[132.288828972000033,33.868353583000037],[132.291840040000011,33.878729559000064],[132.29810631600003,33.884019273000042],[132.31177819100003,33.875881252000063],[132.318614129000025,33.883286851000044],[132.328623894000089,33.875067450000081],[132.329600457000083,33.865790106000084],[132.328379754000025,33.856512762000087],[132.332367384,33.847967841000077],[132.340586785000056,33.844956773000035],[132.36255944100003,33.845445054000045],[132.374034050000091,33.841701565000044],[132.377452019000089,33.852036851000037],[132.379405144000089,33.861883856000091],[132.380707227000016,33.886419989000032],[132.384776238000086,33.894191799000048],[132.394541863000086,33.899318752000063],[132.418955925000091,33.905666408000066],[132.428477410000028,33.902533270000042],[132.436534050000091,33.903550523000035],[132.457855665000011,33.92767975500005],[132.469493035000028,33.937933661000066],[132.453949415000011,33.937567450000067],[132.427582227000016,33.939886786000059],[132.415537957000083,33.937933661000038],[132.409678582000083,33.93390534100007],[132.407074415000011,33.923041083000072],[132.401215040000011,33.916815497000066],[132.395274285000028,33.915472723000043],[132.380218946000014,33.917547919000086],[132.374034050000091,33.916815497000066],[132.35320071700005,33.903387762000072],[132.340098504000025,33.897202867000097],[132.326182488000086,33.896307684000078],[132.298187696000014,33.93048737200008],[132.279470248000052,33.941229559000085],[132.25359134200005,33.950100002000063],[132.226084832000083,33.952704169000093],[132.201914910000028,33.944769598000029],[132.186289910000028,33.921210028000075],[132.193369988000086,33.897650458000037],[132.20826256600003,33.87518952000007],[132.216319207000083,33.855373440000044],[132.226410352000016,33.860663153000097],[132.231211785000028,33.86391836100006],[132.236175977000016,33.869045315000022]]}},
{"type":"Feature","properties":{"featurecla":"Coastline","scalerank":6,"min_zoom":6.0,"historical_claim":false,"geometry_status":"modern_physical_reference","source_id":"source.natural_earth.coastline.10m"},"geometry":{"type":"LineString","coordinates":[[132.641368035000028,34.014064846000046],[132.63640384200005,34.008286851000051],[132.624522332000083,33.999090887000101],[132.617930535000028,33.995672919000071],[132.613780144000089,33.994045315000037],[132.60645592500012,33.989203192000048],[132.596364780000044,33.980943101000037],[132.586924675000091,33.969671942000069],[132.58912194100003,33.956447658000052],[132.600433790000011,33.949896552000041],[132.620290561000047,33.953802802000055],[132.63445071700005,33.964829820000027],[132.635020379000025,33.974839585000034],[132.636973504000025,33.97923411700009],[132.640961134,33.983954169000093],[132.642751498000052,33.989935614000039],[132.644297722000033,34.000881252000049],[132.643890821000014,34.011419989000039],[132.641368035000028,34.014064846000046]]}},
{"type":"Feature","properties":{"featurecla":"Coastline","scalerank":5,"min_zoom":4.0,"historical_claim":false,"geometry_status":"modern_physical_reference","source_id":"source.natural_earth.coastline.10m"},"geometry":{"type":"LineString","coordinates":[[132.555186394000089,34.071356512000094],[132.569834832000083,34.075873114000046],[132.580577019000089,34.099839585000055],[132.577647332000083,34.118882554000059],[132.551524285000028,34.108587958000044],[132.549489780000044,34.121486721000053],[132.549001498000052,34.133368231000063],[132.546234571000014,34.144964911000045],[132.537852410000028,34.157049872000051],[132.545095248000052,34.158148505000035],[132.547862175000091,34.161688544000079],[132.549001498000052,34.166327216000077],[132.551524285000028,34.170640367000061],[132.543304884,34.176703192000055],[132.53248131600003,34.177313544000057],[132.519297722000033,34.174383856000063],[132.506602410000028,34.167792059000071],[132.496836785000028,34.157049872000037],[132.510020379000053,34.131822007000039],[132.49732506600003,34.117132880000042],[132.473968946000014,34.105210679000045],[132.455332879000025,34.088120835000062],[132.478037957000083,34.080471096000053],[132.532237175000091,34.08209870000006],[132.555186394000089,34.071356512000094]]}},
{"type":"Feature","properties":{"featurecla":"Coastline","scalerank":6,"min_zoom":6.0,"historical_claim":false,"geometry_status":"modern_physical_reference","source_id":"source.natural_earth.coastline.10m"},"geometry":{"type":"LineString","coordinates":[[133.093516472000033,34.174302476000037],[133.083018425000091,34.175034898000035],[133.076670769000089,34.180650132000025],[133.07154381600003,34.18805573100007],[133.055430535000028,34.193548895000049],[133.033050977000016,34.189398505000057],[133.026215040000011,34.176174221000032],[133.033946160000056,34.161363023000021],[133.03679446700005,34.153265692000048],[133.031748894000089,34.154120184000085],[133.025645379000025,34.15444570500005],[133.020030144000089,34.149644273000035],[133.01685631600003,34.136297919000079],[133.017100457000083,34.118841864000025],[133.027842644000089,34.111558335000026],[133.045176629000025,34.118394273000028],[133.094411655000044,34.160386460000041],[133.101735873000052,34.170965887000072],[133.099131707000083,34.175197658000044],[133.093516472000033,34.174302476000037]]}},
{"type":"Feature","properties":{"featurecla":"Coastline","scalerank":6,"min_zoom":6.0,"historical_claim":false,"geometry_status":"modern_physical_reference","source_id":"source.natural_earth.coastline.10m"},"geometry":{"type":"LineString","coordinates":[[132.738536004000025,34.196966864000046],[132.728851759,34.19879791900005],[132.708994988000086,34.203314520000056],[132.695160352000016,34.200140692000069],[132.688975457000083,34.189886786000045],[132.697927280000044,34.181341864000039],[132.723643425000091,34.170803127000042],[132.731618686000047,34.171332098000043],[132.737315300000091,34.168402411000045],[132.73755944100003,34.161607164000095],[132.740000847000033,34.159898179000031],[132.747406446000014,34.162543036000031],[132.756114129000025,34.167466539000088],[132.76140384200005,34.17715078300008],[132.755056186000047,34.189113674000048],[132.738536004000025,34.196966864000046]]}},
{"type":"Feature","properties":{"featurecla":"Coastline","scalerank":6,"min_zoom":5.0,"historical_claim":false,"geometry_status":"modern_physical_reference","source_id":"source.natural_earth.coastline.10m"},"geometry":{"type":"LineString","coordinates":[[132.999475487000041,34.208377288000065],[133.03484134200005,34.20734284100007],[133.051768425000091,34.222316799000033],[133.055674675000091,34.242377020000028],[133.044932488000086,34.273098049000026],[133.030039910000028,34.295314846000046],[133.010020379000025,34.291245835000041],[132.988780144000089,34.273016669000064],[132.969737175000091,34.252630927000041],[132.979340039999983,34.252183335000026],[132.987315300000091,34.248846747000066],[132.991709832000083,34.242254950000067],[132.990896030000044,34.232123114000039],[132.985850457000083,34.226955471000061],[132.969493035000028,34.223049221000061],[132.962901238000086,34.218451239000046],[132.954844597000033,34.198187567000055],[132.963877800000091,34.19188060100003],[132.999475487000041,34.208377288000065]]}},
{"type":"Feature","properties":{"featurecla":"Coastline","scalerank":6,"min_zoom":6.0,"historical_claim":false,"geometry_status":"modern_physical_reference","source_id":"source.natural_earth.coastline.10m"},"geometry":{"type":"LineString","coordinates":[[132.92115319100003,34.277329820000055],[132.908213738000086,34.262884833000044],[132.897146030000044,34.256740627000028],[132.88599694100003,34.25702545800003],[132.857188347000033,34.245835679000038],[132.854014519000089,34.245021877000049],[132.846446160000028,34.240220445000041],[132.84302819100003,34.228420315000051],[132.849945509,34.21515534100007],[132.863129102000016,34.208482164000074],[132.883067254000025,34.208644924000041],[132.905772332000083,34.213080145],[132.916758660000028,34.221869208000037],[132.919118686000047,34.232896226000037],[132.928477410000028,34.251939195000048],[132.932302280000044,34.274847723000057],[132.928477410000028,34.284002997000066],[132.92115319100003,34.277329820000055]]}},
{"type":"Feature","properties":{"featurecla":"Coastline","scalerank":6,"min_zoom":6.0,"historical_claim":false,"geometry_status":"modern_physical_reference","source_id":"source.natural_earth.coastline.10m"},"geometry":{"type":"LineString","coordinates":[[132.338389519000089,34.304429429000045],[132.328623894000089,34.306219794000079],[132.314463738000086,34.300441799000048],[132.298838738000086,34.292222398000035],[132.286631707000083,34.279120184000092],[132.26726321700005,34.253607489000053],[132.267914259,34.24445221600007],[132.279307488000086,34.238348700000095],[132.295909050000091,34.243231512000101],[132.325531446000014,34.264715887000079],[132.34498131600003,34.281968492000097],[132.345469597000033,34.28656647300005],[132.344248894000089,34.29564036700009],[132.338389519000089,34.304429429000045]]}},
{"type":"Feature","properties":{"featurecla":"Coastline","scalerank":6,"min_zoom":6.0,"historical_claim":false,"geometry_status":"modern_physical_reference","source_id":"source.natural_earth.coastline.10m"},"geometry":{"type":"LineString","coordinates":[[127.091563347000047,34.344916083000051],[127.085459832000097,34.351385809000064],[127.082041863000086,34.35594310100003],[127.077403191000045,34.359320380000064],[127.067393425000105,34.358384507000032],[127.053721550000077,34.354803778000068],[127.045909050000091,34.357652085000034],[127.042165561000047,34.366685289000102],[127.035655144000103,34.37474192900001],[127.028575066000016,34.380438544000064],[127.025401238000086,34.381333726000037],[127.026215040000011,34.378729559000085],[127.016286655000059,34.371893622000066],[127.007009311000047,34.362616278000097],[127.00123131600003,34.359361070000055],[126.99382571700005,34.358140367000068],[126.991465691000045,34.356268622000073],[126.994313998000067,34.35468170800003],[127.000824415000011,34.352850653000068],[127.0175887380001,34.351548570000034],[127.024261915,34.348211981000077],[127.02662194100003,34.343166408000044],[127.023692254000025,34.339178778000061],[127.045583530000044,34.335435289000081],[127.049164259,34.331447658000066],[127.042816602000016,34.327948309000092],[127.037852410000028,34.321722723000057],[127.038828972000033,34.312892971000075],[127.049082879000025,34.316717841000063],[127.066742384000023,34.328192450000074],[127.073985222000033,34.334173895000035],[127.067881707000083,34.337062893000045],[127.065277540000011,34.33978913000005],[127.072438998000052,34.342108466000063],[127.082367384,34.340277411000066],[127.090830925000091,34.336737372000051],[127.09693444100003,34.337795315000065],[127.09498131600003,34.342474677000041],[127.091563347000047,34.344916083000051]]}},
{"type":"Feature","properties":{"featurecla":"Coastline","scalerank":6,"min_zoom":6.0,"historical_claim":false,"geometry_status":"modern_physical_reference","source_id":"source.natural_earth.coastline.10m"},"geometry":{"type":"LineString","coordinates":[[126.762461785000013,34.382961330000064],[126.76726321700005,34.380031643000024],[126.769379102000016,34.371323960000026],[126.769216342000064,34.360988674000048],[126.775726759,34.354722398],[126.78109785200003,34.357855536000045],[126.784027540000011,34.368597723000057],[126.793304884000023,34.378892320000013],[126.819672071,34.389064846000053],[126.824717644000089,34.395209052000027],[126.83326256600003,34.396958726000044],[126.853770379000025,34.391750393000081],[126.861094597000033,34.392767645000042],[126.860199415000011,34.398871161000059],[126.853526238000086,34.406887111000067],[126.845876498000052,34.413967190000065],[126.836599155000044,34.418646552000048],[126.83578535200003,34.421047268000045],[126.840993686000061,34.425482489000053],[126.840179884,34.432074286000017],[126.835459832000083,34.438055731000077],[126.823008660000042,34.439846096000039],[126.802256707000097,34.435777085000026],[126.78248131600003,34.426743882000018],[126.768402540000011,34.411363023000035],[126.761485222000047,34.398749091000084],[126.756846550000091,34.392889716000077],[126.75318444100003,34.386948960000034],[126.757578972000019,34.383246161000024],[126.762461785000013,34.382961330000064]]}},
{"type":"Feature","properties":{"featurecla":"Coastline","scalerank":6,"min_zoom":6.0,"historical_claim":false,"geometry_status":"modern_physical_reference","source_id":"source.natural_earth.coastline.10m"},"geometry":{"type":"LineString","coordinates":[[127.531911655000059,34.450588283000044],[127.509938998000067,34.470038153000068],[127.500743035000042,34.469631252000063],[127.491709832000069,34.46222565300009],[127.487071160000028,34.46124909100007],[127.486827019000074,34.463853257000032],[127.472829623000052,34.466782945000034],[127.465342644000103,34.470363674000062],[127.458262566000045,34.472886460000026],[127.453379754000011,34.470607815000044],[127.455088738000086,34.466131903000075],[127.455739780000044,34.460516669000064],[127.452159050000105,34.453029690000072],[127.45883222700003,34.448919989000053],[127.469737175000091,34.443182684000064],[127.467051629000039,34.439195054000038],[127.471690300000091,34.434027411000059],[127.481781446000028,34.431341864000061],[127.488536004000039,34.425482489000053],[127.488942905000044,34.416937567000033],[127.494639519000089,34.414252020000049],[127.51059004,34.418280341000049],[127.528819207000083,34.428045966000077],[127.53638756600003,34.434759833000051],[127.53638756600003,34.440659898000042],[127.531911655000059,34.450588283000044]]}},
{"type":"Feature","properties":{"featurecla":"Coastline","scalerank":6,"min_zoom":5.0,"historical_claim":false,"geometry_status":"modern_physical_reference","source_id":"source.natural_earth.coastline.10m"},"geometry":{"type":"LineString","coordinates":[[127.173024936000047,34.483710028000061],[127.14031009200005,34.478705145000049],[127.124359571000014,34.473334052000055],[127.110524936000061,34.464911200000074],[127.119883660000028,34.459702867000111],[127.123789910000028,34.455226955000043],[127.122813347000033,34.450588283000052],[127.117360873000052,34.445013739000039],[127.117360873000052,34.43756745000006],[127.141286655000044,34.424302476000044],[127.153005405000059,34.419582424000048],[127.168955925000105,34.417710679000038],[127.210215691000045,34.42397695500005],[127.228688998000052,34.430243231000077],[127.24187259200005,34.445461330000072],[127.245127800000105,34.464056708000051],[127.234222852000016,34.480292059000035],[127.22055097700003,34.485744533000059],[127.204274936000047,34.486761786000045],[127.173024936000047,34.483710028000061]]}},
{"type":"Feature","properties":{"featurecla":"Coastline","scalerank":3,"min_zoom":3.0,"historical_claim":false,"geometry_status":"modern_physical_reference","source_id":"source.natural_earth.coastline.10m"},"geometry":{"type":"LineString","coordinates":[[129.452647332000083,34.619452216000049],[129.461924675000091,34.621893622000073],[129.472422722000033,34.616766669000064],[129.480912804000013,34.619909575000094],[129.488277715000123,34.635677671000053],[129.487801828000102,34.646005650000077],[129.478142367000032,34.650720638000045],[129.469119959000068,34.652558845000037],[129.477579369000068,34.657035871000062],[129.483277846000078,34.662696612000062],[129.487751130000106,34.676396890000049],[129.480723504000025,34.683986721000075],[129.470663697000077,34.692684937000074],[129.464560585000072,34.700805306000078],[129.450619952000011,34.701002124000055],[129.438615424000091,34.693713197000072],[129.423304881000035,34.695070890000068],[129.418228469000042,34.685392005000047],[129.42574516500008,34.677801186000075],[129.409661994000089,34.675172826000058],[129.390370285000017,34.654471300000068],[129.378337434000059,34.644851764000087],[129.360968255000103,34.648006791000064],[129.336569625000038,34.648411438000018],[129.323300096000025,34.648072157000051],[129.307844270000032,34.603463495000085],[129.303359203000014,34.586876970000048],[129.289106914000058,34.569866748000024],[129.290944743000097,34.556071712000069],[129.308456188000036,34.560387430000063],[129.325545842,34.54232653400004],[129.326119190000099,34.535438770000049],[129.304930767000087,34.520287272000068],[129.289024029000075,34.48723729400006],[129.276044124,34.462188494000102],[129.280734299000073,34.450646665000072],[129.293327593000072,34.453326640000064],[129.308895458000052,34.466841042000013],[129.310867452000025,34.460511068000073],[129.297389496000051,34.44754637200009],[129.29168986600007,34.440756234000041],[129.286864055000024,34.443112446000036],[129.277089093000086,34.44152705100003],[129.268568625000057,34.433051288000051],[129.273751445000016,34.412932378000043],[129.272349114,34.375696607000073],[129.259726663000038,34.369552777000081],[129.235383800000022,34.36813234800006],[129.228913023000018,34.355601426000064],[129.248291304000077,34.351925460000089],[129.271992117000082,34.35621928200004],[129.286358737,34.344008264000074],[129.293398488000093,34.34907806600004],[129.287443952000103,34.365768282000083],[129.297384255,34.37710499100006],[129.309322243,34.384401910000079],[129.304938264000043,34.372424179000049],[129.304058959000031,34.36212271200008],[129.305103747000089,34.343206092000067],[129.316203898000026,34.342496496000074],[129.334595714000102,34.360591357000118],[129.347002708000105,34.35585198900008],[129.345063695000022,34.327243978000062],[129.320904760000076,34.333849042000075],[129.305463995000082,34.324875454000043],[129.324511883000014,34.304593338000075],[129.343833222000058,34.300314315000037],[129.368241614,34.307431712000046],[129.379161004000025,34.324652411000045],[129.386052822000011,34.331258264000056],[129.400755935,34.337924254000086],[129.407968645000096,34.351579901000036],[129.399587436000047,34.355047919000079],[129.388145201000043,34.366755092000055],[129.384311532000083,34.383416319000062],[129.38859779400002,34.389658883000017],[129.394421737000016,34.403331912000063],[129.393181010000035,34.41080021800007],[129.375506224000105,34.394416032000038],[129.359463954000034,34.390621507000041],[129.361830867000094,34.405485748000046],[129.384287957000112,34.424017645000063],[129.379472781,34.452622973000082],[129.40232637400004,34.481646732000058],[129.446083189000092,34.514775640000032],[129.46424106500001,34.554273963000078],[129.47310177600005,34.579332460000046],[129.475373640000043,34.588451047000035],[129.47820071700005,34.597113348000043],[129.462901238000086,34.609116929000038],[129.452647332000083,34.619452216000049]]}},
{"type":"Feature","properties":{"featurecla":"Coastline","scalerank":6,"min_zoom":6.0,"historical_claim":false,"geometry_status":"modern_physical_reference","source_id":"source.natural_earth.coastline.10m"},"geometry":{"type":"LineString","coordinates":[[127.782969597000033,34.506984768000045],[127.774912957000069,34.508205471000061],[127.774424675000091,34.511786200000053],[127.776215040000011,34.51878489800005],[127.761078321,34.543117580000064],[127.748057488000086,34.551092841000077],[127.72974694100003,34.549058335000048],[127.712901238000086,34.542425848000065],[127.707530144000103,34.533880927000048],[127.714610222000019,34.526841539000102],[127.722829623000067,34.523179429000045],[127.727712436000061,34.516994533000073],[127.732188347000033,34.50849030200002],[127.741953972000033,34.50226471600007],[127.75652103000003,34.498236395000049],[127.765798373000052,34.493963934000057],[127.769053582000097,34.489935614000068],[127.771169467000064,34.488185940000072],[127.779307488000086,34.488470770000049],[127.791758660000028,34.492010809000078],[127.793955925000091,34.498236395000056],[127.789561394000103,34.50397370000006],[127.782969597000033,34.506984768000045]]}},
{"type":"Feature","properties":{"featurecla":"Coastline","scalerank":6,"min_zoom":6.0,"historical_claim":false,"geometry_status":"modern_physical_reference","source_id":"source.natural_earth.coastline.10m"},"geometry":{"type":"LineString","coordinates":[[128.29460696700005,34.639553127000063],[128.297129754000025,34.637315171000068],[128.295664910000028,34.631984768000059],[128.286062045,34.622219143000045],[128.281748894000089,34.61985911700009],[128.275319858000103,34.619086005000028],[128.265879754000025,34.620835679000045],[128.258067254000025,34.619899807000102],[128.247406446000014,34.615545966000063],[128.242198113000086,34.611517645000042],[128.236257358000103,34.610459703000082],[128.235280795,34.614203192000033],[128.238780144000089,34.620591539000088],[128.237803582000083,34.625759182000067],[128.233409050000091,34.629380601000044],[128.229665561000047,34.630072333000051],[128.225271030000044,34.632839260000075],[128.225677931000064,34.637844143000059],[128.228363477000016,34.642401434000078],[128.228770379000025,34.647853908000066],[128.232758009,34.651027736000074],[128.23951256600003,34.652411200000074],[128.27116946700005,34.638495184000057],[128.271250847000033,34.632310289000088],[128.275808139000105,34.631903387000072],[128.29460696700005,34.639553127000063]]}},
{"type":"Feature","properties":{"featurecla":"Coastline","scalerank":5,"min_zoom":4.0,"historical_claim":false,"geometry_status":"modern_physical_reference","source_id":"source.natural_earth.coastline.10m"},"geometry":{"type":"LineString","coordinates":[[127.782074415000025,34.684556382000032],[127.79420006600003,34.693793036000017],[127.799327019000103,34.704820054000045],[127.796641472000033,34.71417877800009],[127.785899285000028,34.718166408000052],[127.773448113000086,34.716986395000042],[127.762543165000025,34.71283600500005],[127.760752800000091,34.704738674000062],[127.775889519000089,34.691473700000067],[127.768321160000042,34.666083075000067],[127.764984571000028,34.660101630000014],[127.746267123000052,34.648423570000041],[127.74187259200005,34.643622137000087],[127.735850457000083,34.625230210000041],[127.740000847000019,34.613674221000075],[127.775401238000086,34.583970445000027],[127.786631707000083,34.579006252000035],[127.797862175000077,34.579738674000055],[127.807871941000016,34.588202216000077],[127.815114780000044,34.601955471000046],[127.818125847000033,34.616156317000048],[127.817230665000025,34.630764065000044],[127.808767123000067,34.655829169000057],[127.801605665000011,34.670477606000063],[127.792491082000083,34.68235911700009],[127.782074415000025,34.684556382000032]]}},
{"type":"Feature","properties":{"featurecla":"Coastline","scalerank":6,"min_zoom":6.0,"historical_claim":false,"geometry_status":"modern_physical_reference","source_id":"source.natural_earth.coastline.10m"},"geometry":{"type":"LineString","coordinates":[[128.385829703000013,34.820124841000052],[128.395366186000047,34.823348162000059],[128.410763570000086,34.826521822000075],[128.428226033000101,34.827448422000082],[128.437997230000065,34.819571664000073],[128.44063484600008,34.806735409000055],[128.435333762000027,34.798709496000079],[128.438976476000107,34.793902942000038],[128.43463561100009,34.787882311000061],[128.424572047000083,34.791220274000054],[128.420597445,34.789235826000031],[128.42088569200007,34.786720069000076],[128.429100684000105,34.785396720000051],[128.437332031000096,34.779808956000068],[128.433294310000065,34.773784158000062],[128.423082744,34.763252549000043],[128.406533551000052,34.763098136000053],[128.399280549000082,34.770715731000038],[128.395362876000036,34.778540189000083],[128.386989848000098,34.778803800000055],[128.388956792000045,34.785362821000028],[128.386205988000029,34.791917414000082],[128.373304643000097,34.79349119800009],[128.368702331,34.796536845000048],[128.378271686000062,34.802789858000047],[128.380089230000095,34.810404341000044],[128.370416220000038,34.816686261000086],[128.35239543,34.821804177000054],[128.340974250000045,34.818844074000076],[128.334192486,34.819132496000059],[128.332048844000042,34.825702467000056],[128.3400934,34.832972862000084],[128.351830849000066,34.835421578000073],[128.367246858000044,34.830274022000083],[128.379012856000031,34.822870451000099],[128.385829703000013,34.820124841000052]]}},
{"type":"Feature","properties":{"featurecla":"Coastline","scalerank":6,"min_zoom":6.0,"historical_claim":false,"geometry_status":"modern_physical_reference","source_id":"source.natural_earth.coastline.10m"},"geometry":{"type":"LineString","coordinates":[[128.23991946700005,34.836167710000034],[128.227305535000028,34.838568427000027],[128.213877800000091,34.83022695500005],[128.207041863000086,34.821030992000111],[128.205821160000028,34.815619208000022],[128.21216881600003,34.807806708000037],[128.223155144000089,34.801499742000111],[128.229014519000089,34.799139716000077],[128.238454623000052,34.796942450000088],[128.24146569100003,34.799994208000058],[128.240733269000089,34.807074286000038],[128.24577884200005,34.809271552000034],[128.256521030000044,34.809271552000048],[128.260508660000028,34.814642645000063],[128.254893425000091,34.82241445500005],[128.23991946700005,34.836167710000034]]}},
{"type":"Feature","properties":{"featurecla":"Coastline","scalerank":6,"min_zoom":6.0,"historical_claim":false,"geometry_status":"modern_physical_reference","source_id":"source.natural_earth.coastline.10m"},"geometry":{"type":"LineString","coordinates":[[126.088715040000011,34.307928778000083],[126.082041863000072,34.310736395000042],[126.06763756600003,34.308905341000077],[126.033213738000086,34.314886786000052],[126.025726759,34.310777085000034],[126.025238477000016,34.305853583000058],[126.021006707000083,34.301092841000049],[126.021657748000067,34.295640367000082],[126.028656446000028,34.287339585000034],[126.049327019000074,34.280218817000055],[126.055674675000105,34.280991929000038],[126.057383660000042,34.28595612200008],[126.060801629000039,34.286078192000033],[126.064952019000089,34.28070709800005],[126.069346550000091,34.278998114000039],[126.074961785000028,34.282863674000041],[126.084646030000059,34.28388092700002],[126.089366082000069,34.28961823100007],[126.08773847700003,34.296820380000057],[126.088715040000011,34.307928778000083]]}},
{"type":"Feature","properties":{"featurecla":"Coastline","scalerank":3,"min_zoom":3.0,"historical_claim":false,"geometry_status":"modern_physical_reference","source_id":"source.natural_earth.coastline.10m"},"geometry":{"type":"LineString","coordinates":[[126.380056186000047,34.498439846000039],[126.350352410000028,34.538153387000079],[126.349457227000016,34.546820380000021],[126.326833530000044,34.535060940000058],[126.322276238000086,34.53384023600006],[126.315603061000061,34.53827545800003],[126.310801629000025,34.545152085000048],[126.30787194100003,34.551459052000041],[126.305430535000042,34.554266669000064],[126.29476972700003,34.558905341000077],[126.280446811000061,34.568304755000042],[126.263926629000011,34.575751044000079],[126.247731967000064,34.574774481000091],[126.241058790000011,34.566473700000088],[126.266774936000047,34.549750067000041],[126.274424675000077,34.537258205000086],[126.268321160000028,34.522040106000091],[126.254161004000011,34.514349677000055],[126.2382918630001,34.515692450000081],[126.226573113000086,34.527573960000026],[126.223806186000061,34.51341380400001],[126.216563347000019,34.508978583000037],[126.2070418630001,34.507635809000071],[126.196299675000091,34.502752997000094],[126.187022332000083,34.494208075000074],[126.181162957000083,34.486517645000035],[126.172129754000039,34.464911200000074],[126.14421634200005,34.46320221600007],[126.115733269000089,34.436183986000074],[126.103282097000047,34.402777411000052],[126.12427819100003,34.382310289000081],[126.12427819100003,34.403469143000045],[126.153086785000028,34.388495184000071],[126.158457879000025,34.382310289000067],[126.155609571000028,34.377183335000026],[126.148203972000033,34.371079820000027],[126.142588738000072,34.363755601000044],[126.144786004000025,34.355047919000064],[126.156423373000052,34.352606512000072],[126.198496941000016,34.355536200000088],[126.209971550000091,34.358791408000059],[126.305186394000089,34.401678778000068],[126.309255405000044,34.417710679000038],[126.309255405000044,34.42397695500005],[126.317149285000013,34.419907945000027],[126.334239129000039,34.40656159100007],[126.335948113000086,34.403469143000031],[126.345876498000067,34.409002997000066],[126.353851759,34.419582424000048],[126.373545769000089,34.454413153000068],[126.3789168630001,34.469305731000084],[126.381602410000042,34.48468659100007],[126.380056186000047,34.498439846000039]]}},
{"type":"Feature","properties":{"featurecla":"Coastline","scalerank":6,"min_zoom":6.0,"historical_claim":false,"geometry_status":"modern_physical_reference","source_id":"source.natural_earth.coastline.10m"},"geometry":{"type":"LineString","coordinates":[[126.100108269000089,34.596747137000087],[126.099375847000047,34.605454820000013],[126.087087436000061,34.611151434000057],[126.079844597000019,34.617377020000042],[126.06763756600003,34.62547435100003],[126.060069207000083,34.620794989000053],[126.066416863000072,34.603989976000051],[126.076426629000011,34.590765692000041],[126.081309441000045,34.580755927000048],[126.076345248000052,34.570990302000041],[126.064952019000089,34.563788153000083],[126.050466342000036,34.563421942000048],[126.036631707000083,34.561672268000052],[126.031260613000072,34.55638255400001],[126.053477410000042,34.552313544000071],[126.054453972000019,34.548895575000088],[126.04851321700005,34.545152085000048],[126.043467644000103,34.540961005000042],[126.037364129000025,34.540716864000053],[126.031586134,34.539048570000034],[126.0351668630001,34.533921617000082],[126.04672285200003,34.531154690000044],[126.057627800000091,34.532538153000061],[126.077321811000061,34.542181708000058],[126.085703972000033,34.548732815000058],[126.093760613000086,34.553656317000041],[126.099375847000047,34.558661200000081],[126.100271030000059,34.568304755000042],[126.103363477,34.579413153000083],[126.104258660000042,34.589789130000042],[126.102386915000025,34.594875393000052],[126.100108269000089,34.596747137000087]]}},
{"type":"Feature","properties":{"featurecla":"Coastline","scalerank":6,"min_zoom":6.0,"historical_claim":false,"geometry_status":"modern_physical_reference","source_id":"source.natural_earth.coastline.10m"},"geometry":{"type":"LineString","coordinates":[[126.038096550000091,34.569484768000052],[126.048594597000047,34.570054429000031],[126.057627800000091,34.572577216000091],[126.060394727000016,34.584295966000077],[126.05201256600003,34.598334052000034],[126.041351759,34.611151434000099],[126.02857506600003,34.634222723000065],[126.02019290500003,34.625433661000045],[126.016612175000077,34.606146552000027],[126.020518425000105,34.571437893000052],[126.02857506600003,34.565863348000029],[126.038096550000091,34.569484768000052]]}},
{"type":"Feature","properties":{"featurecla":"Coastline","scalerank":6,"min_zoom":6.0,"historical_claim":false,"geometry_status":"modern_physical_reference","source_id":"source.natural_earth.coastline.10m"},"geometry":{"type":"LineString","coordinates":[[125.445811394000103,34.688462632000039],[125.437266472000033,34.688299872000073],[125.433929884,34.695542710000034],[125.429453972000033,34.69843170800003],[125.421234571000028,34.697088934000064],[125.412852410000028,34.691961981000055],[125.405609571000028,34.682562567000041],[125.398936394000089,34.671820380000042],[125.393402540000025,34.659654039000095],[125.392344597000033,34.646307684000057],[125.398773634,34.631984768000059],[125.408539259,34.628607489000039],[125.412608269000089,34.632310289000067],[125.417735222000033,34.638128973000043],[125.424327019000089,34.64720286700009],[125.427419467000064,34.654242255000035],[125.443207227000016,34.669419664000081],[125.445811394000103,34.675116278000068],[125.45045006600003,34.679673570000027],[125.459239129000011,34.686835028000075],[125.457286004000039,34.690904039000124],[125.445811394000103,34.688462632000039]]}},
{"type":"Feature","properties":{"featurecla":"Coastline","scalerank":6,"min_zoom":6.0,"historical_claim":false,"geometry_status":"modern_physical_reference","source_id":"source.natural_earth.coastline.10m"},"geometry":{"type":"LineString","coordinates":[[125.989024285000028,34.713324286000045],[125.980479363000072,34.726223049000062],[125.976735873000067,34.728257554000038],[125.97055097700003,34.725653387000065],[125.95240319100003,34.705145575000088],[125.922862175000091,34.695379950000074],[125.916026238000086,34.687648830000057],[125.925059441000016,34.670965887000072],[125.929453972000033,34.672308661000052],[125.94516035200003,34.66681549700008],[125.95964603000003,34.659816799000062],[125.959727410000028,34.656683661000045],[125.969981316000045,34.655910549000062],[125.976898634,34.656398830000043],[125.983897332000083,34.660630601000051],[125.999034050000091,34.677435614000046],[126.00318444100003,34.684759833000051],[126.005381707000083,34.692613023000021],[126.004079623000052,34.700262762000087],[126.000987175000077,34.70441315300009],[125.989024285000028,34.713324286000045]]}},
{"type":"Feature","properties":{"featurecla":"Coastline","scalerank":5,"min_zoom":3.0,"historical_claim":false,"geometry_status":"modern_physical_reference","source_id":"source.natural_earth.coastline.10m"},"geometry":{"type":"LineString","coordinates":[[126.174082879000025,34.732814846000053],[126.173106316000016,34.739447333000037],[126.173838738000086,34.744452216000042],[126.170258009000023,34.749945380000035],[126.163584832000097,34.754950262000072],[126.153819207000097,34.756903387000058],[126.141937696000014,34.757554429000038],[126.133148634,34.761216539000102],[126.127207879000011,34.766546942000055],[126.117849155000044,34.769964911000059],[126.105235222000019,34.771551825000081],[126.094574415000011,34.770656643000066],[126.087168816000016,34.767523505000042],[126.079274936000047,34.767564195000048],[126.06959069100003,34.76968008000005],[126.073741082000097,34.761379299000041],[126.09343509200005,34.74428945500005],[126.102549675000077,34.730536200000088],[126.104258660000042,34.721991278000097],[126.1113387380001,34.717718817000048],[126.11882571700005,34.718247789000095],[126.122325066000016,34.719631252000063],[126.127696160000028,34.723578192000048],[126.138438347000033,34.72345612200008],[126.147715691000016,34.71234772300005],[126.15943444100003,34.702785549000062],[126.172129754000039,34.703802802000048],[126.177907748000052,34.713364976000051],[126.177500847000033,34.724066473000065],[126.174082879000025,34.732814846000053]]}},
{"type":"Feature","properties":{"featurecla":"Coastline","scalerank":6,"min_zoom":6.0,"historical_claim":false,"geometry_status":"modern_physical_reference","source_id":"source.natural_earth.coastline.10m"},"geometry":{"type":"LineString","coordinates":[[126.007172071000014,34.780951239000061],[126.004405144000089,34.787176825000074],[126.000743035000028,34.790106512000079],[125.99594160200003,34.790757554000045],[125.989268425000105,34.790025132000046],[125.956553582000097,34.779730536000038],[125.938649936000047,34.776516018000059],[125.925059441000016,34.780829169000064],[125.912852410000028,34.776922919000079],[125.901866082000069,34.771063544000064],[125.893890821000014,34.76227448100007],[125.890879754000025,34.749823309000071],[125.892588738000086,34.73663971600007],[125.897797071000028,34.726019598000043],[125.906423373000038,34.719305731000084],[125.918142123000052,34.718166408000044],[125.930023634,34.72260163000005],[125.938731316000045,34.731431382000046],[125.944102410000028,34.743231512000072],[125.946136915,34.756659247000066],[125.951670769000103,34.759263414000081],[125.964203321,34.757066148000035],[125.977875196000028,34.757147528000075],[125.986501498000067,34.766546942000055],[125.991547071000014,34.764105536000059],[126.002940300000091,34.761460679000052],[126.007578972000047,34.759711005000042],[126.007172071000014,34.780951239000061]]}},
{"type":"Feature","properties":{"featurecla":"Coastline","scalerank":5,"min_zoom":3.0,"historical_claim":false,"geometry_status":"modern_physical_reference","source_id":"source.natural_earth.coastline.10m"},"geometry":{"type":"LineString","coordinates":[[126.168711785000042,34.792303778000075],[126.166270379000039,34.796454169000071],[126.15902754,34.804592190000065],[126.149424675000091,34.808091539000088],[126.141856316000045,34.802964585000034],[126.127289259,34.797756252000063],[126.102386915000025,34.794378973000057],[126.092539910000028,34.787583726000037],[126.104828321000028,34.781642971000046],[126.121592644000089,34.776516018000031],[126.134613477000016,34.767320054000024],[126.146250847000033,34.761867580000057],[126.158213738000086,34.76447174700008],[126.164235873000067,34.769761460000055],[126.1621199880001,34.783270575000081],[126.165537957000069,34.78969961100006],[126.168711785000042,34.792303778000075]]}},
{"type":"Feature","properties":{"featurecla":"Coastline","scalerank":5,"min_zoom":3.0,"historical_claim":false,"geometry_status":"modern_physical_reference","source_id":"source.natural_earth.coastline.10m"},"geometry":{"type":"LineString","coordinates":[[126.079437696000028,34.822658596000053],[126.094411655000059,34.808661200000067],[126.094004754000025,34.804673570000034],[126.096202019000089,34.79877350500005],[126.105235222000019,34.798163153000061],[126.115896030000059,34.803127346000032],[126.119151238000086,34.812648830000072],[126.118907097000047,34.823797919000064],[126.125173373000052,34.829657294000064],[126.135020379000025,34.829291083000044],[126.142100457000083,34.832912502000063],[126.144541863000086,34.842352606000077],[126.139659050000091,34.85789622600003],[126.153086785000028,34.864976304000038],[126.152028842000036,34.871161200000074],[126.147227410000028,34.876857815000058],[126.14226321700005,34.879136460000041],[126.135915561000047,34.878607489000046],[126.122813347000033,34.878810940000051],[126.113291863000086,34.871161200000074],[126.115244988000086,34.859442450000081],[126.112559441000016,34.853420315000058],[126.103282097000047,34.853176174000055],[126.093760613000086,34.857611395000056],[126.081797722000033,34.856594143000073],[126.067149285000028,34.850531317000048],[126.064138217000064,34.842596747000073],[126.071055535000028,34.83218008000005],[126.079437696000028,34.822658596000053]]}},
{"type":"Feature","properties":{"featurecla":"Coastline","scalerank":5,"min_zoom":3.0,"historical_claim":false,"geometry_status":"modern_physical_reference","source_id":"source.natural_earth.coastline.10m"},"geometry":{"type":"LineString","coordinates":[[128.06959069100003,34.815008856000063],[128.062754754000025,34.81712474200009],[128.029063347000033,34.821763414000102],[128.005869988000086,34.817694403000061],[127.981293165,34.80975983300003],[127.961924675000091,34.80695221600007],[127.949880405000044,34.824652411000031],[127.928477410000028,34.83055247600003],[127.919932488000086,34.835435289000088],[127.914317254000011,34.844549872000066],[127.909678582000083,34.86204661700009],[127.905609571000014,34.868963934000064],[127.928070509,34.888251044000064],[127.936859571000028,34.900824286000038],[127.938243035000028,34.913967190000058],[127.930511915,34.926459052000034],[127.91724694100003,34.936183986000074],[127.902110222000019,34.940008856000077],[127.888926629000011,34.934759833000044],[127.872894727000016,34.92446523600006],[127.867035352000016,34.918158270000042],[127.862315300000105,34.896063544000064],[127.856293165000011,34.892726955000079],[127.848480665000025,34.891546942000062],[127.840830925000091,34.886948960000026],[127.82935631600003,34.868963934000078],[127.826670769000089,34.851385809000064],[127.830332879000025,34.83356354400005],[127.857920769000089,34.759711005000028],[127.860118035000042,34.747015692000062],[127.860362175000091,34.738267320000041],[127.861827019000089,34.730861721000032],[127.868011915000025,34.721869208000044],[127.877126498000052,34.71694570500005],[127.892100457000083,34.712713934000064],[127.906260613000086,34.713080145000042],[127.912364129000039,34.721869208000044],[127.91570071700005,34.742743231000077],[127.924571160000028,34.759588934000085],[127.937673373000052,34.76703522300005],[127.954112175000105,34.759711005000035],[127.965342644000089,34.719305731000063],[127.975271030000044,34.699937242000075],[127.991547071000014,34.701727606000084],[128.010101759,34.708807684000085],[128.025889519000089,34.703111070000034],[128.040537957000083,34.695868231000041],[128.05591881600003,34.698228257000054],[128.060069207000083,34.708400783000059],[128.051605665000039,34.728705145000042],[128.059580925000091,34.732407945000027],[128.065277540000011,34.73753489800005],[128.06609134200005,34.749335028000061],[128.063324415000011,34.769964911000059],[128.066254102000016,34.783026434000078],[128.071787957000083,34.793646552000048],[128.074717644000089,34.803656317000062],[128.06959069100003,34.815008856000063]]}},
{"type":"Feature","properties":{"featurecla":"Coastline","scalerank":5,"min_zoom":4.0,"historical_claim":false,"geometry_status":"modern_physical_reference","source_id":"source.natural_earth.coastline.10m"},"geometry":{"type":"LineString","coordinates":[[128.748545769000089,34.868963934000078],[128.747569207000083,34.885809637000072],[128.744313998000052,34.887762762000094],[128.734629754000025,34.882269598000043],[128.714366082000083,34.876410223000057],[128.73015384200005,34.910386460000048],[128.734141472000033,34.922308661000052],[128.734385613000086,34.935451565000058],[128.729991082000083,34.945135809000035],[128.723887566000059,34.954535223000043],[128.719248894000089,34.966294664000088],[128.718760613000114,34.972154039000067],[128.725271030000044,35.009263414000117],[128.724945509,35.018947658000066],[128.720550977000016,35.027248440000065],[128.702891472000033,35.032945054000038],[128.687510613000086,35.022853908000066],[128.681895379000025,35.004624742000082],[128.693858269000089,34.986273505000035],[128.623789910000028,34.953558661000045],[128.61060631600003,34.954901434000078],[128.611664259,34.938910223000029],[128.616384311000047,34.921861070000034],[128.626963738000086,34.906927802000041],[128.645518425000091,34.896918036000038],[128.645518425000091,34.890692450000081],[128.626963738000086,34.891750393000038],[128.613536004000025,34.897162177000013],[128.600433790000011,34.904201565000058],[128.583994988000086,34.909898179000038],[128.573741082000083,34.910060940000051],[128.536306186000047,34.903713283000059],[128.523285352000016,34.899155992000075],[128.508067254000025,34.891017971000039],[128.494883660000028,34.880438544000057],[128.488454623000052,34.868963934000078],[128.491547071000014,34.84992096600007],[128.50318444100003,34.835516669000057],[128.517425977000045,34.822658596000053],[128.528819207000112,34.808091539000074],[128.544688347000033,34.818793036000059],[128.580577019000089,34.831854559000078],[128.590830925000091,34.842271226000051],[128.604502800000091,34.835435289000088],[128.599131707000083,34.817816473000043],[128.598643425000091,34.802232164000095],[128.591563347000033,34.791205145000049],[128.566661004000025,34.787054755000014],[128.560394727000016,34.781805731000077],[128.55982506600003,34.770249742000082],[128.564300977000016,34.758734442000041],[128.57349694100003,34.753485419000071],[128.604502800000091,34.766546942000055],[128.599457227000016,34.751898505000064],[128.598643425000091,34.739976304000045],[128.604014519000089,34.73110586100006],[128.618174675000091,34.725572007000046],[128.583994988000086,34.705145575000081],[128.605804884,34.706366278000083],[128.678233269000089,34.724839585000034],[128.693858269000089,34.736151434000078],[128.685557488000086,34.743841864000046],[128.669118686000047,34.749497789000081],[128.657237175000091,34.756984768000059],[128.662852410000028,34.769964911000059],[128.680186394000089,34.786566473000072],[128.68327884200005,34.794134833000065],[128.686371290000011,34.808091539000074],[128.697764519000089,34.801336981000077],[128.716563347000033,34.793198960000012],[128.73406009200005,34.788234768000038],[128.741709832000083,34.790716864000032],[128.739024285000028,34.806219794000064],[128.726084832000083,34.82884349200009],[128.720550977000016,34.842271226000051],[128.734141472000033,34.837551174000076],[128.742930535000028,34.844549872000066],[128.747406446000014,34.857123114000068],[128.748545769000089,34.868963934000078]]}},
{"type":"Feature","properties":{"featurecla":"Coastline","scalerank":5,"min_zoom":3.0,"historical_claim":false,"geometry_status":"modern_physical_reference","source_id":"source.natural_earth.coastline.10m"},"geometry":{"type":"LineString","coordinates":[[128.072764519000089,34.845119533000052],[128.066905144000089,34.851752020000049],[128.061208530000044,34.868353583000037],[128.058929884000037,34.880357164000088],[128.05396569100003,34.882635809000071],[128.048838738000086,34.886623440000029],[128.045909050000091,34.893622137000079],[128.036306186000047,34.892279364000025],[128.024587436000047,34.877020575000053],[128.018728061000047,34.866156317000048],[128.013438347000033,34.86912669500002],[128.012461785000028,34.878322658000066],[128.015961134,34.889349677000048],[128.022959832000083,34.905503648],[128.017832879000025,34.916571356000091],[128.001963738000086,34.913031317000041],[127.992849155000059,34.903387762000087],[127.984141472000033,34.889715887000094],[127.970469597000033,34.875189520000056],[127.963633660000028,34.859767971000068],[127.972422722000047,34.845526434000064],[127.987315300000091,34.838080145000035],[128.001800977000016,34.836655992000111],[128.026540561000047,34.843207098000043],[128.071787957000083,34.833400783000052],[128.082367384,34.835598049000076],[128.076833530000044,34.842474677000027],[128.072764519000089,34.845119533000052]]}},
{"type":"Feature","properties":{"featurecla":"Coastline","scalerank":6,"min_zoom":6.0,"historical_claim":false,"geometry_status":"modern_physical_reference","source_id":"source.natural_earth.coastline.10m"},"geometry":{"type":"LineString","coordinates":[[128.842784050000091,35.021877346000046],[128.843272332000083,35.047186591000049],[128.836436394000089,35.059800523000042],[128.826426629000025,35.062241929000045],[128.814952019000089,35.061265367000097],[128.80437259200005,35.056341864000046],[128.801605665000011,35.04913971600007],[128.806895379000025,35.041245835000026],[128.810313347000033,35.032945054000038],[128.809092644000089,35.025864976000037],[128.81177819100003,35.020738023000042],[128.819346550000091,35.014227606000084],[128.824229363000086,34.996730861000053],[128.826670769000089,34.992377020000049],[128.831797722000033,34.993801174000033],[128.838389519000089,35.00120677300005],[128.842784050000091,35.021877346000046]]}},
{"type":"Feature","properties":{"featurecla":"Coastline","scalerank":0,"min_zoom":0.0,"historical_claim":false,"geometry_status":"modern_physical_reference","source_id":"source.natural_earth.coastline.10m"},"geometry":{"type":"LineString","coordinates":[[114.229828321000014,22.555812893000073],[114.238291863000086,22.559922593000064],[114.249685092000064,22.570502020000045],[114.269623243000069,22.582953192000044],[114.276215040000011,22.587958075000074],[114.302175326,22.582953192000044],[114.307139519000089,22.585435289000088],[114.305349155000059,22.594183661000045],[114.316905144000089,22.602199611000053],[114.317149285000028,22.602362372000069],[114.317230665000025,22.602321682000095],[114.324554884,22.598537502000056],[114.328054233000117,22.604763088000091],[114.328461134,22.605454820000084],[114.329112175000105,22.605007229000087],[114.340261264000105,22.597886460000048],[114.360687696000014,22.604803778000083],[114.38013756600003,22.610337632000039],[114.395599806000078,22.613511460000037],[114.39576256600003,22.613511460000037],[114.408702019000089,22.61163971600006],[114.414235873000052,22.604803778000083],[114.424327019000089,22.601670640000066],[114.433034701,22.591091213000112],[114.438487175000091,22.582953192000044],[114.437347852000016,22.579372463000073],[114.43677819100003,22.577378648000046],[114.440358920000108,22.568670966000074],[114.4453231130001,22.571763414000088],[114.44695071700005,22.571559963000098],[114.455739780000044,22.570502020000045],[114.46216881600003,22.561753648000035],[114.471202019000089,22.551703192000048],[114.479584181000064,22.546210028000093],[114.479584181000064,22.539333401000082],[114.485118035000028,22.534409898000035],[114.486989780000044,22.521918036000041],[114.484548373000052,22.516994533000062],[114.476410352000016,22.509426174000073],[114.480153842000064,22.500148830000072],[114.476980014000105,22.490423895000038],[114.476817254000025,22.489894924000051],[114.477224155000059,22.489528713000091],[114.483246290000011,22.484564520000049],[114.484466993000069,22.474351304000045],[114.485118035000028,22.468329169000068],[114.491140170000108,22.464626369000083],[114.492198113000086,22.463975328000064],[114.501556837000066,22.452093817000044],[114.515816214000097,22.452642803000064],[114.529666841000108,22.468285095000066],[114.542162357000052,22.477992885000031],[114.570532063000087,22.484291258000042],[114.587657097000033,22.495591539000092],[114.607513868000069,22.50438060100004],[114.617686394000103,22.514146226000044],[114.611582879000011,22.528713283000069],[114.593272332000097,22.541896877000042],[114.572764519000089,22.551459052000055],[114.559906446000014,22.555121161000052],[114.554779493000069,22.557318427000045],[114.547211134,22.567084052000041],[114.543223504000025,22.56940338700009],[114.537119988000086,22.567206122000066],[114.53248131600003,22.562323309000082],[114.529795769000089,22.557359117000075],[114.529551629000025,22.555121161000052],[114.518158399000072,22.552801825000078],[114.509287957000083,22.549546617000097],[114.502045118000083,22.550848700000071],[114.49537194100003,22.56195709800005],[114.502207879000025,22.573919989000046],[114.513926629000025,22.58734772300005],[114.529144727000016,22.598334052000038],[114.546641472000033,22.602932033000059],[114.560883009,22.608791408000052],[114.577647332000083,22.635891018000056],[114.590342644000089,22.643866278000083],[114.582530144000089,22.655259507000036],[114.573252800000091,22.654445705000054],[114.562510613000086,22.648342190000044],[114.548216476000121,22.644540536000111],[114.523410511000066,22.645563161000041],[114.534905587000026,22.644647692000031],[114.506607020000047,22.646522869000083],[114.499575845000095,22.653113887000071],[114.505926037000108,22.663688963000094],[114.517100457000083,22.676418361000064],[114.523780061000025,22.687213932000095],[114.522064649000072,22.705959377000063],[114.53248131600003,22.69953034100007],[114.54224694100003,22.695298570000087],[114.552338087000066,22.694525458000069],[114.571095907000085,22.702354350000071],[114.564986035000061,22.717915753000039],[114.563324415000011,22.732733466000081],[114.579377995000073,22.733310589000034],[114.602546299000096,22.740457636000087],[114.617198113000086,22.75006745000006],[114.637787306000064,22.75507233300004],[114.645483957000025,22.767005894000071],[114.664218752000025,22.77417583100004],[114.683811926000089,22.781332801000076],[114.695480754000087,22.792641588000041],[114.716732333000095,22.79080340000009],[114.734141472000047,22.775783596000057],[114.754893425000091,22.781683661000041],[114.762461785000028,22.791083075000085],[114.769786004000025,22.810451565000061],[114.775238477000016,22.815822658000052],[114.784759962000052,22.815863348000065],[114.792735222000033,22.810939846000057],[114.798465985000021,22.808735808000058],[114.807278626000084,22.805382640000083],[114.816954320000036,22.800389479000046],[114.821252066000071,22.790560097000089],[114.817637566000045,22.779120184000082],[114.813243035000028,22.774847723000068],[114.80201256600003,22.773382880000039],[114.795420769000103,22.76992422100005],[114.778551313000094,22.762452811000067],[114.752545241000021,22.749661867000043],[114.74195106600007,22.732652740000049],[114.738879022000106,22.710646967000038],[114.753777921000051,22.693385353000075],[114.749989702000121,22.67872406600009],[114.737450157000026,22.669045825000079],[114.742483026000045,22.646963523000064],[114.742241819000029,22.627380042000077],[114.743775851,22.609404292000075],[114.754145298000026,22.589714066000077],[114.774609034000051,22.597692709000057],[114.806416431,22.592508912000085],[114.832228951000062,22.602076657000058],[114.865816191000022,22.601744611000079],[114.886820411000031,22.590871783000075],[114.889233915000091,22.572893832000098],[114.880214503000047,22.559112545000083],[114.88364080000008,22.550915623000034],[114.895966425000097,22.547524404000068],[114.91911854600005,22.561155164000049],[114.905213298000035,22.57844002500007],[114.90193762400007,22.598056881000062],[114.924896681000064,22.638657945000094],[114.93873131600003,22.657294012000076],[114.950450066000045,22.664984442000044],[114.966629401000091,22.676486944000079],[114.955301775000081,22.684793556000034],[114.94668867200005,22.696328688000044],[114.937229043000016,22.709491557000039],[114.926726255000062,22.716930079000072],[114.909995801000036,22.723615477000077],[114.902857986000072,22.713934062000089],[114.890447129000108,22.714054656000091],[114.88073575600005,22.721469944000098],[114.878144525000039,22.72963796800008],[114.886216794,22.736074693000099],[114.881873265000081,22.747523043000072],[114.870379070000013,22.75334849800004],[114.862523800000062,22.763215635000051],[114.876719367000092,22.767957236000086],[114.889059032000091,22.763747734000056],[114.903110077000065,22.748924450000061],[114.916758660000042,22.744045315000058],[114.926768425000091,22.761175848000057],[114.941661004000025,22.753851630000046],[114.945811394000089,22.742254950000099],[114.952370398000085,22.728832825000051],[114.956583694000088,22.715740246000045],[114.954670225000086,22.703544178000065],[114.959835480000038,22.696134337000036],[114.97125781200009,22.692735185000075],[114.980029773000055,22.688554022000066],[114.985341740000095,22.689309001000083],[114.992520683000066,22.697380891000087],[114.998772192000033,22.702201447000061],[115.008513472,22.70372014400003],[115.018277422000097,22.70686864400006],[115.028903474,22.708376584000074],[115.030793800000083,22.717322203000034],[115.022081249000053,22.726391530000065],[115.017828438000052,22.737044052000037],[115.022329880000029,22.743512898000066],[115.036631707000083,22.753729559000082],[115.0410262380001,22.761623440000044],[115.045664910000028,22.775864976000033],[115.050303582000083,22.781683661000056],[115.065475480000032,22.79598479800007],[115.101084832000083,22.800116278000079],[115.111664259,22.802150783000066],[115.132878027000061,22.811453821000047],[115.150566247000029,22.809633511000079],[115.158272823000075,22.792417197000081],[115.180270573000044,22.78480597100009],[115.174407281000086,22.806892026000067],[115.172943556000064,22.821193752000049],[115.196013003000076,22.831897692000052],[115.217293945000065,22.834891183000092],[115.231455925000091,22.830064195000091],[115.245616082000097,22.835353908000059],[115.255951368000069,22.847845770000045],[115.272227410000013,22.873846747000073],[115.29224694100003,22.895331122000073],[115.303802931000064,22.903021552000045],[115.317149285000042,22.904527085000041],[115.310557488000086,22.882473049000055],[115.309418165000025,22.869370835000051],[115.313731316000045,22.863592841000074],[115.324799024000086,22.859564520000045],[115.32016035200003,22.850531317000048],[115.303040421000119,22.838613734000091],[115.258563785000106,22.820463023000041],[115.232767103,22.805339609000054],[115.233390927000073,22.788208507000029],[115.251081336000084,22.787980248000032],[115.289144457,22.791553391000043],[115.330570397000088,22.788540419000071],[115.363994075000036,22.763644780000053],[115.374766899000051,22.773284641000089],[115.386241082000083,22.78290436400005],[115.41120822500001,22.788267543000071],[115.422372547999984,22.771797403000051],[115.424133428,22.761993113000063],[115.409759962000066,22.757879950000074],[115.397552931000064,22.748765367000065],[115.388926629000025,22.746893622000069],[115.358409050000091,22.748683986000056],[115.350677931000064,22.746893622000069],[115.338470899000072,22.733099677000048],[115.348205195000119,22.717368990000086],[115.361272043000099,22.704137359000068],[115.373508023,22.694177267000043],[115.394297722000019,22.689683335000055],[115.421263503000091,22.690235633000047],[115.438264841000077,22.700598507000059],[115.464818129000022,22.701034142000076],[115.491192939000044,22.687586813000049],[115.522095502000084,22.67650328700006],[115.536155574000077,22.66812338800008],[115.575218948000057,22.668335972000083],[115.564219597000047,22.684881903000065],[115.5625106130001,22.70563385600008],[115.580902540000011,22.723334052000052],[115.590098504000025,22.737209377000056],[115.586192254000025,22.745103257000029],[115.567321013000083,22.747281344000051],[115.565753004000058,22.737080860000059],[115.555588182000065,22.714370293000052],[115.523936394000103,22.741766669000068],[115.527016969000101,22.767042406000101],[115.538965828000073,22.788904414000072],[115.556244286000023,22.807435384000083],[115.591319207000069,22.847479559000089],[115.612071160000028,22.863592841000074],[115.600596550000091,22.861883856000087],[115.593353712000081,22.856390692000037],[115.586924675000091,22.849351304000038],[115.577891472000033,22.843166408000055],[115.565928582000069,22.837958075000071],[115.559418165,22.836086330000061],[115.540049675000091,22.836249091000099],[115.530365431000078,22.838324286000045],[115.515147332000069,22.847316799000055],[115.505625847000019,22.849310614000068],[115.478607618000069,22.847479559000089],[115.46802819100003,22.849310614000043],[115.46802819100003,22.856756903000075],[115.494151238000086,22.860785223000065],[115.4961043630001,22.880316473000072],[115.483002149000086,22.901841539000095],[115.464203321000028,22.912014065000072],[115.455414259,22.909735419000071],[115.446136915000025,22.899969794000082],[115.437022332000083,22.897772528000072],[115.427256707000097,22.900620835000058],[115.418549024000072,22.907700914000081],[115.406016472000033,22.925034898000046],[115.423838738000086,22.918768622000076],[115.430186394000089,22.918198960000034],[115.438324415000011,22.920355536000041],[115.442393425000077,22.929673570000084],[115.450938347000033,22.931870835000041],[115.468272332000097,22.926499742000079],[115.496348504000039,22.9030622420001],[115.505625847000019,22.897772528000093],[115.533783399000058,22.898260809000075],[115.547618035000028,22.895412502000056],[115.5468856130001,22.887152411000049],[115.536631707000083,22.874335028000072],[115.532969597000033,22.862046617000093],[115.539886915000011,22.852932033000055],[115.560557488000086,22.849310614000039],[115.564952019000103,22.853257554000038],[115.57406660200003,22.871730861000067],[115.577891472000033,22.87726471600006],[115.583994988000086,22.880316473000047],[115.639414910000028,22.889349677000045],[115.653330925000105,22.893744208000051],[115.666595899000072,22.904527085000034],[115.683116082000083,22.924261786000045],[115.691986524000072,22.929022528000065],[115.73031660200003,22.934230861000053],[115.733734571,22.931870835000041],[115.727549675000091,22.92275625200006],[115.721283399000058,22.904527085000041],[115.713877800000105,22.904527085000034],[115.705170118000069,22.907375393000063],[115.69263756600003,22.900091864000032],[115.682465040000011,22.888169664000102],[115.684266229000073,22.877779098000094],[115.703580839000111,22.869323194000057],[115.697035585000094,22.850671122000048],[115.73686960900001,22.85167302800005],[115.763237125000046,22.841487071000074],[115.776344345000112,22.83234569900009],[115.785055135000107,22.825677925000033],[115.790375196000014,22.821926174000073],[115.798431837000066,22.819525458000051],[115.804779493000055,22.815090236000064],[115.809906446,22.808335679000024],[115.812754754000025,22.799546617000061],[115.814707879000039,22.786118882000057],[115.813568556000078,22.776271877000063],[115.80648847700003,22.778265692000037],[115.801361524000086,22.786851304000042],[115.799408399000072,22.794663804000034],[115.795013868000069,22.800279039000095],[115.788038503000038,22.797841741000067],[115.790483847000033,22.787200370000058],[115.79545956600009,22.769988070000064],[115.797811892000041,22.754449576000088],[115.810029869000019,22.746090775000084],[115.825956115000068,22.746643521000067],[115.843212325000096,22.770024884000073],[115.854882261000071,22.77879012600005],[115.883497307000098,22.794618575000076],[115.90373753900009,22.789376442000048],[115.933263339000078,22.805993707000088],[115.939487652000011,22.807515862000074],[115.958013602000037,22.804743209000026],[115.96607506600003,22.817206122000059],[115.996717594000074,22.836684122000062],[116.011796035000089,22.838043503000065],[116.026107492000065,22.845127110000099],[116.037445509,22.850897528000068],[116.047862175000105,22.851792710000041],[116.053772235,22.855228638000085],[116.076177807000036,22.867871480000073],[116.087253822000093,22.889693668000081],[116.071299675000091,22.897772528000079],[116.041880788000071,22.922321077000046],[116.042104908000056,22.932918286000081],[116.087006056000078,22.906561591000067],[116.123721040000092,22.894729239000103],[116.091253313000038,22.86840986000006],[116.084671666000091,22.849765350000052],[116.0956899050001,22.825900457000046],[116.113561267000023,22.832910237000078],[116.129650561000062,22.839134798000075],[116.144909913000106,22.847822500000074],[116.17098930300007,22.864465269000053],[116.200088020000081,22.896555346000074],[116.214562532000059,22.908522053000073],[116.221009086000109,22.919009820000049],[116.246181352,22.93159000400005],[116.281458392000118,22.95785727500003],[116.269379102000016,22.966620184000071],[116.252289259,22.959051825000078],[116.234873894000089,22.960272528000079],[116.20101972700003,22.973456122000073],[116.213633660000013,22.98281484600005],[116.234711134,22.980414130000042],[116.26225996800008,22.973737028000091],[116.28906383900005,22.978943018000059],[116.298487070000078,22.96324673700007],[116.338251151,22.95185725000005],[116.353037957000083,22.938055731000052],[116.379607279000069,22.928984413000066],[116.42629040700001,22.937425476000048],[116.458509662000111,22.947419938000046],[116.494687913000021,22.939352413000051],[116.518473892000088,22.96745553600007],[116.521935725000063,22.998410915000076],[116.547851549000029,23.006039146000088],[116.563250095000072,23.018773721000059],[116.554846061000035,23.036094399000032],[116.54849613500005,23.066401898000024],[116.551655591000099,23.086724106000084],[116.533648114000016,23.109134538000077],[116.545120808000092,23.144775094000071],[116.569915823000102,23.177691875000058],[116.601495815000021,23.196580792000091],[116.604504249,23.209556543000062],[116.602949160000094,23.217738452000045],[116.574554884,23.224107164000074],[116.563975457000083,23.222967841000067],[116.553157873000046,23.216373354000041],[116.541428730000021,23.210104572000098],[116.526987537000096,23.200621073000029],[116.509287957000083,23.216376044000071],[116.508881056000064,23.234116929000045],[116.51685631600003,23.235174872000062],[116.569976454000098,23.246972843000044],[116.588585399000081,23.244933802000045],[116.611510141000053,23.238729609000082],[116.618147941000075,23.221479117000047],[116.616754439000047,23.202770202000089],[116.613771720000045,23.190607423000085],[116.615215965000075,23.178349308000065],[116.629295880000072,23.17396980300008],[116.637021023000116,23.164017894000036],[116.646754959000063,23.16299138300008],[116.661747840000089,23.19364838800006],[116.671166056000047,23.214638817000047],[116.689307981000084,23.229730599000057],[116.705502230000093,23.238344027000032],[116.715098504000025,23.243801174000055],[116.708994988000086,23.258530992000093],[116.695078972000019,23.265692450000063],[116.679209832000069,23.271389065000058],[116.667246941000016,23.281317450000053],[116.705577019000089,23.276597398000039],[116.731293165000011,23.257717190000061],[116.754161004000025,23.23338450700005],[116.783946160000042,23.212388414000085],[116.804822489,23.236122461000054],[116.794268908000063,23.239622147000087],[116.786179043000075,23.235722800000083],[116.777110222000033,23.240383205000054],[116.768527832000018,23.27282114000008],[116.765630841000061,23.297350702000077],[116.748634830000029,23.32628833300004],[116.730111547000092,23.330753946000069],[116.727074471000051,23.316115909000072],[116.709414278000068,23.319769649000072],[116.691240358000059,23.338976648000067],[116.660976187000088,23.337223022000021],[116.641889007000032,23.318835408000041],[116.608409050000091,23.320461330000043],[116.587982618000083,23.316107489000046],[116.573008660000013,23.323675848000061],[116.552256707000097,23.341498114000043],[116.533213738000086,23.36188385600008],[116.523203972000033,23.377508856000077],[116.521739129000025,23.411200262000087],[116.523203972000033,23.418524481000073],[116.531748894000103,23.42255280200003],[116.543223504000025,23.421210028000075],[116.553477410000028,23.414252020000053],[116.55787194100003,23.401760158000073],[116.568939649000072,23.391017971000053],[116.621918165,23.369126695000087],[116.657843634000088,23.354452091000045],[116.680756056000064,23.357001044000079],[116.692881707000097,23.359930731000084],[116.71298926300004,23.355628883000094],[116.732410037000037,23.351131609000046],[116.746566849000047,23.349206660000053],[116.752940300000077,23.350246486000064],[116.773224451000047,23.349432372000088],[116.866628204000094,23.450232931000091],[116.872621153000068,23.473806531000033],[116.854258660000028,23.497381903000104],[116.849701368000069,23.511297919000064],[116.854991082000097,23.52488841400007],[116.875498894000103,23.547064520000063],[116.883311394000089,23.559637762000087],[116.886241082000097,23.573065497000059],[116.884043816000045,23.586615302000052],[116.879161004000011,23.593573309000075],[116.874278191000016,23.59861888200005],[116.872080925000091,23.606878973000057],[116.877452019000089,23.618353583000058],[116.900726759,23.634263414000102],[116.906097852,23.641302802000052],[116.908946160000028,23.654608466000067],[116.916514519000103,23.662746486000078],[116.927500847000019,23.664496161000045],[116.940928582000097,23.658677476000033],[116.917572462000066,23.637925523000035],[116.927582227000016,23.624741929000038],[116.950705230000054,23.61088329500005],[116.965072121000063,23.61543765100004],[116.985355685000059,23.640228473000036],[117.009501784000022,23.644542386000079],[117.018321160000013,23.647894598000057],[117.023448113000086,23.658677476000058],[117.03427168100005,23.661322333000051],[117.044444207000083,23.655666408000062],[117.05779791000009,23.653964983000037],[117.068412988000105,23.651272715000065],[117.077881123,23.638829810000065],[117.079189823000092,23.622489485000088],[117.076003368000087,23.604627399000048],[117.083559694000087,23.588949683000063],[117.080467652000024,23.574346566000088],[117.078406643000122,23.564611083000056],[117.084227758000011,23.550605513000058],[117.099464277000038,23.554309565000036],[117.128460222000058,23.572353777000046],[117.150829812000097,23.606867335000064],[117.174652540000011,23.616359768000066],[117.185883009000023,23.62103913000006],[117.219201305000055,23.629627879000051],[117.220410240000106,23.640201411000074],[117.217181200000027,23.652511357000034],[117.208506707000083,23.664943752000053],[117.225189649000072,23.684719143000056],[117.229502800000091,23.692816473000043],[117.23560631600003,23.671454169000064],[117.244089756000108,23.657548493000061],[117.23553754,23.639819411000069],[117.235963885000047,23.624310503000054],[117.238964320000051,23.60547281900006],[117.257092649,23.615616376000055],[117.279122111000106,23.636267573000055],[117.263648986000021,23.655424769000032],[117.267964692000078,23.679791608000077],[117.27624182700005,23.687743259000076],[117.271920815000058,23.721306450000039],[117.285736524000058,23.746771552000041],[117.292328321000028,23.762152411000045],[117.277354363000086,23.782212632000043],[117.292572462000066,23.789496161000027],[117.303965691000045,23.775580145000038],[117.319102410000028,23.761623440000054],[117.34555097700003,23.768540757000046],[117.354584181000064,23.777411200000071],[117.360931837000052,23.78595612200008],[117.368907097000033,23.792629299000051],[117.382416212000066,23.795233466000077],[117.434331408000048,23.775922097000095],[117.463477444000091,23.788287134000086],[117.490072768000019,23.832578709000064],[117.499596288000021,23.874072232000049],[117.468516472000047,23.91193268400006],[117.449799024000072,23.913478908000062],[117.427093946000014,23.910386460000055],[117.409678582000083,23.913397528000075],[117.407074415,23.933050848000061],[117.416595899000086,23.946844794000068],[117.430186394000089,23.943752346000036],[117.454844597000033,23.925604559000092],[117.474619988000086,23.920965887000069],[117.537364129000011,23.919378973000036],[117.556732618000069,23.913234768000052],[117.571055535000028,23.903265692000062],[117.582367384,23.889308986000081],[117.592051629000039,23.870998440000044],[117.598155144000089,23.85244375200006],[117.600108269000103,23.833970445000094],[117.602012347000027,23.798949107000066],[117.587462444000039,23.777780118000059],[117.589524738000023,23.756154105000057],[117.591668788000106,23.737064446000094],[117.612559441000045,23.762681382000057],[117.619395379000025,23.774807033000052],[117.639269480000053,23.79410230000008],[117.626007803000107,23.81223288800004],[117.625535545000048,23.840153334000036],[117.633599792000041,23.87415807900005],[117.64863267600002,23.90923358200007],[117.671564895000088,23.931411491000059],[117.695078972000033,23.953558661000031],[117.687266472000019,23.97907135600008],[117.688487175000105,23.99750397300004],[117.708750847000033,24.035467841000081],[117.692230665000011,24.035223700000074],[117.679698113000086,24.039048570000098],[117.670990431000078,24.048000393000052],[117.66708418100005,24.062730210000048],[117.692230665000011,24.046535549000055],[117.724131707000083,24.033758856000091],[117.750010613000072,24.037298895000056],[117.75709069100003,24.07025788000005],[117.763275587000066,24.070257880000035],[117.770274285000028,24.051459052000045],[117.774180535000028,24.045396226000033],[117.776133660000042,24.037298895000067],[117.769786004000039,24.031317450000071],[117.75709069100003,24.024888414000081],[117.761729363000086,24.014837958000044],[117.786468946000014,24.028143622000076],[117.79810631600003,24.02179596600007],[117.791351759,24.001532294000057],[117.737884962000066,23.950506903000065],[117.729258660000028,23.919378973000054],[117.736582879000025,23.908107815000054],[117.748057488000086,23.907538153000079],[117.758636915000011,23.915472723000047],[117.763275587000066,23.929348049000051],[117.76547285200003,23.947333075000081],[117.771983269000103,23.958929755000018],[117.79810631600003,23.980210679000038],[117.83912194100003,24.023627020000056],[117.862315300000091,24.035223700000074],[117.893646681000078,24.028021552000048],[117.899424675000091,24.040187893000063],[117.898692254000025,24.050523179000038],[117.895599806000064,24.060980536000041],[117.893646681000078,24.073309637000079],[117.895762566000045,24.086615302000041],[117.901377800000105,24.098618882000036],[117.930511915000011,24.141099351000037],[117.937754754000025,24.161688544000061],[117.932383660000028,24.178290106000095],[117.907318556000064,24.186265367000093],[117.920909050000105,24.196682033000037],[117.932139519000089,24.207953192000051],[117.943614129000025,24.21259186400005],[117.958506707000097,24.203070380000046],[117.962657097000033,24.173814195000098],[117.967865431000064,24.159816799000062],[117.978770379000025,24.162095445000073],[117.982513868000069,24.16917552300005],[117.986420118000055,24.187160549000048],[117.989268425000091,24.193101304000027],[117.996429884,24.197414455000029],[118.016205274000072,24.203111070000098],[118.023936394000089,24.206732489000043],[118.038340691000045,24.220200914000095],[118.059336785000028,24.245510158000052],[118.071787957000083,24.254584052000041],[118.084727410000028,24.249090887000069],[118.108734571000014,24.261053778000068],[118.126475457000097,24.262030341000056],[118.122650587000066,24.270738023000032],[118.120616082000097,24.279527085000037],[118.119639519000089,24.299261786000045],[118.11646569100003,24.304510809000071],[118.102305535000028,24.314276434000075],[118.099131707000083,24.319728908000073],[118.090586785000042,24.341457424000058],[118.071787957000083,24.34886302300005],[118.052989129000039,24.346909898000046],[118.044444207000097,24.340521552000062],[118.037364129000039,24.331284898000042],[118.024180535000042,24.323553778000075],[118.015879754000025,24.326849677000034],[118.023936394000089,24.35077545800003],[118.030039910000042,24.358140367000086],[118.035736524000072,24.36102936400005],[118.040782097000047,24.365627346000061],[118.0468856130001,24.389634507000057],[118.047455274000072,24.399074611000074],[118.0429793630001,24.406683661000038],[118.030121290000011,24.412827867000075],[118.019541863000086,24.406195380000039],[117.989349806000078,24.394761460000037],[117.907318556000064,24.384914455000054],[117.874603712000066,24.396307684000078],[117.791270379000025,24.460638739000032],[117.791270379000025,24.467474677000048],[117.815684441000016,24.471625067000044],[117.901133660000028,24.453192450000067],[117.884857618000055,24.468654690000051],[117.866221550000105,24.473578192000044],[117.846283399000086,24.475083726000044],[117.825938347000033,24.480454820000094],[117.867686394000103,24.48956940300009],[117.911875847000033,24.478949286000041],[117.996104363000086,24.446966864000025],[118.021739129000039,24.445746161000041],[118.020274285000042,24.454657294000079],[118.007578972000033,24.465725002000063],[117.999522332000097,24.470851955000047],[118.006927931000064,24.480454820000094],[118.009369337000052,24.485541083000044],[118.013926629000025,24.487616278000086],[118.027110222000033,24.487941799000051],[118.036713087000066,24.490871486000064],[118.044281446000014,24.498032945000105],[118.058116082000083,24.515855210000041],[118.044037306000064,24.528265692000044],[118.02076256600003,24.536566473000036],[117.978770379000025,24.542547919000071],[117.974864129000025,24.552720445000116],[117.992442254000039,24.571478583000047],[118.009287957000097,24.58071523600006],[118.002940300000105,24.562445380000032],[118.021088087000066,24.554999091000074],[118.037364129000039,24.560614325000081],[118.044769727,24.575995184000071],[118.036957227000016,24.597805080000064],[118.044444207000097,24.617661851000019],[118.092295769000089,24.597805080000064],[118.103363477000016,24.584784247000059],[118.110362175000091,24.58405182500006],[118.112803582000083,24.597805080000064],[118.122162306000078,24.607855536000049],[118.130951368000069,24.620062567000055],[118.137461785000013,24.633775132000036],[118.141449415000011,24.656968492000097],[118.145274285000028,24.658636786000052],[118.150889519000103,24.658636786000063],[118.15748131600003,24.662665106000087],[118.160492384,24.693426825000081],[118.181407097000047,24.672756252000067],[118.187591993000083,24.657375393000056],[118.183848504000039,24.64276764500006],[118.174327019000089,24.624497789000092],[118.187836134000023,24.624660549000062],[118.203705274000072,24.621527411000041],[118.215179884,24.614813544000054],[118.215830925000077,24.60398997600003],[118.2050887380001,24.598700262000079],[118.191661004000025,24.600897528000075],[118.181651238000086,24.597805080000064],[118.181162957000097,24.576117255000057],[118.194346550000105,24.556463934000089],[118.219004754000039,24.541449286000045],[118.241791212000052,24.543768622000073],[118.249847852000016,24.576117255000057],[118.263194207000097,24.57037995000006],[118.272959832000097,24.574408270000042],[118.279795769000089,24.584702867000093],[118.284027540000011,24.597805080000064],[118.307139519000089,24.588324286000045],[118.317393425000077,24.586981512000087],[118.325043165000011,24.590318101000037],[118.351654493000069,24.582342841000088],[118.379893425000091,24.590236721000078],[118.404795769000103,24.606634833000044],[118.4218856130001,24.624497789000092],[118.400889519000074,24.672308661000049],[118.411468946,24.680121161000063],[118.422618035000028,24.692857164000088],[118.431244337000066,24.69969310100004],[118.434906446000014,24.689642645000056],[118.434662306000064,24.659002997000062],[118.432709181000064,24.644720770000049],[118.428070509,24.631333726000044],[118.445323113000086,24.628973700000095],[118.474864129000025,24.614325262000065],[118.486094597000047,24.610825914000081],[118.50123131600003,24.608140367000111],[118.571136915,24.568996486000071],[118.578135613000086,24.560207424000058],[118.561534050000091,24.556219794000075],[118.554453972000033,24.553208726000037],[118.551361524000072,24.545965887000094],[118.550873243000069,24.537014065000051],[118.551605665000011,24.528957424000062],[118.553965691000045,24.518052476000033],[118.557220899000072,24.517238674000062],[118.561289910000042,24.520697333000047],[118.565196160000028,24.522691148000028],[118.590830925000077,24.528062242000082],[118.620453321000014,24.545477606000084],[118.646576368000069,24.568426825000092],[118.661468946000014,24.590318101000037],[118.664154493000083,24.612250067000065],[118.653819207000083,24.61640045800004],[118.640228712000081,24.616929429000049],[118.633555535000013,24.627875067000044],[118.63388105600005,24.647284247000073],[118.635996941000016,24.663763739000064],[118.642100457000097,24.678697007000039],[118.654063347000019,24.693426825000081],[118.666514519000089,24.683010158000052],[118.6757918630001,24.671454169000082],[118.685394727000016,24.666489976000054],[118.698741082000069,24.676011460000034],[118.720225457000083,24.705552476000022],[118.732025587000081,24.716457424000076],[118.746836785000028,24.720689195000091],[118.748545769000103,24.725165106000073],[118.763926629000025,24.751695054000027],[118.76295006600003,24.762681382000039],[118.759532097000047,24.76776764500006],[118.74341881600003,24.775336005000067],[118.728770379000025,24.76947663000005],[118.71998131600003,24.769354559000078],[118.716075066000045,24.778753973000043],[118.716319207000083,24.78994375200007],[118.715098504000039,24.798325914000081],[118.711029493000069,24.804877020000038],[118.701752149000086,24.810044664000078],[118.697520379000025,24.80166250200006],[118.686534050000077,24.792792059000067],[118.667735222000047,24.782171942000044],[118.660655144000089,24.781887111000074],[118.65162194100003,24.782538153000072],[118.64380944100003,24.782212632000043],[118.640391472000033,24.778753973000061],[118.63795006600003,24.772121486000056],[118.632578972000047,24.777248440000044],[118.617930535000013,24.805324611000049],[118.618011915000011,24.817531643000059],[118.620616082000083,24.829291083000037],[118.619883660000028,24.843573309000053],[118.612803582000069,24.855780341000067],[118.572032097000047,24.885199286000066],[118.595795118000069,24.874741929000042],[118.62411543100005,24.867824611000067],[118.651215040000025,24.866888739000032],[118.671153191000016,24.874660549000055],[118.673431837000066,24.886623440000054],[118.662119988000086,24.898382880000042],[118.647471550000091,24.908514716000088],[118.640391472000033,24.915594794000071],[118.644053582000083,24.924139716000077],[118.661631707000083,24.940863348000068],[118.667735222000047,24.95343659100007],[118.677256707000097,24.937404690000054],[118.682709181000064,24.930975653000075],[118.688080274000072,24.926174221000053],[118.684336785000028,24.915472723000033],[118.684825066000045,24.903306382000025],[118.688812696000028,24.895738023],[118.695567254000039,24.898871161000038],[118.697520379000025,24.906805731000091],[118.695567254000039,24.940415757000043],[118.707530144000103,24.931219794000064],[118.720469597000033,24.916896877000067],[118.729502800000091,24.900539455000068],[118.72974694100003,24.885199286000056],[118.725189649000072,24.882798570000105],[118.707774285000042,24.87726471600007],[118.701752149000086,24.871527411000052],[118.698090040000011,24.859523830000061],[118.699799024000072,24.851548570000098],[118.706065300000105,24.846625067000037],[118.716075066000045,24.843573309000071],[118.7363387380001,24.851385809000085],[118.761973504000011,24.85797760600007],[118.780121290000011,24.867824611000067],[118.777598504000011,24.885199286000031],[118.792084181000064,24.89109935100004],[118.802744988000072,24.888088283000076],[118.812754754000011,24.881659247000066],[118.825938347000019,24.877752997000051],[118.837657097000033,24.880560614000046],[118.866709832000083,24.891017971000053],[118.877207879000039,24.888617255000035],[118.897959832000083,24.87579987200008],[118.924408399000086,24.869940497000073],[118.951996290000011,24.870754299000055],[118.976166212000052,24.877752997000051],[118.97584069100003,24.882717190000054],[118.974945509,24.883856512000087],[118.972992384000023,24.883734442000033],[118.969981316000016,24.885199286000056],[118.972504102000016,24.890122789000078],[118.973887566000045,24.891913153000075],[118.973236524000072,24.893784898000032],[118.969981316000016,24.898871161000031],[118.934174024000086,24.886053778000083],[118.909922722000033,24.907171942000048],[118.901133660000042,24.93781159100006],[118.911631707000069,24.953436591000081],[118.948496941000045,24.956773179000045],[118.963715040000011,24.954413153000072],[118.969981316000016,24.943548895000056],[118.977061394000103,24.934027411000049],[118.992686394000074,24.936957098000043],[119.009043816000045,24.947333075000074],[119.017670118000083,24.960272528000075],[119.013194207000069,24.958197333000051],[118.99732506600003,24.953436591000081],[118.987315300000091,24.979722398000035],[118.983246290000011,24.995103257000036],[118.986664259000023,25.001898505000042],[118.99341881600003,25.008734442000044],[118.999522332000083,25.024074611000056],[119.003428582000083,25.040472723000061],[119.004161004000039,25.050238348000054],[118.99732506600003,25.053534247000073],[118.990489129000025,25.040187893000052],[118.979991082000083,25.011786200000074],[118.967051629000025,25.004543361000067],[118.953705274000072,25.002997137000072],[118.94068444100003,25.006659247000055],[118.928314649000072,25.014878648000039],[118.935150587000052,25.022365627000067],[118.89576256600003,25.03351471600007],[118.877940300000105,25.040716864000046],[118.860118035000042,25.056545315000072],[118.849131707000097,25.073797919000093],[118.848968946000014,25.086615302000055],[118.857676629000039,25.098049221000039],[118.867689967000047,25.100408375000068],[118.885590040000011,25.10614655200002],[118.903168165000011,25.102484442000033],[118.921397332000069,25.101385809000082],[118.935150587000052,25.104315497000073],[118.942963087000066,25.10883209800005],[118.947276238000086,25.113185940000051],[118.94906660200003,25.118963934000092],[118.948985222000033,25.136948960000058],[118.955577019000103,25.152085679000052],[118.972178582000069,25.17206452000007],[118.9746199880001,25.182562567000041],[118.963145379000039,25.193670966000077],[118.948252800000105,25.197170315000047],[118.932953321,25.194566148000046],[118.920909050000091,25.187933661000031],[118.91529381600003,25.179388739000046],[118.909271681000064,25.195705471000053],[118.913828972000033,25.208685614000064],[118.911143425000091,25.217230536000027],[118.884043816000016,25.220363674000062],[118.864838087000052,25.227972723000036],[118.875580274000072,25.243841864000036],[118.896494988000086,25.257513739000053],[118.907806837000066,25.258490302000034],[118.918467644000089,25.264390367000093],[118.983653191000045,25.283026434000078],[119.027297615000066,25.278237969000095],[119.024945953000042,25.259288888000068],[119.000010613000072,25.254055080000043],[118.979991082000083,25.244859117000093],[118.969330274000086,25.226385809000071],[118.987315300000091,25.222235419000079],[119.034759962000081,25.227769273000028],[119.057383660000042,25.225002346000061],[119.068858269000074,25.216742255000042],[119.069102410000028,25.203680731000098],[119.058604363000086,25.186224677000066],[119.034027540000011,25.15867747600004],[119.029063347000033,25.140529690000054],[119.044444207000083,25.124741929000027],[119.045909050000077,25.143052476000037],[119.053233269000103,25.157619533000055],[119.064707879000039,25.162543036000034],[119.07919355600005,25.152085679000034],[119.073985222000019,25.145656643000059],[119.064789259,25.124741929000027],[119.089447462000066,25.11367422100005],[119.099131707000069,25.111151434000067],[119.0957137380001,25.114732164000063],[119.093109571000014,25.118068752000053],[119.090342644000089,25.121242580000061],[119.085459832000083,25.124741929000027],[119.093272332000097,25.135646877000049],[119.103526238000086,25.133246161000045],[119.116709832000083,25.126613674000065],[119.133799675000091,25.124741929000027],[119.149912957000083,25.13157786700009],[119.153086785000042,25.139715887000069],[119.146576368000069,25.143744208000037],[119.133799675000091,25.138413804000024],[119.129242384000023,25.148667710000034],[119.124847852000016,25.155503648000035],[119.119883660000028,25.160711981000077],[119.114250576000018,25.173056235000043],[119.104180134000117,25.182947837000089],[119.101793931000103,25.19663441900008],[119.116096198000037,25.21378183500007],[119.141974626000092,25.220978417000079],[119.153359065000018,25.206954893000042],[119.164678663000018,25.191573740000081],[119.175629102000016,25.176499742000086],[119.192881707000083,25.182318427000052],[119.212657097000033,25.186224677000055],[119.229375740000023,25.193215206000048],[119.242753431000096,25.189987132000052],[119.255626253000059,25.175897136000064],[119.281260613000086,25.179388739000046],[119.288828972000033,25.189113674000051],[119.272471550000105,25.231756903000068],[119.281260613000086,25.241441148000032],[119.323741082000083,25.237982489000057],[119.344248894000089,25.242377020000042],[119.352875196000028,25.258490302000048],[119.347504102000016,25.267767645000035],[119.335785352,25.272284247000073],[119.324229363000072,25.275091864000057],[119.318858269000089,25.279364325000063],[119.296966993000083,25.30719635600008],[119.291351759000023,25.316595770000042],[119.298350457000083,25.316595770000056],[119.293304884,25.321966864000046],[119.288666212000081,25.325425523000035],[119.277842644000089,25.330226955000054],[119.273692254000011,25.318589585000062],[119.265147332000097,25.317572333000054],[119.254161004000025,25.32282135600008],[119.243011915000025,25.330226955000054],[119.241221550000091,25.312567450000099],[119.234711134000023,25.294867255000039],[119.22584069100003,25.279689846000053],[119.216319207000083,25.269354559000082],[119.201263868000055,25.25971100500005],[119.196787957000083,25.263332424000055],[119.19320722700003,25.274969794000064],[119.181488477000016,25.289252020000056],[119.191742384,25.29954661700009],[119.201508009,25.30634186400005],[119.223155144000089,25.316595770000042],[119.203379754000025,25.358140367000082],[119.195323113000086,25.358140367000093],[119.192393425000105,25.342027085000037],[119.183116082000097,25.329413153000072],[119.173187696000014,25.325140692000062],[119.168467644000103,25.333929755000032],[119.16529381600003,25.349554755000042],[119.156993035000028,25.362616278000086],[119.109629754000025,25.406805731000084],[119.102549675000091,25.420314846000053],[119.116709832000083,25.42641836100006],[119.128672722000047,25.429999091000077],[119.161387566000045,25.448919989000057],[119.171641472000033,25.457464911000034],[119.183360222000033,25.464992580000072],[119.215098504000025,25.470282294000068],[119.22934004,25.474839585000055],[119.237803582000083,25.481756903000083],[119.260752800000091,25.512111721000064],[119.268809441000016,25.526922919000082],[119.271983269000089,25.557521877000042],[119.277842644000089,25.570461330000054],[119.310557488000086,25.577866929000031],[119.321381056000078,25.587347723000047],[119.305186394000103,25.604559637000079],[119.322601759,25.61102936400005],[119.343028191000045,25.609198309000064],[119.356293165000011,25.600043036000034],[119.352875196000028,25.584662177000041],[119.360362175000091,25.577297268000041],[119.364756707000083,25.582180080000057],[119.368907097000033,25.584906317000048],[119.380869988000086,25.590887762000079],[119.356049024000058,25.550726630000042],[119.352875196000028,25.539740302000038],[119.356537306000078,25.526922919000082],[119.365977410000042,25.52069733300004],[119.441905144000103,25.509507554000042],[119.449066602000016,25.505275783000062],[119.445567254000011,25.490139065000058],[119.433116082000069,25.45954010600007],[119.435557488000072,25.446926174000055],[119.447032097000047,25.438788153000075],[119.453216993000083,25.44977448100008],[119.45826256600003,25.466294664000092],[119.466156446000014,25.474839585000044],[119.504893425000105,25.47492096600007],[119.507334832000097,25.474432684000089],[119.505463087000081,25.472316799000041],[119.502940300000091,25.462469794000054],[119.493662957000069,25.454250393000049],[119.490733269000089,25.446926174000055],[119.492198113000086,25.440375067000055],[119.496836785000028,25.436753648000046],[119.502045118000069,25.433986721000057],[119.504242384000023,25.429877020000045],[119.502533399000058,25.416205145000049],[119.497813347000047,25.399400132000036],[119.491221550000077,25.383205471000075],[119.483246290000011,25.371161200000078],[119.503265821000028,25.373928127000056],[119.525889519000089,25.374090887000094],[119.544444207000069,25.377183335000051],[119.552093946000014,25.388861395000024],[119.558197462000052,25.404608466000084],[119.556162957000083,25.410467841000056],[119.542002800000077,25.412787177000045],[119.535980665000025,25.41913483300004],[119.53443444100003,25.433783270000045],[119.535899285000028,25.44993724200009],[119.538584832000097,25.461167710000048],[119.545420769000089,25.458644924000055],[119.548187696000014,25.456976630000067],[119.552093946000014,25.453762111000039],[119.556000196,25.458929755000039],[119.561534050000105,25.463283596000036],[119.568369988000086,25.466253973000065],[119.576019727000016,25.467352606000087],[119.576263868000069,25.462836005000053],[119.589691602000016,25.443264065000047],[119.593109571000014,25.439439195000091],[119.589854363000086,25.431830145000049],[119.582530144000089,25.425604559000096],[119.57797285200003,25.418687242000079],[119.58871504,25.401312567000037],[119.599864129000025,25.371161200000092],[119.593597852,25.367092190000061],[119.587901238000086,25.36078522300004],[119.583018425000091,25.353013414000088],[119.579437696000028,25.34446849200009],[119.602875196000014,25.346136786000049],[119.654551629000025,25.358140367000093],[119.645599806000078,25.361558335000048],[119.637787306000064,25.363592841000074],[119.62037194100003,25.364976304000034],[119.637299024000072,25.37799713700009],[119.646006707000083,25.392564195000098],[119.645274285000042,25.41046784100007],[119.634125196000014,25.433254299000058],[119.625336134000023,25.438055731000073],[119.616709832000083,25.437241929000027],[119.614024285000042,25.438788153000086],[119.623545769000089,25.450344143000063],[119.628021681000064,25.461371161000049],[119.622406446000014,25.469427802000027],[119.611420118000055,25.474107164000092],[119.599864129000025,25.474839585000044],[119.599864129000025,25.481024481000066],[119.603607618000069,25.491156317000069],[119.598480665,25.492743231000091],[119.572601759,25.487860419000075],[119.572601759,25.494696356000063],[119.581634962000081,25.496161200000092],[119.587412957000083,25.498724677000048],[119.599864129000025,25.508368231000084],[119.589854363000086,25.507879950000067],[119.581634962000081,25.509263414000088],[119.5664168630001,25.515814520000045],[119.576914910000028,25.515326239000043],[119.583018425000091,25.517320054000045],[119.587412957000083,25.521918036000056],[119.593109571000014,25.529486395000053],[119.572276238000072,25.533433335000044],[119.568369988000086,25.547430731000091],[119.579437696000028,25.584662177000041],[119.575694207000083,25.577785549000069],[119.568125847000033,25.569037177000034],[119.558441602,25.563788153000072],[119.548838738000086,25.56704336100006],[119.53443444100003,25.575873114000046],[119.526703321000014,25.570990302000045],[119.522064649000086,25.561509507000043],[119.517344597000033,25.556789455000033],[119.492442254000025,25.56476471600007],[119.481049024000086,25.580471096000057],[119.479340040000011,25.601548570000098],[119.483246290000011,25.625677802000038],[119.467051629000025,25.61391836100006],[119.459727410000028,25.632879950000081],[119.455902540000025,25.663723049000073],[119.449066602000016,25.687160549000058],[119.463633660000013,25.685288804000052],[119.469493035000028,25.683579820000073],[119.477061394000103,25.679673570000084],[119.487071160000042,25.687323309000085],[119.500580274000072,25.689683335000048],[119.517344597000033,25.690171617000093],[119.522797071000014,25.705796617000075],[119.535411004000039,25.705877997000073],[119.564300977000016,25.689683335000048],[119.567637566000016,25.68195221600007],[119.572601759,25.679673570000094],[119.579925977000016,25.679999091000063],[119.584320509000023,25.682603257000039],[119.587168816000045,25.685695705000036],[119.589935743000083,25.687160549000058],[119.593028191000016,25.693182684000082],[119.593760613000086,25.721869208000037],[119.596446160000028,25.731512762000101],[119.616709832000083,25.752264716000074],[119.620860222000019,25.760321356000098],[119.616709832000083,25.764715887000087],[119.609873894000103,25.767157294000068],[119.606049024000072,25.769029039000085],[119.608409050000091,25.792669989000075],[119.607920769000089,25.805161851000044],[119.603037957000083,25.810614325000063],[119.583018425000091,25.820217190000065],[119.579112175000091,25.84125397300005],[119.577891472000033,25.862372137000087],[119.5664168630001,25.872056382000039],[119.574229363000086,25.88491445500004],[119.584076368000083,25.876939195000087],[119.599864129000025,25.844183661000049],[119.616465691000045,25.892645575000081],[119.623545769000089,25.899400132000043],[119.640391472000047,25.901353257000039],[119.654307488000086,25.906927802000062],[119.665537957000069,25.915350653000075],[119.67505944100003,25.926092841000063],[119.698985222000033,25.972560940000065],[119.702403191000045,25.985052802000055],[119.700694207000097,25.995184637000079],[119.695404493000083,26.002630927000062],[119.67505944100003,26.022284247000059],[119.648448113000072,26.015448309000078],[119.619395379000025,26.023504950000074],[119.5664168630001,26.05023834800005],[119.554291212000066,26.045640367000086],[119.519053582000069,26.044501044000071],[119.504242384000023,26.035956122000069],[119.50180097700003,26.029201565000061],[119.5000106130001,26.010199286000045],[119.496836785000028,26.001776434000064],[119.490000847000033,25.994208075000085],[119.440928582000083,25.963812567000051],[119.409759962000081,25.94985586100006],[119.377533399000072,25.941392320000098],[119.346690300000091,25.940375067000058],[119.329844597000033,25.944281317000058],[119.29615319100003,25.956976630000046],[119.254974806000078,25.963283596000036],[119.246836785000028,25.967230536000066],[119.243011915000025,25.995021877000038],[119.237315300000105,26.006252346000057],[119.217377149000086,26.028957424000058],[119.208994988000086,26.043402411000063],[119.200694207000083,26.075913804000024],[119.195160352000016,26.087591864000053],[119.181488477000016,26.098618882000046],[119.157318556000064,26.090765692000051],[119.136485222000033,26.102932033000048],[119.115977410000028,26.123195705000079],[119.093516472000047,26.139593817000041],[119.093516472000047,26.145819403000079],[119.103607618000083,26.143133856000077],[119.12020918100005,26.13593170800004],[119.151621941000045,26.11570872600003],[119.161143425000105,26.111639716000077],[119.200938347000033,26.104681708000058],[119.215830925000091,26.10008372600004],[119.233164910000028,26.087795315000047],[119.261241082000083,26.060532945000102],[119.277110222000033,26.05292389500006],[119.326914910000013,26.048041083000033],[119.343353712000066,26.042059637000083],[119.373383009,26.022284247000059],[119.382823113000086,26.018622137000076],[119.404877149000086,26.01386139500006],[119.415049675000105,26.009263414000099],[119.421478712000052,26.00238678600002],[119.431732618000069,25.985296942000041],[119.435557488000072,25.981350002000049],[119.458506707000069,25.982489325000081],[119.473155144000103,25.997137762000079],[119.493744337000066,26.032863674000058],[119.518321160000042,26.064886786000038],[119.537364129000025,26.096828518000045],[119.561127149000072,26.124986070000087],[119.599864129000025,26.145819403000079],[119.5918074880001,26.166408596000046],[119.600108269000074,26.176336981000087],[119.613536004000025,26.182196356000087],[119.62037194100003,26.190497137000076],[119.625010613000086,26.20294830900005],[119.636973504000039,26.21165599200009],[119.652435743000069,26.217596747000087],[119.668223504000011,26.221502997000073],[119.664805535000042,26.231634833000072],[119.668223504000011,26.242010809000082],[119.651703321,26.250067450000074],[119.634125196000014,26.255072333000037],[119.654307488000086,26.272406317000058],[119.673594597000033,26.280503648000025],[119.69459069100003,26.282945054000038],[119.719330274000086,26.282945054000038],[119.732676629000039,26.285060940000086],[119.753428582000083,26.294419664000088],[119.764414910000028,26.296616929000056],[119.77662194100003,26.29328034100007],[119.784678582000083,26.287095445000087],[119.792735222000019,26.284084377000056],[119.805430535000028,26.290432033000055],[119.790863477,26.295558986000053],[119.784922722000033,26.296616929000038],[119.801117384,26.31757233300004],[119.826752149000058,26.328355210000041],[119.854746941000045,26.327541408000055],[119.877452019000103,26.313381252000056],[119.888194207000097,26.318833726000051],[119.949961785000028,26.364935614000032],[119.949961785000028,26.372300523000021],[119.93482506600003,26.370550848000036],[119.908457879000025,26.36050039300007],[119.894786004000039,26.358710028000075],[119.880137566000045,26.363104559000067],[119.855804884,26.377630927000073],[119.840098504000039,26.378566799000048],[119.851328972000033,26.392808335000037],[119.846283399000086,26.402411200000081],[119.834808790000025,26.412095445000091],[119.825775587000081,26.426947333000033],[119.797699415000011,26.411322333000051],[119.791758660000042,26.406480210000048],[119.787364129000025,26.397406317000065],[119.784678582000083,26.386379299000051],[119.780121290000025,26.374986070000091],[119.770599806000064,26.364935614000046],[119.754405144000089,26.372056382000036],[119.748383009,26.358872789000085],[119.747080925000091,26.327622789000095],[119.735687696000014,26.322211005000046],[119.696299675000091,26.316839911000045],[119.681895379000039,26.317124742000086],[119.683848504000011,26.321682033000041],[119.68661543100005,26.333075262000076],[119.688731316000016,26.337591864000039],[119.66529381600003,26.340155341000063],[119.65552819100003,26.355617580000068],[119.654307488000086,26.429022528000083],[119.648448113000072,26.437445380000042],[119.639984571000028,26.444403387000104],[119.630869988000086,26.448716539000092],[119.626556837000066,26.444322007000032],[119.61630293100005,26.437404690000054],[119.594086134000023,26.433579820000094],[119.57309004,26.43781159100006],[119.5664168630001,26.454901434000071],[119.571299675000105,26.46572500200006],[119.579600457000069,26.470892645000042],[119.599864129000025,26.474798895000056],[119.605723504000025,26.474351304000034],[119.62037194100003,26.467962958000051],[119.625498894000074,26.470933335000051],[119.635752800000091,26.479437567000062],[119.640961134000023,26.482163804000038],[119.646983269000089,26.494045315000044],[119.653656446000014,26.498032945000091],[119.664561394000103,26.492132880000053],[119.689789259,26.459458726000047],[119.699229363000086,26.454901434000089],[119.718760613000072,26.451849677000048],[119.737640821,26.443670966000081],[119.752045118000083,26.431463934000082],[119.761973504000025,26.407456773000032],[119.772064649000072,26.40672435100003],[119.791758660000042,26.41331614800005],[119.792491082000069,26.416652736000078],[119.791107618000069,26.42991771000003],[119.791758660000042,26.433783270000053],[119.79574629,26.434271552000038],[119.808848504000039,26.433050848000061],[119.812266472000047,26.433783270000053],[119.816742384,26.444728908000069],[119.818858269000089,26.453192450000088],[119.817718946000028,26.462144273000053],[119.812266472000047,26.474798895000049],[119.802256707000069,26.489447333000044],[119.794281446000014,26.497137762000087],[119.784922722000033,26.502020575000067],[119.790619337000052,26.505194403000068],[119.793467644000089,26.508205471000053],[119.795258009,26.511623440000076],[119.798594597000033,26.515773830000047],[119.779144727000016,26.520697333000044],[119.765879754000025,26.53436920800003],[119.761729363000086,26.550726630000042],[119.770599806000064,26.564113674000055],[119.774180535000028,26.559515692000058],[119.784922722000033,26.55048248900005],[119.782725457000083,26.559637762000076],[119.782237175000091,26.564764716000063],[119.784922722000033,26.57782623900005],[119.771739129000025,26.583889065000061],[119.748627149000072,26.587958075000078],[119.736420118000083,26.591457424000055],[119.742930535000028,26.601752020000056],[119.742198113000086,26.608628648000032],[119.735199415,26.611965236000053],[119.722748243000055,26.611273505000053],[119.730235222000047,26.611273505000046],[119.700938347000047,26.60858795800004],[119.6875106130001,26.611273505000046],[119.67505944100003,26.618801174000055],[119.657969597000033,26.607652085000058],[119.637787306000064,26.598822333000037],[119.618907097000047,26.587836005000046],[119.606049024000072,26.570379950000074],[119.599864129000025,26.570379950000085],[119.592377149000086,26.590887762000101],[119.554209832000069,26.61517975500005],[119.545420769000089,26.636175848000054],[119.541107618000069,26.656317450000074],[119.544444207000069,26.66250234600005],[119.558929884000023,26.66657135600008],[119.568125847000033,26.664536851000037],[119.599864129000025,26.646063544000068],[119.606455925000105,26.669907945000087],[119.608246290000025,26.683539130000028],[119.606049024000072,26.694525458000061],[119.595957879000039,26.703314520000045],[119.583750847000047,26.703924872000062],[119.570811394000089,26.70327383000005],[119.558929884000023,26.708197333000058],[119.554698113000086,26.714829820000094],[119.551524285000028,26.725165106000095],[119.550303582000083,26.73720937700006],[119.552093946000014,26.749090887000083],[119.557627800000077,26.758775132000043],[119.571543816000045,26.766546942000051],[119.579437696000028,26.776434637000072],[119.575531446000028,26.788031317000048],[119.584564649000072,26.794623114000061],[119.597748243000069,26.79710521000003],[119.606049024000072,26.796942450000071],[119.621836785000028,26.786769924000058],[119.622650587000081,26.777167059000078],[119.62037194100003,26.765570380000046],[119.626556837000066,26.749090887000058],[119.646006707000083,26.753322658000062],[119.663828972000033,26.74054596600007],[119.680430535000042,26.72182851800007],[119.696136915000011,26.708197333000051],[119.713145379000039,26.699855861000074],[119.724945509,26.69782135600007],[119.730235222000047,26.704738674000044],[119.727386915000011,26.717922268000034],[119.720225457000097,26.724514065000054],[119.710297071000014,26.729885158000062],[119.683848504000011,26.754217841000077],[119.677989129000039,26.763128973000054],[119.67505944100003,26.776434637000072],[119.676280144000074,26.78587474200009],[119.680186394000103,26.799627997000073],[119.685801629000025,26.811997789000078],[119.692393425000105,26.817368882000054],[119.71200605600005,26.807928778000061],[119.726084832000097,26.786525783000059],[119.732676629000039,26.763413804000034],[119.730235222000047,26.749090887000083],[119.730235222000047,26.742905992000079],[119.743011915000011,26.737127997000083],[119.756195509000023,26.737738348000057],[119.766449415000011,26.74494049700008],[119.770599806000064,26.759019273000028],[119.768809441000045,26.774400132000064],[119.765879754000025,26.784002997000055],[119.765228712000052,26.794094143000031],[119.770599806000064,26.810532945000084],[119.781993035000042,26.828517971000053],[119.798350457000083,26.841376044000071],[119.819834832000083,26.849269924000048],[119.846283399000086,26.85219961100006],[119.834808790000025,26.832505601000044],[119.815033399000086,26.825628973000033],[119.797373894000074,26.816392320000094],[119.791758660000042,26.790025132000046],[119.803233269000089,26.79572174700008],[119.815765821000014,26.797593492000082],[119.828379754000025,26.79564036700009],[119.840098504000039,26.790025132000046],[119.811534050000091,26.775783596000053],[119.802256707000069,26.766791083000044],[119.791514519000103,26.704779364000032],[119.791758660000042,26.687689520000049],[119.803070509000023,26.693793036000056],[119.819590691000045,26.711371161000052],[119.829193556000064,26.714992580000057],[119.850596550000105,26.689520575000071],[119.853770379000025,26.687689520000049],[119.856944207000097,26.653509833000044],[119.879649285000028,26.655340887000083],[119.901621941000016,26.659735419000068],[119.888031446000028,26.687241929000045],[119.901866082000097,26.710109768000066],[119.924082879000025,26.732489325000067],[119.935638868000069,26.759019273000028],[119.923675977000016,26.781236070000094],[119.925140821,26.792181708000047],[119.946299675000105,26.796942450000071],[120.01490319100003,26.790025132000046],[120.067474806000064,26.80048248900005],[120.079681837000052,26.796942450000071],[120.077647332000083,26.785589911000052],[120.031993035000028,26.728583075000074],[120.03052819100003,26.724920966000095],[120.031993035000028,26.720404364000053],[120.032318556000064,26.71662018400006],[120.028168165000025,26.714992580000057],[120.017832879000011,26.717027085000055],[120.012299024000086,26.719061591000074],[120.011485222000033,26.721177476000033],[120.000254754000025,26.707709052000041],[119.9863387380001,26.679632880000042],[119.976817254000011,26.674017645000049],[119.978770379000025,26.669623114000046],[119.982025587000081,26.65814850500005],[119.984141472000047,26.653509833000044],[119.968516472000047,26.647935289000088],[119.944834832000083,26.63202545800004],[119.92896569100003,26.625637111000056],[119.888438347000047,26.617132880000032],[119.868500196000028,26.610052802000062],[119.853770379000025,26.598293361000078],[119.852061394000103,26.591009833000051],[119.854828321000014,26.571926174000062],[119.853770379000025,26.564113674000055],[119.848155144000074,26.560736395000053],[119.841644727,26.562404690000037],[119.835948113000086,26.561509507000039],[119.832611524000072,26.55048248900005],[119.835703972000033,26.531398830000068],[119.847178582000097,26.523627020000085],[119.884287957000083,26.523179429000031],[119.935638868000069,26.560451565000061],[119.937022332000083,26.576727606000084],[119.941172722000033,26.593329169000068],[119.948741082000097,26.606146552000048],[119.959971550000091,26.611273505000053],[120.01490319100003,26.611273505000053],[120.027842644000089,26.615301825000067],[120.079681837000052,26.646063544000082],[120.086680535000028,26.639227606000073],[120.076508009,26.630113023000046],[120.075205925000091,26.621486721000068],[120.080414259000023,26.617417710000044],[120.090342644000103,26.622219143000052],[120.098968946000014,26.628363348000047],[120.134369337000081,26.646063544000082],[120.134369337000081,26.653509833000044],[120.120697462000066,26.646063544000054],[120.110443556000078,26.660630601000026],[120.103607618000069,26.675279039000074],[120.102061394000089,26.689154364000057],[120.107676629000039,26.701320705000072],[120.118500196000014,26.706366278000075],[120.131927931000078,26.707220770000053],[120.143565300000105,26.710109768000066],[120.148692254000039,26.721177476000033],[120.142832879000039,26.732814846000061],[120.12875410200003,26.735052802000045],[120.11239668100005,26.735744533000059],[120.100189649000072,26.742905992000079],[120.097748243000069,26.758490302000045],[120.106944207000083,26.771795966000077],[120.119639519000089,26.784165757000022],[120.128184441000045,26.796942450000071],[120.110850457000097,26.798732815000054],[120.096527540000011,26.805894273000032],[120.085052931000078,26.813706773000039],[120.076263868000083,26.817368882000043],[120.062998894000089,26.818915106000077],[120.047618035000028,26.823228257000043],[120.033702019000103,26.829738674000051],[120.024506056000078,26.83787669500008],[120.025157097000047,26.860174872000044],[120.04420006600003,26.876695054000027],[120.055267774000072,26.889390367000107],[120.031993035000028,26.899888414000092],[120.055756056000078,26.899888414000092],[120.06568444100003,26.897853908000066],[120.073496941000016,26.893052476000054],[120.079112175000091,26.888373114000053],[120.083262566000045,26.886297919000068],[120.095550977000016,26.887274481000077],[120.102793816000045,26.89008209800005],[120.109629754000025,26.894354559000078],[120.120697462000066,26.899888414000092],[120.113617384,26.918768622000062],[120.125743035000042,26.927313544000075],[120.147227410000028,26.929022528000079],[120.168467644000089,26.927232164000088],[120.200775587000052,26.915432033000073],[120.209483269000089,26.913560289000092],[120.219086134,26.915432033000073],[120.224131707000083,26.918687242000086],[120.228607618000055,26.923000393000052],[120.237396681000078,26.927232164000088],[120.229991082000083,26.940904039000095],[120.234711134,26.945624091000067],[120.239349806000064,26.952337958000033],[120.243662957000083,26.955145575000081],[120.235687696000014,26.966376044000057],[120.225922071000014,26.96735260600008],[120.213877800000105,26.963812567000037],[120.199554884,26.961371161000049],[120.187022332000069,26.963527736000056],[120.148692254000039,26.981878973000061],[120.193207227000016,26.98135000200006],[120.21607506600003,26.984076239000043],[120.229991082000083,26.989325262000087],[120.237396681000078,26.981878973000036],[120.255218946000014,26.997056382000039],[120.255625847000033,27.017523505000053],[120.241547071000014,27.034002997000091],[120.216319207000097,27.037095445000094],[120.216319207000097,27.04393138200005],[120.232188347000047,27.050685940000054],[120.245209181000064,27.065334377000056],[120.257823113000086,27.07265859600005],[120.271494988000086,27.057562567000048],[120.278330925000091,27.06378815300009],[120.264008009,27.098578192000048],[120.258392774000072,27.107082424000062],[120.252452019000103,27.113959052000045],[120.247162306000078,27.12164948100008],[120.243662957000083,27.132717190000058],[120.255137566000045,27.133042710000037],[120.262054884,27.12995026200009],[120.274912957000083,27.11562734600005],[120.282725457000097,27.112290757000043],[120.357920769000103,27.098374742000082],[120.377533399000086,27.098578192000058],[120.395030144000074,27.106024481000066],[120.373871290000011,27.106024481000066],[120.373871290000011,27.112250067000058],[120.381358269000089,27.112250067000058],[120.381358269000089,27.119045315000051],[120.36703535200003,27.125230210000041],[120.373871290000011,27.132717190000058],[120.381358269000089,27.125230210000041],[120.407969597000033,27.132717190000058],[120.407969597000033,27.139553127000056],[120.373871290000011,27.146958726000044],[120.384613477000016,27.14984772300005],[120.406586134,27.14642975500005],[120.421722852000016,27.146958726000044],[120.421722852000016,27.15314362200008],[120.401866082000083,27.16522858300003],[120.386241082000083,27.17951080900011],[120.369883660000013,27.187486070000105],[120.347259962000081,27.180487372000066],[120.365489129000039,27.20962148600006],[120.364838087000066,27.22508372600004],[120.347259962000081,27.242580471000046],[120.342784050000091,27.235825914000081],[120.341319207000083,27.233058986000088],[120.3398543630001,27.228908596000057],[120.333588087000066,27.228908596000046],[120.333588087000066,27.23509349200009],[120.319102410000013,27.225897528000058],[120.306407097000033,27.215277411000041],[120.297618035000042,27.226792710000048],[120.270030144000089,27.239447333000054],[120.264008009,27.252834377000056],[120.256602410000042,27.256903387000083],[120.239349806000064,27.251125393000045],[120.209483269000089,27.23509349200009],[120.206634962000066,27.230454820000087],[120.205414259,27.223863023000018],[120.201914910000042,27.217840887000062],[120.192393425000091,27.215277411000031],[120.182383660000013,27.216864325000085],[120.177500847000019,27.221502997000094],[120.175547722000033,27.228949286000041],[120.175303582000097,27.238836981000077],[120.191416863000086,27.256048895000049],[120.195811394000103,27.263006903000086],[120.195567254000025,27.269761460000041],[120.193125847000033,27.278062242000082],[120.192149285000013,27.28766510600008],[120.195811394000103,27.297796942000058],[120.212982618000083,27.283026434000075],[120.219248894000089,27.270941473000054],[120.225677931000064,27.268622137000072],[120.243662957000083,27.283514716000081],[120.243662957000083,27.290350653000079],[120.235606316000016,27.294012762000076],[120.230723504000025,27.298325914000092],[120.227305535000042,27.303941148000039],[120.22372480600005,27.311468817000044],[120.237884962000066,27.309149481000091],[120.248301629000025,27.303534247000076],[120.258555535000028,27.299994208000051],[120.271494988000086,27.304022528000065],[120.267100457000097,27.308579820000094],[120.265961134,27.311916408000076],[120.265716993000069,27.316351630000064],[120.264008009,27.324448960000037],[120.276133660000028,27.316717841000067],[120.280772332000083,27.311753648000028],[120.2851668630001,27.304022528000093],[120.291514519000089,27.30890534100007],[120.311859571000014,27.317694403000075],[120.309092644000074,27.303941148000039],[120.305756056000064,27.300604559000092],[120.298838738000086,27.297796942000058],[120.306407097000033,27.290350653000079],[120.310313347000033,27.294175523000046],[120.310069207000083,27.29531484600005],[120.311127149000086,27.293890692000033],[120.319346550000091,27.290350653000079],[120.307627800000091,27.284816799000058],[120.295258009,27.27627187700006],[120.288096550000091,27.26447174700008],[120.292002800000091,27.249416408000052],[120.303070509000023,27.242254950000078],[120.317881707000097,27.243231512000083],[120.33326256600003,27.247300523000021],[120.347259962000081,27.249416408000073],[120.376231316000045,27.23627350500006],[120.406748894000089,27.184230861000053],[120.429209832000097,27.173651434000078],[120.420420769000074,27.197902736000064],[120.41920006600003,27.206366278000086],[120.418711785000042,27.209662177000034],[120.421722852000016,27.222072658000066],[120.437022332000083,27.219468492000093],[120.450287306000078,27.223293361000067],[120.459727410000042,27.220445054000034],[120.463389519000089,27.197902736000064],[120.468353712000081,27.182196356000105],[120.481455925000091,27.186346747000073],[120.499034050000077,27.197211005000053],[120.517832879000039,27.201605536000052],[120.508148634,27.216009833000044],[120.512054884,27.223618882000043],[120.521006707000069,27.229559637000079],[120.525970899000072,27.238836981000077],[120.522715691000045,27.253810940000065],[120.520030144000103,27.261704820000098],[120.517832879000039,27.263006903000086],[120.521494988000086,27.268296617000097],[120.525970899000072,27.272650458000051],[120.531586134000023,27.276678778000075],[120.534678582000097,27.279608466000067],[120.539398634,27.28188711100006],[120.543955925000105,27.285956122000083],[120.545909050000091,27.294012762000069],[120.545258009,27.308498440000051],[120.54615319100003,27.315497137000083],[120.549327019000089,27.32103099200009],[120.547455274000072,27.32758209800005],[120.534190300000077,27.333197333000054],[120.517181837000066,27.337225653000065],[120.504893425000091,27.338771877000053],[120.504893425000091,27.344956773000028],[120.5273543630001,27.349798895000063],[120.539642774000086,27.365220445000091],[120.544932488000086,27.38519928600002],[120.545909050000091,27.403265692000037],[120.559580925000077,27.402085679000031],[120.622569207000069,27.380357164000081],[120.635264519000089,27.379706122000087],[120.639414910000028,27.384426174000055],[120.648936394000089,27.400213934000067],[120.639414910000028,27.408270575000078],[120.636241082000097,27.416001695000091],[120.637705925000091,27.424302476000033],[120.646494988000086,27.444484768000049],[120.650482618000069,27.446112372000069],[120.656016472000033,27.446275132000039],[120.665619337000081,27.451727606000087],[120.678070509000023,27.466457424000083],[120.681976759,27.481594143000027],[120.676849806000064,27.494614976000026],[120.661957227,27.503241278000079],[120.652110222000047,27.503363348000061],[120.633387286000016,27.507312262000095],[120.618459084000037,27.516421152000078],[120.613848528000062,27.529633207000085],[120.605784975,27.549958836000094],[120.596574425000085,27.570282778000042],[120.60687424700005,27.58148778300006],[120.618331438000027,27.593725426000066],[120.635590040000025,27.608710028000083],[120.666483756000048,27.625357910000055],[120.67562910200003,27.65965403900007],[120.67310631600003,27.659613348000061],[120.667577173000055,27.668060199000085],[120.669861212000015,27.677213023000039],[120.680180549000042,27.686379299000059],[120.673594597000019,27.704250393000049],[120.672455274000072,27.711493231000095],[120.645274285000028,27.734279690000044],[120.636729363000086,27.745835679000038],[120.635264519000089,27.763332424000058],[120.652679884000023,27.753241278000061],[120.687266472000047,27.72671133000005],[120.704254894000087,27.712838551000047],[120.722614496,27.715909536000083],[120.740960051000016,27.733202733000049],[120.7696300140001,27.772849369000095],[120.796018258,27.805369744000089],[120.807486256000075,27.834826693000092],[120.827004263000049,27.849049252000047],[120.852271982000062,27.858191886000053],[120.868363681000019,27.882559233000052],[120.862611886000082,27.902874352000087],[120.863761748,27.91810565600008],[120.854258660000042,27.934637762000083],[120.847259962000081,27.94896067900002],[120.835297071000028,27.955959377000056],[120.750580274000072,27.97557200700005],[120.738536004000025,27.983099677000055],[120.707286004000025,28.009711005000039],[120.673594597000019,28.021714585000062],[120.658946160000028,28.023993231000095],[120.604258660000028,28.023993231000095],[120.588959181000064,28.026678778000086],[120.582041863000086,28.034328518000031],[120.580088738000086,28.046128648000035],[120.580170118000069,28.089789130000042],[120.574473504000011,28.100002346000057],[120.559580925000077,28.112779039000099],[120.576996290000011,28.115627346000064],[120.584971550000077,28.095526434000071],[120.590179884,28.054388739000064],[120.606049024000058,28.042222398000032],[120.62094160200003,28.039943752000045],[120.661957227,28.044501044000079],[120.707530144000103,28.041205145000038],[120.731049024000086,28.03583405200003],[120.747569207000097,28.027085679000038],[120.762705925000091,28.014308986000067],[120.781097852000016,28.002386786000052],[120.8007918630001,27.993394273000028],[120.81959069100003,27.98924388200005],[120.855804884000023,27.996730861000064],[120.879974806000078,27.998724677000041],[120.898448113000072,27.992661851000054],[120.921397332000069,27.98167552300005],[120.965227775000017,27.987144917000073],[120.980936084000064,28.005536972000069],[120.993512298000041,28.025779091000054],[121.000885503000063,28.050635666000069],[121.002017130000027,28.085642366000062],[121.009378218000066,28.103132635000062],[121.031376138000041,28.126106653000086],[121.05338456700008,28.148163117000085],[121.085836326000063,28.16650385900002],[121.100527378000038,28.18489426300005],[121.108943498000016,28.199610238000052],[121.119466779000049,28.21893617000007],[121.124753056000046,28.235520137000041],[121.130095272000062,28.26592875100005],[121.121803213000021,28.284362236000053],[121.078949415000011,28.278143622000062],[121.058116082000069,28.279933986000067],[121.039561394000089,28.285345770000049],[121.024994337000081,28.30459219000004],[121.034922722000033,28.308172919000071],[121.059092644000089,28.311428127000049],[121.066661004000025,28.311428127000049],[121.072113477,28.291693427000041],[121.088470899000072,28.293198960000026],[121.130250038000085,28.305554447000091],[121.144297722000019,28.343573309000085],[121.168955925000091,28.359767971000039],[121.161631707000083,28.37750885600008],[121.168955925000091,28.384833075000081],[121.184092644000103,28.382147528000065],[121.21412194100003,28.360581773000042],[121.230967644000089,28.35907623900005],[121.264659050000091,28.366034247000076],[121.256195509,28.355169989000057],[121.244151238000086,28.349107164000092],[121.230479363000086,28.348089911000041],[121.217539910000028,28.352362372000073],[121.210297071000028,28.343736070000087],[121.203135613000086,28.331854559000071],[121.236827019000089,28.306097723000057],[121.24887129,28.270209052000045],[121.225165393000012,28.238862571000091],[121.261694504000047,28.225790679000053],[121.275184342000117,28.208199163000071],[121.287852410000028,28.180894273000025],[121.297211134,28.176459052000045],[121.309336785000042,28.174872137000076],[121.326182488000086,28.151800848000047],[121.330088738000086,28.147528387000087],[121.340098504000025,28.146429755000042],[121.345795118000083,28.145168361000064],[121.351410352000016,28.146551825000085],[121.360850457000097,28.153753973000043],[121.368174675000105,28.162014065000072],[121.374034050000105,28.172593492000097],[121.376719597000047,28.184149481000098],[121.374522332000083,28.195257880000032],[121.368662957000083,28.19204336100006],[121.354014519000089,28.187892971000039],[121.358897332000083,28.202215887000094],[121.361094597000047,28.214748440000061],[121.364838087000052,28.22581614800005],[121.374522332000083,28.236273505000042],[121.388031446,28.242661851000065],[121.398936394000089,28.243841864000057],[121.408050977000016,28.246283270000038],[121.416026238000086,28.25617096600007],[121.418793165000011,28.269720770000056],[121.411468946000014,28.273911851000047],[121.401377800000091,28.276109117000093],[121.395518425000091,28.284084377000038],[121.398936394000089,28.298488674000058],[121.408946160000028,28.304917710000048],[121.420664910000042,28.304185289000099],[121.429779493000069,28.297105210000048],[121.436045769000103,28.297105210000041],[121.437266472000047,28.305609442000044],[121.441254102,28.311712958000044],[121.447764519000074,28.315904039000092],[121.456390821000014,28.31883372600004],[121.473086089000049,28.33060285200008],[121.499986486000026,28.332673020000072],[121.521960691,28.326868963000035],[121.541491225000087,28.321786815000046],[121.567488561,28.304495007000089],[121.580577019000089,28.300848700000088],[121.578135613000086,28.260321356000087],[121.585541212000066,28.256822007000032],[121.607920769000089,28.270453192000048],[121.621348504000039,28.285101630000035],[121.641693556000064,28.321844794000086],[121.656341993000055,28.339300848000061],[121.647715691000016,28.348456122000066],[121.640879754000039,28.349676825000071],[121.63404381600003,28.347235419000075],[121.631531665000011,28.355842956000064],[121.628525009000086,28.363901837000068],[121.632263046000034,28.379445683000096],[121.615888320000082,28.397214387000055],[121.607463400000029,28.420318753000064],[121.592874309000081,28.431106205000052],[121.583776933000081,28.442946184000061],[121.58443942800001,28.454214643000061],[121.60036092900009,28.465425109000076],[121.607742701,28.477202856000073],[121.584601104000058,28.489102413000076],[121.544926341000078,28.492473898000071],[121.521250847000033,28.490708726000047],[121.51156660200003,28.489488023000032],[121.521006707000083,28.501044012000094],[121.534922722000033,28.503404039000092],[121.550873243000069,28.502142645000042],[121.581619206000028,28.504690259000089],[121.573159822000108,28.525133728000082],[121.54943924500003,28.551010215000076],[121.538433274000013,28.571445577000073],[121.530369508000035,28.599478876000031],[121.525556240000014,28.624654651000075],[121.51012813400007,28.657059309000072],[121.490000847000033,28.665716864000039],[121.454844597000033,28.689520575000078],[121.413828972000033,28.696600653000083],[121.381358269000103,28.681952216000067],[121.365000847000033,28.696030992000104],[121.327647332000083,28.692043361000053],[121.258392774000086,28.675116278000058],[121.270355665000011,28.687445380000035],[121.286468946000028,28.692694403000083],[121.29867597700003,28.701239325000078],[121.299327019000103,28.722886460000044],[121.285899285000013,28.738267320000094],[121.240814649000072,28.752752997000076],[121.231211785000028,28.76015859600005],[121.227386915000025,28.770738023000042],[121.218272332000097,28.785793361000071],[121.206065300000105,28.799058335000051],[121.193451368000069,28.804836330000043],[121.171885613000072,28.806952216000084],[121.159678582000083,28.813544012000076],[121.142344597000033,28.839585679000031],[121.142344597000033,28.845851955000054],[121.152110222000033,28.842515367000079],[121.155772332000083,28.837551174000048],[121.157725457000097,28.831488348000047],[121.162852410000042,28.825344143000066],[121.173594597000047,28.817857164000099],[121.190033399000072,28.811672268000063],[121.201019727000016,28.809515692000055],[121.208018425000091,28.809556382000039],[121.214447462000066,28.807318427000034],[121.224375847000047,28.798041083000058],[121.227386915000025,28.79140859600005],[121.234711134000023,28.769964911000045],[121.237884962000081,28.763861395000042],[121.246429884,28.760077216000067],[121.268890821000014,28.758286851000058],[121.278900587000052,28.756415106000073],[121.29029381600003,28.751613674000062],[121.294932488000086,28.748114325000053],[121.298431837000081,28.743638414000081],[121.306162957000069,28.735907294000071],[121.320160352,28.724839585000048],[121.334239129000025,28.717027085000069],[121.351166212000066,28.711859442000041],[121.502777540000011,28.700384833000065],[121.605560743000055,28.724676825000074],[121.621429884,28.735907294000071],[121.622406446000014,28.741888739000046],[121.619720899000072,28.748277085000048],[121.614756707000069,28.756415106000073],[121.618256056000064,28.761948960000055],[121.622325066000016,28.765529690000051],[121.626231316000045,28.768052476000044],[121.628916863000086,28.770697333000047],[121.635508660000028,28.778509833000044],[121.642588738000072,28.78400299700008],[121.651133660000028,28.787909247000062],[121.662608269000089,28.790594794000082],[121.662608269000089,28.79804108300004],[121.635752800000091,28.79804108300004],[121.635752800000091,28.804836330000033],[121.646739129000039,28.80768463700009],[121.653819207000097,28.811957098000057],[121.669932488000086,28.825344143000041],[121.662364129000039,28.83344147300005],[121.656504754000039,28.838039455000064],[121.641937696000014,28.845851955000054],[121.635020379000025,28.845200914000102],[121.628265821000014,28.841253973000057],[121.623545769000103,28.84227122600004],[121.621429884,28.856350002000049],[121.622650587000081,28.861273505000046],[121.627777540000025,28.870835679000066],[121.628916863000086,28.877142645000045],[121.626719597000033,28.880845445000087],[121.616953972000033,28.88027578300008],[121.610850457000083,28.891180731000048],[121.601654493000069,28.893622137000076],[121.590342644000089,28.891913153000058],[121.580577019000089,28.886786200000078],[121.566172722000033,28.893377997000069],[121.549815300000091,28.897853908000073],[121.5351668630001,28.903713283000059],[121.525889519000089,28.914699611000081],[121.517670118000069,28.912787177000041],[121.511810743000069,28.916937567000037],[121.507660352000016,28.92499420800003],[121.504893425000105,28.935207424000062],[121.491791212000052,28.928371486000056],[121.497813347000047,28.949652411000045],[121.51685631600003,28.956366278000104],[121.537119988000086,28.955023505000025],[121.546478712000081,28.95221588700009],[121.554291212000066,28.935695705000057],[121.570811394000089,28.930080471000068],[121.585297071,28.938299872000066],[121.587412957000083,28.963120835000037],[121.605316602000016,28.942572333000047],[121.628509962000052,28.931952216000067],[121.684174024000058,28.914699611000049],[121.689463738000086,28.927801825000092],[121.697520379000039,28.936835028000083],[121.717784050000105,28.948797919000082],[121.709483269000103,28.951157945000091],[121.692149285000028,28.953355210000044],[121.684174024000058,28.955633856000073],[121.682871941000045,28.958889065000051],[121.684174024000058,28.963446356000084],[121.684662306000078,28.967515367000082],[121.680186394000103,28.96930573100008],[121.668955925000091,28.968980210000034],[121.663828972000047,28.969916083000051],[121.65943444100003,28.972723700000106],[121.653819207000097,28.988592841000063],[121.661713087000066,29.002915757000043],[121.675873243000083,29.013251044000061],[121.689789259000023,29.017075914000088],[121.681732618000055,29.026760158000066],[121.641937696000014,29.051255601000019],[121.617442254000011,29.039984442000037],[121.557383660000042,29.049017645000045],[121.539561394000089,29.03758372600003],[121.552744988000086,29.028713283000037],[121.548594597000047,29.02142975500006],[121.538096550000091,29.018052476000022],[121.532074415,29.020493882000057],[121.530284050000105,29.05117422100005],[121.536875847000033,29.061183986000067],[121.556407097000033,29.064886786000038],[121.571136915000025,29.06085846600006],[121.58505293100005,29.053615627000053],[121.599213087000066,29.050238348000057],[121.614756707000069,29.058050848000072],[121.621429884,29.070868231000087],[121.624603712000066,29.088283596000046],[121.624522332000069,29.10439687700006],[121.621429884,29.11326732000008],[121.528656446000028,29.115057684000075],[121.496836785000042,29.10443756700008],[121.401703321000028,29.106512762000065],[121.415375196000014,29.119696356000091],[121.428314649000072,29.127142645000063],[121.441498243000069,29.131089585000026],[121.456390821000014,29.133775132000046],[121.456390821000014,29.140611070000094],[121.436045769000103,29.140611070000094],[121.438080274000072,29.14386627800009],[121.438487175000105,29.144842841000067],[121.439300977000016,29.145453192000051],[121.4433699880001,29.147406317000055],[121.408539259,29.161118882000011],[121.41976972700003,29.171454169000075],[121.431407097000047,29.17218659100007],[121.456390821000014,29.161118882000011],[121.461517774000058,29.176459052000038],[121.471202019000089,29.191351630000032],[121.480235222000033,29.197211005000035],[121.4843856130001,29.185288804],[121.490977410000028,29.175970770000042],[121.503509962000066,29.178941148000035],[121.511729363000086,29.189276434000085],[121.504893425000105,29.202093817000051],[121.504893425000105,29.208929755000035],[121.516937696000014,29.219061591000077],[121.530528191000045,29.238226630000032],[121.536387566000016,29.258286851000022],[121.525889519000089,29.270982164000106],[121.525889519000089,29.277777411000052],[121.550547722000033,29.271429755000057],[121.562754754000025,29.271877346000021],[121.574310743000083,29.277777411000052],[121.567230665000025,29.285305080000068],[121.562022332000083,29.295843817000076],[121.563080274000072,29.304185289000081],[121.574310743000083,29.305121161000038],[121.583994988000086,29.299872137000051],[121.588715040000011,29.29148997600004],[121.606455925000105,29.227362372000069],[121.614756707000069,29.206000067000065],[121.628916863000086,29.188421942000044],[121.632334832000083,29.210638739000046],[121.62289472700003,29.264105536000049],[121.628916863000086,29.284613348000079],[121.624847852000016,29.301459052000048],[121.640391472000019,29.306626695000098],[121.654551629000025,29.299994208000051],[121.64576256600003,29.281195380000057],[121.641612175000105,29.267564195000066],[121.639170769000103,29.21727122600003],[121.641937696000014,29.202093817000051],[121.652457796000022,29.183020241000072],[121.670597432000022,29.175747914000038],[121.704460183000052,29.17418236200006],[121.724328159000052,29.182034848000068],[121.738780144000089,29.195868231000073],[121.745697462000066,29.20160553600007],[121.758636915000025,29.229396877000084],[121.774313759000052,29.253887369000047],[121.77788054600002,29.296383845000012],[121.770843946000014,29.337795315000047],[121.758636915000025,29.359767971000082],[121.76685631600003,29.367743231000084],[121.775889519000103,29.37262604400005],[121.786631707000069,29.374497789000085],[121.799652540000025,29.373968817000044],[121.787933790000011,29.342596747000069],[121.788177931000064,29.328558661000056],[121.799652540000025,29.318793036000056],[121.804942254000025,29.323716539000092],[121.816986524000072,29.332180080000061],[121.830658399000058,29.333889065000065],[121.840586785000028,29.318793036000056],[121.828868035000028,29.318548895000053],[121.8183699880001,29.316229559000067],[121.808685743000069,29.311753648000042],[121.799652540000025,29.30512116100002],[121.801820943000067,29.292667717000111],[121.795868692,29.26603660200006],[121.794901218000078,29.243704718000043],[121.789770367000074,29.215625263000039],[121.788035726000103,29.20194310800008],[121.78534674400008,29.168085488000095],[121.812551203000012,29.161484647000076],[121.840586785000028,29.161118882000011],[121.89380944100003,29.187079169000082],[121.922129754000025,29.195786851000037],[121.942963087000066,29.195868231000073],[121.939952019000089,29.204291083000033],[121.939707879000039,29.210109768000066],[121.942963087000066,29.223211981000091],[121.957286004000025,29.216376044000071],[121.950694207000083,29.237127997000069],[121.953216993000083,29.249660549000065],[121.966563347000033,29.255764065000047],[121.991465691000045,29.25731028900007],[121.985850457000083,29.263332424000055],[121.975596550000105,29.280951239000032],[121.974375847000019,29.284613348000079],[121.962657097000047,29.281439520000049],[121.949554884,29.267279364000053],[121.939952019000089,29.264146226000044],[121.922211134,29.270493882000039],[121.905853712000081,29.284613348000068],[121.900482618000069,29.298651434000071],[121.915782097000033,29.305121161000031],[121.911631707000097,29.31500885600007],[121.908946160000028,29.318793036000045],[121.925059441000045,29.319077867000107],[121.931407097000033,29.323879299000048],[121.93148847700003,29.331203518000059],[121.929453972000033,29.339260158000059],[121.92701256600003,29.338609117000086],[121.91624575700007,29.348936661000039],[121.916348019000012,29.363294053000047],[121.921443270000069,29.381303450000072],[121.915729364000057,29.39070356600007],[121.921577219000014,29.398634371000053],[121.92910204500005,29.408735091000047],[121.92255563600007,29.418146385000036],[121.930056244000085,29.425314777000057],[121.936289910000028,29.427720445000087],[121.947520379000025,29.42108795800004],[121.957286004000025,29.408148505000032],[121.957774285000042,29.423081773000053],[121.963226759000023,29.431952216000045],[121.969330274000072,29.439154364000046],[121.970957879000039,29.449123440000051],[121.942718946000014,29.479722398000032],[121.939952019000089,29.487005927000034],[121.944102410000013,29.497707424000069],[121.9355574880001,29.504380601000044],[121.922211134,29.509222723000043],[121.912364129000025,29.514308986000042],[121.910411004000039,29.524562893000045],[121.922129754000025,29.531154690000069],[121.949799024000072,29.538478908000062],[121.941172722000033,29.551174221000046],[121.949717644000089,29.55634186400005],[121.963715040000011,29.560207424000055],[121.970957879000039,29.568915106000073],[121.971202019000089,29.593329169000064],[121.966319207000083,29.602484442000023],[121.953623894000103,29.606146552000048],[121.94263756600003,29.611273505000042],[121.927256707000097,29.634466864000053],[121.915782097000033,29.640855210000044],[121.899643572000045,29.627526790000044],[121.880137566000045,29.623521226000044],[121.867930535000013,29.627264716000081],[121.854014519000089,29.615912177000013],[121.834527720000096,29.615570072000089],[121.8183699880001,29.606634833000051],[121.79612041300004,29.600591156000061],[121.77432204500009,29.575436248000074],[121.748422079000065,29.562566943000036],[121.74496504,29.544663804000038],[121.758273503000069,29.54809864200007],[121.765716993000083,29.545721747000066],[121.782725457000083,29.543443101000054],[121.799815300000077,29.545599677000041],[121.813975457000083,29.552150783000048],[121.825531446000014,29.546372789000078],[121.836517774000072,29.542385158000044],[121.844818556000064,29.536200262000058],[121.847422722000047,29.524237372000087],[121.830577019000089,29.528062242000097],[121.82132673,29.514598607000053],[121.81198839800004,29.490118476000077],[121.790326443000026,29.475795453000028],[121.778381310000114,29.469423078000094],[121.764567208,29.476650154000055],[121.761289010000041,29.486046644000059],[121.75722263800003,29.499048921000067],[121.766460702000032,29.520648665000067],[121.763999312000024,29.530761435000056],[121.745860222000047,29.523098049000073],[121.737640821,29.518988348000043],[121.731293165000011,29.518011786000052],[121.726573113000086,29.522284247000051],[121.725352410000042,29.529038804000042],[121.725352410000042,29.53546784100007],[121.724619988000086,29.538478908000062],[121.710948113000086,29.538641669000075],[121.699799024000072,29.534328518000063],[121.681755579000082,29.523910369000092],[121.674300001,29.520331513000102],[121.675547722000019,29.510484117000097],[121.642672449000102,29.495218252000086],[121.601994452000085,29.483113264000057],[121.581255792000093,29.47813910700005],[121.569641348,29.47457382400005],[121.559655548000038,29.463073242000068],[121.553808509000078,29.450117227000092],[121.548796123000116,29.438601128000073],[121.53797279100003,29.424224223000035],[121.531325119000044,29.417036778000067],[121.519709767,29.406974949000066],[121.508929985,29.398349478000057],[121.497313784000099,29.393352530000076],[121.484864074000029,29.390540112000021],[121.478851759,29.402899481000091],[121.476654493000069,29.407782294000079],[121.477631056000078,29.412746486000053],[121.480967644000089,29.414984442000041],[121.497162306000064,29.422186591000067],[121.511729363000086,29.437567450000071],[121.513682488000086,29.451971747000055],[121.491791212000052,29.45595937700006],[121.500091993000069,29.475897528000083],[121.504893425000105,29.483832098000033],[121.479746941000045,29.474758205000047],[121.473461095000062,29.448933444000101],[121.465074159000096,29.420886452000051],[121.442592894000072,29.415369252000065],[121.442711322000022,29.439767174000071],[121.427835604000052,29.467946956000052],[121.441159789000054,29.481526372000062],[121.455323726000088,29.489355303000075],[121.457018714000014,29.50087088800008],[121.448252800000091,29.514105536000034],[121.4433699880001,29.51801178600002],[121.4433699880001,29.524237372000066],[121.458343946000028,29.525213934000089],[121.467865431000078,29.531195380000046],[121.475433790000025,29.538763739000075],[121.4843856130001,29.544663804000038],[121.499278191000045,29.549261786000045],[121.511043465000043,29.548988326000106],[121.516835916000105,29.546090835000076],[121.520119206,29.528061679000061],[121.522550001000027,29.51292168800007],[121.530822295,29.510014922000039],[121.574310743000083,29.552150783000048],[121.592539910000028,29.543605861000064],[121.609141472000047,29.545721747000094],[121.623871290000011,29.554429429000049],[121.635898381000075,29.554350982000074],[121.648203972000033,29.556708075000085],[121.667002800000105,29.556586005000014],[121.687347852000016,29.562648830000061],[121.704112175000091,29.572007554000049],[121.717726545,29.588653511000068],[121.776465323000039,29.652624736000067],[121.834597893000023,29.687086355000076],[121.862448252000036,29.70800212100006],[121.866107184000057,29.736565399000082],[121.873148944000036,29.753828466000066],[121.885324639000032,29.761283764000037],[121.902170865000016,29.752539493000068],[121.924410218000062,29.773473243000062],[121.93677819100003,29.791693427000052],[121.966046811000083,29.811246582000095],[121.983039010000098,29.823175763000044],[122.028168165,29.836004950000078],[122.068614129000025,29.851548570000013],[122.114755315000039,29.871553919000064],[122.136414564,29.884535001000067],[122.129143302000116,29.903776502000092],[122.105886547000068,29.906953422000051],[122.086680535000028,29.899359442000037],[122.067637566000016,29.889553127000056],[122.056244337000066,29.88735586100006],[121.981700066000016,29.890285549000041],[121.962412957000097,29.888495184000103],[121.949590781000097,29.886934479000033],[121.9355574880001,29.887355861000049],[121.914876497000037,29.918695843000073],[121.899252646000036,29.923139473000074],[121.873230527000018,29.932336897000084],[121.849814299000059,29.940380340000058],[121.816429697000089,29.951481368000106],[121.796641472000047,29.963039455000079],[121.767481886000041,29.973176555000077],[121.750110082000106,29.97250518700007],[121.732247875000098,29.962060135000034],[121.721934441000045,29.960516669000086],[121.73234373800004,29.97860254300009],[121.706763029000058,29.985109125000051],[121.677755922000074,30.000640952000076],[121.658305556000073,30.018388939000086],[121.643193688,30.036492668000047],[121.623321697000051,30.059874673000081],[121.587034202000055,30.11151193900006],[121.554596369000024,30.160891366000051],[121.506846715000066,30.220026009000026],[121.429591945000084,30.292976266000039],[121.377384147000043,30.325063579000073],[121.313217518000101,30.338191748000057],[121.254102428000024,30.348393234000056],[121.185389383000029,30.337563798000073],[121.149696726000016,30.325753330000058],[121.128779106000025,30.30162684000004],[121.109141472000019,30.2827822940001],[120.994395379000011,30.211086330000064],[120.96021569100003,30.195786851000044],[120.954193556000064,30.191961981000087],[120.923503959000072,30.18586623900006],[120.892812151000058,30.169796399000052],[120.853215222000017,30.17443601400003],[120.82862042500004,30.184990129000063],[120.813487158000044,30.213253156000054],[120.75142508700003,30.225625953000069],[120.701046398000017,30.184552056000097],[120.662852410000013,30.141180731000066],[120.646250847000033,30.126939195000023],[120.664561394000089,30.109605210000041],[120.687998894000103,30.097805080000047],[120.71412194100003,30.093329169000071],[120.764659050000091,30.096625067000044],[120.783702019000103,30.089300848000029],[120.792246941000016,30.066066799000051],[120.784027540000011,30.071682033000052],[120.771983269000089,30.083197333000054],[120.764984571000028,30.086615302000027],[120.75497480600005,30.086859442000033],[120.723399285000042,30.079738674000044],[120.70101972700003,30.080755927000041],[120.682465040000011,30.084906317000048],[120.653323358000094,30.10254460000003],[120.631789022000021,30.122387742000058],[120.630109949000044,30.134972164000072],[120.643813385000058,30.145872987000047],[120.665955661000012,30.166241500000076],[120.691352110000025,30.197451019000081],[120.734401161000051,30.232213143000067],[120.725517665000098,30.242635629000045],[120.698685887000025,30.251796329000058],[120.684941141000095,30.271780919000037],[120.657347481000116,30.336294046000031],[120.651670616000047,30.359270455000054],[120.621605795000065,30.37256287800005],[120.524908407000012,30.377872730000021],[120.477133077000076,30.374754400000107],[120.450494314000039,30.368860059000049],[120.420955579000051,30.305419965000031],[120.404633009000023,30.279933986000071],[120.395030144000074,30.264715887000055],[120.384720043000016,30.249588166000063],[120.368120847,30.24085115500009],[120.350337835,30.240734061000051],[120.331367696000029,30.249238020000067],[120.314568696000038,30.26351106900005],[120.29552252500001,30.278726003000092],[120.274387135000111,30.277618205000053],[120.2500106130001,30.270086981000087],[120.230242990000079,30.236035389000033],[120.199961785000028,30.217840887000094],[120.178965691000045,30.200669664000085],[120.147094433000021,30.198890965000096],[120.195767260000025,30.23288844600005],[120.239777672000073,30.288880449000086],[120.257904493000083,30.298081773000035],[120.2851668630001,30.298814195000027],[120.31625410200003,30.290920315000054],[120.342275547000099,30.274246356000017],[120.364554841000086,30.268637257000083],[120.37896691200001,30.273523748000077],[120.388831658000072,30.29084499400005],[120.39748223900007,30.321579641000092],[120.407231897000088,30.354235897000073],[120.416024599000011,30.367709702000056],[120.430315379000049,30.389840062000086],[120.479144932000068,30.403523661000058],[120.619192971000075,30.406095993000051],[120.667001678,30.401499973000043],[120.698148226000072,30.393950619000087],[120.727118855000072,30.375846261000042],[120.744963021000117,30.359614429000086],[120.753989410000031,30.327061664000027],[120.769619208000123,30.306027723000064],[120.787433195000062,30.293625282000065],[120.810731726000085,30.296567702000043],[120.831791303000045,30.305250446000048],[120.850580163,30.330217528000048],[120.888194207000083,30.368557033000055],[120.900726759000023,30.373602606000084],[120.915131056000078,30.374579169000047],[120.915131056000078,30.38076406500004],[120.909027540000025,30.384426174000037],[120.904551629000025,30.388617255000042],[120.894786004000025,30.401271877000067],[120.901703321000028,30.403550523000057],[120.921641472000019,30.405218817000037],[120.928802931000064,30.408107815000033],[120.939545118000069,30.421942450000078],[120.938487175000105,30.430731512000079],[120.932383660000028,30.439398505000071],[120.928802931000064,30.453070380000032],[120.931651238000086,30.47304922100005],[120.948890736000067,30.506815232000072],[120.977758677,30.543317594000087],[120.99814597,30.557924187000076],[121.020225663,30.571071146000055],[121.047400391,30.582757028000056],[121.102386915000011,30.589056708000054],[121.121348504000011,30.593003648000018],[121.1308699880001,30.599758205000064],[121.13656660200003,30.608140367000068],[121.141612175000077,30.617743231000091],[121.148529493000083,30.62783437700006],[121.158946160000013,30.636704820000045],[121.177744988000086,30.645656643000024],[121.202891472000033,30.665106512000076],[121.221934441000045,30.674994208000054],[121.264659050000091,30.689195054000027],[121.333506707000083,30.70307038000006],[121.350596550000091,30.71344635600007],[121.410597586000094,30.76738809500004],[121.456406123000079,30.783278050000053],[121.492037449,30.797734233000078],[121.542937038000105,30.816494909000095],[121.631132255000026,30.836555533000084],[121.732834633000039,30.846316906000087],[121.810808542000018,30.853230646000046],[121.907399241,30.857085524000077],[121.960075378000056,30.874256782000096],[121.97738292300005,30.914923436000027],[121.950820062000062,30.982080909000054],[121.877024548000023,31.09913587800008],[121.777501713000106,31.214393784000041],[121.725163995000017,31.281567150000061],[121.669932488000086,31.31305573100008],[121.631602410000028,31.335760809000092],[121.546234571000014,31.366115627000063],[121.448008660000013,31.426499742000079],[121.417735222000019,31.452785549000037],[121.360850457000097,31.477484442000062],[121.340912306000078,31.490952867000079],[121.320323113000086,31.504828192000048],[121.244720899000072,31.600409247000059],[121.211680535000028,31.627630927000055],[121.144402290000016,31.684658291000058],[121.067026293000026,31.724085562000095],[121.013764364000053,31.743034257000108],[120.980723504000025,31.751206773000053],[120.948496941000045,31.757879950000074],[120.895362851000073,31.76332027400008],[120.83189898,31.777766057000054],[120.748383009000023,31.802232164000102],[120.731455925000077,31.813869533000055],[120.720795118000069,31.831935940000065],[120.717133009,31.861070054000045],[120.727631056000064,31.850653387000069],[120.738536004000025,31.836818752000035],[120.751475457000083,31.824693101000054],[120.80775223800002,31.809740522000066],[120.824798601000012,31.828702466000049],[120.807447033,31.873769896000038],[120.779818159000015,31.915882668000044],[120.750353874000112,31.978336276000061],[120.689952019000089,31.998236395000042],[120.670013868000069,31.998846747000076],[120.604258660000028,31.991441148000018],[120.517832879000039,32.018744208000037],[120.469493035000042,32.025132554000031],[120.455412335,32.021428442000051],[120.454157138000028,32.003185570000085],[120.455781043,31.982518923000036],[120.432220899000086,31.975165106000077],[120.418223504000025,31.969671942000062],[120.341170856000076,31.956320508000076],[120.229991082000083,31.908880927000059],[120.178314649000072,31.904201565000051],[120.130951368000083,31.912298895000038],[120.038828972000033,31.943060614000068],[120.00639553200007,31.950304999000068],[119.97868014300002,31.968956602000045],[119.961222406000061,31.99061580100004],[119.938502075000102,32.018042851000089],[119.907162517000074,32.045384713000054],[119.866953972000047,32.077093817000041],[119.855560743000069,32.086981512000094],[119.784922722000033,32.114325262000072],[119.772471550000091,32.126776434000078],[119.764414910000028,32.143744208000044],[119.763763868000069,32.162502346000053],[119.788584832000083,32.198635158000059],[119.778575066000045,32.204657294000064],[119.75513756600003,32.205877997000059],[119.730235222000047,32.210598049000026],[119.71216881600003,32.222601630000035],[119.701426629000025,32.233465887000094],[119.690440300000091,32.235337632000025],[119.671641472000033,32.220770575000081],[119.659759962000066,32.207912502000035],[119.645274285000042,32.195217190000037],[119.627696160000028,32.18939850500005],[119.606049024000072,32.196926174000055],[119.619883660000042,32.204901434000071],[119.635752800000091,32.211004950000081],[119.649017774000058,32.219549872000073],[119.654551629000025,32.234767971000061],[119.676036004000025,32.278062242000082],[119.678477410000028,32.286281643000073],[119.685394727000016,32.292425848000043],[119.678558790000025,32.306219794000079],[119.660736524000072,32.327215887000087],[119.649017774000058,32.33608633000005],[119.612884962000081,32.354559637000094],[119.640879754000025,32.358832098000036],[119.660899285000013,32.345770575000081],[119.67684980600005,32.328436591000077],[119.692393425000105,32.319769598000072],[119.743907097000033,32.327215887000087],[119.758067254000039,32.32697174700008],[119.781993035000042,32.321234442000062],[119.795176629000011,32.319769598000072],[119.818369988000086,32.313706773000035],[119.842133009000023,32.299058335000041],[119.86215254,32.281154690000044],[119.874278191000045,32.265122789000095],[119.887543165000011,32.213853257000046],[119.900482618000069,32.198187567000026],[119.922129754000025,32.217433986000039],[119.921153191000045,32.196478583000051],[119.910980665000025,32.158148505000057],[119.908457879000025,32.138861395000028],[119.912201368000069,32.123724677000034],[119.921397332000083,32.108547268000052],[119.99203535200003,32.015855210000048],[120.020030144000103,31.99079010600007],[120.052338087000081,31.970933335000055],[120.090098504000025,31.955023505000042],[120.131358269000103,31.943182684000107],[120.175873243000069,31.936672268000063],[120.22372480600005,31.936835028000093],[120.267100457000097,31.948675848000061],[120.300303582000083,31.971665757000011],[120.361582879000011,32.025580145000056],[120.427821027000064,32.052929987000098],[120.490757629000086,32.08245338200004],[120.522360562000017,32.082601237000091],[120.565487622000092,32.07671334500008],[120.634376476000057,32.07700959800006],[120.743644416000038,32.036044757000084],[120.810801629000039,32.022609768000066],[120.846934441000045,31.991441148],[120.90552819100003,31.925970770000035],[120.910899285000013,31.91766998900005],[120.919281446000014,31.899359442000058],[120.925791863000086,31.895900783000041],[120.941416863000086,31.892523505000039],[120.944834832000097,31.884588934000075],[120.943125847000033,31.87531159100007],[120.943125847000033,31.86790599200009],[120.940564094000024,31.844647237000071],[120.950628362000103,31.825236128000103],[120.977816792,31.814365316000085],[121.005365083,31.820779027000071],[121.039934906000113,31.819332284000033],[121.062413435000067,31.813500849000036],[121.086623620000054,31.801835915000098],[121.115087061000054,31.796333603000068],[121.185150587000066,31.836737372000062],[121.227864326000031,31.86590381200006],[121.286418364000056,31.890589166000034],[121.317396834000078,31.883248006000088],[121.416026238000086,31.840643622000094],[121.480235222000033,31.810980536000045],[121.494883660000028,31.806463934000082],[121.500498894000089,31.802191473000043],[121.507904493000083,31.792873440000047],[121.517425977,31.783433335000016],[121.529063347000019,31.779201565000061],[121.551605665000025,31.773749091000063],[121.574310743000083,31.765529690000047],[121.607194388000025,31.748550791000063],[121.655059970000039,31.732380486000061],[121.675554272000014,31.723572594000068],[121.70291018200011,31.720554647000125],[121.749045061000061,31.711633711000069],[121.817306249000012,31.690949425000035],[121.871997941000018,31.690681688000048],[121.914842041000057,31.706434259000062],[121.930382778000094,31.726714179000055],[121.922057183000092,31.754378129000077],[121.901776280000036,31.786487458000082],[121.874687220000041,31.825903471000068],[121.874960199000057,31.863722900000063],[121.847833115000057,31.904607285000051],[121.825205925000077,31.927720445000041],[121.821945116000052,31.952486444000037],[121.798643983000019,31.970474858000056],[121.764365901000019,31.995286882000084],[121.727305535000028,32.016587632000011],[121.717784050000105,32.025580145000056],[121.683116082000083,32.042629299000026],[121.655365431000078,32.062933661000045],[121.594248894000103,32.087062893000059],[121.554237991000036,32.102498235000056],[121.53081178900004,32.108518596000053],[121.496592644000103,32.110256252000042],[121.488047722000047,32.108140367000082],[121.481944207000097,32.110256252000042],[121.472992384000023,32.119614976000037],[121.467295769000103,32.121771552000034],[121.462412957000097,32.119696356000084],[121.456146681000064,32.11554596600007],[121.449473504000039,32.112738348000057],[121.4433699880001,32.114325262000072],[121.432139519000103,32.133856512000079],[121.431162957000097,32.151353257000039],[121.425140821000014,32.164048570000027],[121.398692254000039,32.168931382000054],[121.368011915000011,32.227362372000059],[121.360850457000097,32.231634833000044],[121.366709832000069,32.238959052000062],[121.377207879000025,32.241644598000057],[121.401703321000028,32.244696356000091],[121.415782097000047,32.248602606000063],[121.419281446000014,32.250311591000063],[121.417735222000019,32.255275783000066],[121.416026238000086,32.268947658000052],[121.401117309000043,32.352131949000068],[121.38940888400009,32.384947575000069],[121.354139656000029,32.41482275900006],[121.271709936000093,32.447734492000023],[121.21510394400002,32.472664414000064],[121.191507408,32.478652535000045],[121.173799982000105,32.487625079000054],[121.157256416,32.495595517000083],[121.120209181000064,32.507391669000071],[121.107676629000025,32.497951565000058],[121.100840691000016,32.497951565000037],[121.098724806000078,32.521144924000041],[121.086192254000025,32.536037502000063],[121.06625410200003,32.544012762000065],[121.042782071000047,32.557541816000104],[121.020705514000042,32.568521788000048],[120.975020967000106,32.595115077000088],[120.94388695400005,32.605224163000059],[120.911199327000077,32.630121296000077],[120.906614115000039,32.659710273000073],[120.863868238,32.671057557000026],[120.830332879000025,32.697658596000046],[120.830170118000083,32.709418036000024],[120.840098504000025,32.724514065000051],[120.846934441000045,32.717678127000049],[120.841400587000066,32.711086330000064],[120.843109571000014,32.703924872000094],[120.850189649000072,32.696600653000068],[120.860443556000078,32.68976471600007],[120.861420118000055,32.719671942000048],[120.852386915000025,32.756008205000057],[120.880308214000024,32.772031829000085],[120.904795769000103,32.812648830000043],[120.907806837000081,32.843898830000057],[120.888682488000072,32.962713934000078],[120.88851972700003,32.977728583000044],[120.89576256600003,33.013576565000044],[120.890147332000097,33.026109117000082],[120.867442254000039,33.032375393000045],[120.846446160000028,33.029852606000091],[120.833750847000047,33.025620835000034],[120.825938347000033,33.030178127000063],[120.81959069100003,33.054103908000052],[120.818939649000058,33.092189846000032],[120.812510613000072,33.105780341000077],[120.792246941000016,33.108710028000083],[120.806976759,33.137762762000094],[120.785248243000083,33.165025132],[120.730235222000033,33.204901434000078],[120.740082227000016,33.205511786000045],[120.743500196000028,33.208644924000041],[120.744395379000025,33.224107164000067],[120.742523634,33.22776927300005],[120.732513868000069,33.23712799700008],[120.730235222000033,33.242132880000014],[120.732188347000033,33.248236395000028],[120.737071160000028,33.250921942000062],[120.742686394000103,33.252671617000075],[120.747569207000097,33.255804755000042],[120.750254754000039,33.269598700000067],[120.737884962000066,33.279282945000041],[120.720469597000033,33.284979559000085],[120.707286004000025,33.286810614000046],[120.695078972000033,33.293158270000063],[120.680023634,33.30801015800008],[120.66724694100003,33.325100002000063],[120.661957227,33.33803945500005],[120.655772332000083,33.413153387000065],[120.652110222000047,33.428127346000032],[120.634369337000081,33.466945705000064],[120.627777540000011,33.478013414000081],[120.573252800000105,33.533270575000103],[120.563243035000028,33.548000393000052],[120.539073113000072,33.594671942000048],[120.525970899000072,33.61066315300004],[120.483734571000014,33.6499697940001],[120.489024285000028,33.658392645000056],[120.495127800000091,33.662176825000081],[120.502696160000028,33.661566473000029],[120.511729363000086,33.656724351000037],[120.505869988000086,33.697170315000065],[120.504893425000091,33.735581773000014],[120.498301629000011,33.753322658000066],[120.4824324880001,33.765122789000074],[120.46412194100003,33.774969794000079],[120.449717644000103,33.786444403000061],[120.450938347000019,33.801499742000082],[120.443369988000086,33.824693101000015],[120.431407097000033,33.846014716000063],[120.418955925000091,33.855373440000044],[120.407074415000025,33.859767971000053],[120.39966881600003,33.869330145000063],[120.398448113000086,33.878973700000074],[120.412608269000089,33.887518622000066],[120.41334069100003,33.897365627000056],[120.407969597000033,33.916815497000066],[120.385020379000025,33.970404364000053],[120.371348504000039,34.036037502000042],[120.365326368000055,34.04564036700009],[120.358490431000078,34.053452867000104],[120.353526238000086,34.060777085000034],[120.348236524000072,34.076849677000048],[120.325223759000096,34.111297999000044],[120.324965542000086,34.136451072000028],[120.31721231500002,34.152123405000054],[120.309374279000053,34.174071349000094],[120.298838738000086,34.204250393000066],[120.274180535000028,34.244533596000061],[120.266693556000064,34.26630280200002],[120.264008009,34.290757554000052],[120.25709069100003,34.311835028000118],[120.239756707000083,34.323675848000065],[120.118174675000105,34.359605210000048],[120.078705274000086,34.377508856000055],[120.022959832000083,34.41937897300005],[119.982920769000089,34.440741278000075],[119.939952019000089,34.457912502000063],[119.905039910000028,34.464911200000074],[119.862071160000042,34.465806382000046],[119.826182488000086,34.470404364000039],[119.795258009,34.481675523000021],[119.75123131600003,34.51422760600007],[119.728851759,34.524115302000055],[119.705332879000025,34.531154690000044],[119.685313347000047,34.533840236000053],[119.658457879000011,34.531561591000063],[119.647715691000045,34.533840236000053],[119.643402540000025,34.53656647300005],[119.641449415000011,34.540838934000078],[119.640961134000023,34.545721747000059],[119.640961134000023,34.550523179000059],[119.609222852,34.562730210000055],[119.599864129000025,34.568548895000042],[119.58871504,34.582220770000035],[119.531748894000089,34.615708726000037],[119.456553582000097,34.684556382],[119.472748243000083,34.698146877000056],[119.474213087000066,34.715277411000031],[119.463226759000023,34.73236725500005],[119.442230665000011,34.746039130000028],[119.428233269000074,34.74994538000005],[119.401459181000064,34.751125393000045],[119.387705925000091,34.753485419000064],[119.375580274000086,34.759344794000079],[119.358002149000072,34.774603583000044],[119.346690300000091,34.780829169000079],[119.335052931000064,34.768500067000033],[119.324961785000042,34.759995835000034],[119.31177819100003,34.755072333000015],[119.291351759000023,34.753485419000071],[119.241791212000066,34.761664130000042],[119.22934004,34.759711005000042],[119.220957879000025,34.749416408000052],[119.209808790000011,34.718573309000085],[119.203379754000025,34.711900132000046],[119.192230665000025,34.718207098000043],[119.18873131600003,34.733058986000081],[119.190277540000011,34.74925364800005],[119.195323113000086,34.759711005000028],[119.189056837000066,34.766546942000055],[119.201914910000028,34.784979559000057],[119.193125847000033,34.809881903000097],[119.18869763400005,34.856274168000091],[119.203379754000025,34.93162669500002],[119.197032097000033,34.947699286000038],[119.192881707000083,34.974025783000066],[119.192881707000083,35.000433661000045],[119.199310743000069,35.016669012000094],[119.203949415,35.024969794000071],[119.207286004000039,35.048407294000057],[119.212657097000033,35.058010158000059],[119.221202019000089,35.064032294000057],[119.229095899000058,35.066107489000053],[119.250498894000103,35.068182684000071],[119.280284050000091,35.076605536000031],[119.31430097700003,35.086249091000056],[119.336192254000025,35.08869049700008],[119.358002149000072,35.097113348000015],[119.370616082000097,35.117417710000055],[119.387705925000091,35.205389716000063],[119.404551629000039,35.253729559000057],[119.418711785000028,35.271307684000092],[119.421885613000086,35.277411200000074],[119.421885613000086,35.300523179000052],[119.423920118000055,35.313462632000046],[119.428721550000091,35.321478583000058],[119.435801629000011,35.32257721600007],[119.469574415000011,35.321478583000058],[119.507660352,35.332342841000063],[119.513519727000016,35.339300848000057],[119.522308790000025,35.352728583000044],[119.551524285000028,35.380031643000073],[119.558929884000023,35.390326239000053],[119.562266472000033,35.400620835000026],[119.564545118000083,35.424709377000049],[119.56959069100003,35.434759833000058],[119.595957879000039,35.461981512000051],[119.599864129000025,35.469183661000052],[119.604095899000058,35.488023179000031],[119.634125196000014,35.548041083000044],[119.641368035000028,35.572007554000024],[119.647959832000083,35.583929755000042],[119.657725457000083,35.588934637000072],[119.668955925000077,35.590318101000044],[119.683848504000011,35.593980210000012],[119.696787957000083,35.599432684000078],[119.702403191000045,35.606024481000084],[119.707123243000055,35.614162502000049],[119.718760613000072,35.619533596000061],[119.732513868000055,35.620835679000038],[119.743907097000033,35.616888739000053],[119.748383009,35.609320380000042],[119.7480574880001,35.59979889500007],[119.743907097000033,35.575913804000052],[119.771006707000097,35.59332916900005],[119.811615431000078,35.647894598000086],[119.840098504000039,35.657904364000039],[119.834076368000055,35.635321356000091],[119.843272332000069,35.615790106000055],[119.860199415000025,35.606105861000053],[119.877452019000103,35.613185940000029],[119.885264519000089,35.617621161000038],[119.895599806000064,35.620306708000051],[119.904551629000039,35.624579169000036],[119.908457879000025,35.63397858300003],[119.906748894000089,35.644476630000042],[119.902924024000072,35.652411200000081],[119.900482618000069,35.660549221000053],[119.901621941000016,35.671535549000048],[119.908295118000083,35.68089427300005],[119.930756056000064,35.699530341000063],[119.935638868000069,35.705023505000042],[119.931244337000081,35.710842190000044],[119.900157097000033,35.73627350500005],[119.908213738000086,35.744859117000097],[119.925547722000033,35.756822007000025],[119.937754754000025,35.761135158000059],[119.949717644000074,35.753810940000051],[119.96998131600003,35.732367255000028],[120.002940300000077,35.727769273],[120.019786004000025,35.759751695000027],[120.038828972000033,35.842840887000072],[120.052256707000083,35.862616278000075],[120.097178582000083,35.900824286000073],[120.107188347000033,35.903998114000046],[120.135752800000091,35.904120184000078],[120.14185631600003,35.907945054000017],[120.145518425000091,35.913804429000052],[120.162852410000028,35.933294989000046],[120.168467644000089,35.938421942000041],[120.188975457000083,35.945257880000042],[120.189707879000011,35.931545315000051],[120.179453972000033,35.920070705000057],[120.170502149000058,35.907456773000021],[120.175303582000097,35.890041408000066],[120.185150587000081,35.903753973000043],[120.226817254000025,35.941839911000052],[120.244395379000039,35.953070380000028],[120.284434441000045,35.962591864000053],[120.298838738000086,35.973130601000044],[120.303477410000013,35.980536200000081],[120.305267774000072,35.987005927000041],[120.303070509000023,35.994045315000037],[120.295420769000089,36.003322658000066],[120.284922722000033,36.010931708000037],[120.281993035000042,36.00665924700008],[120.280772332000083,35.998236395000035],[120.274912957000083,35.993638414000095],[120.242767774000072,35.973578192000055],[120.229502800000105,35.972805080000064],[120.229991082000083,35.999904690000051],[120.197764519000074,35.985296942000055],[120.186045769000103,35.984523830000072],[120.175303582000097,35.993638414000053],[120.17074629,36.008693752000056],[120.171885613000086,36.046128648000035],[120.168467644000089,36.061957098000065],[120.154063347000033,36.077053127000077],[120.135752800000091,36.083400783000059],[120.116791212000066,36.087591864000053],[120.100189649000072,36.096096096000061],[120.089691602,36.111721096000061],[120.086436394000074,36.130031643000059],[120.089366082000097,36.147691148000064],[120.105235222000047,36.174221096000039],[120.10922285200003,36.188788153000054],[120.105316602,36.200873114000046],[120.090342644000103,36.205959377000077],[120.085948113000086,36.209133205000072],[120.0879012380001,36.216213283000059],[120.092865431000064,36.223211981000063],[120.097178582000083,36.226385809000085],[120.108164910000028,36.225531317000048],[120.111420118000083,36.22272370000006],[120.11239668100005,36.217474677000034],[120.117279493000055,36.209662177000027],[120.144541863000072,36.208889065000015],[120.18677819100003,36.219061591000077],[120.219086134,36.221909898000028],[120.216319207000097,36.199123440000044],[120.221283399000058,36.198391018000052],[120.223887566000045,36.196519273000028],[120.226084832000097,36.194077867000082],[120.229991082000083,36.191636460000048],[120.243988477000016,36.191107489000053],[120.264252149000072,36.180853583000037],[120.284515821,36.175970770000056],[120.298838738000086,36.191636460000019],[120.275157097000033,36.204087632000039],[120.273529493000083,36.234279690000051],[120.286468946000014,36.263820705000072],[120.306407097000033,36.274237372000087],[120.311778191000016,36.265855210000062],[120.322764519000103,36.226385809000085],[120.339203321000028,36.222601630000035],[120.348480665000011,36.21336497600003],[120.361582879000011,36.191636460000034],[120.334971550000091,36.136135158000066],[120.322764519000103,36.11994049700008],[120.313487175000091,36.104478257000039],[120.312266472000047,36.091294664000102],[120.308441602000016,36.07953522300005],[120.292002800000091,36.068101304000052],[120.292002800000091,36.061957098000065],[120.309092644000074,36.061509507000032],[120.324717644000089,36.05719635600007],[120.339366082000069,36.049953518000081],[120.353526238000086,36.040838934000064],[120.369476759000023,36.048773505000028],[120.421722852000016,36.061957098000036],[120.435638868000083,36.068508205000043],[120.461924675000105,36.085760809000064],[120.473643425000077,36.089260158000052],[120.514170769000089,36.088568427000041],[120.536224806000078,36.091457424000062],[120.545909050000091,36.099758205000064],[120.551605665000011,36.113714911000031],[120.565196160000042,36.11579010600007],[120.593597852000016,36.109767971000061],[120.616709832000097,36.123358466000077],[120.620616082000083,36.121283270000049],[120.623871290000011,36.117661851000015],[120.627777540000011,36.116522528000075],[120.696787957000097,36.143988348000072],[120.704844597000033,36.156236070000041],[120.693369988000086,36.174872137000087],[120.687510613000086,36.187892971000061],[120.67562910200003,36.250637111000039],[120.670420769000089,36.265814520000049],[120.660248243000069,36.277329820000041],[120.654551629000039,36.288275458000044],[120.661957227,36.30149974200009],[120.648692254000039,36.312404690000065],[120.64364668100005,36.322495835000041],[120.64771569100003,36.330877997000066],[120.661957227,36.336330471000053],[120.66903730600005,36.334621486000053],[120.693695509000023,36.324896552000027],[120.707286004000025,36.322658596000068],[120.722178582000097,36.33055247600003],[120.709564649000072,36.349351304000024],[120.690684441000045,36.370835679000017],[120.686534050000091,36.387152411000045],[120.71412194100003,36.428697007000039],[120.719004754000025,36.432359117000068],[120.731700066000016,36.436224677000034],[120.737071160000028,36.438666083000022],[120.740489129000039,36.44281647300005],[120.747813347000047,36.455633856000063],[120.750580274000072,36.459173895000063],[120.772471550000077,36.463527736000039],[120.806895379000039,36.463934637000101],[120.8320418630001,36.455267645000056],[120.826426629000039,36.432521877000063],[120.844004754000025,36.422674872000073],[120.849701368000083,36.386135158000059],[120.867442254000039,36.377183335000034],[120.87427819100003,36.380601304000031],[120.882660352000016,36.388739325000081],[120.890391472000047,36.397935289000088],[120.89828535200003,36.411607164000088],[120.901377800000091,36.419012762000072],[120.900970899000072,36.427679755000042],[120.894786004000025,36.438666083000044],[120.906260613000086,36.452378648000021],[120.919525587000052,36.456488348000057],[120.934336785000028,36.456773179000024],[120.949961785000042,36.459173895000056],[120.937836134,36.487697658000066],[120.936289910000013,36.497015692000041],[120.941172722000047,36.509711005000028],[120.951914910000013,36.519924221000061],[120.961436394000103,36.531439520000035],[120.963633660000028,36.547919012000044],[120.956797722000019,36.547919012000058],[120.950205925000091,36.540025132000046],[120.938487175000105,36.534369208000044],[120.927500847000033,36.532904364000025],[120.922618035000028,36.537665106000077],[120.920258009,36.55329010600007],[120.914073113000086,36.557033596000061],[120.905284050000091,36.557074286000066],[120.894786004000025,36.561590887000079],[120.864593946000014,36.597723700000088],[120.850352410000013,36.604559637000087],[120.826426629000039,36.59634023600006],[120.813568556000064,36.583685614000039],[120.793793165000011,36.550970770000049],[120.778656446000014,36.541083075000074],[120.750254754000039,36.540757554000038],[120.742279493000069,36.555853583000058],[120.74732506600003,36.577297268000066],[120.757578972000033,36.59634023600006],[120.7500106130001,36.599839585000055],[120.746918165000025,36.603176174000055],[120.74732506600003,36.608221747000073],[120.750580274000072,36.616848049000041],[120.770843946,36.617173570000041],[120.824066602,36.643988348000057],[120.850596550000091,36.650946356000077],[120.864756707000097,36.646714585000019],[120.892670118000069,36.628485419000057],[120.90552819100003,36.62425364800005],[120.922129754000039,36.623683986000046],[120.933360222000033,36.620266018000059],[120.936534050000091,36.611965236000046],[120.928802931000064,36.59634023600006],[120.944672071000014,36.591213283000059],[120.998383009,36.589504299000062],[121.006114129000025,36.587632554000024],[121.014659050000105,36.584540106000063],[121.023529493000055,36.583929755000021],[121.03248131600003,36.589504299000062],[121.034027540000011,36.596828518000052],[121.030772332000097,36.617092190000029],[121.03248131600003,36.62425364800005],[121.042491082000069,36.62767161700009],[121.062754754000025,36.61005280200002],[121.080170118000069,36.610012111000067],[121.089691602000016,36.616400458000037],[121.128021681000078,36.650946356000077],[121.157725457000097,36.668605861000046],[121.314219597000033,36.711818752000056],[121.333506707000083,36.712388414000067],[121.368418816000045,36.706773179000038],[121.385264519000103,36.706488348000079],[121.401703321000028,36.712388414000067],[121.379405144000089,36.716986395000042],[121.377777540000011,36.731512762000079],[121.390147332000097,36.746812242000111],[121.408946160000028,36.753973700000074],[121.432465040000011,36.752752997000094],[121.444834832000083,36.753485419000079],[121.453379754000039,36.757391669000071],[121.466156446000014,36.777573960000055],[121.470713738000072,36.789618231000084],[121.467295769000103,36.794989325000074],[121.458018425000091,36.801947333000044],[121.452972852000016,36.816392320000048],[121.459483269000089,36.828680731000084],[121.4843856130001,36.829087632000032],[121.492279493000069,36.823919989000039],[121.494232618000055,36.81688060100003],[121.498138868000083,36.810858466000063],[121.51156660200003,36.808579820000048],[121.522227410000042,36.812160549000055],[121.530528191000045,36.819891669000064],[121.538096550000091,36.82884349200009],[121.546478712000081,36.835923570000027],[121.562836134,36.841376044000079],[121.588145379000025,36.84617747600003],[121.607188347000033,36.844956773000042],[121.60474694100003,36.832505601000044],[121.595225457000083,36.826320705000036],[121.573008660000042,36.819647528000061],[121.563243035000042,36.812323309000078],[121.555186394000089,36.803412177000034],[121.547373894000103,36.798163153000068],[121.537119988000086,36.795640367000075],[121.522227410000042,36.79498932500006],[121.50318444100003,36.788641669000086],[121.496429884,36.774481512000065],[121.503509962000066,36.760443427000027],[121.525889519000089,36.753973700000074],[121.537119988000086,36.755764065000058],[121.550384962000066,36.76434967700002],[121.560069207000083,36.767645575000046],[121.573008660000042,36.763617255000028],[121.583018425000091,36.762844143000045],[121.594248894000103,36.767645575000046],[121.597666863000086,36.758490302000062],[121.603526238000086,36.749660549000062],[121.612559441000016,36.74298737200008],[121.625254754000025,36.740383205000072],[121.634287957000097,36.746568101000051],[121.632090691000045,36.761216539000117],[121.621429884,36.788763739000032],[121.624522332000069,36.814764716000063],[121.637461785000028,36.83136627800009],[121.658213738000086,36.840155341000077],[121.684174024000058,36.842759507000025],[121.684174024000058,36.835923570000034],[121.674082879000025,36.83323802300005],[121.649424675000091,36.822251695000013],[121.649424675000091,36.816066799000076],[121.671478712000066,36.819281317000062],[121.708506707000083,36.832831122000087],[121.728037957000083,36.835923570000034],[121.737152540000011,36.839178778000075],[121.744883660000042,36.847235419000057],[121.750010613000086,36.857407945000041],[121.751800977000016,36.866929429000038],[121.755869988000086,36.872300523000014],[121.776866082000069,36.886460679000059],[121.785980665000011,36.89118073100007],[121.915131056000064,36.920233466000084],[121.949799024000072,36.938910223000057],[121.923350457000069,36.968491929000024],[121.914886915000011,36.985825914000095],[121.926280144000089,36.993597723000043],[121.961436394000089,36.992865302000041],[122.004161004000025,36.986029364000046],[122.029307488000086,36.986761786000038],[122.039642774000072,36.984605210000026],[122.049164259000023,36.979925848000043],[122.053802931000064,36.97524648600006],[122.049815300000091,36.973089911000031],[122.037608269000089,36.96369049700008],[122.034759962000066,36.941839911000045],[122.035411004000025,36.91681549700008],[122.03305097700003,36.898016669000064],[122.0468856130001,36.900336005000057],[122.065196160000013,36.906724351000051],[122.080902540000011,36.916571356000091],[122.087657097000033,36.929022528000083],[122.094330274000058,36.950913804000045],[122.110118035000042,36.95189036700009],[122.128428582000083,36.945624091000084],[122.142914259,36.94578685100003],[122.149180535000028,36.962144273000021],[122.147959832000083,36.98501211100006],[122.149994337000066,37.005316473],[122.166107618000083,37.014105536000059],[122.179698113000086,37.005804755000035],[122.178558790000025,36.98627350500005],[122.162689649000072,36.94578685100003],[122.174652540000025,36.941107489000061],[122.211192254000025,36.918443101000044],[122.252940300000091,36.905951239000032],[122.265879754000025,36.898016669000064],[122.196869337000066,36.898016669000057],[122.18482506600003,36.884955145000021],[122.180674675000091,36.866400458000044],[122.185313347000047,36.84992096600007],[122.200287306000064,36.842759507000025],[122.319834832000083,36.822943427000048],[122.355235222000033,36.829087632000032],[122.361094597000033,36.833441473000043],[122.371185743000069,36.845648505000042],[122.375743035000028,36.849554755000035],[122.377207879000025,36.852484442000048],[122.37777754,36.857123114000053],[122.379730665000011,36.861395575000074],[122.385590040000011,36.863226630000035],[122.38990319100003,36.861965236000053],[122.393321160000042,36.859116929000031],[122.397227410000028,36.856919664000095],[122.402354363000086,36.857001044000071],[122.420664910000028,36.860785223000057],[122.431000196,36.864650783000073],[122.436371290000011,36.870672919000071],[122.435150587000066,36.879217841000077],[122.429453972000047,36.888128973000065],[122.421397332000083,36.89516836100006],[122.412608269000089,36.898016669000064],[122.40748131600003,36.900458075000081],[122.403412306000078,36.906642971000068],[122.40219160200003,36.914496161000073],[122.405772332000083,36.922186591000056],[122.412201368000069,36.924750067000048],[122.420909050000105,36.923081773000035],[122.430511915000011,36.920111395000056],[122.439952019000074,36.918443101000044],[122.456634962000081,36.92064036700009],[122.477305535000028,36.925970770000035],[122.493907097000033,36.932603257000039],[122.498545769000089,36.938910223000057],[122.512705925000105,36.934637762000065],[122.50904381600003,36.926255601000037],[122.500091993000083,36.915594794000079],[122.498545769000089,36.904201565000051],[122.507416212000081,36.898016669000064],[122.517344597000033,36.903143622000073],[122.52645918100005,36.914252020000049],[122.532725457000083,36.925930080000036],[122.525401238000086,36.944484768000045],[122.540049675000091,37.027736721000039],[122.513031446000014,37.020493882000032],[122.461192254000039,37.030829169000057],[122.436371290000011,37.027736721000039],[122.437022332000083,37.011623440000044],[122.424327019000103,37.003648179000038],[122.409190300000091,37.006293036000059],[122.402354363000086,37.021470445000034],[122.411224806000064,37.036525783000052],[122.44849694100003,37.05719635600007],[122.4570418630001,37.065904039000088],[122.454112175000091,37.077460028000075],[122.447520379000011,37.082261460000041],[122.44052168100005,37.084906317000048],[122.436371290000011,37.089789130000035],[122.436289910000028,37.09918854400005],[122.441742384,37.117092190000051],[122.444346550000091,37.136542059000085],[122.447601759,37.147447007000046],[122.453949415000011,37.154282945000055],[122.464447462000066,37.151841539000102],[122.465830925000091,37.145168361000074],[122.464447462000066,37.110296942000055],[122.470713738000086,37.110296942000041],[122.482676629000011,37.139960028000083],[122.510020379000025,37.155218817000062],[122.543467644000089,37.156642971000025],[122.574310743000069,37.144435940000051],[122.577159050000091,37.157782294000057],[122.568858269000089,37.165676174000033],[122.563243035000028,37.173163153000097],[122.574310743000069,37.185370184000064],[122.58521569100003,37.188706773000028],[122.6289168630001,37.192816473000029],[122.6289168630001,37.199652411000052],[122.613536004000039,37.203070380000042],[122.602875196,37.209906317000062],[122.596690300000091,37.220892645000049],[122.594737175000077,37.23688385600007],[122.589854363000086,37.243353583000051],[122.566661004000025,37.266343492000082],[122.560069207000097,37.274725653000075],[122.549082879000025,37.310858466000077],[122.54965254,37.319769598000036],[122.557627800000105,37.319077867000097],[122.594737175000077,37.295233466000063],[122.591156446000028,37.314154364000039],[122.570811394000103,37.344794012000079],[122.577403191000045,37.349839585000048],[122.585052931000064,37.352687893000059],[122.614593946000014,37.370917059000099],[122.656097852,37.384588934000078],[122.678965691000045,37.374660549000062],[122.688731316000045,37.389715887000072],[122.688243035000013,37.409816799000048],[122.680430535000028,37.415025132000039],[122.665049675000077,37.414048570000034],[122.61239668100005,37.41860586100006],[122.600922071000014,37.415025132000039],[122.591644727000016,37.404364325000074],[122.570567254000025,37.401556708000044],[122.488047722000033,37.411932684000057],[122.484955274000072,37.413804429000052],[122.482188347000033,37.42267487200008],[122.478037957000083,37.425604559000064],[122.471202019000089,37.425360419000086],[122.466075066000045,37.42267487200008],[122.461517774000072,37.419623114000046],[122.4570418630001,37.418158270000056],[122.296478712000052,37.418158270000056],[122.27857506600003,37.423895575000088],[122.261810743000083,37.450913804000038],[122.245371941000016,37.459702867000104],[122.224213087000081,37.457993882000046],[122.209727410000028,37.44733307500006],[122.197764519000089,37.432359117000097],[122.183197462000081,37.418158270000042],[122.1621199880001,37.43309153900006],[122.141449415000011,37.456610419000093],[122.129893425000091,37.483465887000094],[122.135508660000042,37.500677802000048],[122.152598504000039,37.51455312700007],[122.151866082000083,37.532863674000041],[122.13949629,37.550604559000071],[122.121836785000028,37.562730210000041],[122.109466993000069,37.55223216400006],[122.095062696000028,37.549139716000056],[122.0820418630001,37.552923895000049],[122.073334181000064,37.562730210000026],[122.067149285000028,37.562730210000041],[122.071787957000083,37.544501044000079],[122.061534050000105,37.53717682500006],[122.043793165,37.533921617000075],[122.025645379000039,37.528021552000048],[122.016368035000028,37.517564195000027],[121.994639519000074,37.486721096000053],[121.981211785000028,37.480169989000061],[121.97779381600003,37.471665757000032],[121.997406446000014,37.434068101000022],[121.988047722000047,37.425604559000064],[121.957286004000025,37.423814195000048],[121.949799024000072,37.425604559000064],[121.944590691000045,37.432521877000056],[121.944590691000045,37.44074127800009],[121.949066602000016,37.448391018000045],[121.957286004000025,37.453558661000038],[121.957286004000025,37.45970286700009],[121.937836134000023,37.46426015800003],[121.7324324880001,37.461737372000073],[121.65943444100003,37.472723700000067],[121.6523543630001,37.474676825000053],[121.644786004000025,37.478461005000035],[121.635020379000025,37.481268622000094],[121.621429884,37.480169989000061],[121.613047722000033,37.477280992000097],[121.602549675000077,37.471869208000044],[121.592784050000091,37.463853257000018],[121.587412957000083,37.453558661000038],[121.634287957000097,37.462388414000095],[121.654877149000072,37.457709052000048],[121.676117384,37.439195054000059],[121.651621941000045,37.437079169000064],[121.59164472700003,37.424465236000046],[121.5703231130001,37.428656317000055],[121.549815300000091,37.447821356000077],[121.537119988000086,37.456244208000022],[121.522227410000042,37.459702867000104],[121.49146569100003,37.462958075000074],[121.476898634,37.468003648000028],[121.470713738000072,37.476467190000058],[121.46395918100005,37.499457098000043],[121.446787957000097,37.519598700000067],[121.424571160000028,37.536322333000058],[121.401703321000028,37.549058335000026],[121.381683790000011,37.566107489000046],[121.381439649000072,37.582993882000046],[121.3984481130001,37.594875393000059],[121.429779493000069,37.596869208000037],[121.4140731130001,37.60968659100007],[121.393565300000105,37.622463283000052],[121.372162306000078,37.632717190000058],[121.354014519000089,37.637884833000051],[121.36060631600003,37.63133372600003],[121.374522332000083,37.610541083000051],[121.344737175000091,37.590806382000032],[121.308116082000083,37.581244208000051],[121.191498243000069,37.575181382000032],[121.171641472000033,37.577093817000062],[121.155365431000064,37.58258698100007],[121.142100457000097,37.594671942000041],[121.134369337000066,37.610541083000065],[121.135508660000028,37.626288153000083],[121.148529493000083,37.637884833000051],[121.130137566000045,37.65180084800005],[121.132172071000014,37.664496161000031],[121.142425977,37.676825262000072],[121.148529493000083,37.689398505000042],[121.13795006600003,37.701157945000027],[121.113291863000086,37.708238023000057],[121.066661004000025,37.713568427000027],[121.0546981130001,37.71271393400005],[121.043549024000072,37.710353908000059],[121.032562696000028,37.710394598000072],[121.021983269000103,37.716701565000058],[121.016123894000103,37.725734768000052],[121.011485222000047,37.735907294000093],[121.005381707000097,37.744289455000057],[120.994639519000089,37.747748114000046],[120.975352410000042,37.751369533000052],[120.956879102000016,37.760891018000052],[120.940928582000097,37.773993231000091],[120.928802931000064,37.788723049000048],[120.940765821000028,37.806463934000092],[120.925791863000086,37.819281317000026],[120.899424675000091,37.827053127000063],[120.877696160000028,37.829657294000064],[120.865977410000013,37.827541408000052],[120.846446160000028,37.818101304000038],[120.836680535000028,37.815985419000071],[120.821625196000014,37.817328192000062],[120.784922722000019,37.829657294000064],[120.738047722000047,37.833970445000041],[120.704925977000016,37.820949611000081],[120.674327019000089,37.801988023000035],[120.635264519000089,37.788723049000069],[120.593597852000016,37.78188711100006],[120.564545118000069,37.764349677000034],[120.556162957000097,37.761379299000062],[120.463389519000089,37.747748114000046],[120.443125847000033,37.738185940000051],[120.410980665000011,37.712103583000044],[120.391368035000028,37.706732489000068],[120.385996941000045,37.704535223000057],[120.368500196000014,37.694728908000073],[120.311859571000014,37.686265367000104],[120.219981316000045,37.686265367000104],[120.215668165000025,37.684068101000037],[120.222911004000025,37.679429429000031],[120.235362175000077,37.674750067000048],[120.247569207000097,37.672593492000061],[120.27857506600003,37.672430731000077],[120.293793165000011,37.670314846000068],[120.306407097000033,37.665187893000059],[120.322520379000025,37.632391669000071],[120.297618035000042,37.597886460000055],[120.187591993000083,37.511786200000074],[120.05982506600003,37.440415757000025],[120.00904381600003,37.422349351000022],[119.997813347000033,37.421820380000064],[119.988291863000086,37.413275458000044],[119.92896569100003,37.384588934000078],[119.882334832000097,37.370754299000062],[119.858897332000083,37.360174872000066],[119.846283399000086,37.343695380000035],[119.863536004000025,37.321926174000069],[119.886729363000086,37.284654039000088],[119.89730879,37.249416408000052],[119.877452019000103,37.233832098000057],[119.791840040000011,37.180568752000063],[119.778900587000081,37.167059637000101],[119.770599806000064,37.151841539000088],[119.716807488000086,37.141587632000011],[119.660736524000072,37.137600002000049],[119.563487175000091,37.141791083000037],[119.538584832000097,37.137600002000049],[119.524506056000078,37.139064846000039],[119.475108269000089,37.133286851000044],[119.441172722000033,37.120550848000065],[119.2871199880001,37.137274481000084],[119.145518425000105,37.178859768000052],[119.115000847000033,37.201117255000028],[119.058604363000086,37.227606512000087],[119.042735222000047,37.242377020000063],[119.030121290000025,37.257798570000027],[119.014740431000064,37.269842841000063],[118.990489129000025,37.274725653000075],[118.972422722000019,37.280666408000066],[118.961192254000025,37.295640367000097],[118.949473504000011,37.336167710000041],[118.944590691000016,37.378119208000065],[118.957855665000011,37.53139883000005],[118.967784050000091,37.573228257000032],[118.969981316000016,37.593451239000046],[118.976654493000083,37.610907294000086],[118.992442254000025,37.63336823100007],[119.010752800000077,37.653753973000057],[119.025400813000033,37.689923118000081],[119.027527002000056,37.703942931000078],[119.037127726000122,37.722088826000061],[119.069472181000052,37.740630649000082],[119.120140997000021,37.737507864000065],[119.189313224000102,37.700734566000037],[119.217736474000048,37.675247980000066],[119.255663536000043,37.671866577000046],[119.259597456000066,37.715847412000088],[119.243083071,37.769482336000074],[119.206836089000035,37.802838559000051],[119.155697433,37.823964263000043],[119.116942263000055,37.853270747000089],[119.092493310000023,37.912773115000029],[119.048404557000026,37.947978203000041],[118.996592644000103,37.963120835000034],[118.973399285000028,37.996486721000053],[118.956146681000078,38.033596096000046],[118.941986524000072,38.049383856000077],[118.924815300000077,38.057766018000038],[118.950036761000092,38.097261868000082],[118.89824518200011,38.123298767000058],[118.840098504000025,38.152573960000048],[118.825065835000046,38.151642167000027],[118.805430535000013,38.151800848000043],[118.760352655000034,38.155132046000048],[118.654870943000105,38.145694596000034],[118.615777009,38.12512038300008],[118.599375847000033,38.11082591400011],[118.583506707000083,38.089178778000061],[118.573008660000028,38.079901434000057],[118.561534050000091,38.076076565000037],[118.556895379000025,38.073919989000053],[118.55062910200003,38.070013739000025],[118.5429793630001,38.068345445000034],[118.533946160000028,38.072943427000048],[118.512299024000072,38.088080145000049],[118.494151238000072,38.093817450000053],[118.472504852000057,38.101881035000048],[118.448928444000117,38.107787122000055],[118.424004726000021,38.111568595000044],[118.312022332000083,38.127875067000041],[118.215830925000077,38.144964911000045],[118.146088087000066,38.142482815000058],[118.119232618000069,38.15228913000005],[118.107676629000039,38.148586330000057],[118.095795118000069,38.142320054000059],[118.08480879,38.138739325000074],[118.081797722000019,38.140692450000067],[118.065213731000071,38.143082037000035],[118.052408306000089,38.153659066000046],[118.057784934000111,38.161079362000102],[118.053726587000028,38.173253264000039],[118.038224687000024,38.180717705000077],[118.007196886000088,38.197009842000078],[117.988995183000043,38.198565751000046],[117.977544177000027,38.194837064000062],[117.963346109000099,38.210693686000056],[117.941697751000106,38.233946471000074],[117.900157097000033,38.246161200000088],[117.83716881600003,38.270900783000059],[117.803893823000081,38.294018126000047],[117.716082485000015,38.378510932000026],[117.668045181000039,38.446157371000076],[117.580437853000049,38.584810466000086],[117.56597071300007,38.612507449000077],[117.543549024000058,38.621323960000041],[117.5529534530001,38.643446575000041],[117.560472724000064,38.657096624000083],[117.557246286000023,38.672348533000012],[117.558777913000085,38.690941447000043],[117.573222256,38.713747808000058],[117.576263868000055,38.773749091000063],[117.578379754000025,38.792669989000046],[117.583994988000086,38.811590887000051],[117.708750847000033,38.981024481000048],[117.705577019000103,38.984361070000027],[117.704356316000016,38.986151434000064],[117.701914910000013,38.995306708000051],[117.729502800000105,38.984361070000041],[117.74325605600005,38.982245184000064],[117.77526394500002,38.98105836200007],[117.773615103,38.998904163000063],[117.765771581000095,39.026155315000047],[117.757483950000051,39.04508591500008],[117.751477841,39.067914087000084],[117.737816956000074,39.078387182000085],[117.726649143000046,39.088291184000063],[117.718272332000083,39.093003648000021],[117.715424024000058,39.111395575000081],[117.73755944100003,39.106390692000033],[117.757334832000069,39.114447333000072],[117.811815508,39.151369795000051],[117.885590040000011,39.201117255000035],[117.931162957000083,39.212103583000037],[117.973724806000064,39.216131903000075],[118.028019942000014,39.219798051000048],[118.045379908000072,39.218972048000076],[118.096403590000023,39.20239193700008],[118.140528073000041,39.172835107000061],[118.170936464000064,39.135250764000034],[118.186803761000078,39.110080198000055],[118.207122425000094,39.076705813000039],[118.235284622000108,39.053097566000098],[118.267854851000038,39.043004120000028],[118.300126380000066,39.040563804000016],[118.326096289000034,39.03093224600007],[118.344269586,39.030708618000062],[118.360351340000079,39.041948274000042],[118.380115309000089,39.050422282000056],[118.409959401000037,39.062899835000046],[118.469106200000056,39.097793461000023],[118.487095618000012,39.10201841100006],[118.512145507000028,39.115980154000049],[118.52914601800002,39.124652763000093],[118.51937910200003,39.139349677000048],[118.527110222000019,39.149237372000066],[118.560493067000039,39.147042929000058],[118.590150649000051,39.148312352000062],[118.619359870000039,39.161042452000082],[118.649082096000043,39.15973155800009],[118.687204419000068,39.153473287000061],[118.727778740000076,39.147249710000047],[118.774694452000048,39.148170170000064],[118.795990592000066,39.151777127000067],[118.816200267000013,39.16366540100006],[118.840535302000049,39.175630230000088],[118.858978712000081,39.207505601000044],[118.873789910000028,39.213812567000048],[118.871429884000023,39.200100002000056],[118.885508660000042,39.185248114000046],[118.880625847000047,39.172796942000048],[118.902679884,39.176662502000049],[118.945567254000025,39.192124742000097],[118.969981316000016,39.193304755000057],[118.95630944100003,39.188055731000055],[118.950694207000097,39.179022528000083],[118.947601759000023,39.168605861000046],[118.941986524000072,39.159125067000055],[118.931895379000025,39.152248440000044],[118.894297722000033,39.131822007000046],[118.894297722000033,39.124416408000073],[118.910411004000025,39.125433661000031],[118.926036004000025,39.130601304000038],[118.940196160000028,39.138861395000042],[118.993500196,39.179632880000035],[119.015635613000072,39.18976471600007],[119.039317254000039,39.21287669500002],[119.062348622000059,39.231465515000075],[119.09376740800009,39.260808364000084],[119.129266083000047,39.294073604000054],[119.184804225000107,39.354814110000056],[119.20334492500001,39.363437993000041],[119.225849685000071,39.357766931000079],[119.255660273000117,39.365521549000036],[119.279429329000109,39.384005608000038],[119.296128025000044,39.41163902300007],[119.305075381000051,39.432977787000056],[119.297103215000107,39.455216619000048],[119.270762554000058,39.489060804000076],[119.256424559000038,39.493111376000058],[119.261981275000053,39.53508424100005],[119.281398136,39.57501372400008],[119.270141672000022,39.580636067000057],[119.262396516000081,39.577511812000054],[119.242686394000089,39.545884507000032],[119.22934004,39.535956122000059],[119.231211785000028,39.545477606000098],[119.234141472000047,39.554388739000025],[119.238047722000033,39.562730210000055],[119.243011915000025,39.570705471000032],[119.232676629000039,39.566229559000092],[119.208994988000086,39.550197658000059],[119.208588087000052,39.569566148],[119.223236524000086,39.584662177000062],[119.24537194100003,39.594468492000082],[119.2675887380001,39.597967841000077],[119.281016472000047,39.596747137000087],[119.284922722000047,39.595445054000045],[119.302338087000066,39.61782461100006],[119.314056837000081,39.641180731000091],[119.339610222000033,39.715562242000104],[119.349864129000025,39.731756903000061],[119.355804884,39.735785223000036],[119.367865716000097,39.748348207000042],[119.385868990000063,39.759630472000076],[119.411537886000019,39.778029364000083],[119.429406378000067,39.795305952000028],[119.466795180000076,39.814847782000072],[119.495524200000105,39.813235671000093],[119.530698935000032,39.814702212000043],[119.524899285000075,39.841649302000079],[119.519867384,39.858303127000063],[119.524912957000083,39.871730861000074],[119.535592388000055,39.890825588000048],[119.553699913000074,39.899062558000068],[119.571863752000027,39.904296285000051],[119.603037957000083,39.906439520000056],[119.620616082000069,39.911037502000035],[119.660899285000013,39.932684637000058],[119.708217259000108,39.934934962000078],[119.749648769000046,39.952396744000083],[119.774424675000105,39.950506903000054],[119.792491082000069,39.963446356000084],[119.811045769000103,39.973049221000053],[119.850189649000086,39.986314195000013],[119.875500944000024,39.994739075000034],[119.911997848000055,39.998088133000046],[119.911798266,40.011105708000066],[119.915310263000038,40.036153456000079],[119.950276920000093,40.056502133000031],[120.118429251000066,40.100035438000077],[120.154964477000021,40.111354927000036],[120.183197462000066,40.123236395000035],[120.188975457000083,40.126166083000065],[120.193939649000072,40.126654364000046],[120.225469190999988,40.134946995000043],[120.246356977,40.144123369000035],[120.261322462000052,40.146714585000055],[120.28947444500001,40.163484441000037],[120.309026730000028,40.17966794800008],[120.333588087000066,40.186997789000067],[120.358002149000058,40.191799221000046],[120.394352184000027,40.194312090000047],[120.436045769000089,40.194484768000059],[120.450694207000069,40.201076565000044],[120.472015821,40.21430084800005],[120.492523634,40.231268622000087],[120.504893425000091,40.249090887000065],[120.506602410000028,40.273342190000065],[120.501312696000028,40.291896877000042],[120.500987175000091,40.307847398000042],[120.501757644999984,40.326909952000051],[120.534584434000067,40.344058935000078],[120.564868352000076,40.354182142000077],[120.591152897000043,40.367297693000083],[120.588395547,40.384320341000034],[120.567316037000055,40.380237147000066],[120.547526446999981,40.376159167000068],[120.539073113000072,40.382879950000067],[120.545664910000042,40.402411200000067],[120.562103712000066,40.411322333000044],[120.584076368000069,40.413723049000041],[120.597376372000099,40.422423150000057],[120.598480665000011,40.431830145000042],[120.597015821000028,40.450018622000066],[120.604095899000072,40.465155341000084],[120.62094160200003,40.474432684000078],[120.633311394000089,40.475165106000084],[120.659114352000088,40.483761494000035],[120.665702947,40.490800190000051],[120.669619003000093,40.502840981000098],[120.678788397000062,40.521916051000062],[120.700113116000011,40.537244223000087],[120.770030144000089,40.585760809000071],[120.788584832000097,40.591742255000021],[120.798431837000052,40.599676825000081],[120.808604363000086,40.618353583000065],[120.8164168630001,40.640041408000059],[120.81959069100003,40.656927802000048],[120.825320815000055,40.674033480000062],[120.847764173000087,40.683096775000074],[120.867686394000089,40.678656317000062],[120.884776238000086,40.680487372000066],[120.895304564000071,40.685181299000071],[120.923029893000034,40.689222616000023],[120.940194901000041,40.691246239000073],[120.962636627000052,40.709290141000061],[120.995648743000061,40.715318538000055],[121.020737908000015,40.719330067000044],[121.010264519000089,40.730861721000039],[120.994395379000011,40.736273505000021],[120.975846858000068,40.739341021000094],[120.956036232000102,40.73733066700003],[120.939545118000069,40.740545966000077],[120.936289910000013,40.755560614000025],[120.943858269000089,40.765855210000048],[120.957855665000011,40.774725653000097],[120.968516472000033,40.783596096000068],[120.967051629000025,40.794012762000079],[120.963226759,40.806586005000042],[120.970469597000047,40.81793854400005],[120.981944207000069,40.826808986000067],[120.990977410000042,40.831284898000021],[121.004974806000064,40.833075262000079],[121.029633009,40.826483466000056],[121.041923989,40.814401471000039],[121.049850107000012,40.797400734000057],[121.068350777000092,40.803389086000038],[121.065720612000064,40.818395836000029],[121.080272664000063,40.828395108000059],[121.080170118000069,40.844916083000058],[121.081146681000064,40.850246486000074],[121.0800887380001,40.857082424000062],[121.079925977000016,40.862982489000032],[121.083588087000066,40.865423895000042],[121.106049024000086,40.873236395000028],[121.111094597000033,40.876044012000044],[121.119965040000011,40.884914455000043],[121.130625847000033,40.893296617000019],[121.142425977,40.900702216000063],[121.155365431000064,40.906398830000043],[121.1757918630001,40.922308661000024],[121.20028730600005,40.930731512000079],[121.224945509000023,40.927069403000054],[121.244720899000072,40.906398830000043],[121.258392774000086,40.920640367000026],[121.26490319100003,40.910386460000034],[121.273936394000103,40.903021552000041],[121.285655144000074,40.89923737200008],[121.299327019000103,40.89960358300003],[121.315521681000078,40.910142320000034],[121.337250196,40.928168036000038],[121.361338738000086,40.939642645000049],[121.384776238000072,40.930609442000041],[121.394541863000072,40.924221096000061],[121.418467644000089,40.918890692000062],[121.429779493000069,40.913804429000059],[121.434580925000105,40.907212632000039],[121.436859571000028,40.89907461100006],[121.440928582000097,40.891343492000026],[121.450205925000077,40.88593170800003],[121.479996560000018,40.88448912000009],[121.510427573000015,40.879356704000074],[121.528887790000013,40.867266987000065],[121.56763756600003,40.845526434000078],[121.575043165000011,40.841498114000046],[121.594961863000094,40.845923568000039],[121.694423294000117,40.84836295100007],[121.73955232000003,40.849078718000037],[121.758389758000021,40.871992380000044],[121.76920249300008,40.888949284000027],[121.780056106000075,40.907909722000056],[121.777709038,40.934971529000059],[121.807383660000013,40.960028387000072],[121.826019727,40.974025783000052],[121.867930535000013,40.995794989000032],[121.874766472000033,40.989569403000061],[121.858897332000083,40.967474677000027],[121.848887566000045,40.958441473000036],[121.837494337000066,40.954779364000053],[121.825938347000047,40.948187567000048],[121.828379754000039,40.933905341000077],[121.836192254000025,40.919745184000078],[121.840586785000028,40.913804429000045],[121.8437606130001,40.859686591000063],[121.851084832000097,40.832261460000041],[121.87200535,40.815057193000058],[121.89718454,40.807836502000022],[122.049082879000025,40.746079820000041],[122.067149285000028,40.735052802000055],[122.108653191000016,40.699530341000077],[122.121836785000028,40.680121161000059],[122.136973504000039,40.685126044000086],[122.15943444100003,40.701605536000045],[122.170664910000042,40.686509507000032],[122.1679793630001,40.653509833000015],[122.137585657000059,40.624020286000068],[122.150434015000073,40.60386446400009],[122.176496906,40.58658253600003],[122.224864129000011,40.578517971000046],[122.275645379000025,40.543646552000034],[122.293955925000105,40.523016669000079],[122.301849806000064,40.502346096000061],[122.286875847000047,40.488714911000045],[122.288096550000091,40.472845770000049],[122.279551629000039,40.465725002000063],[122.265635613000086,40.461371161000031],[122.251475457000097,40.453924872000073],[122.249766472000033,40.447333075000074],[122.250987175000091,40.438421942000048],[122.250091993000069,40.430609442000048],[122.241953972000047,40.427232164000067],[122.203623894000089,40.42723216400011],[122.211029493000069,40.380601304000045],[122.18032824700002,40.352419843000078],[122.128686791000064,40.325917007000029],[122.106116120000038,40.310122817000043],[122.108653191000016,40.291815497000066],[122.108164910000028,40.283880927000055],[122.109385613000086,40.275458075000039],[122.107513868000069,40.262152411000038],[122.102305535000028,40.248724677000034],[122.091645693000046,40.227207388000075],[122.058848504000025,40.209214585],[122.038584832000097,40.196356512000072],[122.015961134,40.188137111000046],[121.991465691000045,40.186997789000067],[122.006358269000089,40.156317450000053],[121.995667793000052,40.123895275000031],[121.933116082000097,40.101385809000085],[121.929467730000042,40.077286453000063],[121.880461176000026,40.041498612000062],[121.826914910000042,40.022528387000079],[121.837901238000086,40.020453192000041],[121.864756707000083,40.019435940000072],[121.874766472000033,40.016302802000027],[121.880951368000069,40.007961330000064],[121.880137566000045,39.998724677000034],[121.873789910000028,39.991400458000051],[121.854746941000045,39.985174872000066],[121.836029493000069,39.971136786000045],[121.809662306000064,39.965033270000042],[121.805186394000089,39.957831122000073],[121.803802931000064,39.948716539000088],[121.799652540000025,39.940008856000084],[121.774424675000077,39.920843817000062],[121.754649285000042,39.918280341000077],[121.734385613000086,39.92328522300005],[121.707123243000055,39.926947333000051],[121.684906446000028,39.92251211100006],[121.635971735,39.896686768000059],[121.616092958000081,39.871700506000067],[121.566292326000053,39.858841518000077],[121.535899285000028,39.861761786000052],[121.509916863000058,39.824031398000031],[121.470713738000072,39.810248114000018],[121.47152754,39.805080471000053],[121.477549675000091,39.786769924000048],[121.487320497000056,39.77800009900006],[121.484612219000041,39.764005018000049],[121.474184923000053,39.756074029000061],[121.457286004000025,39.748480536000045],[121.459808790000025,39.744330145000056],[121.462657097000047,39.741522528000068],[121.463877800000105,39.738592841000091],[121.490863640000043,39.720994069000113],[121.506846550000091,39.694322007000025],[121.518402540000011,39.686712958000051],[121.524017774000072,39.687323309000092],[121.530284050000105,39.690985419000086],[121.537445509,39.692531643000059],[121.546478712000081,39.686712958000015],[121.550140821,39.678656317000048],[121.547373894000103,39.673163153000068],[121.542328321000014,39.66937897300005],[121.539561394000089,39.666245835000041],[121.537689649000058,39.662909247000087],[121.528656446000028,39.655951239000032],[121.525889519000089,39.652655341000056],[121.527842644000103,39.649603583000037],[121.537689649000058,39.641424872000066],[121.539561394000089,39.638983466000084],[121.537201368000069,39.631984768000031],[121.536143425000105,39.626654364000068],[121.533295118000083,39.622300523000042],[121.525889519000089,39.617865302000041],[121.498165438,39.652924192000043],[121.463877800000105,39.645819403000097],[121.470713738000072,39.632147528000068],[121.449805385000104,39.615098025000073],[121.382182952000093,39.601336840000059],[121.326508009000023,39.602362372000087],[121.306162957000069,39.597967841000077],[121.291514519000089,39.586371161000038],[121.260001365000122,39.563673366000039],[121.248545769000089,39.543402411000045],[121.238373243000069,39.541489976000037],[121.228526238000086,39.536444403000075],[121.223399285000042,39.528631903000061],[121.227793816000016,39.518866278000083],[121.236827019000089,39.514715887000072],[121.272715691000045,39.515448309000071],[121.282481316000045,39.512152411000031],[121.299815300000091,39.503363348000043],[121.306162957000069,39.501776434000071],[121.319427931000064,39.505682684000057],[121.340424024000072,39.519273179000017],[121.354014519000089,39.522202867000097],[121.399506056000064,39.520209052000027],[121.419932488000072,39.516058661000045],[121.436045769000103,39.508612372000066],[121.461436394000103,39.473700262000058],[121.491953972000047,39.38898346600007],[121.525889519000089,39.364650783000052],[121.548920118000083,39.36188385600007],[121.717784050000105,39.371486721000046],[121.707774285000028,39.395656643000045],[121.74537194100003,39.397894598000057],[121.830658399000058,39.385077216000056],[121.848887566000045,39.387355861000025],[121.880951368000069,39.397162177000055],[121.898692254000025,39.399359442000055],[121.912689649000072,39.405259507000061],[121.922373894000103,39.41522858300003],[121.931244337000081,39.417181708000051],[121.942963087000066,39.399359442000055],[121.915049675000105,39.395412502000049],[121.865489129000011,39.37055084800005],[121.837494337000066,39.364650783000052],[121.791270379000025,39.371323960000062],[121.779795769000089,39.371486721000053],[121.765147332000097,39.365383205000057],[121.753509962000081,39.355210679000017],[121.731293165000011,39.330471096000046],[121.7382918630001,39.319647528000083],[121.736094597000047,39.311753648000028],[121.717784050000105,39.296942450000081],[121.680186394000103,39.275213934000071],[121.658457879000025,39.266791083000022],[121.646983269000089,39.264878648000035],[121.641937696000014,39.272162177000041],[121.636973504000039,39.272650458000015],[121.611984147000044,39.274980894000059],[121.589938564000036,39.264053964000091],[121.604085770000083,39.252949595000082],[121.633067254000025,39.236151434000092],[121.626312696,39.224514065000037],[121.601654493000069,39.221258856000034],[121.603363477,39.216498114000039],[121.605967644000089,39.20538971600007],[121.607920769000089,39.200751044000079],[121.592621290000025,39.192206122000066],[121.606700066000045,39.180812893000052],[121.629893425000091,39.173244533000052],[121.641937696000014,39.176214911000059],[121.649180535000042,39.158148505000035],[121.681000196000028,39.136419989000046],[121.689789259000023,39.118150132000046],[121.674082879000025,39.088039455000064],[121.632334832000083,39.069484768000045],[121.546478712000081,39.049261786000066],[121.486338738000086,39.019598700000074],[121.467295769000103,39.015122789000095],[121.441498243000069,39.013902085000041],[121.428070509,39.014715887000094],[121.419200066000045,39.018540757000032],[121.408539259,39.032863674000055],[121.403330925000105,39.03827545800003],[121.395518425000091,39.042466539000095],[121.37484785200003,39.044175523000042],[121.352305535000028,39.038072007000046],[121.334239129000025,39.026597398000014],[121.326752149000072,39.012030341000056],[121.328868035000028,39.001410223000057],[121.338145379000039,38.985256252000063],[121.340342644000103,38.977606512000079],[121.334320509,38.968573309000078],[121.320323113000086,38.966498114000061],[121.291840040000011,38.96735260600007],[121.256846550000105,38.949652411000045],[121.234385613000086,38.945624091000084],[121.219493035000042,38.940497137000087],[121.210703972000033,38.940090236000053],[121.201996290000025,38.942857164000095],[121.188812696000028,38.952297268000059],[121.179535352000016,38.954331773000035],[121.128754102000016,38.947333075000088],[121.117930535000042,38.943426825000081],[121.096202019000089,38.920599677000055],[121.086192254000025,38.905707098000036],[121.090424024000086,38.89907461100006],[121.148529493000083,38.89907461100006],[121.152354363000086,38.886297919000086],[121.140147332000083,38.874253648000035],[121.114512566000045,38.858140367000104],[121.111338738000072,38.840277411000038],[121.117930535000042,38.828192450000074],[121.127777540000011,38.818915106000077],[121.134857618000055,38.809759833000037],[121.139252149000072,38.789496161000059],[121.13404381600003,38.782212632000046],[121.124115431000078,38.778387762000087],[121.114512566000045,38.768133856000091],[121.132416212000052,38.758734442000033],[121.141368035000028,38.742743231000077],[121.153086785000042,38.727606512000087],[121.179535352000016,38.720933335000012],[121.19849694100003,38.727850653000083],[121.244720899000072,38.775580145000042],[121.225596550000091,38.776312567000041],[121.217539910000028,38.775580145000049],[121.236664259,38.798488674000069],[121.260752800000091,38.795111395000063],[121.287608269000089,38.788072007000025],[121.344737175000091,38.814642645000056],[121.38013756600003,38.816595770000042],[121.484955274000086,38.809881903000061],[121.498871290000011,38.814642645000056],[121.504893425000105,38.826483466000091],[121.512217644000103,38.826971747000073],[121.552744988000086,38.858140367000104],[121.581065300000105,38.862982489000025],[121.654795769000103,38.857855536000045],[121.676117384,38.871161200000074],[121.696299675000091,38.862941799000055],[121.704844597000047,38.873114325000067],[121.703623894000089,38.891913153000083],[121.693614129000025,38.909613348000057],[121.676768425000105,38.921535549000062],[121.659190300000091,38.92625560100003],[121.618174675000091,38.926418361000053],[121.592539910000028,38.935980536000045],[121.587412957000083,38.94009023600006],[121.592133009,38.948675848000043],[121.604340040000011,38.951971747000087],[121.628916863000086,38.954331773000028],[121.647797071000014,38.959377346000075],[121.652598504000011,38.96344635600007],[121.656341993000055,38.974188544000057],[121.657806837000081,38.983872789000102],[121.656016472000033,38.990627346000082],[121.649261915000011,38.994452216000077],[121.635752800000091,38.995306708000051],[121.670909050000091,39.007717190000058],[121.680186394000103,39.008978583000022],[121.710459832000097,39.006740627000063],[121.738780144000089,39.001532294000071],[121.738780144000089,39.008978583000022],[121.720062696000014,39.019517320000041],[121.724701368000069,39.030178127000084],[121.744883660000042,39.03351471600007],[121.772471550000091,39.021958726000037],[121.787119988000086,39.006903387000108],[121.811534050000091,38.972845770000049],[121.847911004000025,38.947455145000042],[121.859873894000089,38.944647528000097],[121.871348504000025,38.950628973000072],[121.887543165000011,38.962388414000067],[121.894786004000039,38.970770575000067],[121.895274285000028,38.98102448100007],[121.880137566000045,38.997015692000048],[121.837982618000083,39.015082098000043],[121.826914910000042,39.036281643000031],[121.855967644000089,39.033758856000098],[121.879405144000089,39.027411200000088],[121.923187696000028,39.008978583000022],[121.920258009,39.02094147300005],[121.912933790000011,39.030707098],[121.901947462000052,39.038031317000062],[121.888438347000019,39.042466539000081],[121.9043074880001,39.049383856000091],[121.91724694100003,39.046332098000057],[121.929453972000033,39.03986237200008],[121.942963087000066,39.036281643000031],[121.959320509000023,39.040472723000057],[121.971283399000086,39.049627997000073],[121.9804793630001,39.058783270000042],[121.988047722000047,39.062933661000031],[122.042328321000014,39.059719143000038],[122.051280144000089,39.067124742000082],[122.039317254000025,39.090887762000065],[122.047862175000077,39.099188544000064],[122.055674675000091,39.101385809000092],[122.063975457000097,39.101752020000056],[122.073334181000064,39.104559637000079],[122.127452019000089,39.141994533000059],[122.142670118000069,39.146307684000064],[122.162689649000072,39.146144924000055],[122.149912957000097,39.154445705000064],[122.135834181000078,39.158148505000035],[122.104502800000091,39.159125067000026],[122.104014519000103,39.163804429000059],[122.11060631600003,39.174994208000051],[122.116709832000083,39.18866608300003],[122.115000847000047,39.200751044000079],[122.198578321000014,39.251206773000042],[122.240244988000072,39.285630601000058],[122.245371941000016,39.310614325000074],[122.249522332000083,39.316555080000036],[122.250743035000042,39.319037177000034],[122.251475457000097,39.323675848000057],[122.267425977000016,39.318019924000069],[122.277110222000047,39.328517971000053],[122.283702019000089,39.343410549000062],[122.290049675000105,39.350978908000066],[122.303558790000011,39.35415273600006],[122.318858269000089,39.362005927000055],[122.33326256600003,39.372056382000046],[122.344737175000105,39.382025458000058],[122.355967644000089,39.387884833000044],[122.383311394000103,39.395656643000045],[122.39633222700003,39.411037502000056],[122.413828972000047,39.413641669000064],[122.447032097000033,39.412420966000077],[122.469818556000078,39.41669342700002],[122.495616082000069,39.427191473000065],[122.540049675000091,39.454006252000063],[122.546478712000066,39.456610419000071],[122.551117384000023,39.455959377000056],[122.555430535000042,39.456000067000041],[122.560069207000097,39.460760809000085],[122.561045769000103,39.467962958000051],[122.557220899000072,39.473293361000053],[122.553233269000089,39.477525132000018],[122.553233269000089,39.48135000200007],[122.562103712000066,39.486761786000038],[122.569102410000028,39.483547268000045],[122.576914910000028,39.475653387000058],[122.5879012380001,39.466986395000049],[122.636566602000016,39.508449611000067],[122.642588738000086,39.526027736000046],[122.6484481130001,39.532416083000058],[122.660980665,39.528021552000062],[122.672943556000078,39.519964911000038],[122.676768425000091,39.515448309000085],[122.688243035000013,39.518622137000065],[122.69654381600003,39.523871161000052],[122.71078535200003,39.53595612200008],[122.769134962000066,39.558172919000086],[122.779795769000089,39.560451565000044],[122.788177931000078,39.572333075000067],[122.848643425000091,39.617865302000041],[122.871592644000089,39.605780341000063],[122.944916212000066,39.619696356000063],[122.964121941000016,39.61163971600007],[122.992442254000039,39.636704820000027],[122.996348504000025,39.649644273000042],[122.977631056000064,39.65884023600006],[122.977631056000064,39.666245835000041],[122.991953972000019,39.665920315000044],[123.000580274000058,39.671087958000044],[123.005707227,39.677435614000025],[123.009125196000014,39.68048737200008],[123.016612175000091,39.679510809000071],[123.029633009,39.67470937700007],[123.039805535000028,39.673081773000021],[123.058116082000083,39.674750067000041],[123.099945509,39.685777085000034],[123.108002149000072,39.690130927000041],[123.128428582000069,39.664862372000066],[123.174327019000089,39.665757554000038],[123.223155144000103,39.67975495000006],[123.265879754000039,39.701076565000029],[123.269134962000066,39.70758698100007],[123.26295006600003,39.718085028000083],[123.25513756600003,39.724107164000088],[123.24927819100003,39.725327867000104],[123.242279493000069,39.725490627000042],[123.220795118000069,39.730698960000034],[123.212168816000016,39.731390692000048],[123.206390821000014,39.734686591000049],[123.204193556000078,39.745062567000062],[123.209971550000091,39.754950262000087],[123.222992384,39.754950262000072],[123.249034050000091,39.748236395000028],[123.265391472000019,39.754095770000035],[123.263519727,39.76764557500006],[123.252777540000025,39.782904364000039],[123.242198113000072,39.793524481000084],[123.235850457000083,39.802435614000046],[123.238047722000047,39.809230861000067],[123.244720899000072,39.814032294000064],[123.252045118000069,39.817084052000041],[123.252777540000025,39.811183986000081],[123.257172071000014,39.801092841000056],[123.264170769000103,39.797308661000038],[123.273203972000033,39.810248114000032],[123.285004102000016,39.80345286700009],[123.302989129000011,39.784491278000061],[123.314056837000052,39.776109117000082],[123.339366082000097,39.784898179000017],[123.36451256600003,39.785223700000081],[123.386729363000086,39.789618231000077],[123.403575066000045,39.810248114000032],[123.398203972000033,39.818345445000027],[123.403086785000028,39.823553778000054],[123.411631707000069,39.825669664000102],[123.417084181000078,39.824530341000063],[123.42115319100003,39.813218492000075],[123.418223504000039,39.806545315000065],[123.413096550000105,39.801825262000087],[123.410411004000025,39.796616929000024],[123.408457879000039,39.745998440000051],[123.410411004000025,39.735174872000066],[123.4277449880001,39.726629950000088],[123.445648634,39.73704661700009],[123.481537306000078,39.779689846000061],[123.495616082000083,39.790716864000032],[123.513194207000069,39.797796942000033],[123.533213738000086,39.796616929000024],[123.54184004,39.79169342700002],[123.547373894000103,39.785345770000042],[123.550791863000072,39.779486395000056],[123.553721550000091,39.776109117000082],[123.563243035000042,39.770412502000049],[123.563243035000042,39.768784898000021],[123.56373131600003,39.77094147300005],[123.591400587000081,39.784328518000059],[123.597666863000086,39.792629299000062],[123.601573113000072,39.817084052000041],[123.622569207000097,39.871730861000067],[123.626231316000045,39.889105536000052],[123.630951368000069,39.903998114000053],[123.640147332000083,39.914699611000053],[123.656748894000089,39.919501044000079],[123.643077019000103,39.878566799000055],[123.669688347000047,39.856594143000038],[123.720062696000028,39.83055247600003],[123.773041212000081,39.818345445000041],[123.807627800000105,39.837591864000018],[123.814463738000072,39.837591864000039],[123.834076368000069,39.829169012000079],[123.860362175000091,39.824408270000042],[123.887543165000011,39.822902736000053],[123.910655144000089,39.824530341000077],[123.920258009,39.829494533000073],[123.930674675000077,39.836859442000026],[123.942149285000042,39.84056224200009],[123.954925977000016,39.834173895000049],[123.967784050000091,39.820542710000048],[123.975108269000089,39.815008856000077],[123.985687696000014,39.810248114000032],[123.998057488000086,39.815904039000088],[124.0410262380001,39.824530341000077],[124.055430535000028,39.829901434000064],[124.066905144000089,39.836167710000041],[124.088145379000025,39.851874091000063],[124.118174675000077,39.833156643000045],[124.137217644000089,39.842352606000077],[124.155039910000042,39.861314195000048],[124.202159050000091,39.878607489000025],[124.266368035000042,39.926947333000051],[124.273692254000039,39.928900458000022],[124.280284050000077,39.928697007000039],[124.286713087000066,39.929348049000062],[124.294200066000045,39.933783270000063],[124.299082879000039,39.940375067000048],[124.302989129000025,39.954087632000032],[124.30787194100003,39.961086330000072],[124.352305535000042,39.998968817000062],[124.361338738000086,40.011175848000057],[124.364024285000028,40.020900783000052],[124.36255944100003,40.046779690000044],[124.356944207000097,40.076320705000043],[124.358246290000011,40.089056708000044],[124.369965040000011,40.098293361000067],[124.380381707000083,40.082668361000074],[124.384369337000066,40.064886786000045],[124.391449415000025,40.048285223000057],[124.410248243000069,40.036200262000072],[124.43287194100003,40.032782294000057],[124.479258660000042,40.030747789000081],[124.499603712000066,40.022528387000079],[124.465830925000105,40.015285549000033],[124.434092644000074,40.024562893000066],[124.405772332000083,40.027777411000038],[124.383067254000025,40.002671617000082],[124.376068556000064,39.954087632000032],[124.369965040000011,39.940008856000084],[124.3593856130001,39.933539130000021],[124.345713738000072,39.930243231000077],[124.332123243000083,39.925116278000068],[124.32154381600003,39.912665106000077],[124.327972852000016,39.90973541900005],[124.334808790000025,39.905585028000068],[124.341807488000086,39.899969794000071],[124.34888756600003,39.892808335000055],[124.36255944100003,39.871730861000067],[124.389659050000105,39.867865302000048],[124.396576368000069,39.865545966000049],[124.399180535000028,39.859808661000045],[124.40357506600003,39.841498114000046],[124.407237175000091,39.837591864000039],[124.409759962000066,39.835923570000034],[124.413666212000066,39.827826239000046],[124.417735222000047,39.824530341000077],[124.422618035000042,39.82420482000002],[124.426361524000086,39.826483466000056],[124.430023634,39.829331773000042],[124.434418165000011,39.830755927000027],[124.519786004000025,39.818060614000068],[124.554942254000025,39.817084052000041],[124.564056837000052,39.814276434000078],[124.565440300000091,39.807114976000037],[124.56161543100005,39.786688544000071],[124.566009962000066,39.778876044000071],[124.584727410000042,39.77094147300005],[124.58912194100003,39.765855210000026],[124.5879012380001,39.756293036000031],[124.583262566000045,39.740545966000063],[124.582286004000039,39.731756903000068],[124.58480879,39.723578192000041],[124.591563347000019,39.720851955000029],[124.600352410000042,39.71930573100007],[124.609466993000069,39.714667059000078],[124.613373243000069,39.709784247000066],[124.619883660000042,39.697943427000055],[124.623789910000028,39.693548895000028],[124.631439649000072,39.693915106000084],[124.63990319100003,39.698065497000066],[124.646983269000074,39.697577216000063],[124.649912957000097,39.683661200000103],[124.64509531300007,39.669466084000064],[124.632148834000091,39.662945980000089],[124.628573956000068,39.644747588000065],[124.610803014,39.628650500000063],[124.615733269000103,39.617865302000041],[124.618662957000083,39.614732164000102],[124.621918165000011,39.613104559000078],[124.629405144000089,39.611639716000084],[124.625336134,39.605169989000032],[124.624115431000064,39.602199611000074],[124.623789910000028,39.59796784100007],[124.637452191000079,39.590483449000097],[124.640574723000086,39.59460383000004],[124.649062814000104,39.612120807000053],[124.674928628000089,39.622069139000075],[124.695016664000036,39.637539814000029],[124.716412204000108,39.647127675000036],[124.735137491000046,39.641587568000027],[124.743907097000033,39.644354559000092],[124.734243858,39.65499617400009],[124.72980457000007,39.66529252400003],[124.740532312000042,39.671791548000044],[124.753045151000052,39.672458745000078],[124.757115089000081,39.687905913000073],[124.744624053000067,39.691356156000026],[124.744186966000044,39.701307953000089],[124.750021075000063,39.709892474000071],[124.750254754000011,39.722357489000018],[124.754730665000011,39.733710028000075],[124.749522332000083,39.745062567000062],[124.742930535000013,39.752997137000065],[124.739512566000045,39.762111721000053],[124.740244988000072,39.772162177000048],[124.746104363000086,39.782945054000038],[124.756439649000058,39.770656643000052],[124.760390129000029,39.748007778000051],[124.77064966,39.741811421000072],[124.799164259000023,39.739813544000064],[124.803070509000023,39.730454820000013],[124.811289910000028,39.728338934000099],[124.833588087000066,39.725978908000059],[124.849131707000069,39.721502997000059],[124.866302931000064,39.713853257000032],[124.881602410000028,39.704169012000079],[124.892670118000069,39.691961981000063],[124.901621941000045,39.662054755000042],[124.913096550000077,39.656236070000034],[124.926524285000028,39.652980861000067],[124.937836134,39.645819403000097],[124.9472762380001,39.662990627000056],[124.958262566000016,39.662014065000037],[124.986338738000086,39.638983466000084],[124.994395379000025,39.636908270000049],[125.003265821000014,39.63686758000005],[125.010590040000011,39.635321356000098],[125.01351972700003,39.628729559000071],[125.018077019000089,39.624009507000032],[125.040049675000091,39.608547268000059],[125.047699415000011,39.604193427000048],[125.060313347000047,39.601141669000071],[125.070078972000033,39.601507880000042],[125.085541212000052,39.604193427000041],[125.097504102000016,39.602728583000051],[125.101654493000083,39.598700262000072],[125.103770379000039,39.592474677000034],[125.109711134,39.584377346000039],[125.113536004000039,39.57758209800005],[125.114268425000105,39.570949611000053],[125.116953972000047,39.565863348000036],[125.126800977000016,39.563869533000066],[125.171234571000014,39.563869533000059],[125.167816602000016,39.569769598000043],[125.160980665000025,39.585191148000021],[125.157562696000028,39.591213283000073],[125.225189649000072,39.591213283000052],[125.210297071000014,39.573065497000066],[125.219574415000011,39.566473700000088],[125.237071160000028,39.562892971000046],[125.246348504000011,39.553615627000049],[125.250743035000028,39.551214911000059],[125.277110222000033,39.526027736000053],[125.285980665000011,39.521185614000039],[125.294932488000086,39.523016669000071],[125.30355879,39.527289130000057],[125.325694207000083,39.533189195000048],[125.429698113000086,39.575384833000044],[125.444916212000052,39.584377346000039],[125.451752149000072,39.571275132000032],[125.450287306000064,39.557928778000068],[125.441986524000072,39.547552802000034],[125.413666212000081,39.538723049000048],[125.406586134000023,39.527492580000057],[125.402598504000039,39.513739325000074],[125.397227410000028,39.501776434000071],[125.379405144000103,39.486273505000042],[125.360362175000091,39.474676825000053],[125.346039259,39.459621486000053],[125.342539910000028,39.433539130000042],[125.351654493000055,39.437404690000065],[125.361827019000089,39.439927476000044],[125.372569207000083,39.440985419000064],[125.383555535000028,39.440334377000042],[125.359955274000072,39.413153387000087],[125.357025587000081,39.398749091000063],[125.376475457000083,39.392523505000035],[125.438487175000105,39.384995835000019],[125.459239129000011,39.38507721600007],[125.454193556000064,39.374335028000083],[125.445648634000023,39.366929429000038],[125.424408399000086,39.357123114000039],[125.418955925000077,39.360541083000065],[125.414805535000042,39.362005927000055],[125.404633009,39.364650783000052],[125.413422071000014,39.354437567000055],[125.418223504000039,39.350978908000094],[125.411143425000091,39.333482164000102],[125.416270379000025,39.320257880000035],[125.429209832000083,39.312241929000045],[125.444916212000052,39.310614325000074],[125.431895379000025,39.30072663000005],[125.393565300000077,39.245794989000018],[125.396006707000069,39.236558335000062],[125.404877149000058,39.228949286000031],[125.410899285000013,39.213812567000048],[125.389008009,39.220282294000064],[125.365082227000016,39.220892645000042],[125.34359785200003,39.212876695000027],[125.328868035000042,39.19330475500005],[125.3320418630001,39.18496328300008],[125.340098504000025,39.176011460000041],[125.343516472000033,39.168890692000041],[125.3320418630001,39.165961005000042],[125.307139519000089,39.165432033000059],[125.29672285200003,39.161525783000044],[125.287364129000011,39.152329820000041],[125.294444207000069,39.147365627000035],[125.293304884,39.143540757000068],[125.289154493000083,39.139064846000061],[125.287364129000011,39.131822007000039],[125.288153167000033,39.123542083000082],[125.28617909400009,39.117048880000048],[125.290334778000101,39.111281257000087],[125.290611526000021,39.104530787000087],[125.286694282000084,39.097046423000059],[125.284070244000077,39.089556418000065],[125.335052931000078,39.083441473000043],[125.316009962000066,39.079535223000057],[125.291107618000069,39.080471096000046],[125.270802552000077,39.080606125000074],[125.260020379000039,39.06635163000005],[125.252002029000096,39.049638677000083],[125.233368379000012,39.029886770000068],[125.21216881600003,39.001532294000064],[125.198643069000028,38.986056348000034],[125.200901246000058,38.975262448000073],[125.190027220000033,38.95851982600005],[125.172980862000045,38.938799521000078],[125.16362715400011,38.915460405000026],[125.151966217,38.891528975000078],[125.150726759,38.874579169000079],[125.147552931000078,38.837144273],[125.143321160000028,38.820379950000074],[125.137217644000103,38.803534247000066],[125.145273917000054,38.777087866000045],[125.15677039000002,38.769267292000038],[125.172111431000076,38.763229570000064],[125.176663819000069,38.751228001000079],[125.188119798000017,38.738607582000043],[125.216556787000059,38.739716800000046],[125.2304793630001,38.771918036000052],[125.225189649000072,38.796087958000044],[125.240977410000028,38.793117580000043],[125.252696160000042,38.783596096000053],[125.257823113000086,38.771918036000024],[125.25318444100003,38.762518622000037],[125.259776238000086,38.758286851000044],[125.266856316000016,38.755072333000044],[125.246918165000025,38.736721096000046],[125.243500196000028,38.728338934000085],[125.249766472000019,38.717230536000045],[125.262461785000028,38.70791250200007],[125.277679884,38.703314520000049],[125.293711785000042,38.703192450000095],[125.308360222000047,38.707261460000055],[125.308360222000047,38.713527736000046],[125.303477410000042,38.716742255000028],[125.297943556000064,38.722113348000057],[125.295909050000105,38.728461005000042],[125.301036004000039,38.734564520000049],[125.306407097000033,38.734605210000034],[125.310313347000019,38.729803778000083],[125.312754754000025,38.723863023000035],[125.314545118000083,38.720933335000048],[125.34107506600003,38.717474677000041],[125.350352410000013,38.72125885600007],[125.356211785000028,38.734564520000049],[125.363047722000033,38.734564520000063],[125.373128443000041,38.720541037000096],[125.389244065000085,38.717449085000048],[125.419313283000079,38.729264919000052],[125.434174024000086,38.736761786000038],[125.427826368000069,38.744126695000027],[125.420013868000069,38.750189520000049],[125.410899285000013,38.75507233300003],[125.424571160000042,38.755926825000067],[125.432139519000089,38.763088283000059],[125.435883009000023,38.771307684000071],[125.438731316000045,38.775580145000056],[125.447764519000089,38.777248440000044],[125.448008660000028,38.776190497000059],[125.447032097000019,38.77155182500006],[125.472911004000039,38.734320380000028],[125.479095899000086,38.727728583000051],[125.490977410000042,38.722886460000048],[125.514740431000064,38.72280508000005],[125.527598504000025,38.720933335000048],[125.543711785000028,38.711127020000042],[125.58895918100005,38.666327216000063],[125.5996199880001,38.66225820500005],[125.619883660000028,38.66144440300009],[125.630625847000033,38.658880927],[125.636810743000069,38.653998114000053],[125.648529493000083,38.638495184000099],[125.657806837000052,38.63100820500005],[125.63795006600003,38.62641022300005],[125.610362175000105,38.631089585000041],[125.585948113000072,38.641913153000075],[125.575205925000105,38.655747789000095],[125.572357618000083,38.662298895000042],[125.564952019000089,38.670111395000042],[125.555186394000089,38.67666250200007],[125.545176629000011,38.679388739000032],[125.540782097000033,38.674261786000052],[125.537933790000011,38.663641669000064],[125.532725457000069,38.654120184000085],[125.52076256600003,38.652655341000084],[125.514659050000105,38.657863674000041],[125.511810743000083,38.676703192000048],[125.50709069100003,38.68622467700002],[125.462657097000033,38.707261460000034],[125.451019727000016,38.704006252000056],[125.446136915000011,38.69672272300005],[125.444427931000064,38.689520575000088],[125.441905144000074,38.686224677000034],[125.429698113000086,38.68748607000002],[125.406748894000089,38.692857164000081],[125.397227410000028,38.693670966000049],[125.369108352999987,38.69476077500007],[125.346016226000074,38.687079095000058],[125.330605147000043,38.678747467000051],[125.319791466000098,38.668584452000069],[125.311324331000037,38.665016702000067],[125.301036004000039,38.656805731000063],[125.277982756000043,38.663077538000053],[125.267295288000028,38.670310006000072],[125.259613509,38.669738521000056],[125.235733549000088,38.657837223000058],[125.220381231000019,38.656092424000072],[125.203485404000048,38.652553381000097],[125.193545234,38.657378649000087],[125.188990381000039,38.666979030000057],[125.17979650700012,38.670002481000061],[125.178197583000042,38.656826179000085],[125.18349645,38.642431744000092],[125.179622707000036,38.634655136000063],[125.156599899000085,38.631726627000042],[125.148228538999987,38.646128223000048],[125.137559660000079,38.662332307000064],[125.123383009,38.666327216000063],[125.116547071000014,38.657212632000018],[125.118418816000045,38.645168361000053],[125.126068556000064,38.63324616100001],[125.137217644000103,38.624741929000045],[125.134043816000045,38.610012111000067],[125.134532097000033,38.591253973000057],[125.128008640000076,38.580281442000036],[125.102769413000019,38.593523426000047],[125.079744417000043,38.583988530000056],[125.058241145000011,38.568467928000061],[125.042966336000063,38.581682956000058],[125.037625067000022,38.591271449000097],[125.02920047300006,38.589495285000062],[125.017685910000068,38.583523296000067],[124.997747375000031,38.59252162100006],[124.983948556000087,38.591941676000026],[124.98086569900012,38.584157201000046],[124.995697462000066,38.574042059000092],[124.997080925000105,38.566148179000017],[124.994883660000042,38.557684637000065],[124.993011915000025,38.545884507000025],[124.996836785000028,38.535874742000082],[125.014740431000064,38.524969794000071],[125.021006707000069,38.514878648000035],[125.016368035000013,38.497951565000072],[125.002045118000055,38.473618882000032],[124.985199415000011,38.451361395000056],[124.9726668630001,38.440375067000069],[124.974864129000025,38.455145575000088],[124.972178582000083,38.46214427300005],[124.966563347000033,38.463364976000051],[124.958994988000086,38.460882880000021],[124.9472762380001,38.450506903000075],[124.935069207000069,38.420599677000013],[124.927989129000011,38.409084377000049],[124.883881056000078,38.355292059000078],[124.879730665000011,38.345200914000088],[124.869639519000074,38.282131252000028],[124.870127800000091,38.265448309000078],[124.872325066000016,38.257635809000064],[124.886566602000016,38.244574286000073],[124.915049675000091,38.22907135600007],[124.967621290000025,38.235337632000025],[124.993011915000025,38.226955471000046],[124.931000196000028,38.192938544000071],[124.920909050000091,38.189357815000037],[124.895274285000028,38.221502997000066],[124.879161004000025,38.230658270000085],[124.855967644000089,38.226955471000046],[124.845469597000033,38.218410549000069],[124.829112175000091,38.193793036000052],[124.821787957000083,38.185939846000061],[124.780039910000028,38.17861562700007],[124.773285352000016,38.175970770000056],[124.765147332000083,38.156073309000092],[124.745127800000105,38.147935289000074],[124.697764519000074,38.144964911000045],[124.673594597000033,38.137193101],[124.66724694100003,38.125718492000061],[124.677093946000028,38.115383205000043],[124.793793165000011,38.097805080000064],[124.840098504000039,38.101996161000038],[124.865489129000039,38.107082424000026],[124.876475457000083,38.113959052000027],[124.885264519000089,38.131659247000066],[124.904877149000072,38.124823309000085],[124.937836134,38.09780508000005],[125.01351972700003,38.062404690000044],[125.0273543630001,38.068996486000067],[125.075694207000097,38.076076565000037],[125.124522332000083,38.095119533000066],[125.140635613000072,38.09780508000005],[125.155853712000081,38.095526434000099],[125.190440300000105,38.085760809000064],[125.208506707000069,38.083482164000095],[125.248301629000025,38.083807684000107],[125.26490319100003,38.077948309000071],[125.273692254000025,38.062404690000044],[125.25318444100003,38.053941148000028],[125.246348504000011,38.020086981000055],[125.225189649000072,38.021429755000064],[125.219574415000011,38.027818101000065],[125.217295769000103,38.037176825000095],[125.213226759000023,38.045721747000066],[125.201670769000089,38.049383856000063],[125.157562696000028,38.042547919000071],[125.116221550000091,38.041937567000069],[125.10670006600003,38.034613348000022],[125.109711134,38.015285549000055],[125.115326368000069,38.002386786000031],[125.118500196,37.999457098000036],[125.123301629000039,37.998439846000061],[125.144297722000033,37.983465887000087],[125.155284050000105,37.979966539000095],[125.166514519000103,37.981268622000066],[125.177500847000047,37.987941799000048],[125.184906446000014,37.980454820000041],[125.175384962000081,37.969916083000058],[125.163828972000033,37.963771877000035],[125.149912957000083,37.960760809000064],[125.133799675000105,37.960028387000079],[125.115977410000042,37.962713934000071],[125.089610222000033,37.975816148000028],[125.075694207000097,37.98045482000002],[125.062022332000069,37.978583075000095],[125.036631707000069,37.963609117000111],[125.024180535000028,37.960028387000079],[125.005463087000066,37.958441473000057],[124.9921981130001,37.95294830900005],[124.983653191000016,37.942328192000026],[124.979502800000091,37.925238348000057],[124.989024285000028,37.927435614000046],[125.013519727,37.939520575000046],[125.006602410000028,37.918443101000037],[125.013194207000083,37.905991929000031],[125.029388868000069,37.900091864000025],[125.051524285000013,37.89858633000005],[125.062103712000066,37.896144924000048],[125.089366082000083,37.878078518000059],[125.100352410000028,37.875067450000067],[125.158213738000086,37.867580471000068],[125.176605665,37.867621161000045],[125.193125847000047,37.871771552000048],[125.208506707000069,37.881170966000042],[125.219574415000011,37.896714585000041],[125.228526238000086,37.915228583000051],[125.240082227000016,37.929592190000044],[125.260020379000039,37.932684637000079],[125.257090691000016,37.91461823100007],[125.300629102000016,37.895209052000034],[125.308360222000047,37.878078518000059],[125.294932488000086,37.859849351000044],[125.251719597000033,37.837836005000035],[125.23951256600003,37.822821356000048],[125.301036004000039,37.822821356000048],[125.305430535000028,37.820217190000051],[125.308116082000097,37.815497137000087],[125.309092644000103,37.811102606000077],[125.308360222000047,37.809149481000055],[125.326670769000089,37.812974351000044],[125.345957879000039,37.822577216000056],[125.377289259,37.843329169000086],[125.368011915000025,37.846625067000055],[125.360362175000091,37.851060289000067],[125.354014519000103,37.857001044000064],[125.349375847000047,37.864406643000059],[125.371836785000028,37.869126695000027],[125.39966881600003,37.865464585000055],[125.426280144000074,37.85602448100007],[125.444916212000052,37.843329169000064],[125.446299675000091,37.860012111000053],[125.427989129000039,37.874497789000095],[125.402842644000089,37.88556549700008],[125.383555535000028,37.891750393000066],[125.394541863000086,37.896673895000049],[125.406260613000086,37.898627020000042],[125.431895379000025,37.89858633000005],[125.430023634,37.902004299000048],[125.427500847000033,37.908351955000064],[125.424408399000086,37.912176825000074],[125.445648634000023,37.92039622600003],[125.455088738000086,37.91461823100007],[125.463877800000105,37.904120184000057],[125.483164910000028,37.89858633000005],[125.510101759,37.894273179000052],[125.508636915000011,37.883734442000048],[125.479095899000086,37.857611395000042],[125.486664259000023,37.847072658000066],[125.49732506600003,37.839667059000085],[125.510834181000064,37.837713934000071],[125.527598504000025,37.843329169000064],[125.524180535000028,37.81781647300005],[125.505137566000016,37.813177802000048],[125.455821160000042,37.822821356000048],[125.434906446000014,37.819037177000041],[125.410980665000011,37.809393622000073],[125.38990319100003,37.796128648000035],[125.377289259,37.781887111000032],[125.395111524000072,37.776434637000079],[125.429453972000033,37.781561591000084],[125.444916212000052,37.774400132000032],[125.390391472000047,37.754543361000067],[125.363780144000089,37.760891018000045],[125.348643425000091,37.737982489000061],[125.335052931000078,37.686265367000104],[125.34750410200003,37.675604559000078],[125.361582879000039,37.680080471000039],[125.372650587000052,37.693548895000028],[125.377289259,37.710150458000044],[125.385264519000103,37.716376044000071],[125.403656446000014,37.719061591000077],[125.438731316000045,37.719794012000079],[125.474619988000072,37.731187242000082],[125.490977410000042,37.754055080000043],[125.503509962000066,37.778794664000102],[125.527598504000025,37.796128648000035],[125.520518425000077,37.780178127000063],[125.528900587000066,37.772528387000079],[125.541840040000011,37.770453192000048],[125.548594597000033,37.771307684000085],[125.551605665,37.782700914000081],[125.559580925000105,37.787746486000053],[125.570567254000011,37.787095445000034],[125.582774285000042,37.78188711100006],[125.580414259,37.778794664000102],[125.5800887380001,37.777655341000084],[125.579356316000045,37.776678778000068],[125.575205925000105,37.774400132000011],[125.5839949880001,37.767523505000057],[125.59302819100003,37.763617255000021],[125.60279381600003,37.761786200000081],[125.613536004000025,37.761379299000062],[125.620127800000105,37.765326239000053],[125.620371941000045,37.774115302000048],[125.616953972000033,37.788723049000033],[125.611094597000033,37.799750067000055],[125.609222852000016,37.806301174000069],[125.613536004000025,37.809149481000063],[125.633555535000042,37.809556382000039],[125.640147332000083,37.813421942000033],[125.644134962000066,37.822821356000077],[125.637787306000064,37.825344143000073],[125.623057488000086,37.837103583000037],[125.641205274000086,37.856390692000048],[125.636810743000069,37.878648179000038],[125.627452019000103,37.902167059000092],[125.630625847000033,37.925238348000057],[125.645518425000105,37.915472723000029],[125.657074415000025,37.905829169000071],[125.668955925000091,37.89915599200009],[125.685069207000083,37.89858633000005],[125.701508009,37.902492580000064],[125.715342644000074,37.908270575000067],[125.727793816000016,37.915920315000044],[125.739756707000069,37.925238348000057],[125.732920769000089,37.932684637000087],[125.725189649000072,37.927476304000045],[125.717539910000028,37.925279039000074],[125.698822462000066,37.92523834800005],[125.707530144000089,37.939764716000077],[125.719330274000072,37.952541408000059],[125.708832227,37.957424221000061],[125.698985222000047,37.95819733300003],[125.688812696000028,37.956040757000046],[125.678314649000058,37.952541408000059],[125.685313347000033,37.972113348000043],[125.675384962000066,37.977606512000065],[125.640716993000069,37.973618882000025],[125.621429884,37.978989976000044],[125.596527540000025,37.99225495000006],[125.578216993000083,38.009019273000042],[125.578949415000011,38.025132554000059],[125.596934441,38.032212632000025],[125.622162306000064,38.031927802000048],[125.64730879,38.027289130000042],[125.68734785200003,38.012274481000098],[125.705170118000083,38.009344794000071],[125.746592644000089,38.007757880000042],[125.756358269000089,38.005072333000022],[125.773773634,37.996079820000034],[125.784190300000091,37.994086005000028],[125.799327019000103,37.99290599200009],[125.80396569100003,37.988959052000048],[125.801768425000091,37.970200914000088],[125.802500847000033,37.958929755000028],[125.805186394000103,37.951564846000068],[125.811289910000013,37.94757721600007],[125.834971550000091,37.943548895000042],[125.84107506600003,37.93634674700008],[125.845469597000047,37.926499742000097],[125.895518425000091,37.864813544000064],[125.911631707000097,37.85077545800003],[125.921641472000047,37.844875393000045],[125.92701256600003,37.843980210000026],[125.933360222000033,37.844631252000084],[125.945892774000086,37.843329169000064],[125.955902540000025,37.840318101000037],[125.967133009000023,37.835435289000095],[125.977875196000028,37.829331773000028],[125.98617597700003,37.822821356000077],[125.98365319100003,37.837103583000037],[125.974457227000016,37.864162502000056],[125.972504102000016,37.874335028000075],[125.964610222000033,37.878648179000017],[125.950531446000014,37.889349677000034],[125.944102410000028,37.901922919000071],[125.959483269000089,37.912176825000088],[125.969818556000064,37.908677476],[125.985931837000081,37.898382880000035],[126.000743035000028,37.885565497000101],[126.007334832000097,37.874335028000075],[126.012787306000078,37.854315497000059],[126.026133660000028,37.853664455000064],[126.055756056000064,37.870591539000088],[126.058604363000086,37.824693101000051],[126.062836134,37.802232164000081],[126.07211347700003,37.799261786000066],[126.086924675000077,37.800360419000064],[126.096934441000016,37.781398830000072],[126.110362175000091,37.740912177000048],[126.158213738000086,37.733465887000087],[126.16122480600005,37.740668036000031],[126.164317254000025,37.75462474200009],[126.165375196000028,37.768255927000034],[126.159678582000097,37.778876044000071],[126.152842644000089,37.799709377000063],[126.149750196000028,37.81525299700008],[126.147715691000016,37.819037177000041],[126.149180535000042,37.822170315000058],[126.158213738000086,37.829657294000064],[126.178477410000028,37.840521552000062],[126.199961785000042,37.84422435100003],[126.236908399000072,37.843329169000086],[126.259532097000033,37.84544505400001],[126.279551629000025,37.851263739000032],[126.358002149000072,37.884344794000043],[126.378672722000033,37.889593817000048],[126.39771569100003,37.891750393000059],[126.4043074880001,37.887152411000038],[126.428477410000013,37.854193427000055],[126.436615431000064,37.848374742000118],[126.5761824880001,37.777533270000085],[126.593272332000083,37.774400132000032],[126.62077884200005,37.787705796000047],[126.642100457000083,37.798000393000031],[126.65162194100003,37.799261786000066],[126.655772332000097,37.814520575000067],[126.667002800000091,37.827582098000022],[126.667491082000083,37.827826239000032],[126.682627800000105,37.836004950000074],[126.69247480600005,37.837103583000044],[126.699961785000028,37.829657294000064],[126.689463738000072,37.813666083000037],[126.684906446000014,37.793605861000081],[126.686045769000103,37.782171942000076],[126.686859571000028,37.773627020000049],[126.696299675000091,37.757961330000036],[126.700531446000014,37.742987372000073],[126.695567254000025,37.721747137000087],[126.678802931000064,37.686265367000075],[126.736420118000069,37.653306382000054],[126.755218946000014,37.637884833000051],[126.731049024000058,37.639064846000053],[126.692149285000013,37.652044989000046],[126.661468946000028,37.672430731000077],[126.661875847,37.69586823100007],[126.667328321,37.708807684000085],[126.668793165000025,37.727728583000058],[126.666840040000011,37.74616120000006],[126.661875847000019,37.75796133000005],[126.648529493000069,37.765041408000066],[126.635508660000042,37.763006903000068],[126.620860222000047,37.757554429000031],[126.603282097000033,37.754543361000067],[126.548187696000014,37.770168361000046],[126.534922722000019,37.768215236000039],[126.531016472000033,37.754706122000087],[126.545420769000074,37.672512111000046],[126.556162957000083,37.641017971000053],[126.560285771000068,37.620847372000092],[126.560514625,37.60735331500004],[126.571934549000048,37.598494570000078],[126.582250045000023,37.584483457000076],[126.59110467000005,37.572870008000066],[126.598906703999987,37.558087735000086],[126.603792372000029,37.549296673000057],[126.598904517000065,37.525106533000056],[126.601105773000086,37.506802104000101],[126.606451234000019,37.496811747000045],[126.62702516200001,37.498594657000076],[126.630675226000093,37.507301053000063],[126.644162981000036,37.504385171000088],[126.642021974000045,37.496062212000098],[126.633444290000071,37.492570852000078],[126.60476098200003,37.485696540000063],[126.595018037000031,37.472273455000035],[126.5982907140001,37.45792753800005],[126.595985216000031,37.439656589000052],[126.612405490000029,37.432740637000052],[126.630308394000053,37.425012798000068],[126.638628539000038,37.413790562000074],[126.62538212000004,37.397918345000065],[126.615087493000047,37.379744927000061],[126.640340142000014,37.364389566000057],[126.664750292000022,37.389168229000063],[126.717162389,37.383838776000047],[126.720045091000102,37.377053382000057],[126.706865099000083,37.366468577000028],[126.687487904000022,37.344027753000034],[126.689792719000039,37.332486420000066],[126.733310089000057,37.30617043500007],[126.764643172000092,37.298266746000088],[126.783573079,37.295267564000078],[126.795559630000071,37.294724614000074],[126.807602697000121,37.297765931000086],[126.822544474000111,37.295606773000088],[126.82889134800007,37.287984005000048],[126.842784050000091,37.28839752800009],[126.852142774000058,37.286200262000094],[126.859873894000089,37.282131252000056],[126.865977410000028,37.276068427000048],[126.870697462000081,37.267889716000084],[126.848643425000091,37.265326239000053],[126.833018425000091,37.272853908000052],[126.819183790000011,37.274400132000032],[126.802338087000066,37.254299221000032],[126.797373894000103,37.232855536000045],[126.792491082000097,37.223456122000066],[126.781993035000042,37.220160223000043],[126.772471550000091,37.223944403000083],[126.767588738000086,37.232326565000058],[126.766368035000042,37.243150132000046],[126.767588738000086,37.254299221000032],[126.752207879000025,37.248277085000041],[126.739105665000025,37.251654364000061],[126.72584069100003,37.258205471000061],[126.709971550000077,37.261704820000013],[126.690521681000064,37.257717190000015],[126.679453972000033,37.257228908000037],[126.672129754000039,37.261704820000013],[126.665782097000047,37.256903387000072],[126.662933790000011,37.255316473000065],[126.658457879000039,37.254299221000061],[126.666514519000074,37.241848049000076],[126.673187696000014,37.228420315000072],[126.680186394000103,37.217678127000042],[126.689056837000081,37.213324286000052],[126.715830925000091,37.216294664000067],[126.719004754000039,37.212876695000034],[126.706879102000016,37.199652411000052],[126.696787957000069,37.195135809000071],[126.682871941000045,37.19135163000005],[126.670664910000042,37.18561432500006],[126.66529381600003,37.175482489000032],[126.668467644000089,37.161810614000046],[126.6777449880001,37.159491278000061],[126.706879102000016,37.164862372000059],[126.692149285000013,37.14826080900005],[126.686045769000103,37.139308986000039],[126.685638868000069,37.130113023000042],[126.692149285000013,37.124986070000034],[126.702891472000033,37.124701239000025],[126.714447462000081,37.127997137000072],[126.723643425000105,37.133856512000065],[126.759287957000083,37.16469961100006],[126.77857506600003,37.175685940000058],[126.802338087000066,37.185370184000078],[126.802256707000097,37.17316315300009],[126.807383660000042,37.165269273000042],[126.816905144000103,37.160793361000053],[126.829844597000033,37.158677476000044],[126.850596550000105,37.173041083000037],[126.86451256600003,37.179103908000052],[126.870697462000081,37.175482489000032],[126.869151238000086,37.156968492000118],[126.863536004000025,37.150295315000037],[126.836517774000086,37.144435940000037],[126.8112099,37.144120531000063],[126.794181693000041,37.138920300000038],[126.778268350000062,37.132804006000093],[126.764451014000088,37.117657804000089],[126.752858864000032,37.100687967000042],[126.754813952000063,37.083556184000088],[126.751190535000092,37.070092373000058],[126.755526532000076,37.060141064000042],[126.755218946000014,37.048814195000048],[126.801280144000089,37.037746486000067],[126.820567254000011,37.041693427000048],[126.839691602000016,37.04486725500005],[126.849131707000083,37.037298895000049],[126.85865319100003,37.04132721600007],[126.863291863000086,37.058783270000056],[126.865082227000016,37.074855861000046],[126.870453321000014,37.090765692000055],[126.879161004000025,37.100002346000061],[126.890472852000016,37.095933335000041],[126.883148634,37.069566148000021],[126.893077019000103,37.050116278000075],[126.906748894000089,37.03314850500005],[126.910980665000011,37.014105536000059],[126.902354363000086,37.019476630000035],[126.892588738000086,37.022162177000034],[126.881927931000064,37.022650458000037],[126.870697462000081,37.021470445000034],[126.880137566000045,37.015692450000081],[126.884287957000069,37.014105536000059],[126.884287957000069,37.007879950000067],[126.824409671000026,37.002616176000039],[126.837901238000086,36.975897528000075],[126.873383009000023,36.947984117000104],[126.912689649000086,36.929632880000028],[126.945811394000089,36.925930080000057],[126.969086134,36.932033596000046],[126.976328972000033,36.939032294000071],[126.973155144000089,36.969956773000035],[126.982188347000033,36.980169989000046],[127.042002800000105,36.993597723000043],[127.039398634,36.982001044000093],[127.032806837000081,36.978501695000027],[127.023936394000089,36.977443752000056],[127.010020379000025,36.971258856000091],[127.004893425000091,36.971421617000075],[126.999522332000097,36.970892645000049],[126.994151238000086,36.966864325000081],[126.995941602000016,36.964789130000042],[127.005218946000028,36.956935940000058],[127.007172071000014,36.95262278900011],[127.000336134000023,36.928371486000053],[126.98951256600003,36.91860586100006],[126.974457227000016,36.912909247000066],[126.942474806000064,36.893377997000059],[126.899017774000072,36.879339911000045],[126.880625847000033,36.876898505000035],[126.860199415000011,36.869574286000045],[126.870453321000014,36.852769273000042],[126.904795769000074,36.822251695000041],[126.883555535000042,36.82436758000005],[126.863291863000086,36.829087632000032],[126.871592644000089,36.804022528000075],[126.866547071000014,36.789780992000082],[126.856700066000016,36.776434637000037],[126.850840691000045,36.753973700000074],[126.842539910000042,36.75702545800003],[126.836761915,36.760931708000051],[126.832855665000011,36.766669012000072],[126.829844597000033,36.775091864000053],[126.846283399000086,36.779120184000107],[126.849131707000083,36.788031317000048],[126.840668165000025,36.819159247000073],[126.831797722000033,36.831122137000087],[126.829844597000033,36.839341539000088],[126.830821160000028,36.847235419000057],[126.835459832000083,36.860825914000095],[126.836517774000086,36.866929429000038],[126.834320509,36.895493882000011],[126.830170118000069,36.910223700000088],[126.823008660000042,36.918443101000058],[126.812754754000025,36.916937567000048],[126.793955925000105,36.897528387000101],[126.781993035000042,36.89118073100007],[126.797699415000011,36.934393622000044],[126.796234571000014,36.955755927000048],[126.775157097000033,36.973089911000038],[126.757766946000061,36.982219859000054],[126.733512394000059,36.987430872000061],[126.714348316000041,36.99304206300009],[126.697032097000019,36.994818427000041],[126.681544454000019,36.9947040690001],[126.665043153000056,36.988524572000067],[126.655792537000025,36.974593633000026],[126.64944896100009,36.966056461000036],[126.645375457,36.95795322000005],[126.649180535000028,36.933417059000078],[126.646494988000086,36.925116278000075],[126.642100457000083,36.917710679000038],[126.631114129000025,36.91160716400006],[126.634776238000086,36.928045966000063],[126.633555535000028,36.937404690000058],[126.623627149000086,36.95262278900011],[126.621674024000072,36.959784247000051],[126.631382679000012,36.968930852000099],[126.636095410000053,36.982453124000067],[126.626094867,36.996104465000087],[126.611466687000075,37.002560097000071],[126.596292387000048,37.010827787000025],[126.588452369000038,37.017221133000056],[126.56934144700007,37.027777516000064],[126.549327019000103,37.039211330000036],[126.535004102000016,37.049261786000052],[126.519053582000097,37.05540599200009],[126.500743035000028,37.054999091000084],[126.502920773000042,37.039520921000047],[126.51225445700004,37.016430340000042],[126.532969597000033,37.000921942000033],[126.552012566000045,36.993597723000065],[126.566172722000033,36.990790106000077],[126.573008660000028,36.98436107],[126.572113477000016,36.977484442000041],[126.562754754000011,36.973089911000038],[126.550303582000069,36.973130601000044],[126.540049675000091,36.976874091000077],[126.531586134,36.982896226000044],[126.5156356130001,36.998846747000051],[126.505381707000083,37.006577867000097],[126.496836785000028,37.007798570000027],[126.49341881600003,36.997015692000041],[126.497813347000033,36.994208075000067],[126.559092644000103,36.942368882000039],[126.566742384,36.932196356000063],[126.57545006600003,36.911810614000061],[126.582611524000086,36.904201565000051],[126.582611524000086,36.898016669000057],[126.568369988000086,36.898504950000103],[126.560801629000039,36.90509674700008],[126.555674675000091,36.915106512000072],[126.548594597000047,36.92593008000005],[126.5312606130001,36.941310940000051],[126.519134962000066,36.947902736000067],[126.513763868000083,36.942368882000025],[126.509532097000047,36.918850002000035],[126.491221550000105,36.871079820000041],[126.487152540000025,36.84617747600003],[126.483897332000069,36.841498114000039],[126.476573113000072,36.84491608300003],[126.469248894000074,36.853989976000037],[126.465912306000064,36.866929429000038],[126.465912306000064,36.911607164000088],[126.468760613000086,36.917792059000078],[126.47779381600003,36.926418361000081],[126.479584181000078,36.929022528000083],[126.478526238000086,36.935858466000077],[126.47388756600003,36.942206122000073],[126.472748243000069,36.949204820000027],[126.468597852000016,36.95758698100007],[126.458832227000016,36.957749742000082],[126.447520379000025,36.952826239000046],[126.43873131600003,36.94578685100003],[126.432383660000042,36.961981512000072],[126.438243035000042,36.973334052000055],[126.447845899000072,36.982001044000071],[126.452891472000047,36.990179755000035],[126.445404493000069,37.003404039000095],[126.427744988000086,37.008368231000055],[126.390879754000011,37.007879950000067],[126.390879754000011,37.000433661000038],[126.395274285000028,36.992905992000068],[126.391449415,36.989813544000086],[126.383067254000025,36.991156317000055],[126.373545769000089,36.997015692000026],[126.363780144000089,37.001450914000081],[126.353037957000083,36.99998607000002],[126.343109571000028,36.994452216000091],[126.335703972000033,36.986761786000031],[126.354014519000089,36.987860419000071],[126.369395379000039,36.984116929000045],[126.376475457000097,36.974920966000049],[126.369883660000028,36.959418036000045],[126.355479363000072,36.967759507000032],[126.350677931000064,36.964504299000019],[126.353851759,36.955226955000064],[126.363536004000039,36.945786851000037],[126.376475457000097,36.941595770000056],[126.402679884000023,36.941229559000099],[126.41138756600003,36.938910223000057],[126.41920006600003,36.922308661000038],[126.415537957000083,36.899847723000065],[126.401377800000091,36.881415106000084],[126.377289259000023,36.876898505000035],[126.377289259000023,36.870672919000064],[126.396576368000069,36.864203192000041],[126.404551629000039,36.863226630000021],[126.404551629000039,36.857001044000064],[126.384532097000033,36.852932033000066],[126.374115431000064,36.849554755000042],[126.369883660000028,36.84617747600003],[126.365326368000069,36.835353908000037],[126.355479363000072,36.84048086100006],[126.339366082000083,36.857001044000086],[126.328705274000072,36.846991278000083],[126.336029493000069,36.824652411000038],[126.35670006600003,36.788763739000032],[126.327891472000019,36.804632880000028],[126.315277540000025,36.804348049000069],[126.298431837000066,36.791896877000049],[126.291270379000025,36.789252020000056],[126.285980665000011,36.794582424000062],[126.282725457000083,36.803697007000039],[126.281748894000074,36.812323309000078],[126.285492384,36.81492747600003],[126.303477410000028,36.82436758000005],[126.308929884,36.829087632000032],[126.308116082000083,36.833075262000079],[126.301849806000078,36.847805080000043],[126.301524285000042,36.857001044000064],[126.307627800000091,36.865668036000059],[126.317393425000091,36.873968817000062],[126.323496941000045,36.883246161000038],[126.311045769000103,36.909572658000052],[126.306651238000086,36.931463934000092],[126.30591881600003,36.953070380000042],[126.308929884,36.966864325000081],[126.285655144000103,36.961127020000056],[126.281016472000047,36.936468817000041],[126.283539259,36.90623607000002],[126.281748894000074,36.883734442000041],[126.275238477,36.874741929000031],[126.268565300000105,36.871039130000042],[126.243744337000081,36.870672919000064],[126.229991082000097,36.873032945000034],[126.227549675000105,36.879787502000042],[126.233897332000083,36.904201565000051],[126.209483269000103,36.897162177000041],[126.192230665000011,36.885931708000044],[126.190765821000028,36.872015692000062],[126.213389519000089,36.857001044000071],[126.196869337000066,36.835679429000031],[126.198741082000083,36.823228257000054],[126.214447462000052,36.817531643000038],[126.240000847000047,36.816066799000076],[126.2324324880001,36.804185289000088],[126.220713738000086,36.801743882000046],[126.192230665000011,36.808579820000048],[126.202891472000033,36.793198960000034],[126.213389519000089,36.781317450000081],[126.204844597000047,36.782782294000071],[126.1972762380001,36.784898179000045],[126.19068444100003,36.78530508000005],[126.185394727000016,36.781317450000067],[126.178477410000028,36.789455471000046],[126.173106316000016,36.797674872000073],[126.168793165,36.806382554000017],[126.165619337000066,36.816066799000062],[126.161631707000083,36.80329010600007],[126.156586134,36.794175523000035],[126.130951368000055,36.768052476000022],[126.12818444100003,36.761297919000064],[126.13013756600003,36.736965236000074],[126.128916863000086,36.711900132000025],[126.132823113000072,36.703843492000104],[126.144541863000086,36.712388414000067],[126.150157097000019,36.723944403000061],[126.153086785000028,36.748846747000066],[126.158213738000086,36.760809637000087],[126.17115319100003,36.752264716000042],[126.187266472000033,36.748480536000052],[126.202647332000083,36.742417710000041],[126.213389519000089,36.726711330000036],[126.213633660000028,36.711615302000041],[126.203135613000072,36.705877997000059],[126.161875847000033,36.706203518000052],[126.156993035000028,36.702053127000056],[126.158539259,36.692857164000102],[126.162689649000086,36.683539130000021],[126.165619337000066,36.678900458000022],[126.177744988000072,36.673244533000066],[126.187998894000089,36.673814195000041],[126.198252800000077,36.677069403000068],[126.209727410000042,36.67890045800003],[126.229258660000028,36.684719143000045],[126.255707227000016,36.711574611000053],[126.274180535000028,36.719875393000045],[126.281748894000074,36.692572333000051],[126.272959832000083,36.673163153000075],[126.302338087000066,36.634426174000062],[126.288584832000083,36.61001211100006],[126.292002800000091,36.604234117000068],[126.294281446000014,36.597479559000071],[126.295420769000103,36.590033270000049],[126.295258009,36.582709052000027],[126.303965691000045,36.593085028000061],[126.314789259,36.60162995000006],[126.327728712000066,36.607570705000036],[126.34302819100003,36.61001211100006],[126.326182488000086,36.62836334800005],[126.324717644000089,36.636623440000051],[126.335703972000033,36.644110419000079],[126.329112175000105,36.660589911000052],[126.310883009,36.683986721000046],[126.301524285000042,36.699367580000057],[126.324310743000069,36.699652411000031],[126.331553582000097,36.711371161000052],[126.3339949880001,36.727362372000073],[126.34302819100003,36.74038320500005],[126.359141472000033,36.742661851000044],[126.369883660000028,36.732326565000058],[126.366422431000046,36.706971539000051],[126.377908769000101,36.7025817560001],[126.371968767,36.683077732000072],[126.367149829000027,36.62906549500007],[126.386391037000053,36.618887706000081],[126.40572781000003,36.618195758000056],[126.424238344000059,36.606581370000072],[126.433289986000091,36.615726512000052],[126.443907384,36.638081079000045],[126.439513488000088,36.664265281000048],[126.446880397000086,36.683761865000051],[126.445636113000091,36.700721628000053],[126.438568556000078,36.709418036000031],[126.437998894000103,36.716457424000076],[126.441172722000033,36.723537502000049],[126.457041863000086,36.72898997600003],[126.471202019000089,36.741400458000037],[126.479584181000078,36.747137762000087],[126.482676629000025,36.738348700000095],[126.487315300000077,36.732163804000031],[126.500743035000028,36.719875393000038],[126.477349172000018,36.716888123000039],[126.469686832000107,36.704587037000074],[126.474535156000016,36.68788509000008],[126.498510498000087,36.68427343300003],[126.508030235000106,36.670413284000055],[126.493955996000068,36.661316129000063],[126.483798690000071,36.649603414000048],[126.499855288000049,36.636835815000076],[126.511710376,36.634848333000043],[126.519867384000023,36.626166083000051],[126.51386797300006,36.615391621000057],[126.51231193700005,36.603209348000064],[126.491453081000046,36.603761955000046],[126.471456469000046,36.596291460000081],[126.457656954000058,36.595595665000076],[126.458095196000045,36.591406820000103],[126.464182028000096,36.584120884000072],[126.469217507000067,36.566933745000043],[126.470058642000026,36.557766204000067],[126.465684606000096,36.549387396000036],[126.47032852100007,36.540198793000059],[126.475071253000024,36.539414438000051],[126.482920769000103,36.535223700000074],[126.491579894000111,36.528669687000026],[126.510752800000105,36.534247137000079],[126.513926629000025,36.528794664000095],[126.504242384000023,36.516669012000079],[126.483409050000091,36.497015692000041],[126.482758009,36.485825914000088],[126.488536004000025,36.466864325000074],[126.497650587000052,36.448391018000052],[126.507578972000033,36.438666083000044],[126.523448113000086,36.441107489000039],[126.545013868000083,36.466986395000056],[126.559092644000103,36.47345612200008],[126.617442254000039,36.47345612200008],[126.597959919000019,36.465072646000074],[126.556777590000038,36.455829834000035],[126.537536592000052,36.433220901000084],[126.516895300000101,36.428187147000074],[126.498779376000016,36.420105859000053],[126.513763868000083,36.397691148000042],[126.500743035000028,36.397691148000021],[126.500743035000028,36.390936591000077],[126.508799675000091,36.385199286000038],[126.52059980600005,36.373602606000077],[126.527435743000069,36.36977773600006],[126.560394727000016,36.369614976000044],[126.5761824880001,36.366278387000087],[126.582611524000086,36.353013414000081],[126.573334181000064,36.342596747000066],[126.528819207000097,36.333889065000058],[126.513763868000083,36.322658596000068],[126.529063347000047,36.316107489000046],[126.571543816000045,36.305609442000055],[126.582611524000086,36.294663804000031],[126.567963087000081,36.286810614000046],[126.55591881600003,36.266262111000067],[126.534922722000019,36.219631252000063],[126.541107618000055,36.212551174000033],[126.548594597000047,36.205959377000077],[126.554291212000066,36.203436591000063],[126.562266472000033,36.207220770000035],[126.568939649000058,36.205959377000056],[126.580088738000086,36.19936758000005],[126.588470899000086,36.191595770000049],[126.603282097000033,36.17182038000005],[126.561341238000068,36.181588440000034],[126.531356813000016,36.17393972800005],[126.497401172000096,36.160018682000029],[126.49341881600003,36.130804755000064],[126.500254754000039,36.125718492000075],[126.503579486000021,36.132190125000079],[126.509647580000092,36.151024779000061],[126.529172256000052,36.153514132000055],[126.551767688000041,36.141822647000062],[126.552281539000106,36.130808778000045],[126.558573356000011,36.130763698000045],[126.571868652000049,36.136978742000032],[126.589447462000066,36.130804755000064],[126.612328367000032,36.098992442000046],[126.624847852,36.095607815000037],[126.63851972700003,36.090969143000038],[126.645030144000103,36.084702867000082],[126.631114129000025,36.075588283000052],[126.640147332000097,36.063421942000033],[126.656993035000028,36.04547760600007],[126.66529381600003,36.034613348000043],[126.670502149000072,36.022040106000084],[126.672129754000039,36.01288483300003],[126.677256707000083,36.005926825000046],[126.69247480600005,35.999904690000051],[126.713389519000089,36.007391669000064],[126.735687696000014,36.010443427000013],[126.754405144000089,36.017726955000057],[126.771332227,36.030910549000041],[126.791514519000103,36.042181708000044],[126.812103712000066,36.047308661000045],[126.870697462000081,36.061957098000065],[126.868907097000047,36.047512111000053],[126.849131707000083,36.036037502000056],[126.802338087000066,36.02094147300005],[126.76547285200003,35.998277085000041],[126.744476759,35.989569403000075],[126.727305535000013,35.993638414000088],[126.711192254000025,35.985785223000065],[126.661335147000045,35.983398648000055],[126.612045971000043,35.978430089000064],[126.52141673600012,35.970520003000047],[126.525735658000016,35.940358909000068],[126.569739740000045,35.945951984000082],[126.599575735000045,35.93765363000005],[126.608809303000058,35.931126764000055],[126.611838151000043,35.907439668000045],[126.61228893200007,35.89022422000005],[126.660090996000022,35.887157801000086],[126.708506707000083,35.884588934000085],[126.733164910000028,35.885565497000044],[126.806651238000086,35.909654039000095],[126.809825066000016,35.911688544000064],[126.821625196000014,35.908148505000021],[126.832286004000025,35.900620835000041],[126.837494337000066,35.893296617000082],[126.833099806000078,35.890041408000066],[126.819346550000105,35.888128973000065],[126.814545118000055,35.883042710000041],[126.812266472000047,35.875677802000041],[126.806162957000083,35.866685289000074],[126.797129754000025,35.862860419000079],[126.784922722000033,35.862046617000082],[126.729095899000086,35.864976304000038],[126.719981316000016,35.863267320000027],[126.711680535000042,35.85773346600007],[126.703379754000039,35.848456122000066],[126.700694207000097,35.839829820000041],[126.709971550000077,35.836004950000074],[126.727622285000052,35.825278498000038],[126.749344132000047,35.813257440000072],[126.768464744000099,35.805555327000043],[126.777668248000055,35.800092446000079],[126.791026238000086,35.791449286000038],[126.789561394000089,35.779689846000068],[126.786143425000091,35.768377997000087],[126.781993035000042,35.760239976000037],[126.771332227,35.775213934000092],[126.755381707000083,35.778469143000059],[126.733127228000043,35.79241505100002],[126.698022947000027,35.795939459000067],[126.662153668000087,35.792998345000065],[126.656116721000117,35.788735721000066],[126.644754720000023,35.782901804000069],[126.629389008000103,35.775480579000103],[126.625132250000092,35.745625835000062],[126.597167701000117,35.713890194000051],[126.560345747000042,35.69739179500003],[126.530334722000021,35.683164305000027],[126.511415695000096,35.665532511000016],[126.490977410000028,35.649115302000027],[126.467558991000033,35.639638447000046],[126.466743634000053,35.628874691000057],[126.463735996000096,35.601972857000078],[126.513157781000018,35.576896518000076],[126.655039910000042,35.595770575000081],[126.670176629000025,35.588690497000101],[126.679453972000033,35.571722723000057],[126.69247480600005,35.534369208000037],[126.679047071000014,35.538031317000048],[126.660736524000072,35.556463934000085],[126.642889399000055,35.57277499300001],[126.622977491000043,35.568612060000056],[126.608894295000027,35.55205609100004],[126.59423270100001,35.542487712000082],[126.562449969000014,35.541087444000063],[126.52528299100004,35.534857697000071],[126.492663279,35.525333007000107],[126.469814235000058,35.49852640700005],[126.442718946000014,35.446926174000055],[126.425547722000033,35.417669989000068],[126.418223504000025,35.394029039000088],[126.42310631600003,35.383368231000112],[126.456065300000105,35.352769273000042],[126.458506707000097,35.345445054000038],[126.449554884,35.344956773000028],[126.431895379000025,35.349351304000031],[126.41724694100003,35.364894924000048],[126.41138756600003,35.36985911700009],[126.389414910000028,35.342474677000034],[126.38070722700003,35.327093817000069],[126.377289259000023,35.311509507000046],[126.378998243000055,35.304592190000051],[126.382172071000014,35.298285223000036],[126.383799675000091,35.29173411700009],[126.380381707000083,35.284165757000025],[126.373871290000011,35.278387762000058],[126.367442254000025,35.274318752000042],[126.361582879000025,35.269029039000074],[126.35670006600003,35.259995835000034],[126.364512566000045,35.258734442000055],[126.368174675000091,35.256740627000056],[126.371348504000025,35.25446198100007],[126.377289259000023,35.252590236000081],[126.359141472000033,35.248968817000041],[126.338389519000089,35.248032945000034],[126.320078972000033,35.244574286000045],[126.308929884,35.233303127000063],[126.337412957000069,35.233587958000022],[126.350677931000064,35.235337632000025],[126.363536004000039,35.239488023000035],[126.361582879000025,35.225653387000065],[126.366709832000097,35.217718817000069],[126.377289259000023,35.211615302000048],[126.375091993000069,35.202378648000035],[126.370371941000016,35.196966864000039],[126.365733269000089,35.192857164000088],[126.363536004000039,35.187974351000044],[126.371104363000086,35.173529364000046],[126.403900587000066,35.142157294000057],[126.414154493000055,35.119696356000077],[126.420746290000025,35.114203192000019],[126.428721550000091,35.110541083000022],[126.447520379000025,35.106675523000035],[126.45240319100003,35.100287177000041],[126.452891472000047,35.082464911000045],[126.450287306000064,35.066595770000042],[126.425059441000045,35.019761460000055],[126.414398634,35.02875397300005],[126.407237175000091,35.038967190000058],[126.405609571000014,35.049953518000045],[126.41138756600003,35.061346747000073],[126.403819207000083,35.064886786000052],[126.386973504000025,35.065375067000041],[126.377289259000023,35.068182684000071],[126.365326368000069,35.074042059000092],[126.361664259,35.077297268000052],[126.360687696000014,35.082953192000048],[126.35670006600003,35.096136786000045],[126.353607618000055,35.097845770000049],[126.348968946,35.096421617000104],[126.344981316000016,35.096421617000104],[126.34302819100003,35.102362372000066],[126.344248894000089,35.108140367000082],[126.348724806000064,35.117499091000056],[126.351410352,35.135972398000042],[126.350108269000089,35.145575262000079],[126.34302819100003,35.15696849200009],[126.334971550000077,35.134100653000075],[126.327891472000019,35.122626044000064],[126.315196160000028,35.115952867000082],[126.307220899000072,35.131781317000055],[126.2890731130001,35.13939036700009],[126.268646681000064,35.137152411000045],[126.254242384,35.123439846000075],[126.2578231130001,35.106838283000052],[126.283539259,35.078843492000097],[126.274180535000028,35.068182684000071],[126.288340691000045,35.052964585000041],[126.302500847000019,35.053371486000067],[126.309418165000025,35.066229559000078],[126.301524285000042,35.08869049700008],[126.320648634,35.083319403000061],[126.338226759,35.070135809000078],[126.366709832000097,35.037787177000048],[126.374115431000064,35.016831773000035],[126.346202019000103,34.99408600500005],[126.349213087000081,34.972601630000035],[126.3242293630001,34.976955471000053],[126.312998894000089,34.977443752000042],[126.301524285000042,34.972601630000021],[126.306407097000047,34.963568427000062],[126.312591993000083,34.956122137000072],[126.320078972000033,34.949896552000027],[126.328868035000028,34.94472890800003],[126.324717644000089,34.943264065000051],[126.315196160000028,34.937892971000053],[126.327728712000066,34.931097723000072],[126.345225457000083,34.92641836100006],[126.363291863000086,34.927435614000018],[126.377289259000023,34.937892971000046],[126.376963738000086,34.947251695000027],[126.372080925000091,34.958726304000045],[126.370616082000083,34.968491929000052],[126.380381707000083,34.972601630000035],[126.38795006600003,34.974839585000026],[126.393321160000013,34.979803778000075],[126.399994337000081,34.984564520000042],[126.41138756600003,34.986273505000035],[126.436371290000025,34.981390692000019],[126.430511915000025,34.972601630000035],[126.411631707000097,34.961981512000072],[126.39771569100003,34.951483466000077],[126.395762566000016,34.935044664000074],[126.401703321000014,34.91547272300005],[126.412608269000103,34.89874909100007],[126.425059441000045,34.890692450000081],[126.412119988000086,34.881333726000037],[126.408702019000074,34.873968817000055],[126.41138756600003,34.859035549000048],[126.410980665000025,34.851263739000068],[126.40927168100005,34.844468492000125],[126.405121290000025,34.837225653000075],[126.39771569100003,34.828029690000051],[126.377289259000023,34.811265367000097],[126.370127800000105,34.801336981000077],[126.373545769000089,34.790716864000032],[126.384043816000045,34.786322333000051],[126.405609571000014,34.792181708000058],[126.419317908000039,34.791988179000029],[126.420990431000064,34.802313544000086],[126.429453972000033,34.805609442000069],[126.456065300000105,34.800726630000035],[126.469248894000074,34.80410390800008],[126.478037957000097,34.810451565000044],[126.487152540000025,34.813788153000097],[126.500743035000028,34.80809153900011],[126.496592644000089,34.802801825000074],[126.491221550000105,34.792385158000052],[126.487152540000025,34.787054755000014],[126.49341881600003,34.783148505000042],[126.49341881600003,34.780829169000064],[126.513275587000052,34.782294012000072],[126.523692254000025,34.793931382000032],[126.534922722000019,34.828029690000051],[126.5468856130001,34.847723700000074],[126.548594597000047,34.84906647300005],[126.547129754000039,34.858099677000048],[126.540537957000083,34.874945380000035],[126.541758660000028,34.883246161000045],[126.552744988000072,34.895697333000044],[126.567637566000016,34.901434637000065],[126.581390821,34.898016669000064],[126.589447462000066,34.883246161000066],[126.58912194100003,34.872870184000064],[126.584727410000042,34.866766669000079],[126.579437696000014,34.861883856000077],[126.575775587000066,34.855292059000078],[126.575775587000066,34.844875393000045],[126.578379754000025,34.83803945500005],[126.579681837000066,34.831447658000059],[126.575775587000066,34.821763414000102],[126.627696160000028,34.82558828300008],[126.650401238000086,34.822170315000065],[126.66529381600003,34.808091539000074],[126.654877149000058,34.808539130000021],[126.646576368000083,34.80711497600003],[126.631114129000025,34.800726630000057],[126.638194207000083,34.788031317000033],[126.614756707000097,34.789455471000032],[126.568939649000058,34.800726630000057],[126.544444207000097,34.795721747000073],[126.532481316000016,34.782863674000076],[126.53052819100003,34.765285549000055],[126.534922722000019,34.746039130000042],[126.530284050000091,34.74750397300005],[126.527598504000025,34.749253648000035],[126.525157097000019,34.751288153000083],[126.521250847000033,34.753485419000064],[126.5058699880001,34.751044012000108],[126.460148599000036,34.778755392000051],[126.422127907000018,34.764783571000088],[126.392328407000036,34.768607452000076],[126.378316873,34.763887706000055],[126.364016908000053,34.749160108000062],[126.36705994600004,34.739664412000081],[126.39017860200012,34.733397455000038],[126.415375196000014,34.738999742000097],[126.435767441000067,34.72810539400006],[126.465342644000089,34.729681708000044],[126.4902449880001,34.725572007000046],[126.508392774000058,34.718491929000038],[126.541107618000055,34.683986721000053],[126.562754754000011,34.670965887000072],[126.555430535000013,34.66351959800005],[126.585459832000069,34.641791083000051],[126.602549675000105,34.632879950000053],[126.623627149000086,34.629950262000087],[126.602701003000107,34.62553248100005],[126.573872579000067,34.633111353000068],[126.550037842000052,34.643830033000079],[126.531556062000035,34.652596588000037],[126.519111345000042,34.650369807000075],[126.540049675000091,34.627590236000032],[126.535711330000026,34.623177625000039],[126.52512592100004,34.62890229200007],[126.511193270000035,34.637154827000074],[126.500345465,34.645818576000067],[126.482399784,34.651669889000068],[126.469362486000023,34.658674345000058],[126.463305994000066,34.665421393000081],[126.452891472000047,34.670965887000044],[126.450531446000014,34.676988023000042],[126.450938347000033,34.680853583000044],[126.450694207000083,34.684881903000083],[126.453336352000065,34.697883824000087],[126.447881157000111,34.705878563000034],[126.405969475,34.713408013000041],[126.37861288900001,34.711182163000025],[126.384379372,34.693698786000077],[126.376775424000016,34.679470152000071],[126.379854787,34.654505542000024],[126.38613374100008,34.635835405000073],[126.396519011,34.636604222000081],[126.402901775000032,34.650747830000057],[126.416107618000069,34.652736721000046],[126.41256654200005,34.629766068000045],[126.425299312000107,34.619271769000086],[126.434997147000104,34.606785903000073],[126.455577019000089,34.603094794000079],[126.461517774000086,34.600653387000087],[126.472748243000069,34.602036851000044],[126.464610222000019,34.584662177000027],[126.453135613000086,34.583807684000092],[126.431895379000025,34.595892645000042],[126.382334832000097,34.602728583000065],[126.369883660000028,34.608872789000095],[126.349213087000081,34.656683661000059],[126.345957879000025,34.667669989000053],[126.344248894000089,34.677883205000057],[126.347178582000069,34.687892971000053],[126.35670006600003,34.698228257000032],[126.326182488000086,34.735825914000095],[126.319590691000045,34.747748114000025],[126.313731316000045,34.751044012000108],[126.30591881600003,34.752875067000041],[126.298431837000066,34.753485419000071],[126.29029381600003,34.750230210000041],[126.288828972000033,34.742417710000034],[126.289642774000086,34.733140367000125],[126.288584832000083,34.725572007000046],[126.278086785000028,34.703314520000049],[126.26937910200003,34.671291408000044],[126.271088087000066,34.642482815000044],[126.291840040000011,34.629950262000087],[126.318614129000039,34.619126695000034],[126.322764519000074,34.608872789000088],[126.315521681000064,34.604071356000105],[126.305511915,34.604193427000041],[126.301524285000042,34.608872789000095],[126.297618035000028,34.603338934000085],[126.293549024000072,34.601996161000052],[126.291840040000011,34.599107164000081],[126.295258009,34.589056708000044],[126.297862175000091,34.588039455000064],[126.318614129000039,34.571682033000059],[126.324961785000028,34.569647528000068],[126.333018425000091,34.570990302000041],[126.340098504000011,34.57436758000005],[126.34302819100003,34.578192450000081],[126.346039259,34.584621486000074],[126.352061394000103,34.579779364000053],[126.357025587000066,34.57172272300005],[126.35670006600003,34.568548895000042],[126.380463087000081,34.558905341000063],[126.389008009,34.549709377000049],[126.390879754000011,34.53384023600006],[126.405609571000014,34.53864166900005],[126.417328321000014,34.540350653000068],[126.43873131600003,34.540676174000055],[126.44849694100003,34.539292710000055],[126.457041863000086,34.539048570000027],[126.465912306000064,34.540676174000055],[126.469330274000072,34.549709377000035],[126.473480665000011,34.556545315000044],[126.479584181000078,34.561102606000077],[126.4863387380001,34.560939846000075],[126.49927819100003,34.554348049000062],[126.507578972000033,34.554266669000064],[126.513926629000025,34.55780670800003],[126.522959832000097,34.567084052000041],[126.527435743000069,34.568548895000042],[126.539642774000072,34.562974351000015],[126.539317254000025,34.553615627000035],[126.529551629000025,34.542954820000041],[126.513763868000083,34.533840236000053],[126.523203972000047,34.531154690000044],[126.531016472000033,34.527004299000026],[126.537201368000069,34.521063544000071],[126.541758660000028,34.513332424000062],[126.516856316000045,34.512844143000052],[126.4902449880001,34.508612372000094],[126.470306837000066,34.496486721000039],[126.465912306000064,34.472357489000039],[126.481944207000083,34.476752020000056],[126.483734571000028,34.470160223000043],[126.479991082000083,34.457831122000059],[126.479584181000078,34.445013739000039],[126.477305535000028,34.443589585000069],[126.474375847000019,34.43866608300003],[126.475840691000045,34.433254299000055],[126.486582879000011,34.430812893000052],[126.501475457000083,34.429348049000062],[126.508799675000091,34.427232164000095],[126.513763868000083,34.423976955000072],[126.517588738000086,34.413763739000053],[126.51490319100003,34.403550523000035],[126.500743035000028,34.382310289000081],[126.496429884,34.379868882000025],[126.491953972000033,34.381089585000048],[126.488536004000025,34.380560614000061],[126.486582879000011,34.364813544000064],[126.484873894000089,34.360825914000081],[126.479584181000078,34.355047919000086],[126.479584181000078,34.348822333000051],[126.505707227000016,34.34992096600007],[126.518321160000042,34.347845770000049],[126.527435743000069,34.341376044000086],[126.529307488000086,34.330023505000064],[126.519867384000023,34.305975653000068],[126.521250847000033,34.29417552300005],[126.532806837000081,34.292222398000035],[126.578868035000042,34.304754950000088],[126.603282097000033,34.300441799000048],[126.603282097000033,34.311997789000102],[126.605316602000016,34.321682033000066],[126.629649285000042,34.38922760600007],[126.633636915000025,34.395697333000037],[126.644786004000025,34.403469143000052],[126.674408399000086,34.409654039000095],[126.682220899000072,34.414007880000042],[126.687347852000016,34.423895575000067],[126.6875106130001,34.431341864000053],[126.690196160000042,34.435939846000061],[126.703379754000039,34.437567450000074],[126.708262566000045,34.436468817000041],[126.717539910000028,34.431830145000035],[126.723643425000105,34.430812893000059],[126.726898634000023,34.433010158000059],[126.728037957000083,34.437892971000053],[126.727061394000074,34.442775783000059],[126.723643425000105,34.445013739000046],[126.708750847000033,34.449896552000034],[126.723155144000089,34.460842190000044],[126.761485222000047,34.479193427000041],[126.739105665000025,34.502671617000104],[126.735118035000028,34.514878648000035],[126.765961134,34.523382880000042],[126.765635613000086,34.53180573100007],[126.759287957000083,34.543850002000035],[126.755218946000014,34.557684637000072],[126.758555535000028,34.567206122000087],[126.766937696000014,34.578029690000051],[126.777842644000074,34.586493231000084],[126.788666212000066,34.589056708000044],[126.800059441000045,34.582017320000027],[126.806651238000086,34.568548895000056],[126.80787194100003,34.553168036000052],[126.802338087000066,34.540676174000055],[126.806162957000083,34.521063544000071],[126.80201256600003,34.470404364000039],[126.809825066000045,34.451239325000067],[126.818614129000025,34.446844794000071],[126.857025587000052,34.43756745000006],[126.885020379000039,34.421087958000044],[126.897959832000097,34.417710679000038],[126.892344597000033,34.429388739000061],[126.891856316000016,34.440130927000041],[126.896006707000083,34.449937242000082],[126.904795769000074,34.458685614000039],[126.931407097000033,34.447699286000045],[126.940765821,34.454575914000088],[126.938975457000097,34.495917059000092],[126.994151238000086,34.540676174000076],[126.986664259,34.553697007000039],[126.99130293100005,34.564357815000079],[127.000580274000072,34.573309637000079],[127.007172071000014,34.581529039000095],[127.00904381600003,34.593207098000057],[127.008555535000028,34.604234117000097],[127.010264519000103,34.61249420800003],[127.017832879000039,34.615708726000022],[127.030039910000042,34.61835358300003],[127.042735222000033,34.62445709800005],[127.0625106130001,34.636867580000057],[127.099131707000083,34.654486395000063],[127.107188347000019,34.660101630000021],[127.125254754000025,34.679754950000081],[127.136241082000097,34.688055731000063],[127.148041212000066,34.691473700000081],[127.17310631600003,34.687201239000039],[127.185313347000033,34.686672268000045],[127.199717644000089,34.691473700000067],[127.213715040000011,34.705552476000015],[127.233897332000083,34.748236395000042],[127.248057488000086,34.766546942000062],[127.27271569100003,34.733791408000044],[127.290782097000033,34.721380927000048],[127.312591993000069,34.72898997600003],[127.331553582000083,34.741156317000048],[127.338633660000042,34.733099677000034],[127.344004754000025,34.715277411000031],[127.357920769000089,34.698228257000054],[127.350108269000074,34.687811591000056],[127.336436394000089,34.663641669000079],[127.329925977000016,34.656683661000066],[127.314463738000086,34.651922919000079],[127.302989129000025,34.655015367000082],[127.294444207000083,34.664129950000067],[127.288422071000028,34.67719147300005],[127.293711785000042,34.686712958000037],[127.292002800000077,34.694525458000022],[127.2851668630001,34.700628973000065],[127.274750196,34.705145575000081],[127.24594160200003,34.678900458000044],[127.240570509,34.670965887000072],[127.241465691000016,34.655829169000057],[127.247406446000014,34.648098049000048],[127.255137566000045,34.641506252000035],[127.260996941000045,34.629950262000087],[127.261322462000081,34.600409247000094],[127.246674024000086,34.583726304000045],[127.222178582000097,34.576361395000056],[127.192881707000069,34.574774481000091],[127.207530144000103,34.603989976000051],[127.212412957000097,34.620184637000072],[127.213389519000074,34.636867580000057],[127.198822462000066,34.631008205000043],[127.191661004000025,34.623602606000077],[127.179209832000083,34.602036851000044],[127.159027540000011,34.58002350500005],[127.151866082000097,34.574774481000077],[127.129649285000028,34.563910223000065],[127.123301629000039,34.55536530200002],[127.124522332000083,34.540676174000076],[127.133799675000105,34.526312567000019],[127.147227410000013,34.520493882000046],[127.162933790000011,34.517971096000068],[127.179209832000083,34.513332424000062],[127.176361524000058,34.517320054000038],[127.172373894000103,34.527573960000019],[127.212006056000064,34.544663804000045],[127.223480665000011,34.546820380000035],[127.260996941000045,34.513332424000062],[127.275081801000056,34.489453300000029],[127.31592550400002,34.444901020000088],[127.343597852,34.445013739000046],[127.330821160000028,34.45648834800005],[127.327801728000068,34.473929461000068],[127.356618394000066,34.491964730000078],[127.374940968000047,34.485036569000044],[127.39178801300001,34.504779601000031],[127.439219597000033,34.540676174000055],[127.418418626000076,34.555280369000066],[127.3804082690001,34.547104675000092],[127.371940404000043,34.551733359000082],[127.357920769000089,34.554266669000107],[127.345957879000039,34.575018622000073],[127.343597852,34.578192450000081],[127.349375847000047,34.585842190000065],[127.363047722000033,34.593898830000057],[127.379161004000025,34.600002346000053],[127.392100457000083,34.602036851000044],[127.406748894000089,34.59813060100003],[127.452240431000064,34.574774481000091],[127.464610222000033,34.577337958000037],[127.484141472000033,34.576564846000061],[127.494440221000119,34.583776608000043],[127.50358985000004,34.591324773000075],[127.500759467000094,34.612163867000042],[127.495209181000064,34.623236395000077],[127.452240431000064,34.636867580000057],[127.459727410000042,34.638251044000071],[127.477305535000028,34.63816966400011],[127.487559441000045,34.636867580000057],[127.466156446000028,34.662176825000067],[127.434906446000014,34.678697007000025],[127.406016472000019,34.70001862200008],[127.392100457000083,34.739813544000057],[127.394867384000023,34.74249909100007],[127.400238477000016,34.743638414000088],[127.4023543630001,34.747137762000065],[127.395274285000013,34.756659247000087],[127.385264519000074,34.760199286000052],[127.366465691000045,34.753973700000081],[127.357920769000089,34.759711005000028],[127.361582879000039,34.773342190000051],[127.383067254000025,34.783270575000081],[127.425547722000047,34.794419664000088],[127.425547722000047,34.800726630000057],[127.404307488000086,34.805853583000044],[127.378509962000052,34.815130927000027],[127.365326368000083,34.824042059000071],[127.381602410000028,34.828029690000051],[127.424815300000091,34.827134507000039],[127.444672071000014,34.829169012000094],[127.478770379000011,34.839056708000037],[127.483897332000083,34.839544989000039],[127.487315300000091,34.841498114000061],[127.493907097000033,34.84906647300005],[127.51099694100003,34.884711005000057],[127.514414910000028,34.886948960000041],[127.516612175000091,34.89109935100003],[127.521250847000047,34.889837958000022],[127.525889519000103,34.885443427000034],[127.528086785000028,34.879828192000076],[127.527110222000019,34.874701239000061],[127.52271569100003,34.864935614000053],[127.521820509000023,34.859035549000048],[127.524424675000105,34.849269924000062],[127.539561394000089,34.82306549700008],[127.536631707000097,34.819240627000035],[127.534922722000033,34.813218492000075],[127.535411004000025,34.808091539000088],[127.54029381600003,34.803778387000058],[127.54615319100003,34.80304596600007],[127.551768425000091,34.802923895000049],[127.55591881600003,34.800726630000064],[127.571787957000097,34.772528387000065],[127.579844597000033,34.763128973000057],[127.584483269000089,34.746242580000036],[127.575043165000025,34.726548570000034],[127.562022332000097,34.705715236000081],[127.55591881600003,34.684556382000032],[127.560801629000025,34.662176825000067],[127.572276238000086,34.647406317000055],[127.590098504000011,34.639308986000053],[127.614024285000028,34.636867580000057],[127.630381707000083,34.622707424000041],[127.640716993000069,34.617987372000101],[127.645274285000028,34.626288153000075],[127.63795006600003,34.670965887000044],[127.63209069100003,34.685044664000074],[127.624278191000045,34.698228257000032],[127.629242384,34.699286200000074],[127.630625847000033,34.70111725500005],[127.63209069100003,34.701402085000034],[127.63795006600003,34.698228257000032],[127.656260613000072,34.731268622000066],[127.678558790000011,34.727362372000051],[127.706390821000014,34.715887762000079],[127.741547071000014,34.725572007000046],[127.749847852000016,34.73712799700008],[127.761322462000066,34.787054755000042],[127.771250847000033,34.815334377000056],[127.774506056000078,34.829331773000035],[127.775645379000039,34.849066473000065],[127.756846550000105,34.840806382000032],[127.739756707000069,34.841701565000051],[127.721446160000028,34.844631252000049],[127.699961785000028,34.842271226000051],[127.668955925000091,34.818345445000034],[127.656504754000025,34.811916408000052],[127.646006707000083,34.816066799000033],[127.6347762380001,34.828029690000051],[127.618907097000033,34.836411851000051],[127.601166212000052,34.856350002000035],[127.585703972000033,34.879217841000077],[127.576426629000025,34.89691803600001],[127.575287306000064,34.913641669000086],[127.580658399000086,34.933661200000067],[127.591563347000047,34.946437893000066],[127.607188347000047,34.941310940000051],[127.626068556000064,34.909735419000057],[127.641123894000089,34.899115302000048],[127.662119988000086,34.906805731000063],[127.699961785000028,34.93162669500002],[127.709239129000025,34.940415757000018],[127.713226759,34.946722723000043],[127.720469597000033,34.965155341000056],[127.718272332000097,34.970404364000046],[127.716563347000033,34.982367255000035],[127.719248894000074,34.990057684000078],[127.730723504000039,34.982570705000043],[127.736582879000039,34.972886460000048],[127.739024285000042,34.965277411000031],[127.744395379000025,34.960191148000042],[127.757904493000069,34.95831940300009],[127.798431837000052,34.958644924000055],[127.805023634000023,34.957139390000066],[127.815440300000091,34.954820054000052],[127.830332879000025,34.944728908000052],[127.836436394000089,34.949448960000026],[127.844330274000058,34.950181382000032],[127.853851759,34.948187567000033],[127.86451256600003,34.944728908000052],[127.891205274000072,34.946682033000059],[127.912119988000086,34.962062893000059],[127.922862175000105,34.987534898000028],[127.925791863000086,35.019761460000055],[127.937022332000069,35.012640692000055],[127.9433699880001,35.002834377000049],[127.953868035000028,34.978827216000056],[127.979746941000045,34.992254950000067],[128.006846550000091,34.991766669000079],[128.019297722000033,34.998683986000053],[128.000987175000091,35.034084377000063],[128.024994337000066,35.03579336100006],[128.040863477000016,35.049221096000053],[128.053721550000091,35.06712474200009],[128.069346550000091,35.082464911000045],[128.068125847000033,35.070217190000058],[128.06373131600003,35.060614325000081],[128.058604363000086,35.053290106000055],[128.055674675000091,35.047756252000049],[128.054047071000014,35.035834052000048],[128.055674675000091,34.961737372000066],[128.054047071000014,34.955023505000035],[128.051524285000028,34.947495835000026],[128.051036004000025,34.939642645000056],[128.055674675000091,34.93162669500002],[128.063975457000083,34.92792389500007],[128.087494337000066,34.926255601000022],[128.101898634,34.923529364000053],[128.113047722000033,34.925197658000066],[128.117686394000089,34.924221096000082],[128.118744337000066,34.920355536000045],[128.118988477000016,34.90570709800005],[128.121104363000086,34.900295315000058],[128.139414910000028,34.891913153000068],[128.185883009,34.893622137000079],[128.207041863000086,34.890692450000088],[128.206553582000083,34.905503648000021],[128.208588087000066,34.920843817000048],[128.21412194100003,34.932928778000068],[128.224131707000083,34.937892971000053],[128.246836785000028,34.935980536000052],[128.257904493000069,34.930161851000044],[128.279063347000033,34.906805731000063],[128.302256707000083,34.908026434000078],[128.318695509,34.93406810100003],[128.335052931000064,34.947333075000074],[128.357758009,34.909898179000052],[128.334727410000028,34.902573960000034],[128.324473504000025,34.897284247000059],[128.326508009,34.889064846000053],[128.340830925000091,34.872707424000048],[128.353770379000025,34.868475653000097],[128.415863477000016,34.862738348000057],[128.410899285000028,34.856024481000077],[128.402679884,34.85480377800009],[128.38339652600007,34.854587444000074],[128.38288272,34.839289670000085],[128.412929531000032,34.837635083000073],[128.435313347000033,34.843166408000059],[128.460541212000066,34.870184637000087],[128.474457227000016,34.890692450000081],[128.460948113000086,34.903713283000059],[128.457855665000011,34.893866278000054],[128.450938347000033,34.885891018000059],[128.442149285000028,34.883490302000027],[128.432953321000014,34.890692450000081],[128.440440300000091,34.931626695000027],[128.441742384,34.952460028000083],[128.441416863000086,34.959947007000025],[128.440440300000091,34.965155341000063],[128.433685743000098,34.973700262000072],[128.424652540000011,34.978013414000095],[128.420013868000069,34.98273346600007],[128.426768425000091,34.992499091000077],[128.439707879000025,34.988104559000078],[128.459239129000025,34.987372137000079],[128.478770379,34.990057684000078],[128.491547071000014,34.995917059000071],[128.499603712000066,35.009222723000057],[128.497569207000083,35.020697333000044],[128.491547071000014,35.033596096000046],[128.488129102000016,35.051174221000061],[128.471202019000089,35.050238348000057],[128.371429884,35.006781317000048],[128.371429884,35.013576565000065],[128.38209069100003,35.022609768000052],[128.38404381600003,35.036363023000042],[128.389170769000089,35.049017645000063],[128.428477410000028,35.057806708000044],[128.462738477000016,35.071966864000025],[128.481293165000011,35.075018622000073],[128.469737175000091,35.088364976000044],[128.469086134000037,35.095404364000053],[128.478119337000066,35.099066473000057],[128.511241082000083,35.104234117000082],[128.526377800000091,35.103461005000035],[128.580332879000025,35.087876695000041],[128.587168816000059,35.083319403000061],[128.596771681000064,35.07501862200008],[128.600108269000089,35.068589585000019],[128.600596550000091,35.061916408000044],[128.603607618000069,35.056626695000027],[128.614268425000091,35.054592190000051],[128.634532097000033,35.054632880000057],[128.643321160000028,35.056545315000051],[128.652110222000033,35.061346747000073],[128.645030144000089,35.062892971000061],[128.632660352000016,35.067287502000063],[128.624766472000033,35.068182684000071],[128.629486524000072,35.081488348000065],[128.627045118000069,35.090765692000069],[128.610362175000091,35.109198309000078],[128.601817254000025,35.121242580000072],[128.597666863000086,35.130519924000055],[128.590586785000028,35.15696849200009],[128.577891472000033,35.178656317000055],[128.578135613000086,35.189357815000058],[128.590586785000028,35.20538971600007],[128.602061394000089,35.213934637000094],[128.607920769000089,35.211167710000034],[128.617930535000028,35.184881903000083],[128.614024285000028,35.177435614000046],[128.62232506600003,35.157375393000052],[128.617930535000028,35.143255927000041],[128.638031446000014,35.149847723000057],[128.651703321000014,35.140773830000064],[128.664073113000086,35.126125393000059],[128.679942254000025,35.115952867000082],[128.680511915000011,35.131415106000063],[128.687754754000025,35.140611070000041],[128.696299675000091,35.143500067000069],[128.70045006600003,35.139878648000035],[128.70045006600003,35.096136786000045],[128.715830925000091,35.105861721000068],[128.72779381600003,35.10472239800005],[128.73868948900008,35.087987622000071],[128.761970885000096,35.079392388000088],[128.771988319,35.083313239000063],[128.781076915000085,35.111062146000044],[128.787773254000058,35.10131859300008],[128.791555442,35.082953208000042],[128.857402426000021,35.083823079000062],[128.882186070000103,35.081484777000078],[128.889252149000072,35.105454820000062],[128.897925608000037,35.121305330000027],[128.904585929000064,35.120509920000089],[128.903635321000024,35.101390025000036],[128.904592926000078,35.081098650000051],[128.918419593000067,35.081882053000058],[128.948944017000031,35.12597467100003],[128.958009914000058,35.136896883000084],[128.962777643000095,35.133385991000075],[128.961340938000035,35.11895463700003],[128.95370360600009,35.093201670000063],[128.950360400000022,35.072913013000068],[128.958447379000063,35.050387047000079],[128.965124617000015,35.04364879600007],[128.974864129000025,35.048651434000078],[128.985111560000064,35.054283780000048],[128.989405459000068,35.052694024000068],[128.992769944000088,35.045962659000054],[129.00040153000009,35.045950018000035],[128.998014734000094,35.066281188000055],[128.997026105000032,35.075728095000052],[129.008957133000081,35.065134478000068],[129.013753676000078,35.055307289000041],[129.021861854,35.05998310700005],[129.025689682000035,35.0795022490001],[129.03762722700003,35.097834228000075],[129.06384042000002,35.120847092000076],[129.071998054,35.112617369000084],[129.082966363000082,35.105184781000041],[129.101078185,35.092276153000064],[129.12347008100005,35.100845473000035],[129.128601181000022,35.11414797000009],[129.127280508000013,35.125825034000059],[129.119296635000069,35.135567198000068],[129.120257149000054,35.149616723000058],[129.132204581,35.150766444000048],[129.143077019000089,35.154771226000051],[129.153412306000064,35.154282945000027],[129.167479847000067,35.156168307000073],[129.178895553000075,35.155757452000046],[129.194346550000091,35.155503648000021],[129.201084094000066,35.16662808600006],[129.210692606000066,35.183001370000071],[129.228479027000049,35.200530553000064],[129.244390344000067,35.228218040000051],[129.255707227000016,35.246975002000056],[129.255381707000083,35.252590236000053],[129.249734574000058,35.266227746000084],[129.256484172,35.274421522000061],[129.262400161000073,35.283988745000045],[129.264126291000025,35.302427614000067],[129.26920554700007,35.316766528000066],[129.292719869000052,35.316049089000032],[129.320513210000058,35.338545472000071],[129.339875029000041,35.348074232000037],[129.360443556000064,35.353583075000081],[129.361813990000087,35.367171831000043],[129.355129749000071,35.37266731900008],[129.34678727000005,35.382272538000059],[129.355261914000039,35.394571780000028],[129.364581329000089,35.406870057000063],[129.360503480000062,35.426056067000054],[129.359222852000016,35.444647528000075],[129.357758009,35.451808986000046],[129.365733269000089,35.458319403000068],[129.377207879000025,35.459173895000049],[129.387461785000028,35.462307033000073],[129.39185631600003,35.475734768000059],[129.390961134,35.489935614000046],[129.387054884,35.502264716000056],[129.378916863000086,35.510687567000055],[129.365244988000086,35.513251044000071],[129.373545769000089,35.532782294000071],[129.387461785000028,35.529852606000077],[129.400401238000086,35.512640692000062],[129.406260613000086,35.489691473000057],[129.412852410000028,35.472072658000066],[129.427989129,35.478745835000034],[129.444427931000064,35.49681224200009],[129.454600457000083,35.513251044000071],[129.461351284000102,35.552061385000037],[129.463487901,35.577883359000047],[129.467275141000073,35.59966756900009],[129.460589908000088,35.60929422300007],[129.451375761,35.618243323000044],[129.443053392000024,35.636090011000093],[129.451575704000106,35.651802283000052],[129.471125895,35.683222298000068],[129.497650587000066,35.747870184000064],[129.49621649900007,35.785073935000064],[129.522134310000069,35.844552213000028],[129.532839055000068,35.913012911000067],[129.535589553000023,35.939035632000071],[129.571643753000103,35.997124364000065],[129.587250196000014,36.016913153000068],[129.582041863000086,36.036810614000039],[129.574961785000028,36.054673570000034],[129.571299675000091,36.071844794000064],[129.554794958,36.082477915000084],[129.542572462000066,36.065904039000095],[129.479014519000089,36.009588934000071],[129.453331410000033,35.99328736800004],[129.43305147500007,35.996107732000034],[129.417080621000082,36.011912686000088],[129.401937043000089,36.025660084000052],[129.380858717000024,36.041486844000069],[129.381782668000028,36.055174622000038],[129.398448113000086,36.066310940000029],[129.408295118000069,36.068915106000063],[129.418711785000028,36.072984117000082],[129.426768425000091,36.081773179000066],[129.430511915000011,36.097398179000024],[129.425140821000014,36.103013414000081],[129.417084181000064,36.107570705000064],[129.409678582000083,36.133612372000094],[129.403900587000066,36.167629299000055],[129.398529493000069,36.172674872000094],[129.39185631600003,36.17633698100007],[129.385752800000091,36.185451565000058],[129.382334832000083,36.201849677000041],[129.386566602000016,36.322699286000073],[129.39185631600003,36.342474677000055],[129.403900587000066,36.359442450000053],[129.43482506600003,36.389593817000048],[129.440928582000083,36.407945054000052],[129.447113477000016,36.493312893000045],[129.441661004000025,36.534654039000088],[129.427989129000025,36.575669664000102],[129.422862175000091,36.614976304000045],[129.422618035000028,36.61664459800005],[129.440928582000083,36.657782294000093],[129.463470899000072,36.692450262000058],[129.47388756600003,36.730617580000057],[129.471202019000089,36.771877346000061],[129.437998894000089,36.856146552000041],[129.428721550000091,36.897406317000055],[129.419932488000086,36.986761786000038],[129.412689649000072,37.018052476000037],[129.413096550000091,37.027736721000039],[129.418955925000091,37.03851959800005],[129.428233269000089,37.04954661700009],[129.434092644000089,37.06110260600007],[129.430186394000089,37.073065497000087],[129.378916863000086,37.130113023],[129.360118035000028,37.171779690000051],[129.346446160000028,37.247503973000065],[129.331065300000091,37.282171942000069],[129.282806837000066,37.324448960000041],[129.275889519000089,37.339911200000088],[129.272227410000028,37.355861721000053],[129.262787306000064,37.370917059000085],[129.235443556000064,37.398260809000078],[129.189952019000089,37.469387111000053],[129.176849806000064,37.480169989000061],[129.161224806000064,37.487616278000061],[129.148203972000033,37.505113023000035],[129.118988477000016,37.58063385600007],[129.108734571000014,37.597398179000031],[129.073334181000064,37.613023179000045],[129.067149285000028,37.633856512000079],[129.066905144000089,37.658433335000034],[129.064219597000033,37.678859768000038],[129.012299024000072,37.727240302000034],[129.001312696000014,37.734361070000034],[128.923838738000086,37.802313544000071],[128.859141472000033,37.876776434000064],[128.692474806000064,38.064927476000051],[128.678721550000091,38.094305731000084],[128.642832879000025,38.129299221000061],[128.631602410000028,38.144964911000045],[128.562754754000025,38.288967190000058],[128.474457227000016,38.426092841000077],[128.450694207000083,38.474107164000088],[128.441416863000086,38.505804755000028],[128.394786004000025,38.578070380000035],[128.36491946700005,38.624335028000061],[128.364593946000014,38.624741929000045],[128.360362175000091,38.642767645000056],[128.361338738000086,38.660711981000077],[128.359955274000072,38.675360419000086],[128.359629754000025,38.678656317000041],[128.347666863000086,38.69672272300005],[128.338145379000025,38.703558661000031],[128.321055535000028,38.711411851000044],[128.313243035000028,38.717230536000045],[128.282806837000066,38.755072333000044],[128.270355665000011,38.751654364000039],[128.225108269000089,38.732326565000037],[128.21021569100003,38.727728583000051],[128.091156446000014,38.843736070000034],[128.014659050000091,38.858140367000075],[127.995453321000014,38.875311591000049],[127.961761915000011,38.917914130000028],[127.943614129000039,38.926418361000074],[127.933848504000039,38.928656317000048],[127.926280144000103,38.934475002000035],[127.921478712000066,38.942328192000062],[127.918223504000039,38.957749742000082],[127.914317254000011,38.964178778000075],[127.908702019000089,38.967189846000068],[127.902191602000016,38.963934637000108],[127.892914259,38.957464911000045],[127.888682488000072,38.961371161000052],[127.885508660000042,38.974188544000057],[127.851573113000086,39.001410223000057],[127.836517774000072,39.018500067000048],[127.830332879000025,39.032863674000055],[127.823741082000097,39.043036200000053],[127.792572462000081,39.077541408000066],[127.769623243000083,39.109198309000071],[127.759287957000097,39.117010809000085],[127.744151238000086,39.118597723000065],[127.675629102000016,39.118150132000046],[127.661387566000016,39.121486721000053],[127.651703321000014,39.129299221000061],[127.643077019000103,39.138576565000058],[127.63168379,39.146144924000048],[127.606944207000097,39.152044989000046],[127.531748894000103,39.146144924000055],[127.511729363000086,39.156439520000056],[127.491302931000078,39.194891669000064],[127.473399285000028,39.19330475500005],[127.473643425000105,39.187160549000055],[127.476084832000069,39.177069403000083],[127.47193444100003,39.168280341000091],[127.452240431000064,39.165961005000028],[127.441254102000016,39.170843817000055],[127.420176629000025,39.189195054000045],[127.408539259,39.19330475500005],[127.393402540000025,39.20172760600007],[127.382904493000069,39.221991278000083],[127.372029883000096,39.240426043000078],[127.378428582000097,39.268988348000043],[127.3867293630001,39.297186591000056],[127.39828535200003,39.323675848000057],[127.396983269000089,39.329657294000064],[127.392670118000069,39.336411851000072],[127.391937696000014,39.341864325000081],[127.401377800000105,39.344142971000053],[127.408295118000069,39.34324778900006],[127.414561394000103,39.340643622000059],[127.420258009000023,39.336371161000038],[127.425547722000047,39.330471096000061],[127.435394727000016,39.334784247000073],[127.466807488000086,39.340155341000056],[127.473399285000028,39.347560940000072],[127.467539910000028,39.363836981000077],[127.453868035000028,39.367987372000066],[127.437836134,39.364243882000032],[127.425547722000047,39.357123114000046],[127.414073113000086,39.361802476000044],[127.38990319100003,39.367010809000078],[127.378428582000097,39.371486721000046],[127.378428582000097,39.378851630000035],[127.425547722000047,39.392523505000035],[127.431000196000028,39.397284247000073],[127.438080274000086,39.405178127000056],[127.440440300000091,39.407863674000083],[127.46998131600003,39.429754950000088],[127.482920769000089,39.436997789000088],[127.495127800000091,39.433417059000092],[127.503998243000069,39.422837632000039],[127.507578972000033,39.409247137000087],[127.54224694100003,39.371486721000046],[127.526947462000066,39.344224351000044],[127.520599806000064,39.32941315300009],[127.521820509000023,39.316229559000085],[127.531830274000072,39.305121161000038],[127.543467644000089,39.301947333000037],[127.554453972000033,39.305975653000083],[127.562103712000066,39.316229559000085],[127.562998894000089,39.343736070000041],[127.535411004000025,39.443752346000046],[127.520439312,39.510465133000068],[127.536769927000023,39.552012464000086],[127.574554884,39.595038153000075],[127.570323113000072,39.61786530200002],[127.552744988000086,39.636786200000081],[127.528086785000028,39.645819403000097],[127.518565300000105,39.64484284100007],[127.512217644000074,39.649481512000094],[127.508555535000028,39.660060940000079],[127.506358269000103,39.683783270000056],[127.501719597000019,39.698472398000042],[127.501312696000028,39.707220770000049],[127.50375410200003,39.715521552000048],[127.512461785000028,39.731105861000074],[127.514414910000028,39.738592841000084],[127.520843946000014,39.746975002000042],[127.549408399000086,39.761053778000068],[127.561859571000028,39.78400299700008],[127.57601972700003,39.796291408000066],[127.59302819100003,39.806219794000079],[127.607188347000047,39.810248114000061],[127.623748521000039,39.830935318000066],[127.648699406000119,39.820897156000058],[127.663291009000091,39.806800659000096],[127.679628517000083,39.816438696000034],[127.695749595000052,39.84820085000004],[127.727382507,39.857188614000052],[127.762438472000099,39.85353432000003],[127.79403730600005,39.865668036000024],[127.796397332000083,39.87563711100006],[127.781830274000072,39.88540273600006],[127.874603712000038,39.892808335000041],[127.884043816000016,39.902085679000045],[127.89126291,39.94383111700008],[127.891038389000073,39.961225290000073],[127.906659335000086,39.983942366000065],[127.930267774000058,39.971909898000035],[127.940033399000086,39.974758205000072],[127.947276238000086,39.981634833000037],[127.963715040000011,40.004095770000042],[127.97055097700003,40.008856512000051],[127.979828321000014,40.010565497000087],[127.989756707000083,40.014837958000037],[127.997813347000019,40.02041250200007],[128.000987175000091,40.025946356000105],[128.002289259,40.040472723000072],[128.006846550000091,40.045152085000034],[128.139414910000028,40.02732982000002],[128.143565300000091,40.022853908000059],[128.146820509,40.018296617000082],[128.155121290000011,40.016302802000027],[128.164317254000025,40.017971096000068],[128.182383660000028,40.02610911700009],[128.193369988000086,40.029364325000088],[128.203216993000069,40.02960846600007],[128.225108269000089,40.027573960000034],[128.234385613000086,40.029364325000088],[128.227837237000017,40.056206037000045],[128.236321571000076,40.067904293000076],[128.263443631000086,40.077104998000053],[128.280132052,40.065476536000055],[128.302093946000014,40.033433335000041],[128.327752589000056,40.028216411000081],[128.337765178000041,40.067047911000103],[128.36476484100001,40.096890115000043],[128.391843905000087,40.099577477000075],[128.41138756600003,40.096380927000048],[128.434946029,40.104001888000099],[128.448562992,40.109500088000061],[128.466266325000106,40.124373526000035],[128.479799420000063,40.134748641000037],[128.510189157000013,40.135455971000056],[128.527680924000038,40.143423720000051],[128.536093462000053,40.151375446000088],[128.543198850000067,40.166767012000044],[128.577607186000023,40.180211410000076],[128.588611219000086,40.186672799000057],[128.608102916,40.185701989000044],[128.621732289000079,40.180755529000081],[128.628875281000091,40.180265716000051],[128.634713206000015,40.18423881700005],[128.641847306000045,40.19069285100008],[128.650931081000067,40.197147697000034],[128.664561394000089,40.201239325000081],[128.662599009000019,40.225413382000042],[128.667779684000038,40.240308598000063],[128.660629852000056,40.247721506000076],[128.65672182800003,40.257140388000032],[128.6287917410001,40.266008756000076],[128.616446508000081,40.271442812000082],[128.618947760000083,40.297330807000023],[128.636488642000018,40.31321656500004],[128.655340282,40.320176984000042],[128.656655431000104,40.31076253100008],[128.669668695000041,40.310770897000062],[128.687807527000018,40.331196581000086],[128.721644704999989,40.338947061000042],[128.752004874000022,40.33509547200002],[128.764042374000041,40.346530265000062],[128.780974275000062,40.347025483000039],[128.813567231000093,40.354979919000073],[128.830533501000104,40.367387326000085],[128.860532005000096,40.371848367000055],[128.899755131,40.398164928000085],[128.975812174,40.459933038000067],[129.03011562100005,40.473970225000087],[129.077564438000081,40.472565003000042],[129.115065524000102,40.511164886000088],[129.150899083000013,40.545896736000088],[129.155311583000071,40.556634590000051],[129.161234968000031,40.565548663000058],[129.172618035000028,40.568915106000077],[129.173675977000016,40.593451239000039],[129.17455523000001,40.603660165000072],[129.179165339000065,40.60959949800008],[129.187049747000088,40.616535271000096],[129.190521681000064,40.622503973000036],[129.193369988000086,40.632635809000064],[129.197764519000089,40.638006903000083],[129.200362296000094,40.650753090000087],[129.201709027000106,40.656207153000089],[129.206994789000078,40.663631634000083],[129.206386427000098,40.670088909000086],[129.20642642100006,40.675546457000053],[129.212392767000097,40.685951936000052],[129.217703101000097,40.696353263000063],[129.233482084,40.705713549000059],[129.253156797000088,40.70913185600007],[129.270137565000027,40.707980128000067],[129.277916770000047,40.698037214000088],[129.286631707000083,40.68357982000002],[129.29615319100003,40.676255601000037],[129.303233269000089,40.673651434000078],[129.311210367000058,40.687471989000073],[129.327829728000097,40.718128132000047],[129.33975647200009,40.734430214000042],[129.351686579000102,40.745343193000046],[129.389186900000027,40.760759561000043],[129.426954146000071,40.781295643000078],[129.476529199000083,40.793877798000025],[129.50624007600004,40.792074356000064],[129.518081422000023,40.795467082000059],[129.531997338,40.807277312000046],[129.551050953000072,40.810117421000079],[129.553941093000049,40.828931690000047],[129.571772526000018,40.839716297000066],[129.597967554000093,40.838541143000057],[129.609803045000035,40.840929487000032],[129.626166796,40.838312455000057],[129.643922086000089,40.841618462000042],[129.662852410000056,40.838771877000049],[129.684559629000091,40.841829436000069],[129.698356710000098,40.845606223000075],[129.706087010000033,40.835661468000076],[129.716557947000069,40.834585581000084],[129.725218834000088,40.847817701000054],[129.737343113000065,40.87145578500008],[129.734272073000056,40.89110180800008],[129.752996547000066,40.909939743000081],[129.749229405000051,40.917010468000058],[129.755574368,40.938969672000042],[129.764891383000077,40.944414406000071],[129.750824415000011,40.95172760600007],[129.732513868000069,40.968939520000042],[129.728282097000033,40.978705145000049],[129.720795118000069,41.023667710000048],[129.719818556000064,41.056219794000093],[129.722015821000014,41.071844794000071],[129.728282097000033,41.08515045800003],[129.711924675000091,41.122626044000086],[129.719574415000011,41.166937567000055],[129.759125196000014,41.292873440000051],[129.770355665000011,41.315130927000041],[129.786143425000091,41.324774481000084],[129.786875847000033,41.330064195000027],[129.794688347000061,41.35228099200004],[129.796641472000033,41.355454820000034],[129.799896681000064,41.368597723000057],[129.805186394000089,41.372788804000059],[129.806162957000083,41.376044012000101],[129.796641472000033,41.38617584800005],[129.791107618000069,41.387762762000072],[129.775645379000025,41.385484117000033],[129.769297722000061,41.38617584800005],[129.758183972000097,41.392594180000081],[129.744150796000099,41.406962770000064],[129.7360557290001,41.421286228000049],[129.714602784000022,41.419646010000086],[129.701669879000065,41.428665671],[129.681677757000102,41.443084265000046],[129.659403162000103,41.464647435000082],[129.652729839000017,41.494124004000064],[129.657723043000033,41.509238682000053],[129.660655144000089,41.525946356000063],[129.648797907000016,41.549402728000068],[129.669408878000013,41.575959449000031],[129.683184999000105,41.617720114000036],[129.690822564000086,41.649715773000082],[129.715018611,41.675336900000055],[129.74136054600001,41.684017639000054],[129.749766472000033,41.696275132000046],[129.762787306000064,41.731024481000084],[129.774759889000052,41.75941719500009],[129.813314983000055,41.777733233000049],[129.826545998000029,41.778446388000091],[129.842812721000087,41.758783078000086],[129.852460223000094,41.76492342800011],[129.855171271000017,41.781791880000071],[129.869652305000045,41.791456653000076],[129.884532097000033,41.824164130000057],[129.883392774000072,41.857407945000034],[129.890391472000033,41.883002020000063],[129.896740032000025,41.904262980000041],[129.913620399000024,41.911195248000055],[129.937393523000082,41.903897810000039],[129.946787088000065,41.894935183000079],[129.954437696000014,41.89203522300005],[129.964691602000016,41.89874909100007],[129.968597852000016,41.917466539000095],[129.971039259,41.922064520000056],[129.975677931000064,41.933986721000053],[129.978282097000033,41.943793036000038],[129.974864129000025,41.941636460000041],[129.98560631600003,41.955267645000056],[129.992930535000028,41.95978424700008],[130.002696160000028,41.96222565300009],[129.994151238000086,41.973049221000032],[129.989024285000028,41.978176174000055],[129.982188347000033,41.982652085000048],[130.001297074000036,41.990466150000096],[130.002883971000074,42.010911763000088],[130.014950115000033,42.014403703000092],[130.026816719000067,41.99269952200008],[130.033879253,41.995513988000084],[130.036469835000048,42.01162370600008],[130.044907661000053,42.035975658000048],[130.049711771000034,42.042287515000055],[130.052221571000018,42.050364513000055],[130.067014707,42.051898647000101],[130.067955010000105,42.059413827000064],[130.073040509000066,42.078458672000075],[130.092771645000084,42.089810624000044],[130.12006878,42.090081352000098],[130.133198250000106,42.084718682000066],[130.15010820100008,42.074103465000071],[130.159431983000104,42.072837552000053],[130.166595899000072,42.077093817000033],[130.163584832000083,42.083482164000088],[130.160248243000069,42.085109768000066],[130.173920118000069,42.098781643000045],[130.185313347000033,42.103908596000068],[130.193858269000089,42.100978908000052],[130.199310743000069,42.101304429000038],[130.204286171000035,42.159644194000073],[130.20227391700007,42.17355132400008],[130.214935743000069,42.174627997000066],[130.228985612000088,42.182451955000026],[130.251363402000038,42.205290936000068],[130.294182232000026,42.237044681000036],[130.307417578000013,42.236295038000037],[130.315635158000077,42.218883039000048],[130.308159932000081,42.197594767000062],[130.30702563300008,42.183153959000023],[130.318769914000086,42.184730392000063],[130.330644663000044,42.191508042000066],[130.335057396000025,42.213999164000064],[130.351505423000077,42.216082705000076],[130.358828665000033,42.229272342000066],[130.369837131000054,42.23201097700008],[130.360655178,42.243663939000044],[130.367991869000093,42.255686789000031],[130.378181880000056,42.257854715000072],[130.393321160000028,42.244086005000035],[130.400889519000089,42.242499091000084],[130.406016472000033,42.249579169000043],[130.405853712000066,42.260809637000072],[130.399261915000011,42.263169664000074],[130.391123894000089,42.264105536000045],[130.386241082000083,42.270656643000045],[130.386322462000066,42.277655341000077],[130.384157486000049,42.291194579000013],[130.393998832000079,42.299952343000101],[130.405853712000066,42.307114976000044],[130.406993035000028,42.315741278000068],[130.407449721000035,42.324577343000037],[130.419158684000081,42.324398259000084],[130.431838840000097,42.318124576000059],[130.44009806300005,42.309128306000062],[130.456459529000085,42.311768735000044],[130.469396048000021,42.322074715000028],[130.465652585000043,42.334752470000062],[130.480683896000073,42.339752116000042],[130.510189503000106,42.335779521000063],[130.519052549000094,42.327602855000066],[130.540501352000092,42.318370657000074],[130.569366397000067,42.315259072000067],[130.582041863000086,42.307928778000068],[130.59498131600003,42.298163153000075],[130.597666863000086,42.291937567000041],[130.598480665000011,42.280951239000061],[130.597544381000034,42.26278024500003],[130.60382311,42.263260240000051],[130.616620711,42.272318290000058],[130.631576712000083,42.27439706800002],[130.667128835000085,42.283092173000057],[130.695556806000013,42.289001412000061],[130.699961785000028,42.295111395000049],[130.703603160000057,42.295241320000052],[130.734805109000035,42.33759791400005],[130.743193851,42.353687070000035],[130.75275026700001,42.38077658900005],[130.763031446000014,42.400376695000027],[130.780772332000083,42.45343659100007],[130.786631707000083,42.461859442000062],[130.804209832000083,42.462347723000057],[130.823252800000091,42.465033270000049],[130.838715040000011,42.472357489000068],[130.84498131600003,42.486314195000027],[130.843760613000086,42.493963934000071],[130.838389519000089,42.506293036000045],[130.838145379000025,42.510239976000037],[130.84302819100003,42.519761460000026],[130.846446160000028,42.520697333000058],[130.850596550000091,42.520005601000044],[130.858490431000064,42.524562893000052],[130.859711134,42.521063544000071],[130.864593946000014,42.517279364000061],[130.870209181000064,42.517971096000039],[130.872894727000016,42.527655341000063],[130.86963951900006,42.535467841000056],[130.854991082000083,42.539252020000028],[130.851817254000025,42.547796942000048],[130.842133009,42.558539130000035],[130.783539259,42.579169012000058],[130.779551629000025,42.584662177000041],[130.778086785000028,42.59113190300004],[130.774180535000028,42.596828518000031],[130.763031446000014,42.599595445000034],[130.754649285000028,42.597235419000064],[130.729502800000091,42.579169012000065],[130.736908399000072,42.607245184000071],[130.732920769000089,42.61554596600007],[130.683441602000016,42.643540757000025],[130.660788997000054,42.643184543000075],[130.656670389000055,42.664079512000065],[130.693525813000065,42.685450345000064],[130.720757802000094,42.700024625000076],[130.734667410000043,42.691689334000046],[130.745348943000067,42.681095830000061],[130.769297722000033,42.681586005000042],[130.781866386000075,42.690282167000099],[130.801785979000101,42.696845163],[130.825456917,42.699322458000033],[130.837009608000017,42.691591889000058],[130.832041863000086,42.674058335000062],[130.795947141000056,42.662849545000093],[130.786981479000019,42.653763563000041],[130.803440735000095,42.651151406000047],[130.847832682000103,42.661316927000087],[130.881524581,42.658987952000082],[130.899444685000049,42.654631456000054],[130.931781102000059,42.657509283000081],[130.949713986,42.653122614000026],[130.94459069100003,42.63117096600007],[130.932139519000089,42.618353583000058],[130.911512981000101,42.616826412000101],[130.88948072300002,42.638611728000051],[130.862875559000031,42.640816164000057],[130.838587084000096,42.642994779000063],[130.815478427000016,42.634171579000046],[130.832505701000059,42.625774662000062],[130.872569207000083,42.603949286000031],[130.889659050000091,42.599595445000027],[130.914317254000025,42.601507880000042],[130.931162957000083,42.606919664000095],[130.952480445000106,42.627797814000083],[130.994883660000028,42.64069245000006],[131.03443444100003,42.64520905200002],[131.073578321000014,42.638861395000049],[131.08702706300005,42.640375328000054],[131.092886470000053,42.654887733000038],[131.105700836000096,42.668348482000056],[131.120346581000035,42.667190491000035],[131.127414680000015,42.646809776000055],[131.126903038000023,42.617256069000071],[131.14356530000012,42.612697658000059],[131.158494367,42.601305371000066],[131.180649745000096,42.605205334000061],[131.17919651,42.594381593000051],[131.17115319100003,42.585272528000083],[131.167002800000091,42.58539459800005],[131.167002800000091,42.57562897300005],[131.170990431000064,42.572943427000048],[131.179637048000018,42.564003095000075],[131.185345598000026,42.559550184000031],[131.194560240000101,42.558966531000046],[131.203750666000047,42.557243723000049],[131.213275286,42.551392855000067],[131.219547211000076,42.554711688000054],[131.22155991,42.566304242000058],[131.224375847000033,42.570624091000063],[131.212750569000036,42.583938635000045],[131.218049953000104,42.586132080000105],[131.234047075000035,42.587262152000051],[131.234089951000101,42.588854379000082],[131.227970256000049,42.591676135000064],[131.228736179000066,42.597125176000084],[131.224301405,42.604925973000043],[131.208010046000027,42.608521994000057],[131.20118160800007,42.614024597000089],[131.203483318000053,42.619062971000076],[131.209783888000061,42.622612869000065],[131.209016792000057,42.636294564000075],[131.216563347000033,42.644191799000048],[131.224213087000066,42.660589911000045],[131.232676629000025,42.66791413000005],[131.247080925000091,42.667303778000068],[131.254161004000025,42.668198960000048],[131.25709069100003,42.67133209800005],[131.258067254000025,42.675238348000043],[131.262299024000072,42.681097723000065],[131.263275587000066,42.685003973000065],[131.261078321000014,42.688055731000077],[131.251800977000016,42.690822658000066],[131.249603712000066,42.694566148000035],[131.236446973000056,42.706644112000056],[131.246896298000024,42.732533780000033],[131.257069129,42.751560565000041],[131.273127171000056,42.777331349000079],[131.300134285000013,42.793276509000059],[131.352017262,42.774327567000064],[131.363617384,42.782171942000048],[131.359629754000025,42.794256903000068],[131.360362175000091,42.806626695000027],[131.365733269000089,42.818752346000082],[131.378916863000086,42.831122137000108],[131.409027540000011,42.839341539000102],[131.436371290000011,42.85578034100007],[131.456146681000064,42.863836981000063],[131.471690300000091,42.873236395000049],[131.47193444100003,42.883937893000066],[131.458994988000086,42.884426174000033],[131.400401238000086,42.873358466000049],[131.410736524000072,42.900946356000091],[131.406341993000069,42.910060940000079],[131.386241082000083,42.914292710000034],[131.38795006600003,42.930121161000045],[131.393890821000014,42.945013739000046],[131.40552819100003,42.950628973000057],[131.429942254000025,42.935044664000081],[131.438243035000028,42.934149481000091],[131.455088738000086,42.934759833000037],[131.477305535000028,42.941961981000105],[131.491953972000033,42.944891669000057],[131.496104363000086,42.94228750200007],[131.499359571000014,42.957098700000053],[131.494883660000028,42.970607815000051],[131.491953972000033,42.984320380000042],[131.499522332000083,42.999986070000034],[131.517670118000069,43.009344794000093],[131.532969597000033,43.00226471600007],[131.547862175000091,42.993109442000076],[131.564952019000089,42.99628327000007],[131.567637566,43.007554429000017],[131.56373131600003,43.023830471000053],[131.562998894000089,43.038316148000057],[131.586761915000011,43.049953518000059],[131.664886915000011,43.125189520000056],[131.683360222000033,43.148504950000067],[131.694672071000014,43.174994208000044],[131.684092644000089,43.165228583000044],[131.666758660000028,43.156887111000067],[131.651459181000064,43.155991929000024],[131.646983269000089,43.168850002000049],[131.651133660000028,43.169623114000068],[131.674164259,43.181830145000056],[131.677826368000069,43.187323309000085],[131.679535352000016,43.193670966000084],[131.683848504000025,43.199286200000067],[131.694672071000014,43.202337958000065],[131.706634962000066,43.196844794000079],[131.717539910000028,43.184475002000049],[131.730723504000025,43.17413971600007],[131.749847852000016,43.174994208000044],[131.763926629000025,43.185858466000042],[131.758311394000089,43.195379950000067],[131.741709832000083,43.201483466000056],[131.722666863000086,43.202337958000037],[131.722666863000057,43.209784247000059],[131.750498894000089,43.225287177000034],[131.756846550000091,43.242499091000084],[131.756358269000089,43.263739325000067],[131.764252149000072,43.291693427000048],[131.774180535000028,43.302069403000083],[131.799327019000089,43.315863348000043],[131.804535352000016,43.322088934000064],[131.807627800000091,43.330959377000077],[131.81568444100003,43.336737372000059],[131.826670769000089,43.33795807500006],[131.838633660000028,43.332709052000048],[131.828135613000086,43.326402085000041],[131.826019727000016,43.317938544000079],[131.832041863000086,43.30988190300009],[131.846039259,43.305365302000048],[131.856944207000083,43.307318427000048],[131.884776238000086,43.317775783000059],[131.895274285000028,43.318630276000079],[131.956797722000033,43.305853583000051],[131.978119337000066,43.292059637000058],[131.968353712000066,43.270575262000087],[131.992035352000016,43.273098049000048],[131.999847852000016,43.284084377000049],[132.003509962000066,43.299505927000062],[132.014008009,43.31561920800003],[132.031016472000033,43.325140692000033],[132.044444207000083,43.324367580000086],[132.05201256600003,43.314764716000077],[132.051524285000028,43.297919012000101],[132.044932488000086,43.286444403000083],[132.006602410000028,43.260321356000084],[132.001963738000086,43.252183335000041],[132.000498894000089,43.244533596000061],[131.996836785000028,43.238714911000038],[131.978037957000083,43.23554108300003],[131.958588087000066,43.229925848000022],[131.923675977000016,43.207831122000066],[131.911713087000066,43.197577216000056],[131.900157097000033,43.181830145000077],[131.879405144000089,43.137396552000048],[131.849864129000025,43.100490627000028],[131.847178582000083,43.089911200000081],[131.859141472000033,43.085638739000053],[131.870941602000016,43.09031810100003],[131.920664910000028,43.120428778000068],[131.91724694100003,43.107855536000045],[131.907969597000033,43.101060289000081],[131.896250847000033,43.095363674000041],[131.886485222000033,43.085638739000018],[131.907237175000091,43.074408270000028],[131.929942254000025,43.069566148000028],[131.952240431000064,43.071966864000046],[131.972015821000042,43.08250560100003],[131.991302931000064,43.09585195500005],[132.029633009,43.116522528000061],[132.04420006600003,43.127264716000056],[132.07545006600003,43.163031317000055],[132.095957879000025,43.180975653000061],[132.11646569100003,43.188666083000015],[132.136810743000069,43.191636460000062],[132.226654493000069,43.229803778000075],[132.235931837000066,43.236517645000063],[132.242523634,43.245510158000044],[132.253998243000069,43.266506252000028],[132.260508660000028,43.270575262000087],[132.281993035000028,43.278509833000058],[132.289561394000089,43.312567450000039],[132.305430535000028,43.31903717700002],[132.314952019000089,43.315659898000014],[132.345795118000069,43.297919012000101],[132.356211785000028,43.285956122000059],[132.354828321000014,43.282538153000075],[132.349213087000066,43.279201565000058],[132.345795118000069,43.267157294000064],[132.340668165000011,43.261542059000078],[132.316742384,43.251898505000014],[132.308441602000016,43.247015692000048],[132.307709181000064,43.238185940000051],[132.317149285000028,43.231350002000063],[132.358978712000095,43.215521552000034],[132.376068556000064,43.204738674000048],[132.381683790000011,43.191229559000099],[132.366953972000033,43.17499420800003],[132.356537306000064,43.170965887000087],[132.348155144000089,43.17145416900005],[132.339366082000083,43.173651434000057],[132.329112175000091,43.174994208000044],[132.327647332000083,43.170599677000027],[132.327484571000014,43.148993231000077],[132.325938347000033,43.140855210000041],[132.332774285000028,43.138332424000062],[132.339610222000033,43.13401927300005],[132.333750847000033,43.130194403000083],[132.324799024000072,43.122951565000044],[132.318369988000057,43.120428778000068],[132.325694207000083,43.106268622000087],[132.320567254000025,43.094183661000059],[132.307465040000011,43.086615302000048],[132.291107618000069,43.085638739000053],[132.299815300000091,43.075506903000068],[132.304942254000025,43.064032294000086],[132.303233269000089,43.053168036000059],[132.291107618000069,43.044623114000053],[132.301280144000089,43.023911851000044],[132.299571160000028,42.997137762000087],[132.291107618000069,42.949123440000044],[132.295664910000028,42.917547919000071],[132.294525587000066,42.902777411000045],[132.287689649000072,42.890448309000078],[132.289317254000025,42.882717190000044],[132.311534050000091,42.845445054000059],[132.318369988000086,42.845445054000052],[132.325694207000083,42.851467190000037],[132.348399285000028,42.854925848000057],[132.360118035000028,42.859686591000049],[132.355235222000033,42.865464585000055],[132.353526238000086,42.870266018000031],[132.355235222000033,42.87506745000006],[132.360118035000028,42.880804755000057],[132.355316602000016,42.887518622000073],[132.350189649000072,42.896633205000072],[132.345795118000069,42.900702216000077],[132.354258660000028,42.910834052000048],[132.366302931000064,42.915676174000033],[132.394134962000066,42.921779690000015],[132.395599806000064,42.925767320000034],[132.395274285000028,42.932766018000066],[132.397064649000072,42.939357815000051],[132.404388868000069,42.94228750200007],[132.41334069100003,42.941107489000053],[132.428314649000072,42.935980536000045],[132.486094597000033,42.928615627000049],[132.502696160000028,42.924302476000051],[132.505869988000086,42.913641669000064],[132.503428582000083,42.900091864000053],[132.503428582000083,42.88703034100007],[132.510508660000028,42.871405341000077],[132.517832879000025,42.865952867000047],[132.544444207000083,42.859686591000056],[132.564707879000025,42.846258856000077],[132.577891472,42.84039948100007],[132.58912194100003,42.842352606000063],[132.600108269000089,42.851629950000067],[132.608164910000028,42.856838283000066],[132.618907097000033,42.859198309000092],[132.637217644000089,42.859686591000056],[132.683197462000066,42.855698960000055],[132.695323113000086,42.859686591000056],[132.691172722000033,42.862738348000057],[132.686289910000028,42.868841864000053],[132.681651238000086,42.873358466000049],[132.703705274000072,42.878729559000064],[132.739756707000083,42.907171942000041],[132.763438347000033,42.908148505000028],[132.774424675000091,42.895900783000037],[132.773692254000025,42.87506745000006],[132.766368035000028,42.851792710000048],[132.757334832000083,42.832424221000046],[132.775401238000086,42.828111070000041],[132.791107618000069,42.820502020000056],[132.798431837000066,42.808417059000071],[132.791514519000089,42.790838934000078],[132.805186394000089,42.765814520000049],[132.815928582000083,42.756415106000091],[132.833018425000091,42.749823309000085],[132.852305535000028,42.746486721000068],[132.865000847000033,42.748114325000081],[132.875336134,42.755926825000088],[132.887705925000091,42.763495184000057],[132.900157097000033,42.793931382000046],[132.897959832000083,42.798285223000072],[132.887461785000028,42.80145905200002],[132.890391472000033,42.808498440000037],[132.900482618000069,42.815578518000059],[132.911631707000083,42.818752346000061],[132.963226759,42.826076565000037],[132.989756707000083,42.826971747000073],[133.010508660000028,42.818752346000061],[133.006602410000028,42.815497137000072],[132.996348504000025,42.804429429000038],[133.043223504000025,42.779608466000049],[133.067393425000091,42.762844143000059],[133.078868035000028,42.749823309000085],[133.076670769000089,42.738104559000078],[133.066172722000033,42.737372137000087],[133.051849806000064,42.741197007000032],[133.038422071000014,42.742987372000087],[133.026866082000083,42.739650783000052],[133.008636915000011,42.72785065300004],[132.996348504000025,42.722560940000058],[133.013438347000033,42.710353908000044],[133.024424675000091,42.699367580000064],[133.037689649000072,42.691392320000034],[133.062022332000083,42.688421942000055],[133.157725457000083,42.688421942000055],[133.177744988000086,42.693793036000052],[133.193695509,42.706773179000024],[133.222911004000025,42.736232815000051],[133.237396681000064,42.743963934000085],[133.298594597000033,42.763495184000057],[133.318369988000086,42.765814520000063],[133.377452019000089,42.76349518400005],[133.420176629000025,42.771429755000035],[133.444346550000091,42.779120184000078],[133.46802819100003,42.793198960000062],[133.488047722000033,42.799953518000066],[133.497813347000033,42.804429429000038],[133.50513756600003,42.811428127000063],[133.507660352000016,42.816961981000084],[133.511973504000025,42.821722723000015],[133.524424675000091,42.826239325000081],[133.545502149000072,42.819728908000073],[133.551768425000091,42.818752346000053],[133.572276238000086,42.826239325000081],[133.579193556000064,42.830755927000034],[133.584971550000091,42.835638739000046],[133.589447462000066,42.842474677000048],[133.593353712000066,42.852850653000083],[133.604991082000083,42.846258856000077],[133.614105665000011,42.846380927000027],[133.633636915000011,42.852850653000083],[133.642914259,42.85382721600007],[133.671641472000033,42.852850653000061],[133.677744988000086,42.848822333000051],[133.70630944100003,42.822455145000049],[133.717295769000089,42.816636460000048],[133.723968946000014,42.825181382000039],[133.729991082000083,42.845445054000038],[133.794281446000042,42.876695054000059],[133.818451368000069,42.883937893000059],[133.839610222000033,42.897609768000052],[133.85035241,42.900702216000077],[133.86451256600003,42.90119049700008],[133.871348504000025,42.89931875200007],[133.896250847000033,42.884914455000064],[133.910655144000089,42.879828192000048],[133.926768425000091,42.882717190000065],[134.049571160000028,42.97329336100006],[134.069834832000083,42.985052802000034],[134.108490431000064,42.995672919000079],[134.120371941,43.00897858300003],[134.129649285000028,43.024603583000044],[134.140879754000025,43.037258205000057],[134.147959832000083,43.040187893000045],[134.165375196000014,43.044338283000073],[134.171885613000086,43.048041083000044],[134.176036004000025,43.054877020000049],[134.178314649000072,43.066595770000042],[134.182383660000028,43.071966864000046],[134.193695509,43.079779364000025],[134.207855665000011,43.086330471000053],[134.22388756600003,43.090806382000025],[134.240733269000089,43.092474677000034],[134.255218946000014,43.095526434000092],[134.30591881600003,43.113592841000077],[134.314545118000069,43.123480536000045],[134.321381056000064,43.127386786000045],[134.337901238000086,43.120428778000083],[134.347911004000025,43.121568101000037],[134.357432488000086,43.125555731000055],[134.375824415000011,43.138495184000085],[134.40943444100003,43.152167059000064],[134.430430535000028,43.157904364000039],[134.477305535000028,43.181830145000056],[134.530365431000064,43.220363674000055],[134.560069207000083,43.234808661000031],[134.58716881600003,43.228989976000044],[134.597259962000066,43.236029364000025],[134.613129102000016,43.251125393000045],[134.621185743000069,43.256984768000052],[134.633636915000011,43.261542059000078],[134.656016472000033,43.267238674000069],[134.66529381600003,43.274318752000049],[134.680186394000089,43.288763739000039],[134.702891472000033,43.30418528900011],[134.728037957000083,43.312567450000053],[134.750987175000091,43.305365302000034],[134.770274285000056,43.315252997000087],[134.835703972000033,43.379706122000066],[134.873545769000089,43.404974677000027],[134.895518425000091,43.415228583000044],[134.938324415000011,43.426988023000035],[134.956390821000014,43.436346747000094],[134.963877800000091,43.452460028000083],[134.974701368000069,43.459540106000091],[135.0,43.46841105479443]]}},
{"type":"Feature","properties":{"featurecla":"Coastline","scalerank":6,"min_zoom":6.0,"historical_claim":false,"geometry_status":"modern_physical_reference","source_id":"source.natural_earth.coastline.10m"},"geometry":{"type":"LineString","coordinates":[[126.613942905000044,37.255194403000061],[126.608653191000016,37.259426174000062],[126.589610222000047,37.265773830000079],[126.577891472000033,37.271144924000062],[126.573741082000097,37.278998114000025],[126.576670769000089,37.287665106000091],[126.57349694100003,37.28847890800003],[126.559418165000011,37.27863190300009],[126.542979363000086,37.284979559000085],[126.540782097000033,37.282945054000017],[126.548024936000061,37.276312567000033],[126.555430535000013,37.266058661000038],[126.560801629000039,37.251288153000068],[126.560394727000016,37.239325262000079],[126.547373894000089,37.227484442000055],[126.551931186000047,37.221665757000039],[126.550466342000064,37.214911200000081],[126.539561394000103,37.203111070000027],[126.539317254000025,37.198065497000073],[126.562510613000072,37.200384833000044],[126.613536004000011,37.232814846000039],[126.61882571700005,37.242010809000057],[126.616384311000047,37.250555731000091],[126.613942905000044,37.255194403000061]]}},
{"type":"Feature","properties":{"featurecla":"Coastline","scalerank":6,"min_zoom":6.0,"historical_claim":false,"geometry_status":"modern_physical_reference","source_id":"source.natural_earth.coastline.10m"},"geometry":{"type":"LineString","coordinates":[[126.340668165000025,34.864081122000087],[126.326508009000023,34.864203192000048],[126.320078972000033,34.865871486000067],[126.318695509,34.870550848000022],[126.318125847000033,34.876450914000081],[126.31999759200005,34.881089585000041],[126.335215691000016,34.889390367000097],[126.343923373000052,34.890326239000046],[126.345225457000083,34.896226304000045],[126.332530144000074,34.906724351000037],[126.314707879000011,34.914129950000067],[126.297373894000074,34.917547919000079],[126.286468946000028,34.912909247000066],[126.289805535000028,34.903021552000048],[126.297618035000028,34.894232489000018],[126.297129754000025,34.886908270000035],[126.292653842000064,34.880682684000071],[126.28012129,34.877508856000055],[126.27914472700003,34.873277085000062],[126.275889519000103,34.870510158000052],[126.272308790000011,34.866766669000079],[126.251963738000086,34.860663153000075],[126.236094597000047,34.859808661000059],[126.230723504000025,34.854559637000072],[126.236827019000089,34.848049221000039],[126.248708530000044,34.844712632000046],[126.26351972700003,34.846665757000011],[126.27662194100003,34.851955471000039],[126.306162957000097,34.855902411000038],[126.310313347000033,34.854071356000077],[126.338226759,34.841457424000048],[126.340830925000091,34.837469794000064],[126.337657097000019,34.831732489000025],[126.33130944100003,34.825832424000048],[126.342051629000025,34.822495835000034],[126.361664259,34.837388414000088],[126.359629754000039,34.85858795800003],[126.340668165000025,34.864081122000087]]}},
{"type":"Feature","properties":{"featurecla":"Coastline","scalerank":5,"min_zoom":3.0,"historical_claim":false,"geometry_status":"modern_physical_reference","source_id":"source.natural_earth.coastline.10m"},"geometry":{"type":"LineString","coordinates":[[126.056000196000014,34.913641669000086],[126.052256707000097,34.907538153000068],[126.043955925000091,34.907416083000065],[126.03443444100003,34.909572658000066],[126.028005405000044,34.909898179000038],[126.014333530000059,34.899644273000035],[125.996348504000025,34.876044012000079],[125.986501498000067,34.868963934000064],[125.986501498000067,34.862738348000043],[125.998789910000028,34.862941799000062],[126.031423373000067,34.868963934000078],[126.039886915000011,34.866441148000021],[126.046397332000083,34.86180247600003],[126.0546981130001,34.859198309000085],[126.069102410000013,34.862738348000057],[126.08073978000003,34.87099844],[126.088389519000103,34.88296133000005],[126.091481967000036,34.896918036000038],[126.08912194100003,34.91132233300003],[126.081228061000047,34.922593492000111],[126.070078972000033,34.928900458000058],[126.060313347000033,34.926906643000024],[126.056000196000014,34.913641669000086]]}},
{"type":"Feature","properties":{"featurecla":"Coastline","scalerank":6,"min_zoom":6.0,"historical_claim":false,"geometry_status":"modern_physical_reference","source_id":"source.natural_earth.coastline.10m"},"geometry":{"type":"LineString","coordinates":[[126.246429884000023,34.916245835000026],[126.250173373000067,34.918850002000063],[126.253428582000083,34.929185289000081],[126.253184441000045,34.933498440000037],[126.247325066000045,34.935451565000058],[126.230235222000047,34.935451565000058],[126.222422722000033,34.93195221600007],[126.22038821700005,34.92243073100007],[126.225352410000042,34.913397528000068],[126.237559441000045,34.913072007000061],[126.246429884000023,34.916245835000026]]}},
{"type":"Feature","properties":{"featurecla":"Coastline","scalerank":6,"min_zoom":6.0,"historical_claim":false,"geometry_status":"modern_physical_reference","source_id":"source.natural_earth.coastline.10m"},"geometry":{"type":"LineString","coordinates":[[126.178396030000044,35.048488674000048],[126.174164259,35.053168036000038],[126.16529381600003,35.055243231000063],[126.152517123000052,35.054388739000046],[126.14380944100003,35.057684637000087],[126.137380405000044,35.056870835000034],[126.129649285000042,35.052679755000035],[126.127777540000025,35.04816315300009],[126.132090691000045,35.047105210000048],[126.136566602000016,35.047756252000056],[126.139414910000042,35.046454169000064],[126.132172071000014,35.041937567000062],[126.133555535000042,35.039740302000048],[126.138519727,35.039862372000073],[126.142344597000033,35.038275458000037],[126.14380944100003,35.033921617000082],[126.148610873000067,35.03351471600007],[126.15398196700005,35.035711981000077],[126.15805097700003,35.033433335000041],[126.167002800000105,35.025295315000037],[126.172373894000089,35.023627020000056],[126.177419467000036,35.025946356000077],[126.1816512380001,35.02912018400005],[126.181895379000039,35.038885809000085],[126.18091881600003,35.044012762000058],[126.178396030000044,35.048488674000048]]}},
{"type":"Feature","properties":{"featurecla":"Coastline","scalerank":6,"min_zoom":6.0,"historical_claim":false,"geometry_status":"modern_physical_reference","source_id":"source.natural_earth.coastline.10m"},"geometry":{"type":"LineString","coordinates":[[126.23422285200003,35.047064520000063],[126.23406009200005,35.038316148000014],[126.238047722000033,35.032416083000037],[126.242930535000028,35.027289130000042],[126.254567905000044,35.025091864000039],[126.257172071000028,35.02195872600003],[126.261078321000028,35.024562893000066],[126.264984571000014,35.034247137000108],[126.263194207000083,35.041896877000049],[126.258148634,35.047512111000081],[126.25513756600003,35.056382554000052],[126.249196811000061,35.06329987200008],[126.238780144000089,35.063869533000044],[126.229502800000091,35.067328192000062],[126.218516472000033,35.076605536000045],[126.218516472000033,35.081935940000065],[126.222422722000033,35.085638739000032],[126.231618686000047,35.086127020000049],[126.238536004000011,35.091864325000067],[126.23601321700005,35.098374742000082],[126.229828321000014,35.096909898000042],[126.224945509,35.096747137000101],[126.222829623000052,35.101141669000079],[126.216644727000016,35.103664455000057],[126.2070418630001,35.099514065000058],[126.198578321000014,35.097113348000029],[126.189219597000047,35.102240302000041],[126.177500847000033,35.10578034100007],[126.164805535000042,35.102280992000082],[126.158702019000103,35.094224351000044],[126.169444207000097,35.073675848000036],[126.174815300000091,35.068264065000065],[126.180511915000011,35.065904039000088],[126.18482506600003,35.062689520000042],[126.18913821700005,35.061957098000029],[126.197927280000044,35.061265367000097],[126.203623894000089,35.057196356000084],[126.229258660000028,35.053656317000041],[126.236094597000047,35.051947333000072],[126.23422285200003,35.047064520000063]]}},
{"type":"Feature","properties":{"featurecla":"Coastline","scalerank":6,"min_zoom":6.0,"historical_claim":false,"geometry_status":"modern_physical_reference","source_id":"source.natural_earth.coastline.10m"},"geometry":{"type":"LineString","coordinates":[[126.110606316000045,35.051174221000053],[126.114268425000091,35.059312242000097],[126.122813347000033,35.069810289000088],[126.13404381600003,35.078802802000041],[126.144786004000025,35.082464911000045],[126.131358269000089,35.100246486000074],[126.1269637380001,35.11054108300003],[126.127777540000025,35.120550848000036],[126.134776238000086,35.128973700000081],[126.165212436000047,35.143500067000076],[126.149912957000069,35.146877346000053],[126.129405144000103,35.14288971600007],[126.1113387380001,35.13328685100003],[126.103770379000025,35.119696356000077],[126.09888756600003,35.113267320000041],[126.087901238000086,35.108872789000081],[126.076019727000016,35.105617580000057],[126.069102410000013,35.102362372000066],[126.063812696000028,35.093085028000068],[126.056000196000014,35.061346747000073],[126.060394727000016,35.060736395000042],[126.062998894000103,35.059027411000059],[126.065440300000105,35.056830145000049],[126.069102410000013,35.054592190000051],[126.078623894000103,35.055853583000051],[126.105235222000019,35.050034898000035],[126.110606316000045,35.051174221000053]]}},
{"type":"Feature","properties":{"featurecla":"Coastline","scalerank":6,"min_zoom":6.0,"historical_claim":false,"geometry_status":"modern_physical_reference","source_id":"source.natural_earth.coastline.10m"},"geometry":{"type":"LineString","coordinates":[[126.258067254000039,35.570624091000056],[126.263845248000052,35.571682033000023],[126.267100457000083,35.574123440000051],[126.274912957000097,35.579046942000055],[126.287282748000052,35.590277411000038],[126.305674675000091,35.603216864000025],[126.309418165000025,35.61066315300009],[126.307302280000059,35.616644598000057],[126.302989129000039,35.619330145000056],[126.299327019000089,35.616034247000066],[126.291758660000013,35.611029364000061],[126.280446811000061,35.612697658000037],[126.276133660000042,35.612860419000064],[126.277842644000089,35.607367255000028],[126.274261915000025,35.606024481000055],[126.26823978000003,35.605210679000031],[126.264496290000025,35.600897528000047],[126.258962436000061,35.598374742000068],[126.256521030000059,35.596014716000099],[126.261485222000047,35.593410549000069],[126.262950066000045,35.591782945000013],[126.252452019000089,35.587307033000059],[126.250498894000103,35.580959377000056],[126.253672722000033,35.574367580000057],[126.258067254000039,35.570624091000056]]}},
{"type":"Feature","properties":{"featurecla":"Coastline","scalerank":5,"min_zoom":3.0,"historical_claim":false,"geometry_status":"modern_physical_reference","source_id":"source.natural_earth.coastline.10m"},"geometry":{"type":"LineString","coordinates":[[126.405413865000014,36.458835528000058],[126.4026867030001,36.468391678000039],[126.403690509000057,36.473343568000082],[126.404795769000089,36.479641018000052],[126.390635613000072,36.486029364000039],[126.383799675000091,36.487127997000087],[126.383799675000091,36.493312893000045],[126.404795769000089,36.493312893000045],[126.395909574000029,36.505792186000065],[126.384565650000027,36.511198198000059],[126.379405144000089,36.518377997000073],[126.383799675000091,36.526516018000073],[126.381114129000025,36.536281643000059],[126.364266309000072,36.56697022900007],[126.363367399000026,36.573839777000046],[126.370993698,36.578754296000049],[126.375336134,36.586086330000072],[126.373545769000089,36.592230536000038],[126.360243600000118,36.609360123000037],[126.341181202000016,36.60413360200004],[126.323462903000063,36.590890510000072],[126.314818112000026,36.581786863000048],[126.325153224000033,36.553864215000104],[126.32976321700005,36.531724351000058],[126.333606169000063,36.495093329000028],[126.328143101000023,36.471089495000051],[126.338640291000033,36.475611029000049],[126.343272332000083,36.466620184000085],[126.356944207000097,36.479641018000052],[126.363780144000089,36.47345612200008],[126.345713738000086,36.453314520000049],[126.342621290000011,36.438381252000063],[126.353770379000039,36.434068101000058],[126.377614780000044,36.446193752000063],[126.37355578800009,36.437336702000046],[126.365873928000056,36.431644584000075],[126.361052808000053,36.426320981000053],[126.363780144000089,36.411363023000035],[126.37818444100003,36.409491278000075],[126.422618035000042,36.411525783000073],[126.432139519000103,36.407945054000052],[126.426442905000044,36.423570054000031],[126.412933790000011,36.440334377000063],[126.405413865000014,36.458835528000058]]}},
{"type":"Feature","properties":{"featurecla":"Coastline","scalerank":6,"min_zoom":6.0,"historical_claim":false,"geometry_status":"modern_physical_reference","source_id":"source.natural_earth.coastline.10m"},"geometry":{"type":"LineString","coordinates":[[126.099864129000025,37.228013414000095],[126.102549675000077,37.228664455000043],[126.105153842000064,37.223578192000055],[126.111664259,37.214544989000068],[126.121592644000089,37.210923570000034],[126.133311394000103,37.212347723000036],[126.142344597000033,37.21539948100007],[126.155039910000013,37.225734768000045],[126.159190300000091,37.231919664000081],[126.151621941000045,37.238592841000056],[126.1269637380001,37.24892812700007],[126.119802280000059,37.253607489000061],[126.112803582000097,37.263088283000059],[126.10474694100003,37.267523505000035],[126.097422722000033,37.259426174000062],[126.091807488000072,37.245917059000107],[126.088715040000011,37.229559637000079],[126.088633660000042,37.225978908000073],[126.092784050000091,37.224839585000041],[126.099864129000025,37.228013414000095]]}},
{"type":"Feature","properties":{"featurecla":"Coastline","scalerank":6,"min_zoom":6.0,"historical_claim":false,"geometry_status":"modern_physical_reference","source_id":"source.natural_earth.coastline.10m"},"geometry":{"type":"LineString","coordinates":[[126.48406009200005,37.278998114000039],[126.461192254000011,37.280585028000061],[126.443532748000038,37.273098049000048],[126.435313347000033,37.263983466000077],[126.433441602000016,37.251044012000094],[126.435720248000052,37.23843008000005],[126.442230665,37.235174872000073],[126.450450066000045,37.235825914000102],[126.458181186000033,37.231268622000066],[126.469493035000028,37.233465887000094],[126.47820071700005,37.241603908000073],[126.479014519000103,37.247748114000046],[126.483164910000042,37.254339911000052],[126.493907097000047,37.25726959800005],[126.498301629000025,37.261419989000039],[126.494395379000025,37.273504950000053],[126.48406009200005,37.278998114000039]]}},
{"type":"Feature","properties":{"featurecla":"Coastline","scalerank":6,"min_zoom":6.0,"historical_claim":false,"geometry_status":"modern_physical_reference","source_id":"source.natural_earth.coastline.10m"},"geometry":{"type":"LineString","coordinates":[[133.715668165000011,34.396144924000055],[133.70826256600003,34.397284247000066],[133.705332879000025,34.391791083000072],[133.691905144000089,34.378404039000081],[133.688487175000091,34.366156317000048],[133.695811394000089,34.354803778000068],[133.703135613000086,34.351752020000056],[133.70630944100003,34.354641018000031],[133.712901238000086,34.359442450000088],[133.720469597000033,34.363836981000055],[133.72584069100003,34.371405341000077],[133.724457227000016,34.384466864000053],[133.715668165000011,34.396144924000055]]}},
{"type":"Feature","properties":{"featurecla":"Coastline","scalerank":3,"min_zoom":3.0,"historical_claim":false,"geometry_status":"modern_physical_reference","source_id":"source.natural_earth.coastline.10m"},"geometry":{"type":"LineString","coordinates":[[135.0,34.607666723794551],[134.981332998000084,34.602402406000081],[134.963062601000047,34.580816112000036],[134.938110105000078,34.550905797000034],[134.922461186000078,34.546082086000069],[134.883830893000095,34.529488695000062],[134.871348504000025,34.509588934000071],[134.865000847000033,34.500677802000048],[134.856455925000091,34.483303127000049],[134.850433790000011,34.475734768000045],[134.842539910000028,34.470282294000071],[134.824229363000086,34.460842190000058],[134.798955629000034,34.446793791000061],[134.720814407000034,34.329788749000045],[134.705155638000065,34.323168076000059],[134.683259586000077,34.328226407000066],[134.669635157000016,34.30206522100007],[134.657169133000025,34.288204316000076],[134.666514519000089,34.265529690000051],[134.688114320000068,34.243579891000088],[134.72388756600003,34.252630927000055],[134.713595844,34.239970053000043],[134.702162514000065,34.221198790000066],[134.705378743000097,34.217968398000046],[134.726869737000015,34.209970042000052],[134.728677141000048,34.190939349000082],[134.751875473000069,34.191955442000051],[134.800049522,34.200753737000021],[134.83385849900003,34.226610114000032],[134.856118122,34.236007305000058],[134.884905937000099,34.244481070000091],[134.90947036600005,34.25718023200006],[134.937984066000013,34.262755108000086],[134.958254061000048,34.270355501000033],[134.95045006600003,34.287339585000041],[134.926183114000082,34.308495078000064],[134.918613165000011,34.320394420000085],[134.916270379000025,34.338283596000061],[134.89967483800001,34.34903575900006],[134.898936394000089,34.360825914000081],[134.89576256600003,34.372748114000046],[134.897227410000028,34.38149648600006],[134.902973179000014,34.419005547000033],[134.932542002000105,34.45348228400006],[134.956300867000095,34.484877254000075],[134.984141472000033,34.505764065000022],[134.995399693000081,34.530233194000076],[135.0,34.542696111258131]]}},
{"type":"Feature","properties":{"featurecla":"Coastline","scalerank":6,"min_zoom":6.0,"historical_claim":false,"geometry_status":"modern_physical_reference","source_id":"source.natural_earth.coastline.10m"},"geometry":{"type":"LineString","coordinates":[[134.049001498000052,34.474351304000045],[134.039480014000105,34.478298244000086],[134.036631707000083,34.480780341000063],[134.03834069100003,34.483303127000049],[134.045990431000064,34.487656968000039],[134.054860873000052,34.488836981000077],[134.072032097000033,34.498480536000045],[134.083425326,34.500718492000104],[134.087412957000083,34.497829494000079],[134.09538821700005,34.491970119000086],[134.101817254000025,34.491441148000028],[134.104502800000091,34.490261135000097],[134.102875196000014,34.480943101000044],[134.083994988000086,34.45982493700005],[134.076182488000086,34.460760809000092],[134.067881707000083,34.466701565000079],[134.067067905000044,34.467027085000048],[134.049001498000052,34.474351304000045]]}},
{"type":"Feature","properties":{"featurecla":"Coastline","scalerank":5,"min_zoom":3.0,"historical_claim":false,"geometry_status":"modern_physical_reference","source_id":"source.natural_earth.coastline.10m"},"geometry":{"type":"LineString","coordinates":[[134.367360873000052,34.554266669000079],[134.353688998000052,34.554388739000061],[134.319021030000044,34.546820380000021],[134.283213738000086,34.543646552000048],[134.271250847000033,34.540676174000055],[134.228282097000033,34.518377997000073],[134.203786655000044,34.512437242000082],[134.17505944100003,34.52008698100007],[134.171071811000047,34.508937893000052],[134.172536655000044,34.496649481000063],[134.171722852000016,34.485907294000079],[134.16138756600003,34.479193427000041],[134.170176629000053,34.465480861000053],[134.185883009,34.46605052300005],[134.204844597000033,34.471584377000042],[134.223399285000028,34.472357489000039],[134.243174675000091,34.463853257000046],[134.248708530000044,34.453192450000074],[134.244395379000025,34.417710679000031],[134.262380405000044,34.420884507000025],[134.274180535000056,34.435003973000057],[134.284922722000033,34.452297268000059],[134.299082879000025,34.464911200000067],[134.320648634,34.468939520000056],[134.329600457000112,34.462388414000067],[134.324961785000028,34.453680731000091],[134.30591881600003,34.451239325000067],[134.30591881600003,34.445013739000046],[134.320160351999988,34.446478583000022],[134.332774285000028,34.44476959800005],[134.342133009,34.439683335000034],[134.34693444100003,34.430812893000059],[134.368907097000033,34.484361070000041],[134.374278191,34.513332424000048],[134.370616082000083,34.525864976000037],[134.365733269000089,34.536281643000045],[134.363291863000086,34.545355536000024],[134.367360873000052,34.554266669000079]]}},
{"type":"Feature","properties":{"featurecla":"Coastline","scalerank":6,"min_zoom":6.0,"historical_claim":false,"geometry_status":"modern_physical_reference","source_id":"source.natural_earth.coastline.10m"},"geometry":{"type":"LineString","coordinates":[[133.012461785000028,36.014797268000052],[133.01295006600003,36.007798570000034],[133.016123894000089,36.000921942000048],[133.021332227000016,35.995754299000055],[133.027842644000089,35.993638414000088],[133.064952019000089,35.995062567000048],[133.079112175000091,35.993638414000088],[133.066661004000025,36.006537177000041],[133.045176629000025,36.020005601000037],[133.024180535000028,36.025580145000049],[133.012461785000028,36.014797268000052]]}},
{"type":"Feature","properties":{"featurecla":"Coastline","scalerank":6,"min_zoom":6.0,"historical_claim":false,"geometry_status":"modern_physical_reference","source_id":"source.natural_earth.coastline.10m"},"geometry":{"type":"LineString","coordinates":[[133.121348504000025,36.109767971000061],[133.093516472000033,36.102769273000035],[133.08130944100003,36.080145575000088],[133.078623894000089,36.049994208000051],[133.079112175000091,36.02094147300005],[133.099457227000016,36.037502346000053],[133.123220248000024,36.062933661000024],[133.135427280000044,36.089544989000039],[133.121348504000025,36.109767971000061]]}},
{"type":"Feature","properties":{"featurecla":"Coastline","scalerank":6,"min_zoom":5.0,"historical_claim":false,"geometry_status":"modern_physical_reference","source_id":"source.natural_earth.coastline.10m"},"geometry":{"type":"LineString","coordinates":[[133.074229363000086,36.127915757000032],[133.056651238000086,36.124945380000057],[133.03874759200005,36.130804755000064],[133.014496290000011,36.110988674000062],[132.969493035000028,36.082017320000041],[132.949392123000052,36.061957098000065],[132.965505405000044,36.049139716000063],[132.981455925000091,36.039862372000073],[132.994965040000011,36.038234768000073],[133.004079623000052,36.048285223000043],[132.993174675000063,36.066351630000028],[132.990407748000052,36.077053127000077],[133.000254754000025,36.081773179000045],[133.010020379000025,36.081529039000074],[133.01490319100003,36.079779364000046],[133.016774936000047,36.074774481000091],[133.017100457000083,36.065008856000055],[133.019786004000025,36.060614325000081],[133.02702884200005,36.056301174000041],[133.035980665000011,36.053900458000044],[133.044932488000086,36.055121161000038],[133.055837436000047,36.061753648000028],[133.056976759,36.067694403000083],[133.05396569100003,36.074896552000034],[133.051768425000091,36.085516669000043],[133.058360222000033,36.103176174000069],[133.072764519000089,36.107855536000052],[133.087168816000059,36.110785223000029],[133.088145379000025,36.11827220300006],[133.08757571700005,36.127020575000053],[133.074229363000086,36.127915757000032]]}},
{"type":"Feature","properties":{"featurecla":"Coastline","scalerank":6,"min_zoom":6.0,"historical_claim":false,"geometry_status":"modern_physical_reference","source_id":"source.natural_earth.coastline.10m"},"geometry":{"type":"LineString","coordinates":[[133.090586785000028,36.117865302000048],[133.093272332000083,36.109767971000061],[133.113617384,36.113511460000055],[133.093272332000083,36.123358466000077],[133.090586785000028,36.117865302000048]]}},
{"type":"Feature","properties":{"featurecla":"Coastline","scalerank":3,"min_zoom":3.0,"historical_claim":false,"geometry_status":"modern_physical_reference","source_id":"source.natural_earth.coastline.10m"},"geometry":{"type":"LineString","coordinates":[[133.367035352000016,36.274237372000073],[133.363617384,36.279282945000027],[133.359385613000086,36.288560289000088],[133.354014519000089,36.294663804000045],[133.348643425000091,36.297593492000082],[133.335703972000033,36.30093008000005],[133.329437696000014,36.304917710000034],[133.326508009,36.30939362200008],[133.32349694100003,36.318345445000041],[133.320160352000016,36.321844794000071],[133.311208530000044,36.324286200000046],[133.300791863000086,36.325873114000053],[133.292816602000016,36.330552476000022],[133.292002800000091,36.342474677000055],[133.209483269000089,36.297186591000063],[133.196299675000091,36.277980861000053],[133.187754754000025,36.216131903000068],[133.19263756600003,36.205959377000077],[133.202647332000083,36.202297268000052],[133.249766472000033,36.16828034100007],[133.256358269000089,36.164984442000041],[133.278330925000091,36.164984442000041],[133.318369988000057,36.158433335000019],[133.326019727000016,36.158148505000042],[133.337412957000083,36.165594794000064],[133.341319207000083,36.175034898000028],[133.337657097000033,36.184393622000087],[133.326019727000016,36.191636460000048],[133.334320509,36.198879299000069],[133.343516472000033,36.204331773000035],[133.352549675000091,36.203517971000061],[133.360199415000011,36.191636460000048],[133.373383009,36.197699286000052],[133.379242384,36.208238023000035],[133.381846550000063,36.257717190000058],[133.367035352000016,36.274237372000073]]}},
{"type":"Feature","properties":{"featurecla":"Coastline","scalerank":0,"min_zoom":0.0,"historical_claim":false,"geometry_status":"modern_physical_reference","source_id":"source.natural_earth.coastline.10m"},"geometry":{"type":"MultiLineString","coordinates":[[[133.422211134,34.445013739000046],[133.412445509,34.42446523600006],[133.34107506600003,34.348049221000053],[133.325531446000014,34.336818752000063],[133.295420769000089,34.324896552000034],[133.281748894000089,34.321519273000028],[133.269786004000025,34.322414455000057],[133.264659050000091,34.331732489000046],[133.269867384,34.339178778000061],[133.282237175000091,34.342718817000055],[133.295909050000091,34.345038153000075],[133.305511915000011,34.348822333000051],[133.314952019000089,34.366034247000094],[133.304698113000114,34.377590236000067],[133.283213738000086,34.383124091000049],[133.258474155000016,34.382310289000067],[133.258474155000044,34.389797268000052],[133.27662194100003,34.401760158000037],[133.266612175000091,34.420599677000048],[133.24732506600003,34.426499742000082],[133.229665561000047,34.37616608300003],[133.213226759,34.363104559000085],[133.19499759200005,34.353705145000056],[133.182139519000089,34.341376044000064],[133.201914910000028,34.328314520000042],[133.20866946700005,34.307806708000051],[133.202891472000033,34.288885809000078],[133.185557488000086,34.280503648000028],[133.178233269000089,34.282782294000071],[133.165782097000061,34.292303778000054],[133.160980665000011,34.29417552300005],[133.155609571000014,34.29181549700008],[133.144053582000083,34.282619533000052],[133.125173373000052,34.27627187700007],[133.102712436000047,34.257147528000054],[133.093272332000083,34.252630927000041],[133.076426629000025,34.259588934000085],[133.070648634,34.277248440000058],[133.072276238000086,34.317531643000045],[133.076914910000028,34.316717841000063],[133.087412957000083,34.326483466000056],[133.103282097000033,34.345119533000059],[133.114024285000028,34.351752020000035],[133.117930535000028,34.34227122600003],[133.117035352000016,34.326564846000046],[133.113291863000086,34.31411367400009],[133.133148634,34.318182684000071],[133.147471550000091,34.35138580900005],[133.168467644000089,34.355047919000079],[133.168467644000089,34.362494208000058],[133.152598504000025,34.373846747000066],[133.134287957000083,34.382310289000081],[133.123220248000052,34.384344794000079],[133.113291863000086,34.383978583000044],[133.103526238000086,34.384588934000085],[133.093272332000083,34.389797268000052],[133.079112175000091,34.382310289000081],[133.085785352000016,34.351019598000057],[133.059092644000089,34.332342841000084],[133.018321160000028,34.323309637000079],[132.911875847000033,34.314764716000099],[132.883067254000025,34.304592190000051],[132.853037957000083,34.287339585000041],[132.836192254000025,34.311102606000091],[132.818207227000016,34.303371486000067],[132.799082879000025,34.284002997000066],[132.778086785000028,34.273098049000026],[132.762217644000089,34.27033112200008],[132.764008009,34.263169664000081],[132.772797071000014,34.253404039000088],[132.778086785000028,34.24274323100007],[132.771494988000057,34.235296942000033],[132.756602410000028,34.232326565000051],[132.726573113000086,34.232123114000039],[132.702972852000016,34.225490627000049],[132.656260613000086,34.199286200000074],[132.627207879000025,34.197984117000068],[132.622243686000047,34.201890367000075],[132.61841881600003,34.208889065000058],[132.615570509,34.215480861000053],[132.613536004000025,34.218451239000053],[132.60425866,34.216620184000064],[132.599457227000016,34.212307033000073],[132.596527540000011,34.207424221000061],[132.59302819100003,34.204250393000066],[132.566172722000033,34.191961981000084],[132.554453972000033,34.192368882000039],[132.544688347000033,34.204250393000052],[132.55982506600003,34.218410549000069],[132.550629102000016,34.230861721000039],[132.533457879000025,34.244777736000081],[132.521006707000083,34.269761460000041],[132.507334832000112,34.283026434000092],[132.503672722000033,34.287339585000041],[132.503428582000083,34.300360419000093],[132.50709069100003,34.308417059000078],[132.50904381600003,34.316229559000092],[132.503672722000033,34.328314520000042],[132.510752800000091,34.329820054000038],[132.52312259200005,34.334295966000084],[132.531016472000033,34.335150458000065],[132.526133660000028,34.345607815000065],[132.517588738000086,34.353013414000081],[132.496836785000028,34.36249420800003],[132.481293165000011,34.354559637000079],[132.461680535000028,34.349554755000035],[132.441579623000052,34.350002346000046],[132.40552819100003,34.368068752000056],[132.383474155000044,34.365668036000059],[132.346039259,34.34882233300003],[132.312347852000016,34.326971747000087],[132.222504102000016,34.238959052000041],[132.23170006600003,34.22524648600006],[132.238291863000086,34.204250393000066],[132.240407748000052,34.189805406000076],[132.243662957000083,34.166937567000026],[132.238942905000044,34.142645575000046],[132.227549675000091,34.132025458000037],[132.213715040000011,34.12433502800009],[132.201914910000028,34.108587958000037],[132.199066602000016,34.064764716000063],[132.210948113000086,34.025213934000064],[132.213226759,33.989650783000066],[132.181488477000016,33.957831122000087],[132.157237175000091,33.948919989000039],[132.142588738000086,33.946437893000038],[132.135590040000011,33.938421942000048],[132.133799675000091,33.913397528000068],[132.138926629000025,33.894964911000066],[132.159922722000033,33.857326565000058],[132.161631707000083,33.841701565000044],[132.15007571700005,33.830145575000081],[132.105804884,33.809027411000052],[132.075938347000033,33.787054755000042],[132.05591881600003,33.777167059000092],[132.041351759,33.776271877000063],[132.044444207000083,33.793280341000077],[132.065440300000091,33.806952216000099],[132.068858269000089,33.811672268000066],[132.076345248000052,33.826727606000077],[132.078461134,33.834906317000048],[132.08716881600003,33.825100002000056],[132.09888756600003,33.823635158000044],[132.108897332000083,33.830267645000028],[132.113291863000086,33.844875393000059],[132.109222852000016,33.862616278000097],[132.099457227000016,33.872259833000058],[132.087087436000047,33.878566799000069],[132.07545006600003,33.886419989000025],[132.057790561000047,33.895249742000075],[131.994802280000044,33.913478908000059],[131.97234134200005,33.916815497000087],[131.966563347000033,33.921535549000041],[131.941905144000089,33.950913804000038],[131.93091881600003,33.956976630000021],[131.903330925000091,33.966701565000065],[131.893565300000091,33.971421617000097],[131.870860222000033,33.988511460000019],[131.852061394000089,33.998358466000084],[131.83366946700005,33.994696356000063],[131.812266472000033,33.971421617000082],[131.826508009,33.971421617000082],[131.826508009,33.965236721000025],[131.791351759,33.964056708000051],[131.779551629000025,33.969671942000019],[131.777517123000052,33.985744533000059],[131.807302280000044,34.005804755000042],[131.82390384200005,34.020168361000032],[131.822764519000089,34.026678778000068],[131.813649936000047,34.028753973000057],[131.799571160000028,34.037746486000067],[131.74146569100003,34.056219794000071],[131.703379754000025,34.044175523000035],[131.68873131600003,34.047186591000056],[131.676117384,34.040187893000052],[131.644867384,34.028876044000064],[131.633474155000073,34.026678778000068],[131.606211785000028,34.026678778000068],[131.601735873000052,34.030015367000097],[131.598155144000089,34.036037502000063],[131.593272332000083,34.037298895000035],[131.585134311000047,34.026678778000068],[131.594004754000025,34.015326239000053],[131.597422722000033,34.002630927000034],[131.59302819100003,33.991685289000088],[131.578868035000028,33.985744533000059],[131.571787957000083,33.985174872000087],[131.56763756600003,33.986273505000064],[131.56568444100003,33.989650783000059],[131.565196160000028,33.996283270000056],[131.562266472000033,34.00462474200009],[131.556162957000083,34.005194403000104],[131.551117384,34.002142645000056],[131.551036004000025,33.999416408000073],[131.519297722000033,34.008490302000034],[131.510508660000028,34.012396552000041],[131.493011915000011,34.02814362200008],[131.482920769000089,34.03204987200008],[131.469004754000025,34.026678778000083],[131.473806186000047,34.018622137000079],[131.47429446700005,34.013983466000091],[131.469004754000025,34.006170966000077],[131.466319207000083,34.006781317000041],[131.45671634200005,33.999335028000083],[131.455332879000025,33.993150132000025],[131.451996290000011,33.989569403000083],[131.451833530000044,33.985907294000064],[131.449554884,33.982245184000064],[131.441172722000033,33.978908596000053],[131.434336785000028,33.980210679000045],[131.428233269000089,33.985907294000064],[131.42351321700005,33.993109442000041],[131.420583530000044,33.999416408000066],[131.415537957000083,33.989406643000045],[131.409678582000083,33.983058986000053],[131.402517123000052,33.981390692000041],[131.393321160000028,33.985744533000059],[131.402191602000016,33.999335028000083],[131.404795769000089,34.017279364000046],[131.400645379000025,34.032945054000052],[131.38990319100003,34.039740302000048],[131.383148634,34.033026434000064],[131.355723504000025,33.989447333000051],[131.332530144000089,33.962103583000044],[131.32195071700005,33.953070380000028],[131.272227410000028,33.926825262000058],[131.257985873000052,33.924790757000025],[131.249847852000016,33.937933661000038],[131.242523634,33.934475002000056],[131.233571811000047,33.933050848000057],[131.22584069100003,33.935003973000043],[131.222666863000086,33.941351630000042],[131.220713738000086,33.950384833000058],[131.215830925000091,33.950751044000079],[131.209239129000025,33.94725169500002],[131.202159050000091,33.944769598000043],[131.200368686000047,33.942531643000073],[131.194672071000014,33.937648830000064],[131.187022332000083,33.932766018000066],[131.178233269000089,33.930487372000073],[131.173187696000014,33.933986721000032],[131.170664910000028,33.94188060100003],[131.160265953000021,33.952796056000068],[131.161537083000098,33.964374254000056],[131.166840040000011,33.972398179000024],[131.166026238000086,33.97711823100007],[131.157399936000047,33.978908596000053],[131.123998791000076,33.999931396000065],[131.103164684000035,34.030216890000084],[131.072423984000011,34.036997277000062],[131.035594808000042,34.047975095000091],[131.013962254000063,34.01476201500008],[130.968597852000016,33.971421617000097],[130.932086301000027,33.945365284000061],[130.92629066500001,33.922690670000073],[130.915753455000072,33.913989822000097],[130.899180535000028,33.924261786000031],[130.893728061000047,33.932318427000048],[130.879405144000089,33.937933661000038],[130.880224401000078,33.950431780000102],[130.899424675000091,33.949855861000017],[130.909650336000027,33.973651604000047],[130.907725457000083,33.984930731000098],[130.913422071000014,33.999416408000073],[130.917134522000083,34.010913063000089],[130.91281170100001,34.021920678000065],[130.905284050000091,34.029608466000084],[130.912577397000064,34.053341562000078],[130.903913678000094,34.065825778000068],[130.878428582000083,34.067857164000095],[130.873220248000052,34.078192450000081],[130.869313998000052,34.091742255000042],[130.862803582000083,34.101792710000062],[130.861582879000025,34.112738348000065],[130.873220248000052,34.129095770000042],[130.886485222000033,34.138983466000042],[130.899261915000011,34.145656643000052],[130.911143425000091,34.154486395000028],[130.92090905000012,34.170640367000061],[130.923350457000083,34.183783270000021],[130.920258009,34.192572333000044],[130.915782097000033,34.199693101000044],[130.910411004000053,34.22492096600007],[130.896739129000025,34.244818427000055],[130.893728061000047,34.256048895000063],[130.891612175000091,34.259833075000088],[130.87623131600003,34.27000560100003],[130.871592644000089,34.279242255000028],[130.875336134,34.286688544000079],[130.882009311000047,34.293402411000045],[130.886241082000083,34.300441799000076],[130.889659050000091,34.331203518000045],[130.893077019000089,34.343491929000045],[130.899912957000083,34.355047919000079],[130.911143425000091,34.350897528000068],[130.92741946700005,34.348944403000075],[130.941905144000089,34.350978908000059],[130.948252800000091,34.358791408000066],[130.95476321700005,34.361721096000075],[130.996104363000086,34.369330145000042],[131.011729363000114,34.375962632000054],[131.033606810000038,34.381789240000053],[131.017881868000018,34.393296810000052],[131.00359134200005,34.392889716000077],[130.965098504000025,34.399969794000057],[130.955088738000086,34.403469143000052],[130.94890384200005,34.395005601000015],[130.946299675000091,34.392401434000064],[130.933929884,34.395982164000095],[130.939219597000033,34.407700914000081],[130.947764519000089,34.418931382000032],[130.958750847000033,34.427435614000053],[130.976396076000015,34.438967292000079],[130.989731698000014,34.435038253000052],[131.002845354000101,34.425946289000095],[131.001149936000047,34.414862372000066],[131.009776238000086,34.410305080000064],[131.022634311000047,34.409369208000044],[131.037282748000052,34.411118882000032],[131.050954623000052,34.415187893000052],[131.061208530000044,34.420843817000055],[131.074717644000089,34.424750067000048],[131.099375847000033,34.413275458000044],[131.115717557000039,34.40979405500007],[131.133922988,34.41156180400008],[131.140798373000052,34.3784854190001],[131.153656446000014,34.369330145000042],[131.172699415000011,34.367743231000077],[131.178957564000029,34.378775997000041],[131.191701657000067,34.393647793000063],[131.173594597000033,34.410223700000067],[131.170583530000044,34.416815497000066],[131.171314549000044,34.429534605000086],[131.192718946000014,34.424750067000048],[131.207367384,34.428941148000014],[131.234873894000089,34.433498440000051],[131.252631761000089,34.437386992000079],[131.26453684,34.428087194000057],[131.281213917000059,34.407957800000048],[131.266255852000086,34.409448841000064],[131.251026964000062,34.419130554000063],[131.241019927000025,34.421183598000063],[131.229502800000091,34.417710679000038],[131.222015821000014,34.408392645000049],[131.21607506600003,34.396918036000052],[131.211761915000011,34.383775132000046],[131.208994988000086,34.369330145000042],[131.21607506600003,34.372300523],[131.228770379000025,34.380194403000068],[131.236175977000016,34.382310289000081],[131.28448215100002,34.384211288000074],[131.323090295000043,34.393011809000093],[131.334730903000036,34.416114291000042],[131.365050012000097,34.41565087500004],[131.414317254000025,34.423976955000072],[131.41331462800008,34.45387373300008],[131.42640717300003,34.465645450000061],[131.456228061000047,34.490383205000064],[131.461924675000091,34.49925364800005],[131.45476321700005,34.519110419000071],[131.461761915000011,34.523504950000067],[131.482676629000025,34.527573960000019],[131.52076256600003,34.551906643000052],[131.536468946000014,34.565619208000044],[131.551036004000025,34.581529039000095],[131.555430535000028,34.592189846000068],[131.557299194000052,34.614856999000054],[131.564792499000077,34.619494317000104],[131.585184388000016,34.618421664000046],[131.595876498000081,34.616848049000062],[131.594248894000089,34.625677802000034],[131.594103585000084,34.642051254000073],[131.596871573000044,34.659589372000084],[131.615241890000107,34.664880636000085],[131.629405144000089,34.659247137000051],[131.656414716000086,34.653586290000064],[131.670858557000088,34.662817774000075],[131.673354988000028,34.670931860000046],[131.680332196,34.674649043000045],[131.711599155000044,34.671576239000068],[131.746081807,34.675353457000099],[131.790375196000014,34.68610260600007],[131.822955831000058,34.698283032000056],[131.840784385,34.705328510000072],[131.858409050000091,34.714504299000062],[131.863129102000016,34.737494208000044],[131.86687259200005,34.746039130000028],[131.873757670000032,34.75922287700007],[131.896332227000016,34.762925523000035],[131.901321903000053,34.770451297000079],[131.923788498000022,34.787859804000043],[131.957006574000047,34.813030243000078],[131.99732506600003,34.837225653000075],[132.02116946700005,34.865871486000067],[132.03455120000001,34.87657900500006],[132.053884311000047,34.872259833000051],[132.060557488000086,34.885687567000062],[132.063304118000019,34.907489343000059],[132.111175977000016,34.943101304000038],[132.131846550000091,34.958644924000062],[132.157940371,34.976132374000088],[132.216319207000083,35.013576565000065],[132.236494970000081,35.034818088000051],[132.270841887000074,35.040329058000054],[132.293610348000016,35.048406961000062],[132.316849987000069,35.062346339000044],[132.326594268,35.092069844000036],[132.357040742000095,35.111207243000123],[132.379948843000079,35.124980778000072],[132.389212278000059,35.13482940100004],[132.386574257999968,35.145537592000032],[132.402354363000086,35.160467841000077],[132.408084915000018,35.175050678000048],[132.467677558000105,35.213148079000078],[132.495826701000055,35.232455210000076],[132.529718499000069,35.244913222000051],[132.531937422000055,35.257671596000087],[132.550265256000102,35.262432293000074],[132.575617245000103,35.273270097000079],[132.621141537000085,35.28444409600008],[132.638679189000072,35.294644673000043],[132.651395443000069,35.312923533000053],[132.66334675600001,35.329535549000063],[132.671446462000063,35.355128136000083],[132.674136531000045,35.372037254000091],[132.674023211000076,35.38542475600007],[132.670791143000088,35.399474588000075],[132.653742456000032,35.40686988900007],[132.631142055000055,35.419813963000067],[132.623808358000019,35.431069904000083],[132.635359169000026,35.440954695000087],[132.65587637100009,35.442993986000111],[132.682098736000057,35.449016416000056],[132.701443699000038,35.449219718000059],[132.734438142000045,35.44863223200008],[132.74855100700006,35.451549379000085],[132.754739334000078,35.456245075000069],[132.744476759,35.463568427000041],[132.725495635000016,35.470779644000068],[132.736279441000079,35.472742456000063],[132.752719837000086,35.477077635000029],[132.77542651400006,35.481007496000075],[132.804826622000064,35.495181801000058],[132.837679379000065,35.506123184000032],[132.864909137000041,35.51098268100008],[132.922231364000027,35.51317501300008],[132.946365380000088,35.518677497000056],[132.969737175000091,35.516994533000052],[132.97320551100006,35.54188385000004],[132.991485344000012,35.544551314000024],[133.014399487000105,35.540780117000047],[133.033489379,35.545992142000053],[133.042492388000028,35.561527969000053],[133.051772182000036,35.573730325000042],[133.06460060500001,35.580271302000092],[133.081442224000057,35.575325902000095],[133.091345390000015,35.587538772000087],[133.091261013,35.601484911000043],[133.105352851000021,35.597516589000065],[133.119731933000025,35.584906973000059],[133.141427642000053,35.570165291000094],[133.156466569000031,35.562621685000053],[133.189661129,35.571907532000097],[133.207067729000073,35.572828130000076],[133.224730740000041,35.582944985000047],[133.230162932000127,35.578197844000073],[133.223155144000089,35.568508205000064],[133.228037957000083,35.564683335000048],[133.239336370000075,35.563614802000075],[133.24625319200004,35.567319817000069],[133.26637679800001,35.574236505000044],[133.286778833000085,35.576192753000029],[133.308772373000011,35.577188578000055],[133.326019727000016,35.56850820500005],[133.312904215,35.561976121000036],[133.298874262000027,35.558638317000081],[133.286928536,35.553726922000074],[133.270135048000043,35.549610137000059],[133.25749759200005,35.536200262000079],[133.254730665000011,35.533840236000067],[133.254161004000025,35.521795966000077],[133.260508660000028,35.509955145000042],[133.264659050000091,35.496161200000074],[133.294543163000071,35.480416463000033],[133.329625621000105,35.465504387000053],[133.360857454000097,35.460416692000059],[133.38068988100008,35.456414860000031],[133.400157097000033,35.454291083000015],[133.417411909000066,35.456542965000054],[133.441245089000063,35.491037665000057],[133.49275500400006,35.510361836000058],[133.525594627000032,35.522426992000071],[133.580181711000023,35.533602742000085],[133.632568248000098,35.521328356000076],[133.731144642,35.502906614000032],[133.911546737000094,35.514594572000085],[134.008383337000055,35.537048923000043],[134.03478971200002,35.519355662000066],[134.173661727000081,35.536271360000057],[134.237765161000112,35.546651206000028],[134.262065758000062,35.553587787000076],[134.281586134,35.564886786000045],[134.29387121000002,35.585893956000056],[134.342621290000011,35.593817450000074],[134.352061394000089,35.594183661000024],[134.361501498000052,35.59577057500006],[134.376491179000027,35.611184255000069],[134.413822649000053,35.621139940000049],[134.466214862000015,35.637554653000038],[134.498095736000096,35.653879327000091],[134.536987309000097,35.672203099000058],[134.59020875200008,35.659428391000056],[134.647447132000025,35.664265416000056],[134.691474502,35.663447159000057],[134.766907132000028,35.666559192000079],[134.798295204000055,35.665642253000044],[134.813419337000028,35.662373772000095],[134.83413714400001,35.657145585000087],[134.842348044,35.645365334000076],[134.863249913,35.658278401000075],[134.880968246000066,35.657322495000052],[134.885047535000012,35.64591375200007],[134.897749492,35.649161849000059],[134.915703833000094,35.644367434000031],[134.92701256600003,35.641180731000063],[134.947276238000086,35.654852606000091],[134.953623894000089,35.657904364000046],[134.963715040000011,35.661037502000049],[134.959622177000028,35.673753245000043],[134.987943780000023,35.689777236000047],[135.0,35.690480452042777]],[[135.0,34.64164595441342],[134.979258660000028,34.641017971000061],[134.960297071000014,34.643622137000087],[134.937024857000097,34.667368869000093],[134.907624934000069,34.677606433000051],[134.888356967000078,34.691473700000067],[134.833343946000014,34.721380927000048],[134.80046634200005,34.730902411000038],[134.762380405000044,34.756984768000045],[134.744395379000025,34.766546942000055],[134.696299675000091,34.776190497000066],[134.566905144000089,34.766546942000055],[134.559906446000014,34.768296617000082],[134.554453972000033,34.771633205000064],[134.549082879000025,34.773260809000099],[134.54265384200005,34.769964911000059],[134.537852410000028,34.766546942000055],[134.531504754000025,34.763128973000057],[134.524912957000055,34.760646877000049],[134.519053582000083,34.759711005000035],[134.505869988000086,34.760972398000021],[134.495860222000033,34.764553127000063],[134.490489129000025,34.772609768000052],[134.491221550000091,34.787054755],[134.484548373000052,34.785305080000079],[134.47820071700005,34.781927802000041],[134.473155144000089,34.776841539000053],[134.471364780000044,34.769964911000059],[134.470062696000014,34.761786200000081],[134.467051629000025,34.760972398],[134.46257571700005,34.762030341000063],[134.457041863000086,34.759711005000035],[134.431407097000033,34.730454820000034],[134.422862175000091,34.725572007000046],[134.408702019000089,34.726263739000061],[134.398203972000033,34.731512762000094],[134.389659050000091,34.737372137000079],[134.381358269000089,34.739813544000086],[134.36841881600003,34.735988674000048],[134.357758009,34.727362372000059],[134.352224155000044,34.71625397300005],[134.354014519000089,34.705145575000053],[134.326670769000089,34.70433177300005],[134.276377800000091,34.715236721000068],[134.247813347000033,34.718166408000052],[134.220713738000086,34.728461005000028],[134.208750847000033,34.728013414000081],[134.216807488000086,34.711900132000046],[134.226898634,34.707912502000063],[134.278819207000083,34.698228257000032],[134.271006707000083,34.696275132000025],[134.25163821700005,34.693752346000061],[134.244802280000044,34.691473700000067],[134.224457227000016,34.667669989000053],[134.220225457000083,34.663519598000057],[134.212250196000014,34.661363023000021],[134.196299675000091,34.652004299000076],[134.178233269000089,34.648830471000068],[134.170664910000028,34.645982164000088],[134.155284050000091,34.636867580000057],[134.162119988000086,34.632228908000073],[134.170258009,34.630764065000037],[134.179698113000086,34.632310289000088],[134.189463738000057,34.636867580000057],[134.177256707000083,34.614447333000044],[134.147959832000083,34.596991278000083],[134.113047722000033,34.585638739000039],[134.083669467000078,34.581529039000081],[134.06934655000012,34.585842190000079],[134.047373894000089,34.604641018000059],[134.028819207000055,34.608872789000088],[133.994395379000025,34.608710028000054],[133.979258660000028,34.605902411000017],[133.953868035000028,34.593003648000042],[133.936696811000047,34.587225653000075],[133.925140821000014,34.577866929000017],[133.929453972000033,34.561102606000077],[133.942556186000047,34.555121161000052],[133.957367384,34.56443919500002],[133.98406009200005,34.589056708000044],[134.000743035000056,34.594468492000082],[134.019297722000033,34.596828518000052],[134.035655144000089,34.593410549000055],[134.04615319100003,34.581529039000095],[134.045664910000028,34.563910223000043],[134.033457879000025,34.552476304000052],[134.017588738000086,34.543646552000048],[134.00513756600003,34.53384023600006],[134.007660352000016,34.530503648000014],[134.008636915000011,34.528550523000021],[134.011973504000025,34.52008698100007],[133.983164910000028,34.528631903000083],[133.966563347000033,34.506415106000077],[133.953868035000028,34.473822333000065],[133.936289910000028,34.451239325000067],[133.85906009200005,34.462876695000027],[133.821787957000083,34.462144273000064],[133.826426629000025,34.43756745000006],[133.794444207000083,34.442938544000079],[133.78052819100003,34.463364976000044],[133.768890821000014,34.488023179000038],[133.74382571700005,34.505845445000034],[133.736827019000089,34.502386786000052],[133.730479363000086,34.506984768000059],[133.725759311000047,34.516424872000066],[133.723399285000028,34.527573960000026],[133.716563347000033,34.52008698100007],[133.699961785000028,34.52594635600007],[133.685069207000083,34.52008698100007],[133.669444207000083,34.510809637000065],[133.640635613000086,34.501695054000024],[133.596202019000089,34.482326565000051],[133.586192254000025,34.475734768000045],[133.583343946000014,34.468695380000035],[133.576670769000089,34.463324286000038],[133.568858269000089,34.459906317000062],[133.55046634200005,34.457017320000034],[133.543304884,34.453070380000042],[133.538096550000091,34.448553778000061],[133.532074415000011,34.445013739000046],[133.470062696000014,34.42397695500005],[133.509287957000083,34.46210358300003],[133.522471550000091,34.483058986000053],[133.501149936000047,34.492173570000027],[133.490244988000086,34.48956940300004],[133.468516472000033,34.476996161000045],[133.456553582000083,34.472357489000039],[133.430349155000073,34.472967841000077],[133.419118686000047,34.467922268000038],[133.414805535000028,34.451239325000067],[133.422211134,34.445013739000046]]]}},
{"type":"Feature","properties":{"featurecla":"Coastline","scalerank":6,"min_zoom":6.0,"historical_claim":false,"geometry_status":"modern_physical_reference","source_id":"source.natural_earth.coastline.10m"},"geometry":{"type":"LineString","coordinates":[[126.563303207000118,37.514443293000049],[126.555110864000085,37.517683956000035],[126.549082879000025,37.518622137000065],[126.543467644000103,37.518866278000061],[126.537771030000044,37.520738023000042],[126.531993035000028,37.523342190000058],[126.526377800000105,37.525091864000046],[126.51483014900009,37.534347200000077],[126.500660817000025,37.530185259000042],[126.493708733000076,37.507781052000048],[126.473379650000084,37.499256839000047],[126.451326746000063,37.499682004000078],[126.418885115000066,37.496861378000048],[126.373567534000031,37.471642951000028],[126.365291656000068,37.475064397000047],[126.359342279000089,37.473629767000034],[126.355511141000079,37.466222800000082],[126.358177773000065,37.461012025000066],[126.369114619000015,37.452736484000084],[126.371327096000059,37.447311164000041],[126.364972927000053,37.442291305000083],[126.375731448999986,37.44013673500006],[126.383200061000025,37.437454989000059],[126.389386113000015,37.441316253000075],[126.393411833000073,37.445545420000101],[126.399492203000023,37.444921322000077],[126.401991943000098,37.44005329500002],[126.400288547000059,37.436530282000049],[126.401427318000074,37.434469826000068],[126.40472699200005,37.435367928000048],[126.408366947000104,37.438536943000081],[126.416278030000043,37.434554709000054],[126.420460596000012,37.422355526000054],[126.424434238000018,37.421569434000055],[126.433594572000075,37.422405821000027],[126.443412653,37.420625381000043],[126.487012499,37.446795614000067],[126.493984366000063,37.456585083000057],[126.50657213500007,37.465568151000063],[126.529932585000083,37.473683142000098],[126.540559471000066,37.477657005000076],[126.548291354000057,37.47663722100009],[126.565765821000028,37.479966539000095],[126.569183790000011,37.483587958000058],[126.577625729000047,37.488584848000087],[126.583065937,37.490383828000049],[126.580578935000062,37.495627118000073],[126.576440105000074,37.502370480000096],[126.571140365000019,37.506348497000026],[126.567230328000051,37.511231283000086],[126.563303207000118,37.514443293000049]]}},
{"type":"Feature","properties":{"featurecla":"Coastline","scalerank":6,"min_zoom":6.0,"historical_claim":false,"geometry_status":"modern_physical_reference","source_id":"source.natural_earth.coastline.10m"},"geometry":{"type":"LineString","coordinates":[[125.688243035000042,37.679266669000079],[125.680430535000028,37.678290106000055],[125.679209832000069,37.669663804000024],[125.684580925000091,37.657294012000087],[125.687836134,37.651760158000052],[125.693614129000025,37.653957424000041],[125.703135613000086,37.661444403000068],[125.706228061000047,37.672308661000045],[125.699229363000086,37.678127346000068],[125.688243035000042,37.679266669000079]]}},
{"type":"Feature","properties":{"featurecla":"Coastline","scalerank":6,"min_zoom":6.0,"historical_claim":false,"geometry_status":"modern_physical_reference","source_id":"source.natural_earth.coastline.10m"},"geometry":{"type":"LineString","coordinates":[[126.35670006600003,37.695135809000071],[126.34302819100003,37.704291083000058],[126.336680535000042,37.709906317000026],[126.331879102000016,37.716498114000025],[126.330739780000044,37.719956773000035],[126.327647332000083,37.738267320000041],[126.326182488000086,37.74249909100007],[126.323741082000083,37.745550848000057],[126.31999759200005,37.747219143000052],[126.314219597000033,37.746079820000034],[126.3086043630001,37.742336330000057],[126.303721550000105,37.737209377000056],[126.300629102,37.732367255000035],[126.294932488000086,37.713568427000041],[126.290782097000047,37.70563385600007],[126.281993035000013,37.699286200000053],[126.349864129000011,37.657375393000059],[126.370127800000105,37.658351955000057],[126.38070722700003,37.66917552300005],[126.378754102000016,37.678697007000018],[126.3691512380001,37.687323309000085],[126.35670006600003,37.695135809000071]]}},
{"type":"Feature","properties":{"featurecla":"Coastline","scalerank":5,"min_zoom":3.0,"historical_claim":false,"geometry_status":"modern_physical_reference","source_id":"source.natural_earth.coastline.10m"},"geometry":{"type":"LineString","coordinates":[[126.507823113000086,37.596869208000037],[126.517832879000025,37.603827216000077],[126.529063347000047,37.624904690000051],[126.542002800000105,37.631048895000063],[126.538828972000047,37.635443427000048],[126.533213738000086,37.646144924000076],[126.527679884,37.651516018000038],[126.530935092000064,37.659898179000045],[126.527679884,37.69586823100007],[126.525563998000052,37.703273830000064],[126.51628665500003,37.716782945000034],[126.514008009000023,37.723537502000056],[126.515147332000083,37.729559637000051],[126.520355665000011,37.743109442000048],[126.5214949880001,37.75116608300003],[126.516368035000028,37.767238674000055],[126.50359134200005,37.777411200000074],[126.471446160000028,37.790228583000058],[126.456309441000016,37.801214911000045],[126.44125410200003,37.815334377000063],[126.425303582000083,37.824448960000048],[126.407074415,37.820705471000075],[126.383474155000059,37.799017645000056],[126.373789910000028,37.796128648000042],[126.369639519000089,37.785345770000063],[126.370616082000083,37.737982489000061],[126.366953972000047,37.727240302000048],[126.3691512380001,37.719061591000077],[126.404795769000089,37.665187893000059],[126.409922722000033,37.659735419000079],[126.415537957000083,37.656683661000045],[126.416677280000044,37.651841539000095],[126.408213738000086,37.641302802000041],[126.400889519000089,37.637437242000075],[126.370127800000105,37.631048895000063],[126.390635613000072,37.609279690000051],[126.4101668630001,37.602036851000044],[126.462738477,37.604315497000108],[126.466563347000033,37.60618724200009],[126.4707137380001,37.609564520000028],[126.476084832000083,37.61107005400001],[126.48365319100003,37.607407945000034],[126.494151238000086,37.598374742000075],[126.500173373000052,37.59617747600003],[126.507823113000086,37.596869208000037]]}},
{"type":"Feature","properties":{"featurecla":"Coastline","scalerank":6,"min_zoom":6.0,"historical_claim":false,"geometry_status":"modern_physical_reference","source_id":"source.natural_earth.coastline.10m"},"geometry":{"type":"LineString","coordinates":[[125.328786655000044,37.766669012000072],[125.299327019000103,37.75617096600007],[125.292735222000033,37.755438544000071],[125.28874759200005,37.753648179000031],[125.287445509,37.750677802000048],[125.284841342000064,37.749497789000102],[125.279470248000052,37.749416408000052],[125.277110222000033,37.740464585000048],[125.274587436000047,37.733832098000036],[125.264333530000059,37.737209377000056],[125.250173373000052,37.731675523000021],[125.220550977000016,37.70376211100006],[125.226328972000033,37.696356512000072],[125.246836785000028,37.69985586100006],[125.260996941000045,37.707424221000068],[125.269379102000016,37.714097398000028],[125.295746290000011,37.727606512000101],[125.312754754000025,37.741400458000044],[125.33773847700003,37.768703518000052],[125.328786655000044,37.766669012000072]]}},
{"type":"Feature","properties":{"featurecla":"Coastline","scalerank":6,"min_zoom":6.0,"historical_claim":false,"geometry_status":"modern_physical_reference","source_id":"source.natural_earth.coastline.10m"},"geometry":{"type":"LineString","coordinates":[[126.295258009,37.802476304000024],[126.276540561000047,37.811509507000032],[126.260508660000042,37.814764716000077],[126.246429884000023,37.811753648000028],[126.234141472000033,37.802313544000071],[126.2226668630001,37.774725653000075],[126.220469597000047,37.771307684000085],[126.22445722700003,37.760443427000041],[126.234141472000033,37.760646877000056],[126.24537194100003,37.765366929000045],[126.254567905000044,37.768215236000039],[126.296234571000028,37.76113515800008],[126.318207227000016,37.762274481000063],[126.335948113000086,37.774400132000032],[126.342539910000013,37.792141018000038],[126.333262566000045,37.800441799000055],[126.314952019000089,37.802720445000013],[126.295258009,37.802476304000024]]}},
{"type":"Feature","properties":{"featurecla":"Coastline","scalerank":6,"min_zoom":6.0,"historical_claim":false,"geometry_status":"modern_physical_reference","source_id":"source.natural_earth.coastline.10m"},"geometry":{"type":"LineString","coordinates":[[125.14771569100003,37.785589911000031],[125.156260613000086,37.786688544000086],[125.171722852,37.797186591000063],[125.185069207000083,37.808172919000064],[125.190277540000025,37.809027411000031],[125.192881707000097,37.811102606000084],[125.191416863000086,37.815497137000058],[125.188487175000091,37.819077867000082],[125.183848504000025,37.818833726000037],[125.166188998000067,37.813706773000042],[125.146494988000086,37.802232164000088],[125.141368035000042,37.799505927000041],[125.142832879000025,37.794134833000037],[125.14771569100003,37.785589911000031]]}},
{"type":"Feature","properties":{"featurecla":"Coastline","scalerank":6,"min_zoom":6.0,"historical_claim":false,"geometry_status":"modern_physical_reference","source_id":"source.natural_earth.coastline.10m"},"geometry":{"type":"LineString","coordinates":[[125.030446811000033,37.836167710000048],[125.027842644000089,37.83002350500005],[125.03012129,37.825100002000049],[125.029470248000067,37.822984117000104],[125.028493686000047,37.818833726000044],[125.025401238000086,37.817857164000095],[125.019053582000083,37.820298570000034],[125.011973504000039,37.821844794000086],[125.006846550000091,37.819281317000048],[125.00261478000003,37.815415757000039],[124.997813347000033,37.81305573100007],[124.997731967000036,37.808417059000078],[125.005056186000061,37.805568752000063],[125.015879754000025,37.805650132000054],[125.025645379000025,37.808294989000039],[125.03638756600003,37.817450262000058],[125.039561394000089,37.817613023000057],[125.041758660000013,37.81728750200007],[125.04460696700005,37.824611721000061],[125.040782097000047,37.834458726000037],[125.030446811000033,37.836167710000048]]}},
{"type":"Feature","properties":{"featurecla":"Coastline","scalerank":6,"min_zoom":6.0,"historical_claim":false,"geometry_status":"modern_physical_reference","source_id":"source.natural_earth.coastline.10m"},"geometry":{"type":"LineString","coordinates":[[124.71648196700005,37.846909898000021],[124.709157748000052,37.847560940000029],[124.704112175000105,37.844387111000039],[124.6933699880001,37.835516669000079],[124.676524285000042,37.824896552000055],[124.673513217000064,37.817043361000067],[124.681488477000016,37.808823960000041],[124.684743686000061,37.803941148000035],[124.684580925000105,37.802639065000037],[124.684580925000105,37.799994208000044],[124.687266472000019,37.80076732000002],[124.692393425000091,37.80499909100007],[124.698985222000033,37.806870835],[124.706797722000047,37.806341864000053],[124.714203321000014,37.809556382000039],[124.718272332000083,37.818182684000057],[124.721364780000044,37.828436591000063],[124.72584069100003,37.837388414000074],[124.724457227000016,37.843654690000051],[124.71648196700005,37.846909898000021]]}},
{"type":"Feature","properties":{"featurecla":"Coastline","scalerank":6,"min_zoom":4.0,"historical_claim":false,"geometry_status":"modern_physical_reference","source_id":"source.natural_earth.coastline.10m"},"geometry":{"type":"LineString","coordinates":[[124.732676629000025,37.98045482000002],[124.70492597700003,37.988674221000053],[124.649424675000077,37.973293361000067],[124.624034050000077,37.980454820000041],[124.613617384,37.945054429000059],[124.644053582000083,37.924505927000034],[124.684906446000014,37.919989325000053],[124.705332879000025,37.932684637000079],[124.699880405000044,37.936509507000061],[124.688161655000059,37.938177802000027],[124.678396030000059,37.94204336100006],[124.677989129000039,37.952541408000052],[124.683278842000064,37.954535223000043],[124.708750847000033,37.956284898000035],[124.728200717000064,37.947007554000031],[124.742035352,37.955023505000028],[124.743662957000083,37.969671942000055],[124.732676629000025,37.98045482000002]]}},
{"type":"Feature","properties":{"featurecla":"Coastline","scalerank":6,"min_zoom":6.0,"historical_claim":false,"geometry_status":"modern_physical_reference","source_id":"source.natural_earth.coastline.10m"},"geometry":{"type":"LineString","coordinates":[[124.883474155000044,38.528550523000042],[124.877207879000011,38.53632233300003],[124.865733269000089,38.541489976000015],[124.849375847000019,38.545884507000039],[124.844248894000074,38.555161851000037],[124.832204623000067,38.55304596600007],[124.794444207000083,38.533921617000097],[124.790293816000045,38.517401434000078],[124.799489780000059,38.508490302000041],[124.822032097000033,38.52236562700007],[124.840830925000105,38.510687567000048],[124.861094597000033,38.50385163000005],[124.90398196700005,38.494370835000034],[124.900401238000086,38.505316473000065],[124.883474155000044,38.528550523000042]]}},
{"type":"Feature","properties":{"featurecla":"Coastline","scalerank":6,"min_zoom":6.0,"historical_claim":false,"geometry_status":"modern_physical_reference","source_id":"source.natural_earth.coastline.10m"},"geometry":{"type":"LineString","coordinates":[[124.596039259000023,39.43024323100007],[124.593109571000014,39.439032294000086],[124.592865431000064,39.446804104000073],[124.601735873000052,39.449326890000066],[124.612559441000045,39.45713939000008],[124.614431186000061,39.449204820000048],[124.615082227,39.447495835000041],[124.61784915500003,39.444281317000033],[124.619069858000117,39.433010158000052],[124.606618686000047,39.428045966000084],[124.602061394000089,39.427394924000041],[124.596039259000023,39.43024323100007]]}},
{"type":"Feature","properties":{"featurecla":"Coastline","scalerank":6,"min_zoom":6.0,"historical_claim":false,"geometry_status":"modern_physical_reference","source_id":"source.natural_earth.coastline.10m"},"geometry":{"type":"LineString","coordinates":[[124.687673373000052,39.527167059000078],[124.681973623000104,39.521179623000066],[124.683768900000018,39.516094421000027],[124.680148912000035,39.507725708000066],[124.684586844000023,39.503242592000042],[124.697764519000074,39.502590236000067],[124.704844597000033,39.508734442000048],[124.707746425000096,39.51931702800006],[124.707779060000021,39.530399124000013],[124.704708091000043,39.537076370000094],[124.693619739000042,39.535078891000062],[124.687673373000052,39.527167059000078]]}},
{"type":"Feature","properties":{"featurecla":"Coastline","scalerank":6,"min_zoom":6.0,"historical_claim":false,"geometry_status":"modern_physical_reference","source_id":"source.natural_earth.coastline.10m"},"geometry":{"type":"LineString","coordinates":[[124.687022332000069,39.544745184000085],[124.695648634,39.553778387000079],[124.698090040000011,39.562892971000046],[124.691254102,39.569647528000075],[124.6738387380001,39.570624091000077],[124.648773634,39.565252997000073],[124.635020379000025,39.563950914000095],[124.630869988000086,39.56509023600006],[124.614268425000077,39.553412177000041],[124.604665561000061,39.549261786000038],[124.597422722000033,39.544582424000055],[124.595876498000038,39.537909247000073],[124.600352410000042,39.536200262000065],[124.603526238000072,39.538519598000043],[124.644786004000025,39.547674872000087],[124.661631707000069,39.538397528000083],[124.675547722000033,39.538519598000043],[124.687022332000069,39.544745184000085]]}},
{"type":"Feature","properties":{"featurecla":"Coastline","scalerank":5,"min_zoom":4.0,"historical_claim":false,"geometry_status":"modern_physical_reference","source_id":"source.natural_earth.coastline.10m"},"geometry":{"type":"LineString","coordinates":[[124.926740986000041,39.604786429000058],[124.89919306000003,39.614124353000065],[124.88047098200002,39.612454772000035],[124.881768863000033,39.603869488000036],[124.869706328000021,39.595656815000027],[124.87052236500007,39.580933634000083],[124.854475305000065,39.573754186000087],[124.85440967,39.556577033000046],[124.859738301000121,39.553138689000029],[124.857049556000092,39.548302525000054],[124.856588156000043,39.544227939000017],[124.845007316000093,39.543176235000089],[124.842772629000024,39.538425779000072],[124.856970236000052,39.527898939000039],[124.84981631800008,39.516533791000107],[124.836927195000044,39.520939030000058],[124.818563139000048,39.495444054000096],[124.842655558000061,39.505162498000068],[124.861664259,39.507635809000057],[124.883182294000093,39.527470239000074],[124.912092316000113,39.540803078000081],[124.933609256000054,39.55054304500004],[124.920253652000042,39.572278154000031],[124.909673601,39.593553532000037],[124.922226599000055,39.59828886200004],[124.926740986000041,39.604786429000058]]}},
{"type":"Feature","properties":{"featurecla":"Coastline","scalerank":6,"min_zoom":6.0,"historical_claim":false,"geometry_status":"modern_physical_reference","source_id":"source.natural_earth.coastline.10m"},"geometry":{"type":"LineString","coordinates":[[124.21465084700003,39.80724202500005],[124.219272711000031,39.810921583000038],[124.217574532000071,39.814864264000029],[124.220272101000077,39.81526030100008],[124.223115983000071,39.816788335000069],[124.220993936000013,39.818973972000016],[124.223425678000027,39.819987174000062],[124.227065415000084,39.821298303000056],[124.230017487000069,39.821171938000084],[124.231895818000012,39.819198563000036],[124.234432819000062,39.817628324000047],[124.235860683000041,39.813481668000058],[124.239886549000062,39.812622620000063],[124.239586363000058,39.809830802000086],[124.239561040000012,39.807657155000086],[124.242787500000048,39.807321395000095],[124.242750572000105,39.804632841000057],[124.241627060000042,39.801856081000025],[124.23783526200009,39.800967382000081],[124.23525982000001,39.798385811000067],[124.230390321000073,39.798260617000054],[124.227397221000047,39.794640480000041],[124.226015370000027,39.791422867000051],[124.223189372000093,39.791556723000042],[124.221201434000022,39.793839602000034],[124.216098409000097,39.794711222000018],[124.211662186000027,39.795157408000073],[124.211533353000064,39.795572646000018],[124.211315989000013,39.799505011000058],[124.212588427000014,39.80404919600003],[124.21465084700003,39.80724202500005]]}},
{"type":"Feature","properties":{"featurecla":"Coastline","scalerank":3,"min_zoom":4.0,"historical_claim":false,"geometry_status":"modern_physical_reference","source_id":"source.natural_earth.coastline.10m"},"geometry":{"type":"LineString","coordinates":[[130.90357506600003,37.545843817000055],[130.891612175000091,37.543890692000041],[130.867849155000044,37.536932684000057],[130.832286004000025,37.532131252000049],[130.814300977000016,37.522609768000066],[130.805837436000076,37.507391669000071],[130.811045769000089,37.487005927000062],[130.827484571000014,37.471258856000084],[130.852224155000044,37.459458726000044],[130.877696160000056,37.455511786000045],[130.896739129000025,37.463120835000026],[130.908376498000052,37.481919664000074],[130.919444207000083,37.510199286000052],[130.920664910000028,37.535589911000052],[130.90357506600003,37.545843817000055]]}},
{"type":"Feature","properties":{"featurecla":"Coastline","scalerank":6,"min_zoom":6.0,"historical_claim":false,"geometry_status":"modern_physical_reference","source_id":"source.natural_earth.coastline.10m"},"geometry":{"type":"LineString","coordinates":[[132.449880405000044,42.828111070000041],[132.448985222000033,42.845404364000025],[132.453623894000089,42.860907294000071],[132.447276238000086,42.876776434000085],[132.439219597000033,42.892035223000043],[132.427500847000033,42.895900783000037],[132.418467644000089,42.879868882000032],[132.413259311000047,42.864447333000044],[132.404633009,42.859116929000059],[132.39966881600003,42.85211823100007],[132.40007571700005,42.841701565000058],[132.401540561000047,42.831976630000042],[132.406423373000052,42.828762111000067],[132.417491082000083,42.830023505000071],[132.429860873000052,42.826483466000077],[132.439463738000086,42.817531643000052],[132.447276238000086,42.807318427000027],[132.453379754,42.800970770000042],[132.45826256600003,42.798285223000057],[132.467133009,42.796820380000042],[132.475596550000091,42.800238348000057],[132.477712436000047,42.803900458000044],[132.467458530000044,42.810939846000039],[132.449880405000044,42.828111070000041]]}},
{"type":"Feature","properties":{"featurecla":"Coastline","scalerank":6,"min_zoom":5.0,"historical_claim":false,"geometry_status":"modern_physical_reference","source_id":"source.natural_earth.coastline.10m"},"geometry":{"type":"LineString","coordinates":[[131.920095248000052,43.019517320000034],[131.920909050000091,43.024155992000026],[131.89226321700005,43.035834052000048],[131.875743035000028,43.051011460000019],[131.854991082000083,43.06134674700008],[131.826508009,43.065171617000047],[131.859385613000086,43.044623114000053],[131.859385613000086,43.037258205000057],[131.840098504000025,43.041693427000055],[131.819672071000014,43.049261786000052],[131.798838738000057,43.052639065000037],[131.777517123000052,43.044623114000053],[131.783864780000044,43.040106512000079],[131.787364129000025,43.03436920800003],[131.791188998000052,43.017401434000085],[131.784353061000047,43.017401434000078],[131.773448113000086,43.021185614000046],[131.769379102000016,43.015366929000024],[131.774587436000047,43.005316473000072],[131.791188998000052,42.99628327000007],[131.757009311000047,42.990057684000092],[131.790537957000083,42.974554755000071],[131.837250196000014,42.961127020000035],[131.883311394000089,42.96076080900005],[131.915049675000091,42.984279690000058],[131.920909050000091,42.99628327000007],[131.924001498000052,43.005845445000027],[131.922536655000044,43.008937893000066],[131.920095248000052,43.019517320000034]]}}
]
}
