{
"type": "FeatureCollection",
"name": "major_lakes",
"crs": { "type": "name", "properties": { "name": "urn:ogc:def:crs:OGC:1.3:CRS84" } },
"features": [
{"type":"Feature","properties":{"featurecla":"Reservoir","scalerank":8,"name":"Siri Kit Dam","name_abb":"Siri Kit Dam","name_alt":null,"note":null,"delta":null,"dam_name":"Sirikit","year":1972,"admin":null,"min_zoom":6.0,"min_label":7.0,"label":null,"wikidataid":null,"name_ar":"سد سيريكيت","name_bn":"সিরি কিট ড্যাম","name_de":"Königin-Sirikit-Staudamm","name_en":"Sirikit Dam","name_es":"Presa Sirikit","name_fr":"Barrage de Sirikit","name_el":"Φράγμα Σίρι Κιτ","name_hi":"सिरी किट बांध","name_hu":"Siri Kit-gát","name_id":"Reservoir Sirikit","name_it":"Diga di Sirikit","name_ja":"シリキットダム\n","name_ko":"시리 키트 댐","name_nl":"Sirikit Dam","name_pl":"Zapora Siri Kit","name_pt":"Barragem Sirikit","name_ru":"плотина королевы Сирикит","name_sv":"Siri Kit Dam","name_tr":"Siri Kit Barajı","name_vi":"Đập Siri Kit","name_zh":"诗丽吉水库","ne_id":1159125943,"name_fa":"سد سیری کیت","name_he":"סכר סירי קיט","name_uk":"Сірі-Кіт-Дам","name_ur":"سری کیٹ ڈیم","name_zht":"司力吉大壩","historical_claim":false,"geometry_status":"modern_physical_reference","source_id":"source.natural_earth.lakes.10m"},"geometry":{"type":"Polygon","coordinates":[[[100.516964049718638,18.009016711860454],[100.516964049718638,18.020496912818608],[100.518141506227209,18.025501102979835],[100.522262604007039,18.029033472505414],[100.526972430041155,18.029622200759654],[100.539630087507817,18.028444744251157],[100.54522300592329,18.028739108378286],[100.549932831957392,18.030505293141044],[100.563767945932625,18.040513673463551],[100.572010141492299,18.049050233150364],[100.576425603399287,18.051110782040297],[100.584962163086061,18.050816417913161],[100.613221119290699,18.039630581082154],[100.619108401833344,18.038747488700754],[100.555820114500023,18.001363244554998],[100.554361203660449,18.0],[100.514591230807994,18.0],[100.516964049718638,18.009016711860454]]]}},
{"type":"Feature","properties":{"featurecla":"Reservoir","scalerank":5,"name":"Nam Ngum Reservoir","name_abb":"Nam Ngum Res.","name_alt":null,"note":null,"delta":null,"dam_name":"Nam Ngum","year":1972,"admin":null,"min_zoom":4.7,"min_label":6.0,"label":"Nam Ngum Reservoir","wikidataid":"Q6132621","name_ar":"خزان نام نجوم","name_bn":"নাম এঙ্গুম রিজার্ভার","name_de":"Nam-Ngum-Talsperre","name_en":"Nam Ngum Dam","name_es":"Presa Nam Ngum","name_fr":"Barrage Nam Ngum","name_el":"Τεχνητή Λίμνη Ναμ Νγκουμ","name_hi":"नम नगम जलाशय","name_hu":"Nam Ngum-víztározó","name_id":"Bendungan Nam Ngum","name_it":"diga di Nam Ngum","name_ja":"ナムグムダム","name_ko":"남응음 댐","name_nl":"dam von Ang Nam Ngum","name_pl":"Zbiornik Nam Ngum","name_pt":"Represa de Nam Ngum","name_ru":"водохранилище Нэм-Нгам","name_sv":"Nam Ngum Dam","name_tr":"Nam Ngum Rezervuarı","name_vi":"Thủy điện Nam Ngum","name_zh":"塔什幹日本滯留者墓地","ne_id":1159125069,"name_fa":"سد نام ناگم","name_he":"נאמאקזאר-אה שאדאד","name_uk":"ГЕС Нам-Нгум 1","name_ur":"نام نگم ریزروائر","name_zht":"塔什幹日本滯留者墓地","historical_claim":false,"geometry_status":"modern_physical_reference","source_id":"source.natural_earth.lakes.10m"},"geometry":{"type":"Polygon","coordinates":[[[102.935165354105322,18.543581966731598],[102.96077503316576,18.538577776570314],[102.936931538868123,18.533573586409091],[102.846856115965807,18.533573586409091],[102.779152366725569,18.524448298467991],[102.739707573689884,18.528863760374982],[102.722928818443393,18.52680321148506],[102.7035007860527,18.514734282272663],[102.693492405730254,18.505020266077288],[102.692020585094554,18.500310440043222],[102.693198041603068,18.495011885754852],[102.690548764458924,18.482942956542463],[102.684367117789122,18.468813478440136],[102.65846307460157,18.432606690802938],[102.60665498822641,18.464692380660296],[102.579279124403115,18.505903358458703],[102.551903260579877,18.608636438827645],[102.548076526927161,18.614523721370283],[102.536007597714786,18.623649009311379],[102.531592135807784,18.629536291854006],[102.53041467929927,18.636601030905179],[102.531592135807784,18.653379786151682],[102.530709043426441,18.661327617584249],[102.512752831671378,18.716962437612128],[102.506571185001633,18.725498997298939],[102.488909337373741,18.743160844926855],[102.484199511339625,18.751108676359404],[102.484199511339625,18.765826882715956],[102.49038115800937,18.771419801131493],[102.500389538331831,18.768476159860171],[102.511869739289978,18.7584677795377],[102.516285201196979,18.771419801131493],[102.523349940248124,18.771714165258622],[102.531003407553555,18.763177605571787],[102.537479418350415,18.749931219850883],[102.543661065020217,18.754052317630705],[102.546015978037246,18.753757953503577],[102.547487798672933,18.751108676359415],[102.551314532325648,18.746987578579574],[102.552491988834163,18.744338301435373],[102.562794733283738,18.733152464604363],[102.57398057011477,18.723732812536149],[102.576924211386086,18.725498997298939],[102.5763354831318,18.709897698560958],[102.573391841860484,18.691647122678798],[102.5772185755132,18.679872557593537],[102.596646607903892,18.683110562991981],[102.583988950437231,18.671335997906709],[102.582811493928716,18.659267068694305],[102.590759325361276,18.652791057897421],[102.60577189584501,18.658383976312919],[102.61254227076904,18.671041633779591],[102.61666336854887,18.699300589984233],[102.626671748871331,18.703421687764063],[102.636974493320963,18.696062584585771],[102.644333596499223,18.680461285847812],[102.64757160189771,18.663682530601282],[102.646688509516309,18.651613601388902],[102.637563221575192,18.643371405829214],[102.626377384744217,18.642488313447796],[102.618723917438786,18.640722128685017],[102.6199013739473,18.628947563599766],[102.637857585702363,18.611285715971849],[102.660229259364371,18.620411003912945],[102.695552954620155,18.655734699168708],[102.780918551488355,18.713430068086559],[102.774736904818553,18.697534405221436],[102.757958149572062,18.668097992508287],[102.75354268766506,18.651319237261763],[102.74853849750383,18.646020682973369],[102.726755552096122,18.640722128685017],[102.717924628282162,18.631302476616824],[102.720279541299192,18.61128571597186],[102.74029630194417,18.597450601996659],[102.765022888623207,18.586853493419937],[102.782390372123984,18.576256384843209],[102.781507279742584,18.571252194681978],[102.776503089581368,18.566248004520702],[102.777680546089869,18.560066357850957],[102.795048029590646,18.552118526418383],[102.808588779438708,18.549469249274196],[102.935165354105322,18.543581966731598]]]}},
{"type":"Feature","properties":{"featurecla":"Reservoir","scalerank":7,"name":"Kaptai Lake","name_abb":"Karnaphuli Res.","name_alt":null,"note":null,"delta":null,"dam_name":"Kaptai Dam","year":1962,"admin":null,"min_zoom":5.7,"min_label":6.7,"label":"Kaptai Lake","wikidataid":"Q10995968","name_ar":"بحيرة كابتاي","name_bn":"কাপ্তাই হ্রদ","name_de":"Karnaphuli-Stausee","name_en":"Kaptai","name_es":"Kaptai","name_fr":"Kaptai","name_el":"Λίμνη Καπτάι","name_hi":"कप्टई झील","name_hu":"Kaptai-tó","name_id":"Danau Kaptai","name_it":"Kaptai","name_ja":"カプタイ湖","name_ko":"캅타이 레이크","name_nl":"Kaptai Lake","name_pl":"Jezioro Kaptai","name_pt":"Lago Kaptai","name_ru":"озеро Каптай","name_sv":"Kaptaisjön","name_tr":"Kaptai Gölü","name_vi":"Hồ Kaptai","name_zh":"戈布多伊湖","ne_id":1159125711,"name_fa":"دریاچه کاپتای","name_he":"אגם קפטאי","name_uk":"озеро Каптай","name_ur":"کاپتائی جھیل","name_zht":"戈布多伊湖","historical_claim":false,"geometry_status":"modern_physical_reference","source_id":"source.natural_earth.lakes.10m"},"geometry":{"type":"Polygon","coordinates":[[[92.333935679585409,22.705890724373383],[92.387804314850484,22.664974110702076],[92.368670646586907,22.6531995456168],[92.356896081501645,22.649667176091199],[92.346887701179185,22.651433360853993],[92.34659333705207,22.657320643396652],[92.336584956729553,22.68616832785553],[92.333935679585409,22.688523240872602],[92.327754032915607,22.692055610398203],[92.298317620202454,22.692644338652457],[92.288309239879993,22.695293615796636],[92.275651582413332,22.703241447229203],[92.264465745582299,22.703535811356311],[92.254163001132724,22.69882598532223],[92.243860256683092,22.692349974525314],[92.243860256683092,22.684696507219886],[92.25798973478544,22.676454311660247],[92.274474125904774,22.658792464032288],[92.298611984329568,22.623468768776529],[92.290958517024137,22.624057497030773],[92.284482506227278,22.625529317666434],[92.278300859557476,22.627589866556349],[92.272119212887731,22.630827871954807],[92.278006495430361,22.643779893548576],[92.260933376056755,22.6531995456168],[92.251219359861409,22.656143186888126],[92.237678610013347,22.657615007523813],[92.240327887157491,22.645251714184234],[92.245332077318778,22.634654605607519],[92.258284098912554,22.616698393852513],[92.253574272878453,22.618464578615274],[92.242388436047406,22.62170258401375],[92.237678610013347,22.623468768776529],[92.237678610013347,22.610222383055582],[92.225904044928086,22.614932209089684],[92.218839305876884,22.611694203691229],[92.220016762385399,22.606101285275734],[92.234146240487746,22.602863279877269],[92.240033523030377,22.595798540826141],[92.234146240487746,22.579902877961018],[92.2244322242924,22.563418486841645],[92.217367485241255,22.555176291281949],[92.230908235089316,22.548405916357925],[92.242388436047406,22.55076082937499],[92.249747539225723,22.560474845570326],[92.252102452242752,22.575487416054042],[92.258284098912554,22.575487416054042],[92.260933376056755,22.553704470646302],[92.270941756379216,22.539574992544008],[92.274474125904774,22.529566612221515],[92.258284098912554,22.521030052534684],[92.27535721828616,22.518380775390526],[92.286837419244307,22.525445514441667],[92.297728891948168,22.537220079526897],[92.312741462431916,22.548405916357925],[92.310386549414829,22.543107362069559],[92.309503457033429,22.54045808492539],[92.308620364652086,22.538397536035454],[92.305382359253599,22.53457080238276],[92.305382359253599,22.528389155712983],[92.325104755771406,22.528094791585875],[92.343060967526469,22.50896112332228],[92.360722815154361,22.506606210305236],[92.352480619594701,22.499541471254066],[92.346004608797784,22.48629508553315],[92.339234233873768,22.475697976956415],[92.329814581805522,22.476581069337815],[92.318334380847446,22.483940172516085],[92.309503457033429,22.487766906168819],[92.30302744623657,22.493359824584292],[92.298611984329568,22.506606210305261],[92.284776870354392,22.500424563635477],[92.287426147498593,22.498658378872676],[92.289192332261393,22.498952742999826],[92.290369788769908,22.498364014745569],[92.291841609405537,22.493654188711435],[92.283599413845877,22.496892194109908],[92.266526294472214,22.506311846178107],[92.258284098912554,22.506606210305261],[92.250924995734238,22.50219074839826],[92.246215169700122,22.49483164521995],[92.245920805573007,22.486589449660261],[92.252102452242752,22.480113438863384],[92.252102452242752,22.47334306393935],[92.238561702394747,22.470399422668045],[92.224726588419514,22.472165607430849],[92.217661849368383,22.478052889973483],[92.224726588419514,22.486883813787426],[92.219133670004055,22.494537281092875],[92.213835115715654,22.498952742999816],[92.207064740791623,22.500718927762588],[92.196761996342062,22.50042456363547],[92.196761996342062,22.50660621030525],[92.205004191901708,22.507783666813776],[92.217661849368383,22.51308222110216],[92.230025142707916,22.516320226500561],[92.236501153504776,22.52132441666183],[92.238561702394747,22.526034242695928],[92.234146240487746,22.528389155712983],[92.223549131911,22.530744068730058],[92.210008382062938,22.5360426230184],[92.197350724596276,22.542518633815295],[92.189991621418017,22.548405916357925],[92.184987431256801,22.561652302078869],[92.184693067129615,22.574898687799791],[92.180571969349785,22.584612703995134],[92.165853762993208,22.588733801774961],[92.158789023942063,22.595504176698988],[92.149075007746731,22.6299447795734],[92.142304632822686,22.643779893548576],[92.151724284890861,22.635832062116059],[92.159083388069178,22.626412410047834],[92.169386132518753,22.602863279877287],[92.175567779188555,22.602863279877269],[92.178217056332755,22.6196420351238],[92.172329773790125,22.646723534819884],[92.175567779188555,22.657615007523788],[92.179100148714113,22.6531995456168],[92.189991621418017,22.643779893548576],[92.187931072528102,22.655848822760991],[92.180866333476899,22.663207925939293],[92.169680496645924,22.665857203083483],[92.155256654416462,22.664974110702062],[92.155256654416462,22.684696507219876],[92.163793214103293,22.683224686584236],[92.169091768391638,22.68175286594856],[92.172624137917239,22.678514860550141],[92.175567779188555,22.671744485626128],[92.183221246493986,22.68499087134704],[92.181455061731185,22.693233066906714],[92.172624137917239,22.697354164686544],[92.158789023942063,22.698531621195087],[92.150252464255232,22.701475262466399],[92.13671171440717,22.715604740568736],[92.127880790593224,22.720314566602866],[92.134062437262969,22.720608930729952],[92.155256654416462,22.726496213272576],[92.148191915365317,22.73444404470516],[92.14583700234823,22.738859506612137],[92.14642573060253,22.74209751201057],[92.148486279492431,22.746807338044682],[92.135534257898655,22.750045343443123],[92.123170964559108,22.748867886934597],[92.113162584236647,22.750339707570273],[92.107569665821131,22.761231180274134],[92.114340040745162,22.761231180274127],[92.114340040745162,22.767412826943893],[92.093734551845955,22.767412826943882],[92.093734551845955,22.774771930122181],[92.114340040745162,22.781542305046202],[92.114340040745162,22.788018315843146],[92.110807671219561,22.794494326639999],[92.105214752804102,22.801264701564055],[92.096972557244385,22.806268891725285],[92.086375448667638,22.808329440615218],[92.088435997557553,22.813333630776444],[92.09167400295604,22.825108195861691],[92.093734551845955,22.830112386022936],[92.086081084540524,22.830995478404329],[92.073129062946748,22.835116576184198],[92.065769959768431,22.836294032692702],[92.065769959768431,22.843064407616726],[92.076661432472292,22.848657326032228],[92.078721981362207,22.856605157464809],[92.074306519455263,22.864847353024491],[92.065769959768431,22.870440271439982],[92.065769959768431,22.877210646364023],[92.073129062946748,22.877210646364013],[92.073129062946748,22.883981021288033],[92.069596693421147,22.888690847322177],[92.06135449786143,22.902820325424464],[92.059588313098686,22.908118879712834],[92.057527764208771,22.911651249238421],[92.046930655632025,22.913123069874075],[92.041926465470794,22.91518361876399],[92.038394095945193,22.920776537179506],[92.040160280707994,22.925191999086469],[92.043398286106424,22.929607460993452],[92.045458834996339,22.935200379408926],[92.043692650233538,22.950212949892673],[92.032801177529677,22.991423927691091],[92.025442074351432,23.007613954683343],[92.030446264512648,23.010557595954658],[92.031623721021163,23.014973057861617],[92.031329356894048,23.020565976277148],[92.031623721021163,23.027925079455414],[92.036922275309507,22.992012655945356],[92.050168661030455,22.9440313032229],[92.071068514056776,22.902231597170196],[92.0999161985157,22.883981021288033],[92.087847269303325,22.86808535842292],[92.094323280100184,22.857193885719063],[92.107275301694017,22.847185505396567],[92.114340040745162,22.833350391421387],[92.118461138524992,22.820398369827604],[92.129058247101739,22.807446348233807],[92.1425989969498,22.795966147275664],[92.155256654416462,22.788018315843129],[92.140538448059885,22.782425397427605],[92.134062437262969,22.781542305046202],[92.1417159045684,22.771533924723737],[92.161732665213378,22.75858190312994],[92.169386132518753,22.746807338044682],[92.166736855374609,22.743274968519103],[92.162027029340493,22.733266588196603],[92.182043789985414,22.726790577399736],[92.198822545231963,22.709717458026091],[92.210891474444338,22.687051420236941],[92.217367485241255,22.664974110702076],[92.22767022969083,22.66556283895634],[92.237678610013347,22.664974110702076],[92.237678610013347,22.678809224677266],[92.232085691597845,22.687051420236941],[92.2244322242924,22.692349974525314],[92.217367485241255,22.698531621195087],[92.212952023334253,22.706185088500508],[92.203532371266078,22.73326658819661],[92.209714017935823,22.733266588196603],[92.21942803413117,22.714427284060211],[92.227081501436601,22.705890724373386],[92.237678610013347,22.698531621195105],[92.246803897954408,22.708245637390426],[92.255929185895468,22.712366735170264],[92.262405196692384,22.717370925331522],[92.265054473836585,22.729734218671027],[92.26211083256527,22.736504593595079],[92.247686990335808,22.750045343443137],[92.243860256683092,22.761231180274141],[92.252102452242752,22.761231180274134],[92.255634821768354,22.757698810748547],[92.257401006531154,22.756815718367168],[92.259755919548184,22.756226990112875],[92.265054473836585,22.753872077095838],[92.255929185895468,22.766824098689622],[92.253868637005553,22.772711381232241],[92.252102452242752,22.781542305046202],[92.237678610013347,22.774477565995074],[92.234440604614861,22.784485946317545],[92.234440604614861,22.801559065691183],[92.230319506835031,22.815688543793499],[92.224726588419514,22.815688543793506],[92.22119421889397,22.810389989505129],[92.217956213495484,22.807740712360932],[92.214423843969939,22.80568016347101],[92.209714017935823,22.802147793945441],[92.21942803413117,22.823636375226073],[92.224726588419514,22.830112386022936],[92.213835115715654,22.833644755548526],[92.203238007138921,22.832761663167144],[92.193229626816446,22.828934929514411],[92.1823381541126,22.822753282844651],[92.188225436655216,22.830406750150072],[92.194995811579247,22.83599966856556],[92.202060550630392,22.840120766345418],[92.209714017935823,22.843064407616726],[92.1823381541126,22.843064407616748],[92.1823381541126,22.849246054286507],[92.200294365867592,22.852778423812087],[92.199411273486191,22.862198075880293],[92.188519800782331,22.87397264096554],[92.175567779188555,22.883981021288033],[92.181455061731185,22.890751396212085],[92.187047980146701,22.902525961297336],[92.18763670840093,22.91341743400119],[92.179100148714113,22.918127260035309],[92.173212866171468,22.922837086069425],[92.165853762993208,22.945208759731436],[92.162027029340493,22.953156591163978],[92.173212866171468,22.953450955291096],[92.178217056332755,22.946680580367079],[92.1817494258583,22.937555292425994],[92.189991621418017,22.931962374010521],[92.201766186503278,22.932551102264771],[92.202943643011793,22.939321477188795],[92.197645088723448,22.947858036875623],[92.189991621418017,22.953156591163978],[92.189991621418017,22.959043873706616],[92.203826735393193,22.970818438791856],[92.197350724596276,22.981415547368613],[92.18027760522267,22.989657742928305],[92.162027029340493,22.994073204835288],[92.162027029340493,23.000254851505037],[92.175567779188555,23.000254851505044],[92.169680496645924,23.006436498174807],[92.165853762993208,23.012912508971709],[92.165265034738923,23.019682883895751],[92.169386132518753,23.027925079455432],[92.174684686807154,23.027041987074028],[92.196467632214876,23.017622335005836],[92.196761996342062,23.014384329607367],[92.197645088723448,23.014089965480231],[92.206181648410222,23.014089965480231],[92.209714017935823,23.014384329607367],[92.210008382062938,23.018211063260075],[92.217367485241255,23.041171465176355],[92.22207731127537,23.041760193430612],[92.223549131911,23.040288372794961],[92.223549131911,23.037639095650785],[92.224726588419514,23.034989818506588],[92.227081501436601,23.024392709929884],[92.233263148106346,23.020860340404262],[92.242094071920292,23.022920889294213],[92.252102452242752,23.027925079455432],[92.244154620810207,23.002904128649195],[92.240916615411777,22.997016846106593],[92.232674419852131,22.993190112453878],[92.225020952546686,22.993778840708167],[92.21942803413117,22.992601384199624],[92.217367485241255,22.983476096258535],[92.220605490639684,22.966108612757775],[92.228847686199401,22.96287060735931],[92.240033523030377,22.963753699740732],[92.252102452242752,22.959043873706616],[92.237678610013347,22.953156591163978],[92.237678610013347,22.945503123858572],[92.241799707793177,22.942265118460099],[92.252102452242752,22.931962374010517],[92.234146240487746,22.939910205443059],[92.229142050326516,22.935494743536083],[92.231791327470717,22.924014542577929],[92.237678610013347,22.911945613365543],[92.243860256683092,22.911945613365528],[92.247098262081522,22.914300526382593],[92.253574272878453,22.916066711145394],[92.258284098912554,22.918127260035309],[92.252985544624167,22.898110499390349],[92.257695370658269,22.881626108270989],[92.265937566217985,22.864552988897341],[92.272119212887731,22.843064407616748],[92.272119212887731,22.812156174267905],[92.270647392252116,22.804797071089631],[92.267703750980729,22.796554875529921],[92.267409386853615,22.786840859334571],[92.272119212887731,22.774771930122199],[92.278006495430361,22.774771930122199],[92.279183951938876,22.780953576791955],[92.284776870354392,22.794788690767145],[92.298611984329568,22.761231180274134],[92.302144353855169,22.770356468215184],[92.302438717982284,22.780070484410555],[92.298611984329568,22.802147793945441],[92.305382359253599,22.802147793945441],[92.306854179889285,22.786546495207457],[92.314213283067545,22.77624375075786],[92.333935679585409,22.761231180274134],[92.333935679585409,22.753872077095863],[92.319217473228775,22.748573522807479],[92.306559815762114,22.740036963120644],[92.298611984329568,22.726201849145472],[92.298611984329568,22.705890724373383],[92.306854179889285,22.710894914534588],[92.317451288466032,22.712955463424542],[92.328637125297007,22.711483642788878],[92.333935679585409,22.705890724373383]]]}},
{"type":"Feature","properties":{"featurecla":"Lake","scalerank":8,"name":null,"name_abb":null,"name_alt":null,"note":"_untitled_45","delta":null,"dam_name":null,"year":-99,"admin":null,"min_zoom":6.0,"min_label":7.0,"label":null,"wikidataid":null,"name_ar":null,"name_bn":null,"name_de":null,"name_en":null,"name_es":null,"name_fr":null,"name_el":null,"name_hi":null,"name_hu":null,"name_id":null,"name_it":null,"name_ja":null,"name_ko":null,"name_nl":null,"name_pl":null,"name_pt":null,"name_ru":null,"name_sv":null,"name_tr":null,"name_vi":null,"name_zh":null,"ne_id":1159116893,"name_fa":null,"name_he":null,"name_uk":null,"name_ur":null,"name_zht":null,"historical_claim":false,"geometry_status":"modern_physical_reference","source_id":"source.natural_earth.lakes.10m"},"geometry":{"type":"Polygon","coordinates":[[[91.215940724739312,24.370519863302981],[91.238901126655549,24.336962352809955],[91.217412545374955,24.323127238834783],[91.183266306627672,24.308997760732431],[91.16884246439821,24.275145886112302],[91.160894632965665,24.268375511188271],[91.153241165660233,24.256306581975892],[91.140289144066458,24.247770022289082],[91.12292166056568,24.242765832127816],[91.103493628174988,24.240999647365076],[91.094368340233927,24.236289821330921],[91.094368340233927,24.225987076881342],[91.096428889123857,24.214506875923174],[91.093779611979642,24.206853408617739],[91.087009237055611,24.205675952109232],[91.07935576975018,24.208325229253418],[91.065815019902175,24.218039245448768],[91.032846237663421,24.175945175268954],[91.021366036705274,24.172118441616249],[91.009885835747127,24.169174800344909],[91.003704189077382,24.165936794946443],[91.008119650984327,24.146214398428654],[91.049036264655626,24.124137088893754],[91.059044644978144,24.107358333647255],[91.057867188469586,24.0817486545868],[91.055806639579657,24.071740274264325],[91.051685541799827,24.062614986323233],[91.022543493213803,24.044070046313948],[91.017539303052558,24.038771492025571],[91.014890025908358,24.033767301864344],[90.996933814153351,24.007568894549621],[90.976328325254144,23.960470634208551],[90.970146678584342,23.981370487234908],[90.973090319855658,24.00874635105815],[90.982215607796775,24.032295481228694],[90.99340144462775,24.042303861551147],[91.009885835747127,24.051429149492236],[91.029608232264934,24.07203463839144],[91.036967335443265,24.092934491417793],[91.017539303052558,24.103825964121686],[91.024604042103704,24.117955442224002],[91.006942194475812,24.141504572394538],[90.982509971923889,24.151218588589877],[90.969852314457228,24.124725817148025],[90.962787575406082,24.124725817148036],[90.963081939533211,24.142093300648781],[90.957194656990566,24.150629860335609],[90.95071864619365,24.147980583191408],[90.949246825558021,24.130907463817806],[90.937472260472759,24.139149659377477],[90.941887722379704,24.150629860335609],[90.95572283635488,24.161226968912381],[90.990752167483549,24.169174800344909],[90.997228178280466,24.178594452413105],[90.996933814153351,24.213623783541784],[91.005470373840183,24.210091414016205],[91.010474564001413,24.202732310837913],[91.012829477018443,24.192723930515402],[91.011946384637042,24.180066273048773],[91.017539303052558,24.180066273048759],[91.028136411629305,24.193901387023985],[91.041382797350195,24.205381587982085],[91.053157362435513,24.219511066084404],[91.059044644978144,24.240999647365076],[91.058161552596744,24.256895310230135],[91.054334818944028,24.272790973095269],[91.052862998308342,24.286037358816174],[91.059044644978144,24.295457010884398],[91.075823400224635,24.297517559774334],[91.090541606581212,24.288686635960378],[91.11350200849752,24.268375511188285],[91.127631486599796,24.263665685154166],[91.139406051685057,24.262782592772773],[91.148825703753289,24.267198054679728],[91.155007350423034,24.277500799129381],[91.155007350423034,24.289275364214635],[91.148825703753289,24.298695016282814],[91.140583508193572,24.307525940096767],[91.134696225650941,24.316062499783605],[91.130869491998226,24.332546890902979],[91.134696225650941,24.339317265827038],[91.143821513592059,24.343143999479739],[91.155301714550205,24.350797466785149],[91.15559607867732,24.350503102658031],[91.164427002491266,24.355212928692104],[91.16884246439821,24.350797466785156],[91.172374833923811,24.34962001027662],[91.175612839322241,24.348736917895213],[91.178850844720728,24.347265097259577],[91.181794485992043,24.344027091861108],[91.210053442196681,24.362277667743285],[91.215940724739312,24.370519863302981]]]}},
{"type":"Feature","properties":{"featurecla":"Lake","scalerank":5,"name":"Yamzho Yumco","name_abb":"Yamzho Yumco","name_alt":null,"note":null,"delta":null,"dam_name":null,"year":-99,"admin":null,"min_zoom":4.7,"min_label":6.0,"label":"Yamzho Yumco","wikidataid":"Q939604","name_ar":"بحيرة يامدروك","name_bn":"ইয়ামড্রক হ্রদ","name_de":"Yamzhog Yumco","name_en":"Yamdrok","name_es":"Yamdrok","name_fr":"Yamdrok-Tso","name_el":"Γιάμζο Γιο΄ύμκο","name_hi":"यमद्रोक झील","name_hu":"Jamdok-tó","name_id":"Yamdrok","name_it":"Yamzho Yumco","name_ja":"ヤムドク湖","name_ko":"암드록쵸 호수","name_nl":"Yamdrok","name_pl":"Yamzho Yumco","name_pt":"Lago Yamdrok","name_ru":"Ямджо-Юмцо","name_sv":"Yamzho Yumco","name_tr":"Yamdrok","name_vi":"Yamdrok","name_zh":"羊卓雍错","ne_id":1159114885,"name_fa":"یامژو یومکو","name_he":"אגם יאמזו יומקו","name_uk":"Ямжжо-Юмцо","name_ur":"یامزو یمکو","name_zht":"羊卓雍錯","historical_claim":false,"geometry_status":"modern_physical_reference","source_id":"source.natural_earth.lakes.10m"},"geometry":{"type":"Polygon","coordinates":[[[91.002232368441696,28.876057193180298],[90.915100586810752,28.93963984464073],[90.905386570615406,28.934930018606611],[90.899204923945604,28.935813110988015],[90.895083826165774,28.941994757657802],[90.893906369657259,28.952886230361671],[90.887135994733228,28.952886230361646],[90.884486717589027,28.937873659877937],[90.877716342664996,28.927276551301237],[90.86711923408825,28.919034355741541],[90.852989755985959,28.911675252563246],[90.851223571223159,28.919328719868641],[90.851223571223159,28.925804730665558],[90.853872848367359,28.931986377335306],[90.85976013090999,28.939639844640727],[90.844747560426242,28.939934208767887],[90.833561723595267,28.936696203369433],[90.811484414060374,28.926099094792676],[90.810601321678973,28.933752562098114],[90.806480223899143,28.945821491310525],[90.805302767390629,28.952886230361631],[90.794116930559596,28.937873659877937],[90.77527762642319,28.925216002411272],[90.757615778795298,28.922566725267103],[90.749962311489867,28.936401839242258],[90.752022860379782,28.940522937022148],[90.756732686413898,28.944349670674853],[90.761442512448014,28.948765132581823],[90.763503061337929,28.956418599887265],[90.759381963558099,28.963188974811292],[90.749373583235581,28.967898800845376],[90.72935682259066,28.974374811642292],[90.725824453065059,28.961128425921359],[90.722586447666629,28.952886230361671],[90.764386153719329,28.896957046206648],[90.766152338482129,28.872230459527614],[90.72935682259066,28.857217889043877],[90.73524410513329,28.868109361747742],[90.733772284497604,28.874291008417515],[90.728473730209259,28.878706470324474],[90.722586447666629,28.88518248112138],[90.719642806395314,28.886359937629919],[90.701980958767422,28.903138692876389],[90.702275322894536,28.905787970020615],[90.68932330130076,28.909320339546188],[90.672250181927112,28.910203431927581],[90.656648883189121,28.905787970020615],[90.64752359524806,28.891952856045414],[90.682258562249558,28.888420486519834],[90.680198013359643,28.878706470324474],[90.604252068559674,28.821599829660933],[90.599247878398444,28.812768905846976],[90.597776057762815,28.796578878854739],[90.593066231728699,28.785687406150878],[90.582763487279067,28.780683215989637],[90.565690367905461,28.782155036625284],[90.565690367905461,28.788336683295057],[90.553621438693028,28.785393042023752],[90.523890661852761,28.786276134405139],[90.517709015182973,28.78509867789661],[90.514765373911644,28.78186067249819],[90.507406270733384,28.782155036625284],[90.499752803427953,28.785687406150878],[90.496809162156637,28.79216341694778],[90.498575346919438,28.798639427744678],[90.502402080572153,28.806292895050099],[90.505051357716297,28.814535090609795],[90.503579537080668,28.823071650296622],[90.491216243741121,28.833374394746212],[90.456186912612452,28.846032052212873],[90.448827809434192,28.853979883645437],[90.444706711654305,28.868109361747742],[90.43764197260316,28.882533203977218],[90.437347608476045,28.893719040808211],[90.452360178959736,28.898134502715187],[90.459130553883767,28.896073953825269],[90.471788211350429,28.887243030011291],[90.48003040691016,28.88518248112138],[90.490333151359721,28.884299388739986],[90.492982428503922,28.8816501115958],[90.493276792631036,28.877234649688834],[90.496809162156637,28.870758638891942],[90.495631705648123,28.867520633493488],[90.491804971995407,28.862222079205118],[90.490333151359721,28.85633479666248],[90.496809162156637,28.851036242374111],[90.504168265334897,28.850447514119843],[90.510938640258928,28.854274247772533],[90.515942830420229,28.86045589444231],[90.517709015182959,28.867814997620648],[90.520063928200045,28.871347367146218],[90.524773754234161,28.871053003019068],[90.529189216141106,28.867814997620648],[90.531544129158192,28.861044622696589],[90.53036667264962,28.853391155391183],[90.524185025979875,28.836612400144638],[90.523007569471361,28.82336601442374],[90.524773754234161,28.813063269974123],[90.533015949793821,28.807764715685757],[90.551855253930228,28.809530900448568],[90.547145427896169,28.819244916643896],[90.544496150751968,28.823071650296619],[90.549794705040313,28.826015291567941],[90.55980308536283,28.833963123000469],[90.565690367905461,28.836612400144663],[90.553621438693028,28.845443323958612],[90.558625628854259,28.876057193180312],[90.551855253930228,28.891952856045414],[90.563335454888374,28.89048103540976],[90.573049471083721,28.891952856045414],[90.580702938389152,28.896957046206648],[90.586295856804668,28.905787970020615],[90.586590220931782,28.907848518910548],[90.630744840001569,28.915207622088829],[90.641341948578258,28.919623083995784],[90.640164492069744,28.926099094792686],[90.629273019365883,28.930514556699652],[90.606606981576761,28.93434129035235],[90.599247878398444,28.93963984464073],[90.596009873000014,28.950531317344613],[90.600425334906959,28.959067877031433],[90.60984498697519,28.964955159574071],[90.623385736823252,28.967015708463983],[90.648701051756575,28.96583825195545],[90.661653073350351,28.966426980209729],[90.671072725418583,28.970842442116695],[90.683730382885244,28.979084637676376],[90.691089486063561,28.979084637676376],[90.694621855589105,28.982028278947695],[90.695210583843391,28.998218305939933],[90.690500757809275,29.022061800237605],[90.678431828596899,29.041195468501186],[90.64752359524806,29.076224799629834],[90.665774171130238,29.086821908206591],[90.665479807003067,29.113020315521283],[90.656648883189121,29.139807451090277],[90.65076160064649,29.152170744429831],[90.637809579052714,29.155114385701125],[90.628684291111597,29.16924386380343],[90.603663340305445,29.174542418091814],[90.583646579660467,29.183667706032892],[90.572460742829492,29.186316983177068],[90.545673607260483,29.18190152127011],[90.502402080572153,29.157763662845312],[90.460602374519453,29.145989097760033],[90.435875787840359,29.130976527276324],[90.394370445914845,29.097419016783292],[90.399669000203176,29.086527544079459],[90.39672535893186,29.078874076774007],[90.390543712262115,29.077696620265499],[90.387305706863629,29.086821908206584],[90.381418424320998,29.099773929800367],[90.369349495108622,29.105661212342991],[90.361107299548962,29.111548494885628],[90.366405853837307,29.124794880606569],[90.380535331939598,29.111842859012778],[90.400846456711704,29.125383608860844],[90.423512494500869,29.147460918395694],[90.445589804035706,29.158941119353841],[90.473848760240344,29.16512276602359],[90.520947020581445,29.19338172222826],[90.548322884404683,29.199857733025137],[90.606606981576761,29.194559178736757],[90.661064345096136,29.179252244125934],[90.675782551452698,29.171304412693345],[90.68844020891936,29.162473488879417],[90.701980958767422,29.155114385701125],[90.734066648624776,29.148932739031345],[90.741131387675921,29.142162364107318],[90.738187746404606,29.134803260929054],[90.722586447666629,29.130976527276324],[90.731711735607689,29.115963956792609],[90.737010289896091,29.11095976663136],[90.72935682259066,29.103600663453072],[90.722586447666629,29.107721761232952],[90.715816072742598,29.110959766631375],[90.719937170522442,29.056796767239153],[90.72611881719223,29.048848935806593],[90.730828643226289,29.04590529453527],[90.736421561641805,29.038840555484118],[90.743780664820122,29.031775816432951],[90.753789045142582,29.028537811034496],[90.763208697210814,29.029715267543018],[90.78116490896582,29.034130729449984],[90.791467653415452,29.035308185958524],[90.784697278491421,29.023239256746134],[90.773805805787561,29.016468881822099],[90.759381963558099,29.014113968805042],[90.743191936565836,29.015585789440699],[90.759087599430927,28.999690126575619],[90.782342365474335,28.986149376727553],[90.832384267086766,28.967015708463983],[90.832384267086766,28.974374811642274],[90.818254788984405,28.980850822439184],[90.823258979145635,28.992625387524438],[90.846219381061928,29.015585789440699],[90.839449006137897,29.015585789440721],[90.844747560426242,29.024416713254631],[90.846219381061928,29.028537811034496],[90.861820679799905,29.019118158966286],[90.874183973139452,29.020001251347676],[90.885369809970427,29.025299805636052],[90.898027467437089,29.028537811034496],[90.932762434438644,29.028243446907364],[90.945420091905305,29.024416713254631],[90.941887722379704,29.015585789440699],[90.953662287464965,29.001750675465544],[90.963376303660311,28.993802844032981],[91.013418205272743,28.967604436718251],[91.022837857340903,28.957301692268654],[91.017539303052558,28.946704583691911],[91.004881645585897,28.944644034801957],[90.991340895737835,28.950531317344613],[90.978977602398288,28.957596056395772],[90.969852314457228,28.960245333539955],[90.953073559210736,28.953180594488803],[90.951896102702221,28.944349670674853],[90.959549570007596,28.934635654479511],[90.969852314457228,28.926099094792662],[91.024309677976589,28.891952856045414],[91.041971525604481,28.874585372544626],[91.017539303052558,28.870758638891942],[91.002232368441696,28.876057193180298]]]}},
{"type":"Feature","properties":{"featurecla":"Lake","scalerank":4,"name":"Nam Co","name_abb":"Nam Co","name_alt":null,"note":null,"delta":null,"dam_name":null,"year":-99,"admin":null,"min_zoom":4.0,"min_label":5.0,"label":"Nam Co","wikidataid":"Q651294","name_ar":"نامتسو","name_bn":"নাম কো","name_de":"Nam Co","name_en":"Namtso","name_es":"Nam","name_fr":"Namtso","name_el":"Ναμ Κο","name_hi":"नम त्सो","name_hu":"Nam Co","name_id":"Nam Co","name_it":"Namtso","name_ja":"ナムツォ","name_ko":"남초호","name_nl":"Namtso","name_pl":"Nam Co","name_pt":"Lago Nam","name_ru":"Намцо","name_sv":"Namtso","name_tr":"Namtso","name_vi":"Namtso","name_zh":"纳木错","ne_id":1159113637,"name_fa":"نامتسو","name_he":"נאם דין","name_uk":"Намцо","name_ur":"نامتسو","name_zht":"納木錯","historical_claim":false,"geometry_status":"modern_physical_reference","source_id":"source.natural_earth.lakes.10m"},"geometry":{"type":"Polygon","coordinates":[[[90.384067701465199,30.523318848609126],[90.361107299548962,30.510955555269597],[90.337558169378383,30.504479544472698],[90.325489240166007,30.511249919396732],[90.325489240166007,30.515665381303712],[90.326666696674522,30.518609022575003],[90.332259615090052,30.524201940990498],[90.337558169378383,30.539803239728467],[90.324606147784607,30.552166533068021],[90.306944300156715,30.565118554661801],[90.298113376342769,30.583074766416861],[90.301645745868313,30.591905690230778],[90.315775223970661,30.610450630240098],[90.315186495716389,30.614277363892796],[90.284866990621822,30.623402651833896],[90.277507887443562,30.627818113740872],[90.277802251570677,30.646363053750164],[90.298702104596998,30.695521862981142],[90.304295023012514,30.71347807473618],[90.301057017614085,30.736438476652417],[90.277507887443562,30.792367660807443],[90.271914969028046,30.835639187495822],[90.284866990621822,30.869785426243084],[90.314597767462146,30.887447273870993],[90.359635478913276,30.881559991328388],[90.380829696066769,30.875083980531457],[90.400552092584576,30.874200888150085],[90.417330847831067,30.881265627201245],[90.428222320534928,30.883326176091153],[90.43852506498456,30.878027621802783],[90.479736042782974,30.82916317669893],[90.496809162156637,30.819449160503581],[90.52124138470856,30.813856242088089],[90.582763487279067,30.812678785579539],[90.595126780618614,30.817094247486526],[90.611611171737991,30.835933551622965],[90.623385736823252,30.840054649402774],[90.681669833995329,30.840054649402806],[90.658120703824807,30.865664328463254],[90.670189633037197,30.888036002125261],[90.70551332829298,30.912173860550062],[90.711400610835597,30.909230219278765],[90.718465349886799,30.908347126897347],[90.733183556243375,30.908935855151608],[90.74348630069295,30.907169670388825],[90.746724306091451,30.902754208481866],[90.747313034345666,30.898044382447765],[90.749962311489867,30.894806377049282],[90.762914333083643,30.890685279269434],[90.778809995948791,30.888036002125261],[90.792056381669681,30.889802186888051],[90.797943664212312,30.898338746574883],[90.804419675009228,30.90157675197333],[90.832678631213867,30.880382534819827],[90.839449006137897,30.885092360853935],[90.845336288680528,30.887447273870993],[90.875361429647967,30.863309415446185],[90.887135994733228,30.860660138302027],[90.889490907750258,30.871257246878805],[90.880659983936312,30.904814757371735],[90.884192353461913,30.918944235474097],[90.894789462038659,30.922476604999666],[90.905975298869635,30.913645681185727],[90.917455499827781,30.901282387846194],[90.929230064913042,30.894806377049271],[90.933056798565758,30.922182240872548],[90.938944081108403,30.932190621195023],[90.952779195083565,30.936311718974828],[90.967791765567313,30.936017354847721],[90.98427615668669,30.933368077703548],[90.998111270661866,30.926303338652406],[91.003704189077382,30.912173860550062],[91.007530922730098,30.906580942134568],[91.025487134485104,30.886269817362471],[91.03108005290062,30.874200888150085],[91.030491324646334,30.862131958937667],[91.007530922730098,30.800315492240049],[90.995167629390551,30.787952198900484],[90.977505781762673,30.784714193502033],[90.846219381061928,30.784714193502055],[90.864175592816935,30.714361167117566],[90.798826756593712,30.657843254708308],[90.633394117145713,30.593083146739339],[90.590711318711612,30.582486038162575],[90.555387623455829,30.57924803276412],[90.535076498683736,30.565118554661819],[90.523007569471361,30.558642543864945],[90.5121160967675,30.567767831805995],[90.498575346919438,30.566296011170387],[90.43528705958613,30.545690522271112],[90.410854837034208,30.544807429889726],[90.399374636076061,30.542158152745532],[90.394370445914845,30.535093413694412],[90.384067701465199,30.523318848609126]]]}},
{"type":"Feature","properties":{"featurecla":"Lake","scalerank":9,"name":null,"name_abb":null,"name_alt":null,"note":"_untitled_254","delta":null,"dam_name":null,"year":-99,"admin":null,"min_zoom":7.0,"min_label":8.0,"label":null,"wikidataid":null,"name_ar":null,"name_bn":null,"name_de":null,"name_en":null,"name_es":null,"name_fr":null,"name_el":null,"name_hi":null,"name_hu":null,"name_id":null,"name_it":null,"name_ja":null,"name_ko":null,"name_nl":null,"name_pl":null,"name_pt":null,"name_ru":null,"name_sv":null,"name_tr":null,"name_vi":null,"name_zh":null,"ne_id":1159120117,"name_fa":null,"name_he":null,"name_uk":null,"name_ur":null,"name_zht":null,"historical_claim":false,"geometry_status":"modern_physical_reference","source_id":"source.natural_earth.lakes.10m"},"geometry":{"type":"Polygon","coordinates":[[[90.617498454280621,31.300440144236706],[90.612494264119391,31.282189568354575],[90.616320997772107,31.268354454379391],[90.627506834603082,31.249515150242953],[90.619853367297665,31.220961829911179],[90.627212470475968,31.20329998228328],[90.609256258720904,31.161794640357723],[90.606606981576761,31.151786260035227],[90.59983660665273,31.145310249238353],[90.584235307914753,31.139128602568576],[90.56716218854109,31.135596233042989],[90.555387623455829,31.138245510187168],[90.521830112962846,31.170036835917386],[90.520947020581445,31.175924118460056],[90.516825922801615,31.183283221638312],[90.535370862810908,31.240684226429003],[90.553621438693028,31.260112258819692],[90.558625628854259,31.271298095650703],[90.557742536472915,31.285721937880126],[90.550383433294598,31.310154160432067],[90.551855253930228,31.326638551551429],[90.556270715837229,31.342239850289435],[90.560391813617073,31.349598953467709],[90.568928373303891,31.352542594739067],[90.586295856804668,31.354014415374724],[90.601308427288359,31.354897507756075],[90.615437905390706,31.353131322993303],[90.626918106348853,31.346949676323522],[90.633394117145713,31.333408926475464],[90.617498454280621,31.300440144236706]]]}},
{"type":"Feature","properties":{"featurecla":"Lake","scalerank":6,"name":null,"name_abb":null,"name_alt":null,"note":"_untitled_29","delta":null,"dam_name":null,"year":-99,"admin":null,"min_zoom":5.0,"min_label":6.5,"label":null,"wikidataid":null,"name_ar":null,"name_bn":null,"name_de":null,"name_en":null,"name_es":null,"name_fr":null,"name_el":null,"name_hi":null,"name_hu":null,"name_id":null,"name_it":null,"name_ja":null,"name_ko":null,"name_nl":null,"name_pl":null,"name_pt":null,"name_ru":null,"name_sv":null,"name_tr":null,"name_vi":null,"name_zh":null,"ne_id":1159115741,"name_fa":null,"name_he":null,"name_uk":null,"name_ur":null,"name_zht":null,"historical_claim":false,"geometry_status":"modern_physical_reference","source_id":"source.natural_earth.lakes.10m"},"geometry":{"type":"Polygon","coordinates":[[[91.533853982041492,32.094045830983703],[91.534442710295778,32.067553059541872],[91.532087797278734,32.04665320651555],[91.516192134413586,31.999260582047317],[91.51148230837947,31.971295989969828],[91.518252683303501,31.95039613694345],[91.506183754091126,31.942153941383747],[91.463206591529925,31.929496283917103],[91.467622053436855,31.943331397892301],[91.463500955657025,31.952456685833361],[91.454081303588865,31.958638332503142],[91.442601102630704,31.964231250918651],[91.431415265799671,31.980715642038],[91.424056162621412,32.012506967768253],[91.421112521350096,32.047536298896929],[91.421995613731497,32.073440342084481],[91.433475814689587,32.095223287492246],[91.455847488351594,32.118772417662754],[91.483812080429118,32.13525680878216],[91.510893580125241,32.135551172909288],[91.527083607117504,32.119066781789904],[91.533853982041492,32.094045830983703]]]}},
{"type":"Feature","properties":{"featurecla":"Lake","scalerank":9,"name":null,"name_abb":null,"name_alt":null,"note":"_untitled_247","delta":null,"dam_name":null,"year":-99,"admin":null,"min_zoom":7.0,"min_label":8.0,"label":null,"wikidataid":null,"name_ar":null,"name_bn":null,"name_de":null,"name_en":null,"name_es":null,"name_fr":null,"name_el":null,"name_hi":null,"name_hu":null,"name_id":null,"name_it":null,"name_ja":null,"name_ko":null,"name_nl":null,"name_pl":null,"name_pt":null,"name_ru":null,"name_sv":null,"name_tr":null,"name_vi":null,"name_zh":null,"ne_id":1159120257,"name_fa":null,"name_he":null,"name_uk":null,"name_ur":null,"name_zht":null,"historical_claim":false,"geometry_status":"modern_physical_reference","source_id":"source.natural_earth.lakes.10m"},"geometry":{"type":"Polygon","coordinates":[[[90.934822983328559,32.11111895035733],[90.946008820159534,32.034289913175954],[90.941887722379704,32.023398440472093],[90.925403331260327,32.018688614437977],[90.910096396649521,32.01898297856512],[90.897733103309974,32.020454799200778],[90.888019087114628,32.024575896980657],[90.880954348063483,32.032523728413217],[90.880954348063483,32.025458989362029],[90.852695391858845,32.046064478261258],[90.761148148320913,32.050185576041088],[90.72935682259066,32.066669967160479],[90.741131387675921,32.076383983355818],[90.77704381118599,32.094045830983703],[90.784697278491421,32.103465483051927],[90.790290196906881,32.114945684010046],[90.799121120720883,32.124659700205385],[90.828851897561151,32.132313167510844],[90.836211000739468,32.140260998943354],[90.842392647409213,32.149386286884472],[90.852989755985959,32.155273569427102],[90.868296690596836,32.155273569427102],[90.892434549021573,32.144970824977484],[90.90479784236112,32.142321547833284],[90.923637146497526,32.13319625989223],[90.934822983328559,32.11111895035733]]]}},
{"type":"Feature","properties":{"featurecla":"Reservoir","scalerank":7,"name":"Danjiangkou Shuiku","name_abb":"Danjiangkou Sk.","name_alt":null,"note":null,"delta":null,"dam_name":null,"year":-99,"admin":null,"min_zoom":5.7,"min_label":6.7,"label":"Danjiangkou Shuiku","wikidataid":"Q28798322","name_ar":"دانجيانجكو شويكو","name_bn":"দাঞ্জিয়াঙ্গকৌ শুইকু","name_de":"Danjiangkou-Talsperre","name_en":"Danjiangkou Shuiku","name_es":"Danjiangkou Shuiku","name_fr":"Danjiangkou Shuiku","name_el":"Νταντζιανγκού Σουϊκού","name_hi":"डेंजियांगकोउ शुइकु","name_hu":"Danjiangkou Shuiku","name_id":"Reservoir Danjiangkou","name_it":"Danjiangkou Shuiku","name_ja":"丹江口ダム","name_ko":"단장커우 저수지","name_nl":"Danjiangkou Shuiku","name_pl":"Danjiangkou Shuiku","name_pt":"Barragem de Danjiangkou","name_ru":"водохранилище Даньцзянкоушуйку","name_sv":"Danjiangkou Shuiku","name_tr":"Danjiangkou Shuiku","name_vi":"Hồ Đơn Giang Khẩu","name_zh":"丹江口水库","ne_id":1159125505,"name_fa":"دانجیانگکو شوئیکو","name_he":"דנג'יאנגקו שויקו","name_uk":"Данджангкоу Шуіку","name_ur":"ڈانجیانگکو شوئیکو","name_zht":"丹江口水库","historical_claim":false,"geometry_status":"modern_physical_reference","source_id":"source.natural_earth.lakes.10m"},"geometry":{"type":"Polygon","coordinates":[[[111.68984885912829,32.65804749856796],[111.692203772145376,32.648922210626921],[111.683961576585659,32.642740563957162],[111.669832098483369,32.642151835702904],[111.623616930523667,32.649510938881193],[111.604188898132989,32.648922210626942],[111.520883850154746,32.636853281414531],[111.505282551416769,32.627139265219157],[111.490858709187307,32.607122504574235],[111.482027785373361,32.57945227662384],[111.476434866957845,32.566794619157172],[111.465837758381099,32.557669331216104],[111.456123742185753,32.557080602961847],[111.445820997736178,32.560318608360276],[111.43492952503226,32.562673521377313],[111.423154959946999,32.558258059470376],[111.406964932954793,32.549721499783544],[111.3866538081827,32.54265676073237],[111.366637047537722,32.538830027079669],[111.351918841181146,32.539418755333948],[111.3430879173672,32.545600402003672],[111.337200634824569,32.554725689944767],[111.329841531646252,32.562084793123063],[111.316300781798247,32.564145342012992],[111.3039374884587,32.559141151851755],[111.292751651627668,32.548249679147887],[111.274501075745547,32.524994913104479],[111.254778679227684,32.507921793730844],[111.250363217320739,32.517930174053284],[111.25625049986337,32.541184940096713],[111.268613793202917,32.564439706140107],[111.284509456068008,32.585339559166471],[111.284509456068008,32.590932477581973],[111.271557434474232,32.592698662344745],[111.248008304303653,32.602412678540126],[111.213862065556398,32.640680015067218],[111.193256576657177,32.650394031262572],[111.174122908393599,32.629494178236243],[111.157344153147108,32.560318608360276],[111.139387941392101,32.534120201045575],[111.105536066771947,32.533531472791282],[111.091700952796771,32.54206803247812],[111.082281300728539,32.553842597563374],[111.080220751838624,32.566500255030057],[111.08905167565257,32.576802999479646],[111.099060055975031,32.576214271225382],[111.109951528678963,32.569443896301351],[111.121431729637038,32.565322798521542],[111.133206294722299,32.571798809318423],[111.137327392502186,32.584456466785078],[111.132323202340956,32.596525395997482],[111.124375370908353,32.608299961082736],[111.119371180747123,32.620663254422247],[111.120843001382809,32.633615276016066],[111.1349724794851,32.670410791907528],[111.116721903602922,32.663051688729233],[111.077571474694423,32.686600818899755],[111.053433616269615,32.688661367789713],[111.028118301336306,32.70131902525636],[111.006040991801456,32.723985063045482],[110.999859345131654,32.74076381829201],[111.023114111175062,32.736053992257887],[111.030767578480507,32.728400524952463],[111.034005583878923,32.719863965265624],[111.03900977404021,32.71250486208735],[111.052550523888272,32.70926685668892],[111.066385637863448,32.713976682723001],[111.078748931202938,32.723985063045482],[111.091700952796771,32.731638530350921],[111.108185343916148,32.730166709715242],[111.123786642654125,32.72486815542689],[111.153223055367278,32.718686508757102],[111.165880712833939,32.711916133833071],[111.16764689759674,32.707795036053255],[111.169413082359554,32.693665557950915],[111.172062359503684,32.688367003662542],[111.18089328331763,32.681596628738525],[111.39312981897956,32.591815569963366],[111.411086030734623,32.589755021073458],[111.421683139311369,32.59505357536181],[111.420211318675683,32.603590135048613],[111.416384585022968,32.612715422989702],[111.419622590421454,32.618602705532354],[111.432280247888116,32.616247792515281],[111.457006834567167,32.597408488378854],[111.469958856160929,32.595936667743239],[111.478201051720646,32.604767591557163],[111.481733421246247,32.618897069659475],[111.481439057119076,32.634498368397459],[111.479084144102046,32.646567297609863],[111.471725040923729,32.660402411585046],[111.451413916151637,32.685423362391255],[111.446115361863292,32.699552840493538],[111.445526633609006,32.711033041451643],[111.447881546626107,32.723101970664096],[111.454063193295838,32.730166709715242],[111.46524903012687,32.726339976062519],[111.489092524424507,32.711621769705957],[111.493213622204337,32.71780341637573],[111.484088334263276,32.753421475758635],[111.490858709187307,32.778148062437715],[111.516762752374916,32.8367265237369],[111.517351480629145,32.864396751687288],[111.506460007925284,32.87882059391675],[111.486148883153191,32.894716256781862],[111.445232269481906,32.920031571715192],[111.317772602433877,32.968601652691902],[111.25625049986337,33.004219712074836],[111.225047902387416,33.057499619085661],[111.241826657633908,33.049551787653115],[111.303643124331586,33.003336619693435],[111.324837341485022,32.991267690481024],[111.34485410213,32.984202951429893],[111.388419992945515,32.974194571107418],[111.421388775184255,32.961831277767878],[111.439344986939261,32.957121451733769],[111.454063193295838,32.960065093005078],[111.459361747584239,32.969190380946166],[111.458773019329954,32.991267690481052],[111.463482845364069,32.996566244769404],[111.471136312669501,32.99244514698956],[111.511758562213629,32.95329471808104],[111.510581105705114,32.947113071411266],[111.504105094908212,32.942991973631472],[111.500278361255553,32.938576511724492],[111.505576915543884,32.920031571715185],[111.529126045714406,32.894421892654726],[111.541194974926839,32.875582588518284],[111.547965349850884,32.851739094220598],[111.549437170486499,32.836432159609785],[111.558268094300445,32.826423779287282],[111.610076180675605,32.810233752295055],[111.630387305447698,32.795809910065586],[111.644516783550046,32.775498785293536],[111.647460424821361,32.750772198614463],[111.639512593388815,32.733699079240836],[111.626854935922154,32.713976682723015],[111.623028202269438,32.702496481764896],[111.640984414024445,32.709855584943156],[111.64804915307559,32.709855584943156],[111.650992794346905,32.701024661129239],[111.652758979109706,32.689250096043935],[111.657468805143822,32.679241715721474],[111.679251750551543,32.666289694127656],[111.68984885912829,32.65804749856796]]]}},
{"type":"Feature","properties":{"featurecla":"Reservoir","scalerank":7,"name":"Xinfengjiang Shuiku","name_abb":"Xinfengjiang Sh.","name_alt":null,"note":null,"delta":null,"dam_name":null,"year":-99,"admin":null,"min_zoom":5.7,"min_label":6.7,"label":"Xinfengjiang Shuiku","wikidataid":"Q1477854","name_ar":"شينجانغ فانج شويكو","name_bn":"জিনফেংজিয়াং শুইকু","name_de":"Xinfeng-Stausee","name_en":"Xinfengjiang","name_es":"Xinfengjiang","name_fr":"Xinfengjiang Shuiku","name_el":"Ξινφενγιάνγκ Σουικού","name_hi":"ज़िनफेंगजियांग शुइकु","name_hu":"Xinfengjiang Shuiku","name_id":"Reservoir Sungai Xinfeng","name_it":"Xinfengjiang Shuiku","name_ja":"新豊江ダム","name_ko":"신펑장 슈이쿠","name_nl":"Xinfengjiang Reservoir","name_pl":"Xinfengjiang Shuiku","name_pt":"Xinfengjiang Shuiku","name_ru":"водохранилище Синьфэнцзян","name_sv":"Xinfengjiang Shuiku","name_tr":"Xinfengjiang Shuiku","name_vi":"Hồ chứa Tân Phong Giang","name_zh":"新丰江水库","ne_id":1159123003,"name_fa":"زینفنگجیانگ شوئیکو","name_he":"שינפנג'יאנג שויקו","name_uk":"Сінфенгдзян","name_ur":"زنگفینجیانگ شوئیکو","name_zht":"新豐江水庫","historical_claim":false,"geometry_status":"modern_physical_reference","source_id":"source.natural_earth.lakes.10m"},"geometry":{"type":"Polygon","coordinates":[[[114.711496624134909,23.901892172909353],[114.727686651127144,23.898359803383762],[114.704726249210864,23.889823243696945],[114.682943303803142,23.884819053535743],[114.668225097446566,23.874221944958968],[114.665575820302351,23.850672814788449],[114.658805445378334,23.850672814788449],[114.657922352996934,23.859209374475235],[114.655567439979919,23.862741744000839],[114.651740706327175,23.865391021145005],[114.645264695530287,23.870983939560531],[114.638494320606242,23.85656009733108],[114.630252125046582,23.828889869380699],[114.624659206631065,23.81564348365978],[114.625542299012466,23.810344929371418],[114.62819157615661,23.80328019032023],[114.626719755520995,23.797687271904728],[114.607586087257417,23.793860538252044],[114.583742592959766,23.78208597316679],[114.594339701536498,23.775315598242752],[114.615533918689948,23.7576537506148],[114.621421201232593,23.754415745216402],[114.636139407589226,23.748822826800872],[114.637022499970627,23.738225718224122],[114.62819157615661,23.731749707427237],[114.614650826308605,23.737342625842761],[114.594928429790741,23.747939734419475],[114.565786381204703,23.754415745216381],[114.537821789127236,23.751766468072201],[114.522220490389259,23.733810256317149],[114.515450115465228,23.733810256317167],[114.498965724345851,23.746467913783828],[114.475710958302443,23.738520082351268],[114.451867464004764,23.726745517266014],[114.433616888122643,23.727628609647418],[114.435383072885372,23.735870805207103],[114.441564719555174,23.749117190928018],[114.443625268445089,23.760303027759011],[114.433616888122643,23.76118612014043],[114.423314143672997,23.754415745216363],[114.41507194811328,23.735870805207085],[114.405652296045105,23.727628609647414],[114.389756633179971,23.745290457275281],[114.385635535400127,23.754415745216363],[114.388284812544327,23.760597391886137],[114.395643915722587,23.763835397284598],[114.399765013502474,23.767367766810167],[114.391817182069929,23.774726869988459],[114.391817182069929,23.782085973166776],[114.419781774147395,23.788267619836532],[114.427140877325712,23.788267619836517],[114.430673246851256,23.786501435073745],[114.433911252249743,23.784146522056705],[114.440387263046603,23.782085973166755],[114.505147371015596,23.782085973166755],[114.517805028482258,23.785618342692349],[114.527519044677604,23.794154902379152],[114.533700691347349,23.805929467464448],[114.536055604364435,23.819470217312457],[114.531640142457434,23.828006776999299],[114.510151561176826,23.847434809389998],[114.501909365617166,23.85656009733108],[114.506619191651282,23.86421356463649],[114.502203729744295,23.872750124323321],[114.492489713548949,23.880109227501613],[114.481598240845074,23.884819053535743],[114.480126420209388,23.865096657017887],[114.472472952903956,23.84507989637293],[114.459815295437295,23.829478597634953],[114.443919632572204,23.82329695096519],[114.421547958910196,23.82329695096519],[114.411539578587735,23.82594622810938],[114.402708654773789,23.832716603033443],[114.368562416026521,23.833305331287665],[114.357965307449774,23.836248972559005],[114.383574986510212,23.848612265898492],[114.442447811936574,23.853616456059772],[114.460109659564466,23.870983939560531],[114.440092898919502,23.871572667814771],[114.433616888122643,23.870983939560531],[114.447157637970633,23.904835814180664],[114.455105469403236,23.918082199901583],[114.460109659564466,23.905130178307786],[114.476888414810958,23.913372373867485],[114.491017892913248,23.915432922757418],[114.50367555037991,23.91602165101169],[114.515450115465228,23.919259656410109],[114.527224680550489,23.929562400859755],[114.535466876110149,23.943691878962049],[114.540765430398551,23.95929317770003],[114.543414707542695,23.97401138405661],[114.543414707542695,23.991967595811662],[114.539587973889979,24.004919617405392],[114.534583783728749,24.017871638999214],[114.529873957694633,24.035533486627099],[114.530757050076033,24.050840421237972],[114.534583783728749,24.064969899340284],[114.534289419601635,24.076744464425548],[114.522220490389259,24.083220475222443],[114.522220490389259,24.089402121892213],[114.530168321821805,24.089990850146485],[114.535761240237264,24.088519029510817],[114.543414707542695,24.083220475222443],[114.549596354212497,24.071740274264325],[114.551656903102412,24.037594035517056],[114.556366729136528,24.02169837265194],[114.567258201840389,24.011395628202354],[114.57991585930705,24.009335079312422],[114.591101696138026,24.016694182490717],[114.597577706934956,24.035533486627099],[114.609352272020203,24.013456177092269],[114.593162245027955,23.994911237082956],[114.569024386603189,23.977249389455061],[114.556366729136528,23.956938264682975],[114.555483636755127,23.94251442245351],[114.552539995483826,23.928384944351205],[114.548418897703925,23.91572728688454],[114.543414707542695,23.905130178307772],[114.541648522779951,23.896887982748122],[114.54282597928848,23.890411971951202],[114.541648522779951,23.88629087417138],[114.532817598965948,23.884819053535743],[114.525752859914817,23.88629087417138],[114.501909365617166,23.898359803383762],[114.508385376414026,23.88629087417138],[114.517805028482258,23.880403591628742],[114.527813408804718,23.87657685797604],[114.536055604364435,23.870983939560507],[114.53899924563575,23.86421356463649],[114.544592164051267,23.843902439864419],[114.550185082466726,23.83624897255897],[114.567258201840389,23.833010967160511],[114.585214413595409,23.841547526847354],[114.598755163443442,23.855088276695422],[114.611707185037247,23.888057058934148],[114.628485940283781,23.908368183706248],[114.645264695530287,23.918376564028737],[114.652623798708589,23.908368183706248],[114.662926543158164,23.902775265290767],[114.711496624134909,23.901892172909353]]]}},
{"type":"Feature","properties":{"featurecla":"Lake","scalerank":8,"name":null,"name_abb":null,"name_alt":null,"note":"_untitled_9","delta":null,"dam_name":null,"year":-99,"admin":null,"min_zoom":6.0,"min_label":7.0,"label":null,"wikidataid":null,"name_ar":null,"name_bn":null,"name_de":null,"name_en":null,"name_es":null,"name_fr":null,"name_el":null,"name_hi":null,"name_hu":null,"name_id":null,"name_it":null,"name_ja":null,"name_ko":null,"name_nl":null,"name_pl":null,"name_pt":null,"name_ru":null,"name_sv":null,"name_tr":null,"name_vi":null,"name_zh":null,"ne_id":1159117685,"name_fa":null,"name_he":null,"name_uk":null,"name_ur":null,"name_zht":null,"historical_claim":false,"geometry_status":"modern_physical_reference","source_id":"source.natural_earth.lakes.10m"},"geometry":{"type":"Polygon","coordinates":[[[116.130331716909552,28.50074293108743],[116.132980994053739,28.523703333003667],[116.122089521349821,28.535477898088988],[116.109431863883174,28.522231512368013],[116.097951662925098,28.497210561561843],[116.091475652128167,28.475133252026968],[116.091181288001053,28.501331659341666],[116.094419293399469,28.528413159037804],[116.105605130230458,28.549313012064133],[116.129742988655266,28.557849571750985],[116.147699200410329,28.561087577149404],[116.169482145818066,28.569329772709104],[116.190676362971544,28.5805156095401],[116.208043846472336,28.592584538752494],[116.216286042031996,28.582870522557148],[116.226000058227342,28.579926881285836],[116.235714074422688,28.578160696523039],[116.243073177600991,28.571979049853304],[116.244839362363791,28.561970669530812],[116.243073177600991,28.523703333003688],[116.219524047430411,28.548724283809907],[116.20245092805682,28.560793213022286],[116.194503096624246,28.554611566352527],[116.189793270590144,28.544014457775781],[116.167127232801022,28.531062436182008],[116.160356857877005,28.523703333003667],[116.160651222004091,28.512811860299799],[116.171248330580852,28.495150012671942],[116.194503096624246,28.434805366609925],[116.201567835675405,28.432450453592885],[116.232770433151359,28.43480536660994],[116.235714074422688,28.430389904702967],[116.248960460143621,28.400659127862664],[116.231298612515744,28.402130948498336],[116.215697313777753,28.408901323422324],[116.201273471548291,28.413316785329329],[116.187732721700229,28.406840774532416],[116.154175211207203,28.454822127254896],[116.145933015647543,28.462181230433188],[116.128859896273866,28.458060132653323],[116.129448624528152,28.443047562169621],[116.136807727706483,28.423913893906047],[116.139751368977784,28.406840774532405],[116.133275358180867,28.413611149456454],[116.11737969531579,28.425680078668872],[116.112081141027389,28.428623719940166],[116.107076950866158,28.45158412185641],[116.130331716909552,28.50074293108743]]]}},
{"type":"Feature","properties":{"featurecla":"Lake","scalerank":7,"name":"Dongting Hu","name_abb":"Dongting Hu","name_alt":null,"note":null,"delta":null,"dam_name":null,"year":-99,"admin":null,"min_zoom":5.7,"min_label":6.7,"label":"Dongting Hu","wikidataid":"Q216083","name_ar":"بحيرة دونجتنج","name_bn":"দোংতিং হ্রদ","name_de":"Dongting","name_en":"Dongting","name_es":"Dongting","name_fr":"Dongting","name_el":"Λίμνη Ντονγκτίνγκ","name_hi":"दोंगतिंग झील","name_hu":"Tungting-tó","name_id":"Dongting","name_it":"Dongting","name_ja":"洞庭湖","name_ko":"둥팅호","name_nl":"Dongtingmeer","name_pl":"Dongting Hu","name_pt":"Dongting","name_ru":"Дунтинху","name_sv":"Dongting-sjön","name_tr":"Dongting","name_vi":"Động Đình","name_zh":"洞庭湖","ne_id":1159116351,"name_fa":"دریاچه دونگینگ","name_he":"אגם דונגטינג","name_uk":"Дунтін","name_ur":"ڈانگ ٹنگ ہو","name_zht":"洞庭湖","historical_claim":false,"geometry_status":"modern_physical_reference","source_id":"source.natural_earth.lakes.10m"},"geometry":{"type":"Polygon","coordinates":[[[112.885261579410042,29.016174517694953],[112.904689611800734,29.031481452305808],[112.903806519419334,29.013525240550791],[112.88320103052007,28.987915561490336],[112.878196840358839,28.966132616082604],[112.857296987332518,28.915796350343065],[112.859357536222447,28.904316149384954],[112.863184269875148,28.891952856045414],[112.864361726383663,28.880472655087271],[112.858768807968147,28.860161530315196],[112.846994242882886,28.842499682687293],[112.831098580017795,28.830136389347746],[112.804017080321671,28.823071650296619],[112.792536879363524,28.818656188389646],[112.781351042532549,28.817184367753956],[112.771342662210088,28.821894193788069],[112.766338472048801,28.832785666491979],[112.768987749193002,28.841910954433018],[112.775758124117033,28.848975693484178],[112.781939770786778,28.853391155391183],[112.801662167304642,28.859278437933806],[112.824328205093764,28.861044622696607],[112.842578780975941,28.866637541112095],[112.850232248281387,28.883710660485725],[112.842284416848784,28.908731611291927],[112.823150748585249,28.909320339546188],[112.781939770786778,28.88665430175703],[112.711292380275211,28.867226269366345],[112.700695271698464,28.85633479666248],[112.696868538045749,28.848092601102792],[112.688037614231817,28.847798236975656],[112.669198310095396,28.853391155391183],[112.659778658027165,28.848092601102792],[112.658012473264364,28.836318036017531],[112.65948429390005,28.822482922042326],[112.658306837391478,28.811591449338469],[112.650653370086104,28.804526710287295],[112.619156408482979,28.781271944243912],[112.610619848796148,28.776856482336946],[112.605321294507803,28.780683215989637],[112.603260745617888,28.785981770278006],[112.603849473872117,28.801288704888865],[112.600317104346573,28.810119628702822],[112.593252365295442,28.811591449338476],[112.585893262117111,28.811591449338469],[112.582655256718681,28.815123818864048],[112.575590517667493,28.838378584907439],[112.558223034166758,28.820716737279568],[112.536734452886151,28.793046509329166],[112.517306420495458,28.787453590913653],[112.50435439890164,28.791574688693501],[112.473446165552787,28.781271944243912],[112.456078682052066,28.787453590913668],[112.411335334728051,28.825426563313645],[112.380721465506326,28.863693899840776],[112.360115976607119,28.88135574746866],[112.336861210563711,28.886654301757019],[112.342159764852113,28.867520633493488],[112.338333031199411,28.832196938237672],[112.343042857233456,28.811591449338469],[112.331562656275366,28.815712547118316],[112.32596973785985,28.825426563313648],[112.323320460715664,28.835140579508991],[112.319493727062934,28.83955604141595],[112.312428988011789,28.836023671890409],[112.307719161977673,28.828075840457824],[112.302714971816442,28.811591449338476],[112.32420355309705,28.783921221388081],[112.32920774325828,28.770674835667158],[112.322437368334249,28.770674835667158],[112.312723352138903,28.785981770278006],[112.302714971816442,28.798050699490403],[112.296827689273812,28.789514139803604],[112.295061504511011,28.780683215989637],[112.296827689273812,28.77214665630283],[112.302714971816442,28.763904460743131],[112.290940406731181,28.769791743285776],[112.280343298154435,28.773618476938491],[112.272395466721889,28.770969199794308],[112.267980004814888,28.756545357564843],[112.261209629890871,28.756545357564853],[112.263270178780829,28.773324112811348],[112.272689830849004,28.78509867789662],[112.283581303552864,28.795401422346231],[112.28829112958698,28.808353443940007],[112.28829112958698,28.816006911245434],[112.28740803720558,28.824543470932277],[112.28328693942575,28.825720927440798],[112.274750379738919,28.811591449338476],[112.267980004814888,28.811591449338469],[112.266508184179258,28.815418182991174],[112.261209629890871,28.825426563313645],[112.248551972424195,28.807764715685757],[112.24060414099165,28.790691596312101],[112.23324503781339,28.790691596312115],[112.230301396542075,28.804526710287277],[112.233539401940504,28.817773096008249],[112.24060414099165,28.832196938237672],[112.227357755270759,28.840144769670243],[112.214111369549826,28.835140579508991],[112.202042440337436,28.82336601442374],[112.192917152396319,28.811591449338469],[112.188796054616489,28.824249106805127],[112.185263685090902,28.853391155391183],[112.18644114159946,28.858395345552402],[112.193211516523505,28.861338986823707],[112.192917152396319,28.866343176984952],[112.189384782870775,28.871936095400464],[112.185852413345174,28.872819187781857],[112.181142587311058,28.873113551909],[112.175549668895556,28.877234649688834],[112.167601837462996,28.884888116994254],[112.159065277776165,28.890186671282599],[112.149351261580833,28.893130312553961],[112.123741582520381,28.896662682079516],[112.089300979645998,28.91461889383455],[112.001874833887882,28.931397649081049],[111.962430040852212,28.950825681471763],[111.966256774504942,28.982911371329092],[111.97832570371736,28.987915561490311],[111.996870643726652,28.983794463710502],[112.013649398973143,28.975257904023678],[112.029545061838235,28.95435805099731],[112.049561822483213,28.949942589090348],[112.089300979645998,28.948765132581823],[112.142286522529673,28.934635654479511],[112.15141181047079,28.938168024005073],[112.157593457140536,28.9561242357601],[112.172017299369998,28.96348333893841],[112.187912962235103,28.967604436718265],[112.199098799066121,28.976140996405068],[112.201159347956036,29.007049229753893],[112.193800244777719,29.042667289136826],[112.194388973032005,29.072398065977143],[112.220293016219557,29.085938815825166],[112.252673070204096,29.076813527884113],[112.263858907035058,29.052086941205026],[112.268274368942059,29.024122349127538],[112.281520754662949,29.004105588482595],[112.269746189577688,28.973491719260888],[112.267980004814888,28.963188974811292],[112.267980004814888,28.951708773853138],[112.282992575298636,28.865754448730691],[112.294178412129611,28.860161530315192],[112.316550085791619,28.873702280163247],[112.316550085791619,28.880472655087271],[112.303892428324957,28.889597943028331],[112.307424797850558,28.908731611291945],[112.319199362935819,28.924627274157015],[112.333328841038167,28.924921638284157],[112.351873781047459,28.913441437326004],[112.394262215354388,28.895779589698112],[112.411335334728051,28.880472655087296],[112.413984611872195,28.873113551908986],[112.415162068380766,28.854568611899673],[112.418105709652082,28.84573768808573],[112.425464812830342,28.835729307763284],[112.428997182355943,28.834551851254723],[112.433118280135787,28.837495492526042],[112.466381426501655,28.844854595704337],[112.476684170951273,28.845737688085741],[112.479333448095474,28.849858785865596],[112.473740529679958,28.870758638891928],[112.472857437298558,28.880472655087296],[112.483454545875318,28.896368317952355],[112.503176942393111,28.906965426529119],[112.525842980182233,28.912852709071775],[112.586481990371396,28.91461889383455],[112.597079098948143,28.911086524308963],[112.612974761813234,28.893130312553961],[112.62416059864421,28.88665430175703],[112.634463343093842,28.88665430175703],[112.654480103738763,28.893130312553961],[112.665665940569795,28.894307769062483],[112.675968685019427,28.891658491918303],[112.691275619630233,28.882533203977218],[112.703344548842665,28.880472655087296],[112.725127494250387,28.882827568104315],[112.745732983149594,28.889303578901245],[112.781939770786778,28.907848518910548],[112.816086009534104,28.935224382733761],[112.847288607010057,28.947882040200426],[112.857591351459632,28.955829871632957],[112.871426465434809,28.977318452913604],[112.877313747977439,28.997923941812815],[112.885261579410042,29.016174517694953]]]}},
{"type":"Feature","properties":{"featurecla":"Lake","scalerank":8,"name":null,"name_abb":null,"name_alt":null,"note":"_untitled_7","delta":null,"dam_name":null,"year":-99,"admin":null,"min_zoom":6.0,"min_label":7.0,"label":null,"wikidataid":null,"name_ar":null,"name_bn":null,"name_de":null,"name_en":null,"name_es":null,"name_fr":null,"name_el":null,"name_hi":null,"name_hu":null,"name_id":null,"name_it":null,"name_ja":null,"name_ko":null,"name_nl":null,"name_pl":null,"name_pt":null,"name_ru":null,"name_sv":null,"name_tr":null,"name_vi":null,"name_zh":null,"ne_id":1159117719,"name_fa":null,"name_he":null,"name_uk":null,"name_ur":null,"name_zht":null,"historical_claim":false,"geometry_status":"modern_physical_reference","source_id":"source.natural_earth.lakes.10m"},"geometry":{"type":"Polygon","coordinates":[[[112.548509017971412,29.271093851791004],[112.557928670039587,29.255492553053028],[112.557045577658187,29.235181428280946],[112.548509017971412,29.198974640643733],[112.547037197335726,29.179252244125934],[112.541149914793095,29.172776233329017],[112.511124773825657,29.174836782218943],[112.500822029376081,29.168655135549194],[112.505237491283026,29.155114385701125],[112.520544425893888,29.133920168547622],[112.523193703038089,29.118024505682545],[112.519661333512488,29.103306299325929],[112.509652953190042,29.091826098367793],[112.494051654452051,29.08593881582518],[112.50553185541014,29.114197772029822],[112.49787838810478,29.125972337115066],[112.479627812222589,29.130976527276324],[112.459905415704796,29.140690543471685],[112.448719578873749,29.147755282522837],[112.432235187754372,29.153348200938325],[112.41781134552491,29.160118575862352],[112.411335334728051,29.171304412693384],[112.442243568076847,29.223112499068542],[112.462554692848926,29.23341524351817],[112.49140237730785,29.254609460671617],[112.522310610656689,29.271682580045251],[112.548509017971412,29.271093851791004]]]}},
{"type":"Feature","properties":{"featurecla":"Lake","scalerank":7,"name":null,"name_abb":null,"name_alt":null,"note":"_untitled_117","delta":null,"dam_name":null,"year":-99,"admin":null,"min_zoom":5.7,"min_label":6.7,"label":null,"wikidataid":null,"name_ar":null,"name_bn":null,"name_de":null,"name_en":null,"name_es":null,"name_fr":null,"name_el":null,"name_hi":null,"name_hu":null,"name_id":null,"name_it":null,"name_ja":null,"name_ko":null,"name_nl":null,"name_pl":null,"name_pt":null,"name_ru":null,"name_sv":null,"name_tr":null,"name_vi":null,"name_zh":null,"ne_id":1159116233,"name_fa":null,"name_he":null,"name_uk":null,"name_ur":null,"name_zht":null,"historical_claim":false,"geometry_status":"modern_physical_reference","source_id":"source.natural_earth.lakes.10m"},"geometry":{"type":"Polygon","coordinates":[[[113.069239158867347,29.393843692804872],[113.071594071884363,29.386484589626569],[113.069239158867347,29.377948029939802],[113.065118061087446,29.369411470252977],[113.063057512197531,29.363229823583204],[113.055698409019271,29.284634601639066],[113.049222398222355,29.267855846392575],[113.029205637577434,29.232826515263895],[113.017725436619287,29.219874493670094],[113.008894512805341,29.205156287313521],[113.00035795311851,29.166300222532143],[112.993587578194479,29.147460918395694],[112.986228475016162,29.170421320311974],[112.987405931524734,29.254020732417359],[112.992704485813093,29.262557292104191],[113.004479050898354,29.269033302901072],[113.016253615983615,29.278158590842175],[113.021552170272017,29.294642981961552],[113.020080349636316,29.307300639428185],[113.015664887729372,29.322018845784783],[113.008011420423941,29.334087774997201],[112.997414311847194,29.339386329285571],[112.970921540405357,29.33349904674289],[112.944428768963462,29.319369568640571],[112.898802329258103,29.284634601639066],[112.835219677797639,29.215459031763121],[112.816086009534104,29.202212646042202],[112.816086009534104,29.229294145738297],[112.822267656203849,29.250193998764644],[112.832864764780595,29.271976944172398],[112.883789758774356,29.349100345480906],[112.886144671791456,29.365584736600248],[112.874370106706124,29.383835312482429],[112.861123720985233,29.394726785186297],[112.854942074315431,29.394726785186297],[112.851704068917002,29.390605687406463],[112.846994242882886,29.387662046135137],[112.852292797171287,29.380302942956849],[112.845522422247257,29.367056557235909],[112.835219677797639,29.359403089930531],[112.829626759382109,29.370294562634371],[112.827271846365079,29.396198605821969],[112.827860574619365,29.409444991542909],[112.833453493034824,29.415037909958389],[112.842284416848784,29.41739282297544],[112.853764617806917,29.423868833772318],[112.864361726383663,29.432699757586267],[112.870543373053408,29.442413773781634],[112.858768807968147,29.444474322671574],[112.852292797171287,29.450950333468466],[112.846994242882886,29.459781257282401],[112.83728022668754,29.469495273477747],[112.826094389856564,29.475088191893235],[112.804311444448786,29.479798017927358],[112.795774884762011,29.483919115707209],[112.79135942285501,29.480092382054512],[112.787827053329408,29.47862056141884],[112.774286303481404,29.477148740783189],[112.774286303481404,29.483919115707231],[112.79548052063484,29.491278218885494],[112.811376183499988,29.495104952538224],[112.826388753983679,29.49304440364827],[112.844050601611571,29.483919115707209],[112.912343079106108,29.43181666520492],[112.922940187682855,29.427401203297897],[112.979752464219303,29.374121296287079],[112.994176306448765,29.364407280091733],[113.015076159475086,29.357636905167698],[113.033915463611493,29.361169274693289],[113.04215765917121,29.383835312482429],[113.045101300442525,29.387956410262273],[113.052460403620785,29.393254964550618],[113.061585691561902,29.396492969949097],[113.069239158867347,29.393843692804872]]]}},
{"type":"Feature","properties":{"featurecla":"Lake","scalerank":5,"name":"Hong Hu","name_abb":"Hong Hu","name_alt":null,"note":null,"delta":null,"dam_name":null,"year":-99,"admin":null,"min_zoom":4.7,"min_label":6.0,"label":"Hong Hu","wikidataid":"Q5895614","name_ar":"بحيرة هونغ","name_bn":"হং হু","name_de":"Hong Hu","name_en":"Hong","name_es":"Hong Hu","name_fr":"Hong","name_el":"Χονγκ Χου","name_hi":"हांग हु","name_hu":"Hong Hu","name_id":"Danau Hong","name_it":"Hong Hu","name_ja":"洪湖","name_ko":"홍 후","name_nl":"Hong Lake","name_pl":"Hong Hu","name_pt":"Lago Hong","name_ru":"озеро Хонгху","name_sv":"Hong Hu","name_tr":"Hong Hu","name_vi":"Hồng Hồ","name_zh":"洪湖","ne_id":1159115027,"name_fa":"هونگ هو","name_he":"אגם הונג","name_uk":"Хонгху","name_ur":"ہونگ ہو","name_zht":"洪湖","historical_claim":false,"geometry_status":"modern_physical_reference","source_id":"source.natural_earth.lakes.10m"},"geometry":{"type":"Polygon","coordinates":[[[113.453384344774122,29.956079175626407],[113.466336366367955,29.931352588947348],[113.461920904460953,29.899855627344248],[113.445730877468691,29.87218539939385],[113.422770475552454,29.860705198435749],[113.415705736501309,29.859527741927209],[113.409524089831507,29.854523551765961],[113.390390421567986,29.851285546367532],[113.388329872678085,29.846281356206269],[113.3906847856951,29.839805345409403],[113.394511519347816,29.815078758730326],[113.392156606330744,29.803304193645072],[113.368607476160221,29.791529628559804],[113.356244182820717,29.763270672355173],[113.347413259006714,29.757089025685399],[113.339465427574169,29.75385102028693],[113.327396498361793,29.739721542184633],[113.320037395183476,29.736483536786189],[113.279415145639348,29.760621395210961],[113.273822227223846,29.767391770135003],[113.275294047859461,29.788291623161349],[113.269995493571116,29.799771824119503],[113.246151999273422,29.81066329682336],[113.241147809112192,29.825970231434184],[113.231139428789731,29.839805345409403],[113.2217197767215,29.861293926689985],[113.218187407195956,29.886020513369054],[113.227018331009901,29.907803458776812],[113.245563271019194,29.916634382590736],[113.271172950079645,29.916340018463607],[113.295310808504439,29.906626002268283],[113.30944028660673,29.887492334004722],[113.295899536758725,29.887492334004722],[113.305613552954071,29.874540312410911],[113.335344329794353,29.861293926689999],[113.343586525354056,29.846281356206276],[113.35123999265943,29.846281356206276],[113.35712727520206,29.866886845105512],[113.342409068845498,29.870124850503927],[113.337699242811368,29.880721959080685],[113.340937248209855,29.894557073055861],[113.35123999265943,29.90780345877684],[113.345647074243971,29.92517094227756],[113.353300541549402,29.943127154032595],[113.368018747905978,29.957256632134914],[113.38155949775404,29.963143914677538],[113.402164986653247,29.959317181024854],[113.419532470154024,29.952252441973677],[113.436311225400516,29.949014436575222],[113.453384344774122,29.956079175626407]]]}},
{"type":"Feature","properties":{"featurecla":"Lake","scalerank":5,"name":null,"name_abb":null,"name_alt":null,"note":"_untitled_7","delta":null,"dam_name":null,"year":-99,"admin":null,"min_zoom":4.7,"min_label":6.0,"label":null,"wikidataid":null,"name_ar":null,"name_bn":null,"name_de":null,"name_en":null,"name_es":null,"name_fr":null,"name_el":null,"name_hi":null,"name_hu":null,"name_id":null,"name_it":null,"name_ja":null,"name_ko":null,"name_nl":null,"name_pl":null,"name_pt":null,"name_ru":null,"name_sv":null,"name_tr":null,"name_vi":null,"name_zh":null,"ne_id":1159115225,"name_fa":null,"name_he":null,"name_uk":null,"name_ur":null,"name_zht":null,"historical_claim":false,"geometry_status":"modern_physical_reference","source_id":"source.natural_earth.lakes.10m"},"geometry":{"type":"Polygon","coordinates":[[[114.15779770100022,29.886903605750454],[114.165745532432766,29.861588290817149],[114.160741342271535,29.851579910494646],[114.138075304482427,29.873657220029507],[114.135131663211098,29.863354475579911],[114.130716201304097,29.855701008274504],[114.125123282888637,29.849813725731849],[114.117764179710321,29.846281356206276],[114.11275998954909,29.858939013672934],[114.113054353676205,29.869241758122556],[114.11599799494752,29.879250138445034],[114.117764179710321,29.890730339403184],[114.11599799494752,29.905742909886868],[114.111582533040576,29.911335828302406],[114.105106522243659,29.914279469573703],[114.097158690811114,29.921932936879145],[114.084795397471567,29.955490447372146],[114.07508138127622,29.969914289601572],[114.056242077139814,29.976684664525621],[114.06919409873359,29.951074985465191],[114.07007719111499,29.93429623021866],[114.060657539046758,29.921638572751988],[114.042112599037466,29.907803458776812],[114.039463321893322,29.903093632742692],[114.040640778401851,29.898678170835716],[114.039757686020437,29.895440165437257],[114.032104218715006,29.8939683448016],[114.026511300299489,29.892202160038835],[114.014148006959999,29.883076872097742],[114.008260724417312,29.879838866699288],[113.998252344094851,29.87836704606363],[113.989421420280905,29.878661410190766],[113.980001768212674,29.876306497173694],[113.967932839000298,29.866886845105512],[113.964106105347582,29.871596671139589],[113.961751192330553,29.877483953682223],[113.960573735821981,29.884843056860522],[113.960573735821981,29.887492334004722],[113.959101915186352,29.891024703530281],[113.958807551059238,29.894557073055861],[113.957335730423551,29.898089442581465],[113.953803360898007,29.901621812107038],[113.988538327899505,29.910747100048138],[114.002962170128967,29.916928746717868],[114.015031099341343,29.928997675930283],[114.000018528857652,29.969914289601572],[113.992070697425106,29.976684664525621],[113.976763762814244,29.972269202618651],[113.960279371694867,29.952841170227938],[113.947032985973976,29.948720072448104],[113.949093534863891,29.953429898482206],[113.953803360898007,29.969914289601586],[113.94055697517706,29.97050301785583],[113.932903507871629,29.976979028652753],[113.929076774218913,29.9869874089752],[113.926427497074712,29.997290153424856],[113.938202062159974,29.991697235009319],[113.954980817406522,29.987281773102353],[113.985005958373961,29.983455039449652],[113.990010148535191,29.986104316593838],[113.995897431077822,29.991697235009319],[114.000312892984766,29.997584517551957],[114.002079077747581,30.000528158823276],[114.006494539654568,30.005826713111649],[114.015325463468514,30.001411251204686],[114.024745115536689,29.993757783899241],[114.028277485062304,29.989636686119418],[114.039463321893322,29.996701425170521],[114.058596990156843,30.019661827086875],[114.066250457462289,30.024371653120934],[114.088327766997168,30.034674397570541],[114.098041783192514,30.03585185407907],[114.090388315887097,30.024371653120934],[114.099513603828157,30.009947810891504],[114.117764179710321,29.990519778500804],[114.124240190507237,29.976684664525621],[114.127772560032781,29.958728452770576],[114.128066924159953,29.942538425778327],[114.131304929558382,29.926937127040365],[114.15779770100022,29.886903605750454]]]}},
{"type":"Feature","properties":{"featurecla":"Lake","scalerank":4,"name":"Long Hu","name_abb":"Long Hu","name_alt":null,"note":null,"delta":null,"dam_name":null,"year":-99,"admin":null,"min_zoom":4.0,"min_label":5.0,"label":"Long Hu","wikidataid":"Q6673852","name_ar":"بحيرة لونج","name_bn":"লং হু","name_de":"Longhu","name_en":"Longgan","name_es":"Longgan","name_fr":"Longhu","name_el":"Λονγκ Χου","name_hi":"लॉन्ग हू","name_hu":"Long Hu","name_id":"Long Hu","name_it":"Long Hu","name_ja":"龍湖","name_ko":"롱 후","name_nl":"Longhu Lake","name_pl":"Jezioro Long","name_pt":"Lago Long","name_ru":"озеро Лунху","name_sv":"Longgan Hu","name_tr":"Long Hu","name_vi":"Long Hồ","name_zh":"龙感湖","ne_id":1159114049,"name_fa":"لونگ هو","name_he":"אגם לונג","name_uk":"Лонгху","name_ur":"لانگ ہو","name_zht":"龙感湖","historical_claim":false,"geometry_status":"modern_physical_reference","source_id":"source.natural_earth.lakes.10m"},"geometry":{"type":"Polygon","coordinates":[[[116.252492829669166,29.999645066441868],[116.248960460143621,29.983455039449623],[116.25425901443198,29.98374940357678],[116.264561758881612,29.983160675322512],[116.269565949042843,29.983455039449623],[116.265444851263013,29.961672094041887],[116.266327943644384,29.94165533339693],[116.263384302373083,29.927525855294618],[116.24601681887232,29.921932936879145],[116.233064797278473,29.915162561955103],[116.218052226794768,29.901621812107035],[116.200684743294005,29.893379616547332],[116.180962346776198,29.901621812107035],[116.158885037241319,29.893673980674496],[116.11737969531579,29.904859817505514],[116.091475652128167,29.901621812107027],[116.051147766711097,29.871596671139606],[116.04025629400725,29.866886845105512],[116.029364821303375,29.870124850503927],[116.001988957480151,29.8939683448016],[115.99757349557315,29.904565453378364],[115.995807310810392,29.915456926082221],[115.995807310810392,29.939006056252762],[115.992274941284791,29.953135534355098],[115.983444017470859,29.960200273406258],[115.961661072063123,29.969914289601572],[115.95430196888482,29.983455039449623],[115.949003414596461,29.986398680720949],[115.942233039672416,29.989047957865164],[115.936345757129814,29.993169055644984],[115.933990844112714,30.000528158823276],[115.933990844112714,30.044977142020176],[115.939878126655358,30.035557489951941],[115.973730001275513,29.996701425170553],[115.981677832708044,29.993463419772141],[115.985798930487874,29.98757613722946],[115.995807310810392,29.983455039449638],[116.007287511768496,29.983455039449652],[116.016412799709613,29.989636686119418],[116.014940979073913,29.996112696916292],[115.999634044463093,30.011713995654262],[115.995807310810392,30.021133647722497],[115.996396039064621,30.031436392172104],[115.998750952081721,30.038795495350403],[116.003755142242923,30.043505321384504],[116.012880430183984,30.044977142020176],[116.021122625743715,30.041739136621715],[116.024654995269259,30.034380033443423],[116.026421180032074,30.025254745502338],[116.029953549557661,30.01760127819691],[116.054091407982469,29.993757783899241],[116.057329413380899,29.986693044848106],[116.0611561470336,29.973741023254277],[116.070575799101789,29.969914289601572],[116.081467271805707,29.973741023254277],[116.091475652128167,29.983455039449623],[116.077051809898705,29.988459229610875],[116.071458891483189,29.989636686119411],[116.085882733712651,29.996995789297689],[116.092653108636696,29.991697235009312],[116.097951662925098,29.981983218813948],[116.108843135628931,29.976684664525621],[116.135630271197911,29.977273392779875],[116.148287928664558,29.979333941669811],[116.160356857877005,29.983455039449638],[116.15270339057156,29.996112696916271],[116.143283738503328,29.995229604534899],[116.132392265799453,29.989931050246536],[116.119440244205691,29.989636686119418],[116.107960043247559,29.996995789297689],[116.113552961663046,30.001999979458922],[116.125327526748322,30.006121077238792],[116.132980994053739,30.011419631527161],[116.133275358180867,30.062050261393807],[116.141223189613427,30.085010663310072],[116.163889227402549,30.076474103623248],[116.173308879470781,30.069998092826356],[116.180962346776198,30.067643179809288],[116.185966536937428,30.062638989648068],[116.189793270590144,30.027315294392253],[116.193031275988588,30.016129457561252],[116.198035466149818,30.007887262001564],[116.205100205201006,30.000822522950418],[116.218052226794768,29.99081414262794],[116.230415520134329,29.987576137229496],[116.236008438549803,30.000528158823276],[116.234242253787045,30.013480180417091],[116.228943699498643,30.023194196612419],[116.222467688701798,30.032613848680615],[116.215697313777753,30.044977142020176],[116.247194275380821,30.036440582333345],[116.257202655703281,30.010830903272897],[116.252492829669166,29.999645066441868]]]}},
{"type":"Feature","properties":{"featurecla":"Lake","scalerank":5,"name":"Huangtang Hu","name_abb":"Huangtang Hu","name_alt":null,"note":null,"delta":null,"dam_name":null,"year":-99,"admin":null,"min_zoom":4.7,"min_label":6.0,"label":null,"wikidataid":null,"name_ar":"بحيرة هوانغتانغ","name_bn":"হুয়াংতাং হু","name_de":"Huangtang Hu","name_en":"Futou Lake","name_es":"Huangtang Hu","name_fr":"Huangtanghu","name_el":"Χουανγκτάνγκ Χου","name_hi":"हुआंगतांग हु","name_hu":"Huangtang Hu","name_id":"Danau Huangtang","name_it":"Huangtang Hu","name_ja":"黄塘湖","name_ko":"황탕 후","name_nl":"Huangtang Lake","name_pl":"Jezioro Huangtang","name_pt":"Lago Huangtang","name_ru":"озеро Чуантан","name_sv":"Huangtang Hu","name_tr":"Huangtang Hu","name_vi":"Hồ Phủ Đầu","name_zh":"黄塘湖","ne_id":1159115205,"name_fa":"هوآنگتانگ هو","name_he":"הואנגטנג","name_uk":"Хуангтангху","name_ur":"ہوانگٹانگ ہو","name_zht":"黃塘湖","historical_claim":false,"geometry_status":"modern_physical_reference","source_id":"source.natural_earth.lakes.10m"},"geometry":{"type":"Polygon","coordinates":[[[114.305274128693213,30.036440582333345],[114.309983954727272,30.038206767096113],[114.309689590600158,30.024666017248077],[114.306451585201728,30.01230272390854],[114.302036123294727,30.004060528348848],[114.296443204879267,30.004060528348834],[114.288789737573836,29.989342321992268],[114.275543351852889,29.98374940357678],[114.241691477232735,29.983455039449638],[114.24640130326685,29.975507208017081],[114.244929482631221,29.968442468965922],[114.238159107707204,29.965498827694596],[114.227561999130444,29.969914289601572],[114.201363591815721,29.951958077846538],[114.218142347062212,29.940477876888423],[114.251699857555252,29.93135258894733],[114.275837715980003,29.921932936879145],[114.265829335657543,29.904565453378339],[114.256409683589325,29.8939683448016],[114.242868933741306,29.890435975276052],[114.220791624206413,29.8939683448016],[114.199597407052934,29.900738719725648],[114.179580646407942,29.909569643539591],[114.16280189116145,29.921049844497734],[114.151910418457589,29.935179322600057],[114.15868079338162,29.928997675930283],[114.147200592423488,29.953135534355098],[114.140135853372328,29.980511398178344],[114.137192212101013,30.008181626128696],[114.138075304482427,30.032025120426365],[114.139841489245214,30.031436392172118],[114.143962587025044,30.034380033443419],[114.14867241305916,30.039384223604664],[114.151910418457589,30.044977142020176],[114.151616054330475,30.049392603927153],[114.147200592423488,30.059400984249606],[114.145728771787844,30.066171359173651],[114.145434407660673,30.092958494742611],[114.147494956550645,30.104733059827879],[114.151910418457589,30.113858347768957],[114.15868079338162,30.099434505539509],[114.177814461645198,30.122689271582921],[114.201657955942835,30.144766581117821],[114.229622548020359,30.154480597313164],[114.261708237877727,30.140645483337941],[114.249933672792466,30.126516005235619],[114.234626738181589,30.116213260786054],[114.224029629604843,30.102672510937957],[114.227561999130444,30.079712109021699],[114.243163297868421,30.075296647114712],[114.248756216283937,30.052336245198465],[114.250816765173852,30.034674397570541],[114.255526591207968,30.044977142020176],[114.256409683589325,30.039384223604664],[114.261708237877727,30.024371653120934],[114.270833525818787,30.030553299790732],[114.27819262899709,30.038501131223263],[114.28407991153972,30.047920783291481],[114.289672829955236,30.058812255995349],[114.293499563607952,30.050275696308525],[114.294971384243595,30.045271506147269],[114.294088291862181,30.040561680113171],[114.289672829955236,30.032025120426365],[114.294088291862181,30.033791305189162],[114.305274128693213,30.036440582333345]]]}},
{"type":"Feature","properties":{"featurecla":"Lake","scalerank":4,"name":null,"name_abb":null,"name_alt":null,"note":"_untitled_17","delta":null,"dam_name":null,"year":-99,"admin":null,"min_zoom":4.0,"min_label":5.0,"label":null,"wikidataid":null,"name_ar":null,"name_bn":null,"name_de":null,"name_en":null,"name_es":null,"name_fr":null,"name_el":null,"name_hi":null,"name_hu":null,"name_id":null,"name_it":null,"name_ja":null,"name_ko":null,"name_nl":null,"name_pl":null,"name_pt":null,"name_ru":null,"name_sv":null,"name_tr":null,"name_vi":null,"name_zh":null,"ne_id":1159113715,"name_fa":null,"name_he":null,"name_uk":null,"name_ur":null,"name_zht":null,"historical_claim":false,"geometry_status":"modern_physical_reference","source_id":"source.natural_earth.lakes.10m"},"geometry":{"type":"Polygon","coordinates":[[[114.435971801139658,30.067054451555027],[114.436854893521058,30.067054451555027],[114.435677437012544,30.066465723300791],[114.433616888122643,30.066171359173634],[114.435971801139658,30.067054451555027]]]}},
{"type":"Feature","properties":{"featurecla":"Lake","scalerank":8,"name":null,"name_abb":null,"name_alt":null,"note":"_untitled_10","delta":null,"dam_name":null,"year":-99,"admin":null,"min_zoom":6.0,"min_label":7.0,"label":null,"wikidataid":null,"name_ar":null,"name_bn":null,"name_de":null,"name_en":null,"name_es":null,"name_fr":null,"name_el":null,"name_hi":null,"name_hu":null,"name_id":null,"name_it":null,"name_ja":null,"name_ko":null,"name_nl":null,"name_pl":null,"name_pt":null,"name_ru":null,"name_sv":null,"name_tr":null,"name_vi":null,"name_zh":null,"ne_id":1159117663,"name_fa":null,"name_he":null,"name_uk":null,"name_ur":null,"name_zht":null,"historical_claim":false,"geometry_status":"modern_physical_reference","source_id":"source.natural_earth.lakes.10m"},"geometry":{"type":"Polygon","coordinates":[[[116.27721941634826,28.563442490166477],[116.269565949042843,28.557849571750996],[116.271626497932743,28.604947832092019],[116.279279965238189,28.620549130829996],[116.300179818264496,28.62673077749977],[116.326083861452119,28.621726587338557],[116.33609224177458,28.607597109236234],[116.338447154791652,28.557849571750985],[116.344923165588526,28.560498848895143],[116.351399176385414,28.565208674929284],[116.358169551309459,28.558143935878086],[116.365823018614876,28.551667925081226],[116.369061024013334,28.563442490166477],[116.374359578301735,28.571390321599008],[116.382013045607096,28.578160696523039],[116.393198882438142,28.585225435574216],[116.388489056404026,28.565208674929259],[116.386134143386982,28.54401445777577],[116.393198882438142,28.544014457775781],[116.410272001811734,28.553434109843987],[116.434704224363713,28.534300441580434],[116.455309713262935,28.501331659341666],[116.461196995805537,28.468951605357187],[116.44942243072029,28.472189610755663],[116.442357691669088,28.479254349806833],[116.439414050397772,28.489851458383527],[116.440885871033473,28.503097844104474],[116.436470409126443,28.501331659341666],[116.425284572295482,28.498388018070351],[116.420869110388495,28.496327469180461],[116.417042376735779,28.513400588554081],[116.404679083396275,28.522525876495163],[116.388194692276912,28.523703333003688],[116.372593393538921,28.516932958079657],[116.352282268766828,28.530179343800626],[116.342862616698596,28.521348419986658],[116.342568252571482,28.505158392994382],[116.347866806859827,28.496327469180475],[116.360230100199388,28.494266920290531],[116.377597583700151,28.488085273620772],[116.389666512912527,28.477193800916897],[116.386134143386982,28.462181230433188],[116.372299029411749,28.467774148848655],[116.359347007817988,28.464536143450232],[116.349338627495513,28.455116491382025],[116.344628801461397,28.441575741533981],[116.347278078605598,28.429801176448674],[116.354931545911043,28.419792796126231],[116.364645562106389,28.4121393288208],[116.372593393538921,28.406840774532416],[116.362879377343575,28.403897133261086],[116.353165361148228,28.403602769133975],[116.331088051613349,28.406840774532423],[116.331088051613349,28.41449424183784],[116.313720568112558,28.421264616761878],[116.314898024621073,28.435688458991322],[116.331088051613349,28.462181230433188],[116.314309296366844,28.464241779323093],[116.300179818264496,28.469540333611466],[116.28958270968775,28.479548713933955],[116.283106698890904,28.496327469180475],[116.280457421746689,28.492206371400624],[116.276336323966859,28.489557094256416],[116.272509590314144,28.508102034265704],[116.275747595712573,28.528413159037811],[116.289288345560621,28.571979049853294],[116.283106698890904,28.571979049853315],[116.280163057619561,28.566386131437799],[116.27721941634826,28.563442490166477]]]}},
{"type":"Feature","properties":{"featurecla":"Lake","scalerank":4,"name":"Poyang Hu","name_abb":"Poyang Hu","name_alt":null,"note":null,"delta":null,"dam_name":null,"year":-99,"admin":null,"min_zoom":4.0,"min_label":5.0,"label":"Poyang Hu","wikidataid":"Q207690","name_ar":"بحيرة بويانغ","name_bn":"পোয়াং হু","name_de":"Poyang","name_en":"Poyang","name_es":"Poyang","name_fr":"Poyang","name_el":"Πουανγκ Χου","name_hi":"पोयांग झील","name_hu":"Poyang Hu","name_id":"Poyang","name_it":"Poyang","name_ja":"鄱陽湖","name_ko":"포양호","name_nl":"Poyangmeer","name_pl":"Poyang Hu","name_pt":"Poyang","name_ru":"Поянху","name_sv":"Poyangsjön","name_tr":"Poyang","name_vi":"Bà Dương","name_zh":"鄱阳湖","ne_id":1159114015,"name_fa":"دریاچه پویانگ","name_he":"אגם פויאנג","name_uk":"Поянху","name_ur":"پویانگ ہو","name_zht":"鄱陽湖","historical_claim":false,"geometry_status":"modern_physical_reference","source_id":"source.natural_earth.lakes.10m"},"geometry":{"type":"Polygon","coordinates":[[[116.688446101951186,29.168066407294933],[116.715233237520181,29.137158173946105],[116.715233237520181,29.097124652656181],[116.707579770214764,29.082995174553869],[116.688446101951186,29.078579712646903],[116.690801014968258,29.091826098367829],[116.689917922586858,29.112137223139904],[116.684325004171328,29.127738521877895],[116.656654776220975,29.127149793623612],[116.645763303517057,29.112725951394172],[116.637226743830283,29.091826098367829],[116.633400010177581,29.072398065977143],[116.62574654287215,29.074164250739926],[116.622802901600821,29.075636071375573],[116.618976167948119,29.078579712646903],[116.623685993982235,29.086233179952316],[116.626629635253565,29.094475375511998],[116.627512727634937,29.103600663453072],[116.626335271126393,29.113314679648433],[116.623685993982235,29.120968146953853],[116.619270532075234,29.130682163149224],[116.615443798422518,29.135686353310437],[116.607201602862872,29.117435777428241],[116.593072124760525,29.122439967589525],[116.576587733641134,29.133920168547622],[116.564518804428772,29.140690543471663],[116.556865337123327,29.137158173946116],[116.543324587275265,29.122439967589525],[116.537142940605506,29.119496326318199],[116.529783837427203,29.123617424098025],[116.523307826630329,29.132153983784839],[116.518598000596228,29.142456728234475],[116.516537451706327,29.15128765204841],[116.506823435510967,29.160707304116606],[116.487689767247403,29.159824211735259],[116.476209566289242,29.152170744429828],[116.488572859628803,29.140690543471646],[116.483274305340402,29.124500516479436],[116.492693957408633,29.112137223139911],[116.508295256146582,29.103600663453072],[116.523307826630329,29.099773929800367],[116.516537451706327,29.08593881582518],[116.531550022190018,29.079757169155393],[116.537142940605506,29.078579712646903],[116.537142940605506,29.072398065977147],[116.512416353926412,29.069748788832921],[116.485629218357474,29.046199658662427],[116.461196995805537,29.05120384882364],[116.459725175169879,29.03648564246706],[116.461196995805537,29.024416713254642],[116.468556098983825,29.017057610076346],[116.482391212959044,29.017057610076353],[116.480036299941958,28.998807034194211],[116.489750316137304,28.983794463710502],[116.504174158366766,28.970253713862437],[116.516537451706327,28.955829871632957],[116.522130370121758,28.940522937022131],[116.522424734248958,28.924627274157029],[116.518009272341928,28.909025975419038],[116.509178348527996,28.894307769062479],[116.524779647265973,28.89048103540976],[116.535376755842734,28.895485225570987],[116.544796407910951,28.898134502715187],[116.558042793631842,28.886654301757059],[116.550683690453596,28.880472655087271],[116.558042793631842,28.873702280163247],[116.541264038385364,28.866048812857827],[116.53390493520709,28.861044622696589],[116.530961293935732,28.85633479666248],[116.53302184282569,28.845737688085741],[116.541264038385364,28.830725117602015],[116.543324587275265,28.825426563313645],[116.54096967425825,28.812768905846976],[116.535082391715605,28.796578878854739],[116.526545832028788,28.782449400752427],[116.516537451706327,28.776856482336953],[116.523307826630329,28.790691596312101],[116.518892364723342,28.791574688693501],[116.515654359324913,28.79275214520203],[116.513005082180698,28.794518329964831],[116.509178348527996,28.798050699490403],[116.481508120577644,28.791280324566362],[116.472088468509412,28.790691596312115],[116.462080088186951,28.794223965837681],[116.456487169771435,28.80305488965163],[116.453249164373005,28.814535090609773],[116.448244974211775,28.825426563313648],[116.438530958016429,28.836023671890395],[116.429994398329598,28.842794046814419],[116.423224023405552,28.8501531499927],[116.420869110388495,28.862810807459372],[116.424107115786967,28.874291008417515],[116.432349311346613,28.882827568104339],[116.454720985008649,28.894307769062483],[116.426167664676896,28.899606323350859],[116.404973447523389,28.874291008417515],[116.388489056404026,28.840144769670243],[116.372593393538921,28.818361824262503],[116.365823018614876,28.825426563313648],[116.371415937030406,28.83308003061909],[116.392610154183856,28.877823377943095],[116.419102925625737,28.917562535105869],[116.424695844041196,28.929925828445398],[116.427933849439668,28.943172214166285],[116.427345121185382,28.955829871632957],[116.420574746261366,28.966132616082611],[116.413804371337335,28.961422790048491],[116.408800181176105,28.948765132581812],[116.40673963228619,28.935224382733761],[116.397614344345087,28.940522937022131],[116.393198882438142,28.938462388132223],[116.386134143386982,28.921389268758585],[116.38790032814974,28.919623083995795],[116.392610154183856,28.906082334147733],[116.393198882438142,28.900489415732221],[116.390549605293927,28.898723230969431],[116.381424317352867,28.894013404935322],[116.379658132590052,28.89048103540976],[116.373182121793164,28.870169910637664],[116.358463915436573,28.8501531499927],[116.342273888444353,28.84132222617875],[116.331088051613349,28.853391155391183],[116.333737328757536,28.863988263967919],[116.354637181783872,28.883121932231447],[116.359052643690859,28.894307769062451],[116.353754089402457,28.904610513512072],[116.344334437334282,28.90755415478338],[116.335209149393179,28.908142883037645],[116.331088051613349,28.911380888436103],[116.33314860050325,28.925216002411265],[116.338741518918766,28.941111665276409],[116.359052643690859,28.976140996405057],[116.344334437334282,28.980850822439184],[116.32991059510482,28.982911371329092],[116.267799764280028,28.98026209418493],[116.260735025228868,28.985855012600403],[116.269565949042843,29.004105588482595],[116.264267394754441,29.007932322135261],[116.259557568720382,29.012642148169405],[116.256613927449038,29.019118158966286],[116.255142106813381,29.027654718653096],[116.252198465542051,29.031481452305819],[116.20657202583665,29.033247637068609],[116.19832983027699,29.037957463102718],[116.194503096624246,29.05120384882364],[116.187732721700229,29.05120384882364],[116.174191971852181,29.038840555484118],[116.155647031842889,29.047082751043792],[116.142989374376214,29.066216419307356],[116.145933015647543,29.085938815825166],[116.131509173418081,29.082700810426733],[116.11590787468009,29.077107892011238],[116.103250217213443,29.07828534851976],[116.093536201018097,29.11449213615694],[116.082350364187107,29.125677972987933],[116.057329413380899,29.140690543471685],[116.042316842897151,29.165417130150722],[116.035840832100305,29.181312793015856],[116.04025629400725,29.188377532066987],[116.074991261008776,29.183667706032892],[116.084116548949837,29.186905711431343],[116.077934902280106,29.202212646042202],[116.140045733104898,29.197208455880933],[116.158885037241319,29.203095738423595],[116.145049923266143,29.212515390491799],[116.123855706112636,29.220757586051512],[116.102661488959157,29.223995591449921],[116.088237646729752,29.219874493670094],[116.077640538152991,29.223995591449921],[116.005815691132852,29.239891254315062],[115.99757349557315,29.254315096544509],[115.989920028267747,29.27227130829954],[115.980794740326644,29.280219139732083],[115.967842718732868,29.264029112739852],[115.967548354605754,29.24901654225614],[115.974907457783999,29.232826515263895],[115.980794740326644,29.215459031763135],[115.975201821911128,29.195736635245296],[115.929281018078598,29.203978830804978],[115.90749807267089,29.216930852398768],[115.922216279027467,29.250193998764644],[115.924276827917367,29.262851656231309],[115.927809197442954,29.273448764808073],[115.978439827309629,29.294642981961566],[115.984915838106474,29.299352807995646],[116.009642424785568,29.311127373080907],[116.017590256218128,29.319075204513467],[116.02406626701503,29.327906128327413],[116.02818736479486,29.338797601031271],[116.029953549557661,29.352927079133607],[116.02700990828636,29.361169274693289],[116.004049506370052,29.410328083924242],[115.998750952081721,29.417392822975451],[115.99050875652199,29.421219556628149],[115.975201821911128,29.421219556628149],[115.975201821911128,29.428578659806458],[115.99139184890339,29.433582849967703],[116.001694593353022,29.440058860764559],[116.010819881294083,29.447712328069997],[116.023183174633616,29.455954523629686],[116.046143576549852,29.448006692197126],[116.060861782906443,29.463313626807974],[116.070575799101789,29.485390936342874],[116.077934902280106,29.497459865555243],[116.077934902280106,29.503641512225027],[116.063216695923529,29.50952879476764],[116.070575799101789,29.518359718581603],[116.086471461966937,29.528956827158339],[116.098246027052213,29.538376479226557],[116.097068570543684,29.544558125896319],[116.092653108636696,29.553683413837412],[116.090298195619653,29.562219973524211],[116.112081141027389,29.579587457024978],[116.116496602934376,29.593716935127297],[116.128859896273866,29.659360135477662],[116.126210619129736,29.668779787545876],[116.116496602934376,29.674667070088528],[116.098246027052213,29.681731809139691],[116.100895304196399,29.685852906919539],[116.105605130230458,29.695566923114882],[116.092653108636696,29.694389466606331],[116.069398342593288,29.688796548190858],[116.060861782906443,29.692034553589277],[116.092947472763811,29.724414607573785],[116.102072760704914,29.730301890116404],[116.150054113427373,29.727946977099354],[116.173603243597896,29.733539895514852],[116.187732721700229,29.750907379015594],[116.229238063625758,29.743842639964466],[116.210398759489351,29.735011716150531],[116.193325640115759,29.718527325031154],[116.188027085827358,29.702631662166027],[116.204805841073835,29.695566923114882],[116.238657715693989,29.708224580581533],[116.256908291576167,29.709696401217204],[116.269565949042843,29.695566923114882],[116.247783003635107,29.69115146120787],[116.243073177600991,29.683792358029589],[116.244839362363791,29.673783977707124],[116.243073177600991,29.661420684367581],[116.232181704897144,29.65141230404511],[116.217757862667682,29.67025160818152],[116.204805841073835,29.664953053893193],[116.20245092805682,29.65023484753657],[116.205983297582407,29.630806815145899],[116.205688933455235,29.613439331645132],[116.190970727098659,29.606080228466855],[116.187732721700229,29.598426761161409],[116.19538618900566,29.58105927766065],[116.207160754090935,29.56280870177849],[116.215697313777753,29.552211593201744],[116.195680553132775,29.556627055108724],[116.186260901064543,29.564869250668405],[116.179490526140498,29.574877630990908],[116.167127232801022,29.585769103694762],[116.152114662317274,29.554272142091673],[116.145638651520429,29.533666653192448],[116.149759749300259,29.524247001124245],[116.157118852478504,29.521303359852901],[116.162417406766906,29.514532984928916],[116.166244140419622,29.506585153496314],[116.170659602326566,29.500697870953704],[116.16889341756378,29.495693680792463],[116.152114662317274,29.47773746903745],[116.145933015647543,29.469495273477715],[116.15123156993586,29.46095871379093],[116.152997754698674,29.452422154104106],[116.150937205808745,29.443591230290188],[116.145933015647543,29.434760306476214],[116.115613510552976,29.443885594417281],[116.080289815297135,29.418275915356858],[116.061744875287843,29.383835312482429],[116.081467271805707,29.366467828981666],[116.11414168991729,29.367645285490202],[116.150642841681659,29.373532568032832],[116.184789080428899,29.387956410262273],[116.208043846472336,29.415037909958382],[116.223056416956013,29.380891671211103],[116.225705694100213,29.363818551837486],[116.221878960447512,29.34615670420958],[116.214225493142067,29.358225633421966],[116.20657202583665,29.356459448659201],[116.198035466149818,29.347922888972352],[116.187732721700229,29.339386329285571],[116.145638651520429,29.342035606429722],[116.132980994053739,29.339386329285571],[116.120323336587091,29.324962487056109],[116.123561341985521,29.312304829589444],[116.145933015647543,29.290816248308822],[116.16182867851262,29.279630411477829],[116.166244140419622,29.273743128935198],[116.130626081036681,29.264029112739852],[116.126210619129736,29.264029112739852],[116.124150070239807,29.247250357493325],[116.140045733104898,29.244012352094916],[116.174191971852181,29.250488362891787],[116.181845439157598,29.248722178128986],[116.189204542335844,29.244601080349153],[116.196858009641289,29.242246167332105],[116.204805841073835,29.246661629239078],[116.217169134413396,29.258436194324318],[116.223939509337413,29.262851656231309],[116.229238063625758,29.264029112739852],[116.236008438549803,29.258436194324332],[116.24601681887232,29.234592700026674],[116.255142106813381,29.223112499068542],[116.266327943644384,29.215753395890271],[116.280751785873804,29.210454841601884],[116.296058720484666,29.209571749220473],[116.310482562714128,29.216342124144525],[116.306655829061427,29.220757586051512],[116.305478372552898,29.224289955577078],[116.305478372552898,29.228705417484036],[116.303712187790083,29.236947613043718],[116.316664209383887,29.232237787009598],[116.325495133197833,29.236064520662339],[116.331971143994721,29.241657439077844],[116.338447154791652,29.243129259713477],[116.346100622097097,29.235770156535196],[116.346394986224183,29.228411053356925],[116.347866806859827,29.221640678432891],[116.359052643690859,29.216342124144525],[116.366411746869119,29.232826515263895],[116.372299029411749,29.238713797806522],[116.379658132590052,29.229294145738297],[116.37877504020868,29.221640678432891],[116.369944116394706,29.196325363499572],[116.365823018614876,29.188377532067008],[116.338152790664481,29.171304412693345],[116.32402331256219,29.156880570463933],[116.32490640494359,29.140690543471663],[116.339330247173052,29.139807451090277],[116.364645562106389,29.166888950786387],[116.365823018614876,29.147460918395694],[116.372887757666035,29.150110195539906],[116.379658132590052,29.15482002157399],[116.393198882438142,29.140690543471663],[116.397908708472258,29.152170744429828],[116.397319980217972,29.163356581260814],[116.394670703073757,29.175131146346075],[116.393198882438142,29.188377532067001],[116.399380529107873,29.188377532066987],[116.407917088794719,29.176602966981729],[116.422046566897066,29.176014238727493],[116.434998588490828,29.183962070160025],[116.440885871033473,29.198974640643733],[116.442357691669088,29.207805564457697],[116.445595697067589,29.215164667635968],[116.447067517703204,29.221346314305748],[116.444712604686174,29.226350504466978],[116.438236593889258,29.234592700026653],[116.435587316745071,29.244306716222013],[116.436470409126443,29.254609460671642],[116.440885871033473,29.264029112739852],[116.437059137380729,29.266972754011164],[116.432054947219498,29.273448764808073],[116.427345121185382,29.277864226715032],[116.445595697067589,29.280807867986351],[116.463551908822595,29.269622031155318],[116.477092658670642,29.249310906383222],[116.488572859628803,29.20250701016932],[116.500053060586936,29.20456755905926],[116.505940343129566,29.223112499068542],[116.495637598679934,29.250488362891787],[116.510355805036511,29.245189808603406],[116.514476902816398,29.231354694628237],[116.516243087579156,29.216636488271639],[116.523307826630329,29.208983020966244],[116.53655421235122,29.213987211127463],[116.541852766639622,29.229294145738297],[116.541264038385364,29.246072900984824],[116.537142940605506,29.257258737815803],[116.543324587275265,29.257258737815796],[116.550389326326425,29.25137145527319],[116.555393516487712,29.252254547654591],[116.558337157759013,29.259024922578575],[116.558042793631842,29.271093851791004],[116.570406086971374,29.248133449874729],[116.588362298726409,29.245484172730549],[116.606612874608587,29.247250357493325],[116.618976167948119,29.236947613043718],[116.605435418100058,29.236947613043718],[116.618976167948119,29.202212646042202],[116.629573276524866,29.232237787009598],[116.630750733033395,29.246367265111928],[116.626335271126393,29.264029112739852],[116.641053477483027,29.257847466070089],[116.656360412093818,29.249016542256154],[116.66519133590775,29.239302526060754],[116.660775874000805,29.229294145738297],[116.688446101951186,29.216342124144525],[116.684030640044242,29.212221026364656],[116.678437721628725,29.208099928584833],[116.66754624892485,29.202212646042202],[116.656360412093818,29.209277385093348],[116.651356221932573,29.207511200330572],[116.648412580661272,29.200740825406548],[116.643702754627157,29.192204265719699],[116.618976167948119,29.168066407294933],[116.623685993982235,29.15040455966701],[116.638404200338812,29.152465108556932],[116.664013879399263,29.168066407294933],[116.672550439086081,29.169832592057698],[116.67461098797601,29.172776233329017],[116.677554629247311,29.173364961583271],[116.688446101951186,29.168066407294933]]]}},
{"type":"Feature","properties":{"featurecla":"Reservoir","scalerank":7,"name":"Xinanjiang Shuiku","name_abb":"Xinanjiang Sk.","name_alt":null,"note":null,"delta":null,"dam_name":null,"year":-99,"admin":null,"min_zoom":5.7,"min_label":6.7,"label":null,"wikidataid":null,"name_ar":"شينجيانغ شويكو","name_bn":"জিনজিয়াং শুইকু","name_de":"Qiandao-See","name_en":"Qiandao Lake","name_es":"Xinanjiang Shuiku","name_fr":"Lac Qiandao","name_el":"Ξινανγιάνγκ Σουικού","name_hi":"ज़िनानजियांग शुइकु","name_hu":"Hszincsiang Shuiku","name_id":"Reservoir Sungai Xin’an","name_it":"Xinanjiang Shuiku","name_ja":"新安江ダム","name_ko":"시난장 슈이쿠","name_nl":"Xin'an River Reservoir","name_pl":"Xinanjiang Shuiku","name_pt":"Xinanjiang Shuiku","name_ru":"водохранилище Синьаньцзян","name_sv":"Xinanjiang Shuiku","name_tr":"Xinanjiang Shuiku","name_vi":"Hồ chứa Thuần An Giang","name_zh":"新安江水库","ne_id":1159125639,"name_fa":"زینجیانگ شوئیکو","name_he":"שינאנג'יאנג שויקו","name_uk":"Сіндзян","name_ur":"زنگجیانگ شوئیکو","name_zht":"新安江水庫","historical_claim":false,"geometry_status":"modern_physical_reference","source_id":"source.natural_earth.lakes.10m"},"geometry":{"type":"Polygon","coordinates":[[[119.18406517177344,29.536021566209506],[119.181710258756425,29.528073734776935],[119.183182079392125,29.519831539217229],[119.186714448917655,29.511589343657562],[119.195545372731601,29.497459865555253],[119.169346965416892,29.499520414445183],[119.158455492713017,29.502169691589369],[119.153156938424672,29.498342957936647],[119.147858384136271,29.490100762376933],[119.139910552703739,29.490689490631272],[119.123426161584348,29.496282409046731],[119.110179775863458,29.497459865555243],[119.093989748871181,29.484802208088595],[119.083981368548748,29.482152930944409],[119.079565906641719,29.493927496029674],[119.073384259972002,29.503347148097898],[119.060137874251026,29.504524604606402],[119.046008396148764,29.501286599207958],[119.038354928843319,29.497459865555253],[119.027169092012272,29.507468245877707],[119.022459265978171,29.516887897945935],[119.017455075816926,29.525130093505624],[119.004503054223164,29.531606104302536],[118.989196119612288,29.531311740175411],[118.96829626658598,29.514827349056009],[118.942686587525486,29.508056974131975],[118.935916212601526,29.501875327462212],[118.930028930058839,29.495104952538203],[118.921786734499179,29.490100762376958],[118.912955810685204,29.488334577614168],[118.907068528142602,29.488334577614193],[118.900592517345672,29.489512034122697],[118.837304230012364,29.49275003952112],[118.826118393181403,29.490100762376947],[118.825235300799989,29.476854376656007],[118.830828219215519,29.461547442045223],[118.830828219215519,29.450067241087055],[118.811988915079056,29.449184148705655],[118.808456545553483,29.453893974739756],[118.803157991265081,29.463313626807974],[118.79609325221395,29.472733278876202],[118.788145420781419,29.477148740783189],[118.780491953475973,29.475676920147528],[118.761358285212395,29.468906545223486],[118.757237187432565,29.466257268079286],[118.743402073457389,29.443885594417292],[118.71278820423565,29.417981551229701],[118.682174335013997,29.403557709000239],[118.668044856911649,29.415037909958382],[118.668044856911649,29.408267535034348],[118.661863210241904,29.417687187102551],[118.651854829919444,29.421808284882417],[118.639491536579897,29.42239701313666],[118.626245150858963,29.421219556628149],[118.626245150858963,29.428578659806448],[118.646850639758199,29.432699757586267],[118.684234883903898,29.421219556628149],[118.701896731531818,29.428578659806448],[118.709844562964349,29.446829235688593],[118.699836182641889,29.461547442045223],[118.680408150251196,29.471555822367662],[118.66156884611479,29.477148740783207],[118.66156884611479,29.483919115707209],[118.675109595962837,29.482741659198656],[118.687178525175227,29.480386746181612],[118.698364362006188,29.475971284274628],[118.709550198837235,29.469495273477737],[118.714260024871351,29.472144550621909],[118.729861323609327,29.483919115707209],[118.726328954083741,29.494516224283931],[118.731627508372142,29.50099223508084],[118.757237187432565,29.510706251276194],[118.785201779510089,29.528662463031218],[118.788145420781419,29.531606104302536],[118.814638192223242,29.537787750972271],[118.861736452564287,29.565752343049809],[118.925024739897594,29.582531098296297],[118.927085288787495,29.590773293855996],[118.927379652914667,29.606080228466869],[118.925907832279009,29.62285898371335],[118.921786734499179,29.634044820544343],[118.904419250998387,29.64434756499395],[118.88440249035348,29.644053200866839],[118.840542235410865,29.630218086891634],[118.845252061444924,29.641992651976896],[118.83377186048682,29.656710858333501],[118.813755099841842,29.669662879927284],[118.771661029662027,29.681437445012531],[118.751055540762835,29.697038743750539],[118.71632057376128,29.730301890116404],[118.729272595355042,29.727652612972214],[118.74634571472869,29.717938596776861],[118.757237187432565,29.715878047886942],[118.763713198229482,29.71941041741254],[118.769011752517841,29.725592064082289],[118.776959583950372,29.730890618370641],[118.791383426179834,29.730301890116404],[118.779314496967473,29.710285129471465],[118.806101632536411,29.687913455809461],[118.847901338589111,29.669368515800166],[118.880870120827865,29.661420684367581],[118.891467229404611,29.662303776748985],[118.908834712905374,29.667602331037362],[118.918843093227849,29.668779787545876],[118.92973456593171,29.664069961511775],[118.933561299584426,29.652884124680781],[118.935033120220112,29.640226467214116],[118.938859853872827,29.630806815145899],[118.960642799280535,29.621975891331953],[118.982720108815442,29.631395543400174],[119.018043804071212,29.661420684367581],[119.000087592316163,29.670840336435813],[119.001853777078978,29.680554352631159],[119.011862157401495,29.686735999300907],[119.018043804071212,29.685264178665246],[119.023931086613857,29.679082531995512],[119.037766200589033,29.67437270596141],[119.053661863454181,29.672606521198588],[119.065142064412257,29.674961434215632],[119.05896041774254,29.688502184063722],[119.043653483131664,29.712640042488523],[119.038354928843319,29.723531515192395],[119.063670243776642,29.704986575183078],[119.074856080607603,29.699393656767565],[119.085747553311478,29.702337298038898],[119.093106656489809,29.715878047886942],[119.089574286964194,29.731479346624919],[119.071912439336302,29.764448128863663],[119.078682814260347,29.7794606993474],[119.089574286964194,29.795061998085366],[119.103409400939441,29.807425291424899],[119.116950150787503,29.812135117459015],[119.135789454923909,29.8100745685691],[119.130196536508393,29.803304193645072],[119.113417781261873,29.792707085068301],[119.09928830315954,29.778577606965996],[119.095755933633995,29.746197552981542],[119.123720525711462,29.737366629167543],[119.160221677475832,29.737366629167568],[119.181710258756425,29.730301890116404],[119.168169508908363,29.72676952059085],[119.123426161584348,29.707047124072993],[119.113417781261873,29.698804928513319],[119.065142064412257,29.64081519546837],[119.05542804821691,29.635811005307151],[119.046008396148764,29.634339184671493],[119.039532385351833,29.630806815145888],[119.038354928843319,29.620504070696292],[119.045125303767364,29.609612597992424],[119.067202613302186,29.601959130686996],[119.071912439336302,29.589007109093238],[119.078682814260347,29.580764913533539],[119.115478330151802,29.601370402432718],[119.134023270161094,29.606080228466855],[119.108119226973486,29.556627055108724],[119.108707955227771,29.53925957160795],[119.140793645085139,29.538376479226532],[119.171701878433964,29.554272142091676],[119.188186269553356,29.558687603998635],[119.195545372731601,29.548384859549035],[119.193484823841672,29.544558125896319],[119.188774997807556,29.541025756370765],[119.18406517177344,29.536021566209506]]]}},
{"type":"Feature","properties":{"featurecla":"Lake","scalerank":7,"name":null,"name_abb":null,"name_alt":null,"note":"_untitled_98","delta":null,"dam_name":null,"year":-99,"admin":null,"min_zoom":5.7,"min_label":6.7,"label":null,"wikidataid":null,"name_ar":null,"name_bn":null,"name_de":null,"name_en":null,"name_es":null,"name_fr":null,"name_el":null,"name_hi":null,"name_hu":null,"name_id":null,"name_it":null,"name_ja":null,"name_ko":null,"name_nl":null,"name_pl":null,"name_pt":null,"name_ru":null,"name_sv":null,"name_tr":null,"name_vi":null,"name_zh":null,"ne_id":1159116317,"name_fa":null,"name_he":null,"name_uk":null,"name_ur":null,"name_zht":null,"historical_claim":false,"geometry_status":"modern_physical_reference","source_id":"source.natural_earth.lakes.10m"},"geometry":{"type":"Polygon","coordinates":[[[118.839953507156579,29.630218086891634],[118.834360588741049,29.628451902128862],[118.826118393181403,29.627274445620316],[118.839953507156579,29.630218086891634]]]}},
{"type":"Feature","properties":{"featurecla":"Lake","scalerank":4,"name":"Daguan Hu","name_abb":"Daguan Hu","name_alt":null,"note":null,"delta":null,"dam_name":null,"year":-99,"admin":null,"min_zoom":4.0,"min_label":5.0,"label":null,"wikidataid":null,"name_ar":"بحيرة داغوان","name_bn":"দাগুয়ান হু","name_de":"Daguan Hu","name_en":"Daguan Lake","name_es":"Daguan Hu","name_fr":"Daguan Lake","name_el":"Νταγκουάν Χου","name_hi":"डगुआन हु","name_hu":"Daguan Hu","name_id":"Danau Daguan","name_it":"Daguan Hu","name_ja":"大官湖","name_ko":"다관 후","name_nl":"Daguan Lake","name_pl":"Jezioro Daguan","name_pt":"Lago Daguan","name_ru":"озеро Дагуан","name_sv":"Daguan Hu","name_tr":"Daguan Hu","name_vi":"Hồ Đại Quan","name_zh":"大官湖","ne_id":1159114031,"name_fa":"داگوآن هو","name_he":"דגואן","name_uk":"Дагуан Ху","name_ur":"ڈیگوان ہو","name_zht":"大官湖","historical_claim":false,"geometry_status":"modern_physical_reference","source_id":"source.natural_earth.lakes.10m"},"geometry":{"type":"Polygon","coordinates":[[[116.459725175169879,30.080889565530207],[116.443240784050488,30.064699538537987],[116.436764773253643,30.050864424562793],[116.494754506298534,30.038795495350403],[116.508589620273781,30.023194196612444],[116.517126179960556,30.003177435967476],[116.530961293935732,29.983455039449652],[116.509178348527996,29.962849550550427],[116.477975751052043,29.95078062133803],[116.442357691669088,29.948131344193847],[116.40673963228619,29.95607917562641],[116.395259431328043,29.964910099440335],[116.376125763064465,29.9869874089752],[116.365823018614876,29.989636686119418],[116.354931545911043,29.981983218813983],[116.353754089402457,29.970503017855862],[116.349338627495513,29.958434088643461],[116.331088051613349,29.948720072448104],[116.309010742078442,29.963732642931838],[116.302829095408711,29.973152295000041],[116.303712187790083,29.989636686119418],[116.29134889445055,29.986693044848106],[116.281634878255204,29.989636686119418],[116.274570139204073,29.995818332789185],[116.269565949042843,30.004060528348834],[116.276041959839745,30.007887262001546],[116.284284155399391,30.014952001052748],[116.289288345560621,30.01760127819691],[116.270154677297128,30.022899832485272],[116.258674476338967,30.014952001052748],[116.257202655703281,30.010830903272897],[116.247194275380821,30.036440582333345],[116.256319563321881,30.042622229003111],[116.255142106813381,30.066171359173634],[116.240423900456804,30.05998971250386],[116.234830982041274,30.072058641716257],[116.236597166804088,30.091192309979828],[116.243073177600991,30.107087972844948],[116.24572245474512,30.102378146810803],[116.251021009033551,30.097962684903852],[116.255142106813381,30.093547222996872],[116.25425901443198,30.10561615220929],[116.24513372649092,30.120628722692999],[116.243073177600991,30.130637103015491],[116.246899911253692,30.139173662702301],[116.255730835067666,30.135052564922461],[116.264856123008727,30.126516005235619],[116.269565949042843,30.12062872269302],[116.278396872856788,30.078534652513195],[116.286639068416434,30.05969534837676],[116.303712187790083,30.058812255995338],[116.289288345560621,30.099434505539509],[116.291937622704836,30.117390717294544],[116.310482562714128,30.126810369362779],[116.315486752875358,30.095313407759654],[116.320490943036589,30.081183929657357],[116.331088051613349,30.072941734097643],[116.334620421138936,30.086188119818576],[116.339624611300167,30.085305027437172],[116.345511893842811,30.078240288386038],[116.351399176385414,30.072941734097661],[116.386134143386982,30.058812255995338],[116.380835589098581,30.051453152817068],[116.381129953225752,30.044682777893044],[116.387605964022626,30.039972951858932],[116.399380529107873,30.038206767096113],[116.401146713870673,30.050864424562782],[116.407328360540433,30.058223527741088],[116.420869110388495,30.058812255995349],[116.420869110388495,30.066171359173651],[116.41086073006602,30.076474103623262],[116.424107115786967,30.087954304581391],[116.444123876431888,30.101200690302299],[116.461196995805537,30.093547222996861],[116.459725175169879,30.080889565530207]]]}},
{"type":"Feature","properties":{"featurecla":"Lake","scalerank":5,"name":"Po Hu","name_abb":"Po Hu","name_alt":null,"note":null,"delta":null,"dam_name":null,"year":-99,"admin":null,"min_zoom":4.7,"min_label":6.0,"label":null,"wikidataid":null,"name_ar":"بحيرة بو","name_bn":"পো হু","name_de":"Pohu Lake","name_en":"Poyang Lake","name_es":"Po Hu","name_fr":"Pohu","name_el":"Πο Χου","name_hi":"पो हु","name_hu":"Po Hu","name_id":"Po Hu","name_it":"Po Hu","name_ja":"泊湖","name_ko":"포 후","name_nl":"Pohu Lake","name_pl":"Jezioro Po","name_pt":"Lago Po","name_ru":"озеро Боху","name_sv":"Po Hu","name_tr":"Po Hu","name_vi":"Bạc Hồ","name_zh":"鄱湖","ne_id":1159114699,"name_fa":"پو هو","name_he":"אגם פה","name_uk":"По ху","name_ur":"پو ہو","name_zht":"鄱湖","historical_claim":false,"geometry_status":"modern_physical_reference","source_id":"source.natural_earth.lakes.10m"},"geometry":{"type":"Polygon","coordinates":[[[116.454720985008649,30.117390717294544],[116.445595697067589,30.124161092218579],[116.42557893642261,30.115035804277507],[116.393198882438142,30.093547222996872],[116.393198882438142,30.099434505539509],[116.398497436726458,30.108559793480588],[116.394081974819514,30.113269619514728],[116.384073594497082,30.112975255387553],[116.396436887836558,30.122983635710039],[116.40673963228619,30.126810369362779],[116.40673963228619,30.134463836668175],[116.394376338946643,30.137113113812369],[116.38377923036991,30.141234211592202],[116.37465394242885,30.147121494134847],[116.365823018614876,30.154774961440253],[116.37023848052182,30.155363689694529],[116.373182121793164,30.157129874457326],[116.375831398937351,30.159190423347244],[116.379658132590052,30.161839700491438],[116.393198882438142,30.154774961440253],[116.384662322751282,30.168021347161176],[116.371121572903235,30.175380450339496],[116.354931545911043,30.175674814466621],[116.338447154791652,30.168610075415469],[116.319607850655188,30.177440999229418],[116.317547301765259,30.182150825263513],[116.317252937638173,30.192453569713145],[116.321668399545118,30.214530879247988],[116.316075481129644,30.22365616718907],[116.296941812866066,30.22365616718908],[116.311660019222657,30.235430732274338],[116.32578949732499,30.240729286562733],[116.33726969828308,30.23749128116425],[116.344628801461397,30.22365616718907],[116.351399176385414,30.229837813858836],[116.348161170986998,30.235430732274338],[116.346689350351312,30.239551830054179],[116.344628801461397,30.250443302758054],[116.359052643690859,30.244261656088298],[116.358463915436573,30.255153128792148],[116.360524464326474,30.261629139589061],[116.36523429036059,30.266338965623167],[116.372593393538921,30.271343155784439],[116.369061024013334,30.22365616718908],[116.37789194782728,30.21953506940924],[116.387605964022626,30.212175966230959],[116.397319980217972,30.210704145595294],[116.40673963228619,30.22365616718908],[116.411743822447434,30.210409781468176],[116.41321564308312,30.194514118603028],[116.418808561498565,30.181267732882134],[116.434704224363713,30.175380450339496],[116.432938039600913,30.193336662094524],[116.430877490711012,30.201284493527083],[116.427345121185382,30.20952668908679],[116.436176044999357,30.204816863052656],[116.445595697067589,30.203933770671256],[116.454426620881534,30.203933770671245],[116.461196995805537,30.203345042417009],[116.460019539297051,30.20540559130691],[116.464435001203995,30.207760504323979],[116.470911012000897,30.209232324959633],[116.475620838034999,30.209526689086776],[116.476503930416413,30.199223944637176],[116.478858843433457,30.192159205586002],[116.485629218357474,30.18892120018754],[116.503879794239637,30.195691575111571],[116.527134560283073,30.226894172587517],[116.543324587275265,30.23660818878286],[116.542735859021036,30.220418161790633],[116.53684857647842,30.183033917644902],[116.530961293935732,30.168610075415469],[116.535671119969848,30.165372070017],[116.53802603298692,30.162428428745713],[116.540086581876835,30.158896059220108],[116.543324587275265,30.154774961440268],[116.532727478698519,30.153891869058857],[116.519481092977628,30.150065135406141],[116.508295256146582,30.144472216990685],[116.50358543011248,30.137407477939504],[116.50652907138381,30.125044184599965],[116.514182538689226,30.122689271582907],[116.524779647265973,30.12386672809145],[116.537142940605506,30.12062872269302],[116.549800598072196,30.111209070624803],[116.555393516487712,30.102378146810803],[116.551272418707811,30.095902136013915],[116.53390493520709,30.093547222996872],[116.520069821231857,30.089720489344163],[116.495931962807049,30.072058641716264],[116.482391212959044,30.066171359173634],[116.482979941213287,30.076474103623248],[116.486806674865988,30.084716299182929],[116.493577049790034,30.090603581725567],[116.50358543011248,30.093547222996872],[116.50358543011248,30.099434505539509],[116.492399593281505,30.100317597920895],[116.481508120577644,30.099728869666627],[116.470911012000897,30.097668320776719],[116.461196995805537,30.093547222996861],[116.444123876431888,30.101200690302299],[116.454720985008649,30.117390717294544]]]}},
{"type":"Feature","properties":{"featurecla":"Lake","scalerank":9,"name":"Wuchang Hu","name_abb":"Wuchang Hu","name_alt":null,"note":null,"delta":null,"dam_name":null,"year":-99,"admin":null,"min_zoom":7.0,"min_label":8.0,"label":"Wuchang Hu","wikidataid":"Q11124334","name_ar":"ووتشانغ هو","name_bn":"উচাং হু","name_de":"Wuchang Lake","name_en":"Wuchang","name_es":"Wuchang Hu","name_fr":"Lac de Wuchang","name_el":"Βουτσάνγκ Χου","name_hi":"वुचांग हु","name_hu":"Wuchang Hu","name_id":"Danau Wuchang","name_it":"Wuchang Hu","name_ja":"武昌湖","name_ko":"우창 후","name_nl":"Wuchang Lake","name_pl":"Jezioro Wuchang","name_pt":"Lago Wuchang","name_ru":"озеро Учан","name_sv":"Wuchang Hu","name_tr":"Wuchang Hu","name_vi":"Hồ Vũ Xương","name_zh":"武昌湖","ne_id":1159118831,"name_fa":"ووچانگ هو","name_he":"אגם ווצ'אנג","name_uk":"Вучангху","name_ur":"ووچانگ ہو","name_zht":"武昌湖","historical_claim":false,"geometry_status":"modern_physical_reference","source_id":"source.natural_earth.lakes.10m"},"geometry":{"type":"Polygon","coordinates":[[[116.825031056940304,30.311082312947207],[116.84092671980541,30.285472633886737],[116.839160535042595,30.281351536106886],[116.834450709008479,30.277230438327045],[116.832095795991435,30.268105150385946],[116.825619785194547,30.258979862444853],[116.812079035346486,30.261040411334818],[116.790884818193035,30.2713431557844],[116.774694791200787,30.271048791657282],[116.763803318496912,30.268399514513099],[116.743197829597705,30.257802405936356],[116.739665460072104,30.255447492919306],[116.735838726419402,30.251326395139497],[116.730540172131043,30.247499661486749],[116.723475433079841,30.244261656088298],[116.71641069402871,30.243378563706912],[116.69462774862096,30.244261656088298],[116.668723705433379,30.241906743071233],[116.657243504475218,30.237785645291432],[116.646940760025629,30.229837813858836],[116.63398873843181,30.23543073227437],[116.605141053972943,30.239551830054197],[116.591600304124881,30.244261656088298],[116.591600304124881,30.250443302758054],[116.621331080965163,30.249265846249536],[116.637815472084526,30.250443302758054],[116.649590037169801,30.255447492919316],[116.639876020974455,30.26221786784334],[116.613383249532603,30.298719019607663],[116.603963597464372,30.295481014209191],[116.568051173954359,30.297541563099141],[116.550683690453596,30.291359916429375],[116.54597386441948,30.300779568497578],[116.54597386441948,30.308433035803006],[116.55009496219931,30.314909046599897],[116.558042793631842,30.319324508506867],[116.558042793631842,30.313142861837107],[116.570700451098503,30.326094883430876],[116.613971977786889,30.324623062795236],[116.626335271126393,30.339635633278949],[116.633400010177581,30.339635633278949],[116.63398873843181,30.334925807244858],[116.635754923194625,30.332276530100664],[116.638109836211697,30.329921617083581],[116.640759113355855,30.326094883430883],[116.637815472084526,30.322562513905318],[116.633400010177581,30.313142861837125],[116.644291482881442,30.309021764057267],[116.669312433687665,30.296069742463491],[116.674316623848895,30.295186650082083],[116.67784899337444,30.298424655480527],[116.686385553061257,30.290182459920828],[116.701398123545005,30.271343155784415],[116.708462862596136,30.291359916429375],[116.715233237520181,30.291359916429361],[116.719943063554297,30.277524802454163],[116.725830346096927,30.280762807852629],[116.739665460072104,30.302251389133225],[116.74937947626745,30.309904856438688],[116.769101872785271,30.32050196501541],[116.780876437870518,30.329332888829345],[116.790296089938749,30.330804709465017],[116.801776290896896,30.324917426922379],[116.812667763600771,30.316969595489798],[116.821204323287589,30.313142861837107],[116.825031056940304,30.311082312947207]]]}},
{"type":"Feature","properties":{"featurecla":"Lake","scalerank":9,"name":null,"name_abb":null,"name_alt":null,"note":"_untitled_296","delta":null,"dam_name":null,"year":-99,"admin":null,"min_zoom":7.0,"min_label":8.0,"label":null,"wikidataid":null,"name_ar":null,"name_bn":null,"name_de":null,"name_en":null,"name_es":null,"name_fr":null,"name_el":null,"name_hi":null,"name_hu":null,"name_id":null,"name_it":null,"name_ja":null,"name_ko":null,"name_nl":null,"name_pl":null,"name_pt":null,"name_ru":null,"name_sv":null,"name_tr":null,"name_vi":null,"name_zh":null,"ne_id":1159118849,"name_fa":null,"name_he":null,"name_uk":null,"name_ur":null,"name_zht":null,"historical_claim":false,"geometry_status":"modern_physical_reference","source_id":"source.natural_earth.lakes.10m"},"geometry":{"type":"Polygon","coordinates":[[[117.112330445020817,30.394976089179732],[117.160311797743233,30.394976089179718],[117.160311797743233,30.387616986001436],[117.149420325039387,30.385850801238632],[117.141178129479655,30.382318431713045],[117.13381902630141,30.37613678504329],[117.126165558995993,30.367894589483608],[117.133524662174295,30.360241122178163],[117.124399374233178,30.358180573288251],[117.113507901529317,30.36112421455957],[117.103205157079671,30.36553967646654],[117.095551689774311,30.367894589483608],[117.081127847544849,30.368483317737851],[117.069942010713802,30.371721323136338],[117.0640547281712,30.379963518696002],[117.064643456425486,30.394976089179732],[117.057873081501441,30.394976089179732],[117.051102706577396,30.379669154568845],[117.01842828846577,30.367011497102201],[117.002532625600693,30.354059475508414],[117.008714272270424,30.338752540897563],[117.009891728778996,30.32020760088826],[117.004004446236351,30.308433035803017],[116.988991875752603,30.313142861837107],[116.987520055116988,30.312554133582832],[116.985165142099902,30.316675231362698],[116.984576413845687,30.32050196501541],[116.988991875752603,30.326094883430883],[116.979866587811543,30.335514535499126],[116.974273669396055,30.351998926618471],[116.973096212887526,30.369955138373513],[116.978983495430171,30.384084616475796],[116.989874968134018,30.392032447908374],[117.004887538617709,30.39850845870528],[117.036678864347934,30.408222474900644],[117.046981608797566,30.416170306333196],[117.066115277061101,30.419997039985894],[117.082894032307649,30.426767414909936],[117.098789695172727,30.435892702851021],[117.112919173275017,30.449727816826183],[117.121750097089048,30.45532073524172],[117.133524662174295,30.456498191750232],[117.135290846937053,30.451788365716162],[117.13381902630141,30.442368713647895],[117.135879575191339,30.432949061579709],[117.146771047895186,30.428533599672726],[117.146771047895186,30.422351953002956],[117.127048651377393,30.410577387917684],[117.119100819944833,30.403512648866524],[117.112330445020817,30.394976089179732]]]}},
{"type":"Feature","properties":{"featurecla":"Lake","scalerank":8,"name":null,"name_abb":null,"name_alt":null,"note":"_untitled_12","delta":null,"dam_name":null,"year":-99,"admin":null,"min_zoom":6.0,"min_label":7.0,"label":null,"wikidataid":null,"name_ar":null,"name_bn":null,"name_de":null,"name_en":null,"name_es":null,"name_fr":null,"name_el":null,"name_hi":null,"name_hu":null,"name_id":null,"name_it":null,"name_ja":null,"name_ko":null,"name_nl":null,"name_pl":null,"name_pt":null,"name_ru":null,"name_sv":null,"name_tr":null,"name_vi":null,"name_zh":null,"ne_id":1159117625,"name_fa":null,"name_he":null,"name_uk":null,"name_ur":null,"name_zht":null,"historical_claim":false,"geometry_status":"modern_physical_reference","source_id":"source.natural_earth.lakes.10m"},"geometry":{"type":"Polygon","coordinates":[[[119.014805798672796,31.138245510187176],[119.020987445342556,31.120583662559252],[119.011862157401495,31.103804907312771],[118.995672130409218,31.088792336829073],[118.962114619916179,31.065243206658526],[118.944452772288301,31.060827744751542],[118.928557109423195,31.064948842531404],[118.91560508782942,31.079667048887995],[118.889995408768925,31.087909244447669],[118.853494257004627,31.101744358422852],[118.834360588741049,31.119994934305037],[118.853494257004627,31.141777879712745],[118.879692664319336,31.14236660796703],[118.894705234803041,31.144427156856917],[118.901181245599957,31.151786260035241],[118.904419250998387,31.157379178450721],[118.910895261795304,31.153846808925142],[118.917960000846435,31.146782069874032],[118.921786734499179,31.14177787971277],[118.923258555134836,31.134713140661589],[118.921786734499179,31.107042912711247],[118.93385566371154,31.117934385415097],[118.942097859271257,31.154435537179388],[118.955932973246419,31.169742471790261],[118.973300456747225,31.173863569570084],[118.987724298976687,31.167681922900368],[119.014805798672796,31.138245510187176]]]}},
{"type":"Feature","properties":{"featurecla":"Lake","scalerank":4,"name":"Tai Hu","name_abb":"Tai Hu","name_alt":null,"note":null,"delta":null,"dam_name":null,"year":-99,"admin":null,"min_zoom":4.0,"min_label":5.0,"label":"Tai Hu","wikidataid":"Q140712","name_ar":"بحيرة تاي","name_bn":"তাই হু","name_de":"Tai Hu","name_en":"Tai","name_es":"Taihu","name_fr":"Tai","name_el":"Τάι Χου","name_hi":"ताइहू झील","name_hu":"Taj-tó","name_id":"Taihu","name_it":"Tai Hu","name_ja":"太湖","name_ko":"타이 호","name_nl":"Taihu","name_pl":"Tai Hu","name_pt":"Taihu","name_ru":"Тайху","name_sv":"Tai Hu","name_tr":"Tai","name_vi":"Thái","name_zh":"太湖","ne_id":1159113611,"name_fa":"رود تای","name_he":"טאיהו","name_uk":"Тайху","name_ur":"تائی ہو","name_zht":"太湖","historical_claim":false,"geometry_status":"modern_physical_reference","source_id":"source.natural_earth.lakes.10m"},"geometry":{"type":"Polygon","coordinates":[[[120.57699622136056,31.172686113061587],[120.601428443912482,31.086437423812004],[120.589653878827207,31.077017771743787],[120.542555618486119,31.056412282844583],[120.520772673078412,31.039633527598077],[120.389191908250538,30.9598608491454],[120.304120675509466,30.930130072305065],[120.213162160225792,30.920416056109744],[120.128385291611892,30.94308209389888],[120.050967526176223,30.994595816146916],[120.025357847115799,31.022266044097318],[119.962069559782492,31.067598119675566],[119.9426415273918,31.086437423812022],[119.93852042961197,31.098506353024408],[119.936754244849155,31.112635831126745],[119.935871152467783,31.138245510187176],[119.931750054687953,31.15002007527243],[119.912910750551475,31.172097384807326],[119.908789652771645,31.186521227036735],[119.905257283246101,31.211542177842968],[119.899370000703414,31.230381481979382],[119.898192544194885,31.248043329607281],[119.908789652771645,31.271298095650693],[119.917031848331376,31.290726128041392],[119.963835744545293,31.354014415374724],[119.984441233444485,31.396991577935935],[119.99857071154679,31.415830882072363],[120.018587472191768,31.429077267793264],[120.009167820123537,31.447622207802574],[120.014466374411938,31.460868593523507],[120.027712760132829,31.468816424956049],[120.042430966489405,31.47146570210025],[120.071573015075444,31.468227696701764],[120.091589775720422,31.468816424956042],[120.100420699534368,31.474409343371544],[120.105424889695598,31.490599370363782],[120.117493818908045,31.49678101703357],[120.133389481773122,31.499724658304874],[120.148990780511099,31.504728848466108],[120.16047098146926,31.515914685297108],[120.169890633537406,31.529749799272295],[120.182548291004096,31.541230000230431],[120.203448144030446,31.545939826264522],[120.200504502759145,31.538875087213381],[120.196089040852144,31.531515984035085],[120.211690339590135,31.535637081814919],[120.229057823090898,31.538286358959112],[120.240538024049059,31.53445962530639],[120.237594382777729,31.518563962441302],[120.278510996449043,31.518563962441302],[120.278510996449043,31.512382315771539],[120.268502616126568,31.506200669101741],[120.263792790092467,31.496486652906412],[120.262909697711052,31.484712087821151],[120.264381518346752,31.471465702100232],[120.257611143422707,31.471465702100232],[120.25172386088002,31.487361364965345],[120.243776029447474,31.502373935449043],[120.232590192616499,31.513559772280058],[120.216694529751422,31.51856396244132],[120.225231089438196,31.499724658304874],[120.224053632929667,31.485595180202552],[120.219343806895552,31.47323188686304],[120.207863605937391,31.428488539539003],[120.208746698318805,31.412887240801044],[120.224053632929667,31.40229013222428],[120.251135132625777,31.406411230004139],[120.28528137137306,31.423189985250644],[120.317367061230428,31.444089838276973],[120.336795093621092,31.460574229396375],[120.348569658706367,31.461457321777747],[120.369469511732675,31.457336223997906],[120.390075000631953,31.450565849073886],[120.402143929844343,31.443501110022712],[120.404498842861358,31.430843452556054],[120.391546821267582,31.402878860478541],[120.387720087614881,31.384628284596388],[120.380066620309435,31.369026985858397],[120.362404772681543,31.364317159824296],[120.342093647909451,31.364022795697167],[120.326492349171488,31.361373518552998],[120.316189604721899,31.350776409976259],[120.295584115822692,31.315452714720436],[120.292346110424219,31.30632742677939],[120.33149653933269,31.330465285204159],[120.343859832672251,31.333408926475464],[120.357400582520313,31.329582192822766],[120.361227316173029,31.321634361390224],[120.355340033630412,31.314275258211929],[120.34003309901955,31.313097801703368],[120.34503728918078,31.299557051855341],[120.336206365366806,31.291020492168517],[120.329730354569961,31.281600840100324],[120.34003309901955,31.265410813108048],[120.351807664104797,31.259229166438306],[120.364465321571473,31.257462981675502],[120.376828614911005,31.254519340404187],[120.387720087614881,31.244216595954576],[120.353868212994726,31.223611107055394],[120.380360984436606,31.217429460385606],[120.446887277168344,31.223316742928244],[120.470436407338866,31.216840732131338],[120.474557505118682,31.192702873706516],[120.427753608904766,31.143838428602681],[120.425693060014865,31.124704760339107],[120.434818347955968,31.109103461601133],[120.42127759810792,31.107337276838383],[120.403027022225743,31.111458374618174],[120.398611560318727,31.114402015889524],[120.384482082216422,31.109986553982527],[120.37005823998696,31.090852885718981],[120.357694946647428,31.086437423812022],[120.351807664104797,31.08172759777791],[120.33090781107849,31.057884103480237],[120.326492349171488,31.049053179666288],[120.33179090345989,31.038456071089556],[120.34415419679938,31.027564598385688],[120.367408962842774,31.011374571393411],[120.37623988665672,31.01637876155468],[120.385070810470708,31.016084397427548],[120.393607370157483,31.011963299647714],[120.402143929844343,31.004604196469419],[120.41480158731099,31.029625147275613],[120.444238000024157,31.069658668565506],[120.449830918439673,31.097034532388729],[120.46248857590632,31.111458374618174],[120.491336260365244,31.1161682006523],[120.523716314349713,31.113518923508114],[120.546087988011706,31.107042912711201],[120.546971080393121,31.127648401610433],[120.552563998808637,31.153846808925142],[120.562866743258212,31.173274841315855],[120.57699622136056,31.172686113061587]]]}},
{"type":"Feature","properties":{"featurecla":"Lake","scalerank":4,"name":null,"name_abb":null,"name_alt":null,"note":"_untitled_16","delta":null,"dam_name":null,"year":-99,"admin":null,"min_zoom":4.0,"min_label":5.0,"label":null,"wikidataid":null,"name_ar":null,"name_bn":null,"name_de":null,"name_en":null,"name_es":null,"name_fr":null,"name_el":null,"name_hi":null,"name_hu":null,"name_id":null,"name_it":null,"name_ja":null,"name_ko":null,"name_nl":null,"name_pl":null,"name_pt":null,"name_ru":null,"name_sv":null,"name_tr":null,"name_vi":null,"name_zh":null,"ne_id":1159113731,"name_fa":null,"name_he":null,"name_uk":null,"name_ur":null,"name_zht":null,"historical_claim":false,"geometry_status":"modern_physical_reference","source_id":"source.natural_earth.lakes.10m"},"geometry":{"type":"Polygon","coordinates":[[[114.436854893521058,30.067054451555027],[114.440975991300888,30.068526272190692],[114.440092898919502,30.06734881568218],[114.436854893521058,30.067054451555027]]]}},
{"type":"Feature","properties":{"featurecla":"Lake","scalerank":7,"name":null,"name_abb":null,"name_alt":null,"note":"_untitled_88","delta":null,"dam_name":null,"year":-99,"admin":null,"min_zoom":5.7,"min_label":6.7,"label":null,"wikidataid":null,"name_ar":null,"name_bn":null,"name_de":null,"name_en":null,"name_es":null,"name_fr":null,"name_el":null,"name_hi":null,"name_hu":null,"name_id":null,"name_it":null,"name_ja":null,"name_ko":null,"name_nl":null,"name_pl":null,"name_pt":null,"name_ru":null,"name_sv":null,"name_tr":null,"name_vi":null,"name_zh":null,"ne_id":1159116521,"name_fa":null,"name_he":null,"name_uk":null,"name_ur":null,"name_zht":null,"historical_claim":false,"geometry_status":"modern_physical_reference","source_id":"source.natural_earth.lakes.10m"},"geometry":{"type":"Polygon","coordinates":[[[115.207500178351793,30.137996206193773],[115.220452199945555,30.10708797284493],[115.21427055327581,30.108265429353491],[115.190721423105231,30.109442885861998],[115.181007406909885,30.10708797284493],[115.173059575477339,30.100317597920903],[115.161873738646364,30.08206702203876],[115.153042814832418,30.072941734097661],[115.136558423713055,30.067054451555027],[115.115069842432433,30.06676008742787],[115.095641810041741,30.07088118520776],[115.084750337337894,30.079712109021703],[115.072975772252576,30.072941734097643],[115.066499761455702,30.075591011241851],[115.060318114785886,30.082361386165871],[115.05060409859054,30.086482483945719],[115.04147881064948,30.086188119818576],[115.009098756665026,30.079712109021699],[115.00527202301231,30.080889565530207],[114.994380550308435,30.085893755691476],[114.988493267765833,30.086482483945751],[114.983194713477431,30.084127570928668],[114.974069425536371,30.075002282987576],[114.96759341473944,30.072941734097661],[114.943161192187517,30.084127570928683],[114.933152811865057,30.086482483945751],[114.919023333762709,30.085010663310072],[114.905188219787533,30.087071212199962],[114.895474203592187,30.093841587124015],[114.892824926448,30.107087972844948],[114.898417844863516,30.11268089126045],[114.90872058931312,30.117390717294544],[114.91784587725418,30.125044184599965],[114.919612062016995,30.140645483337956],[114.947576654094519,30.140645483337956],[114.947282289967347,30.117390717294544],[114.954935757272793,30.108854157607745],[114.96582722997664,30.114741440150375],[114.974952517917771,30.134463836668175],[114.977896159189072,30.12887091825268],[114.985549626494503,30.119156902057341],[114.988493267765833,30.113858347768957],[115.012925490317755,30.135346929049572],[115.04648300081071,30.137996206193773],[115.081512331939393,30.133580744286803],[115.112126201161132,30.134463836668175],[115.140679521492885,30.141822939846485],[115.17659194500294,30.146238401753468],[115.207500178351793,30.137996206193773]]]}},
{"type":"Feature","properties":{"featurecla":"Lake","scalerank":9,"name":null,"name_abb":null,"name_alt":null,"note":"_untitled_285","delta":null,"dam_name":null,"year":-99,"admin":null,"min_zoom":7.0,"min_label":8.0,"label":null,"wikidataid":null,"name_ar":null,"name_bn":null,"name_de":null,"name_en":null,"name_es":null,"name_fr":null,"name_el":null,"name_hi":null,"name_hu":null,"name_id":null,"name_it":null,"name_ja":null,"name_ko":null,"name_nl":null,"name_pl":null,"name_pt":null,"name_ru":null,"name_sv":null,"name_tr":null,"name_vi":null,"name_zh":null,"ne_id":1159119079,"name_fa":null,"name_he":null,"name_uk":null,"name_ur":null,"name_zht":null,"historical_claim":false,"geometry_status":"modern_physical_reference","source_id":"source.natural_earth.lakes.10m"},"geometry":{"type":"Polygon","coordinates":[[[114.111288168913418,30.208349232578247],[114.110699440659175,30.204816863052674],[114.110699440659175,30.209232324959633],[114.11099380478629,30.208937960832483],[114.111288168913418,30.208349232578247]]]}},
{"type":"Feature","properties":{"featurecla":"Lake","scalerank":4,"name":"Liangzi Hu","name_abb":"Liangzi Hu","name_alt":null,"note":null,"delta":null,"dam_name":null,"year":-99,"admin":null,"min_zoom":4.0,"min_label":5.0,"label":"Liangzi Hu","wikidataid":"Q7374197","name_ar":"بحيرة ليانغزي","name_bn":"লিয়াংজি হু","name_de":"Liangzi-See","name_en":"Liangzi","name_es":"Liangzi Hu","name_fr":"Lac Liangzi","name_el":"Λιανγκζί Χου","name_hi":"लिआंगज़ी हु","name_hu":"Liangzi Hu","name_id":"Liangzi","name_it":"Liangzi Hu","name_ja":"梁子湖","name_ko":"량지 후","name_nl":"Liangzi Lake","name_pl":"Jezioro Liangzi","name_pt":"Lago Liangzi","name_ru":"озеро Лянцзыху","name_sv":"Liangzi Hu","name_tr":"Liangzi Hu","name_vi":"Hồ Lương Tử","name_zh":"梁子湖","ne_id":1159114069,"name_fa":"لیانگزی هو","name_he":"אגם ליאנגזי","name_uk":"Ліангці","name_ur":"لیانگزی ہو","name_zht":"梁子湖","historical_claim":false,"geometry_status":"modern_physical_reference","source_id":"source.natural_earth.lakes.10m"},"geometry":{"type":"Polygon","coordinates":[[[114.36679623126372,30.188626836060422],[114.345602014110227,30.191276113204598],[114.330589443626536,30.18892120018754],[114.334710541406366,30.202756314162734],[114.342952736966026,30.208349232578254],[114.351783660779972,30.212764694485202],[114.357965307449774,30.22365616718908],[114.364735682373805,30.22365616718908],[114.373272242060636,30.207466140196836],[114.383280622383111,30.205994319561164],[114.392700274451272,30.214825243375145],[114.399470649375303,30.229837813858836],[114.412422670969136,30.22365616718908],[114.412422670969136,30.229837813858826],[114.406241024299334,30.236313824655753],[114.401531198265275,30.242495471325491],[114.395349551595473,30.247794025613885],[114.385635535400127,30.250443302758054],[114.391228453815643,30.263395324351869],[114.389462269052842,30.274875525309998],[114.382691894128811,30.284589541505351],[114.37150605729785,30.291359916429375],[114.411539578587735,30.270165699275879],[114.428612697961341,30.26427841673323],[114.440387263046603,30.2713431557844],[114.447452002097805,30.267810786258813],[114.453339284640435,30.266338965623156],[114.467468762742726,30.264867144987491],[114.467468762742726,30.2713431557844],[114.453928012894664,30.275169889437137],[114.443036540190803,30.282823356742529],[114.435971801139658,30.293420465319322],[114.433616888122643,30.30578375865878],[114.447157637970633,30.291359916429375],[114.453928012894664,30.298719019607653],[114.485719338624904,30.282528992615401],[114.501615001490009,30.278702258962703],[114.515155751338057,30.299602111989064],[114.546063984686896,30.294303557700694],[114.556366729136528,30.30578375865878],[114.54282597928848,30.306961215167327],[114.527224680550489,30.310493584692924],[114.513978294829556,30.315792138981301],[114.502498093871395,30.329921617083581],[114.487485523387704,30.330215981210763],[114.453928012894664,30.326094883430876],[114.441270355428003,30.328155432320806],[114.429495790342742,30.334042714863447],[114.421253594783096,30.342579274550268],[114.419781774147395,30.354059475508414],[114.427729605579955,30.366128404720769],[114.438326714156688,30.366422768847951],[114.448335094479205,30.358474937415373],[114.453928012894664,30.346700372330119],[114.458049110674551,30.369955138373513],[114.460109659564466,30.374664964407614],[114.464525121471411,30.372898779644832],[114.471589860522627,30.368777681864987],[114.478360235446587,30.366717132975094],[114.481598240845074,30.371132594882077],[114.485130610370618,30.374664964407632],[114.494255898311735,30.375548056789018],[114.522809218643488,30.374370600280482],[114.526635952296203,30.372604415517714],[114.529285229440404,30.368483317737851],[114.536055604364435,30.360241122178163],[114.53811615325435,30.354648203762704],[114.539293609762865,30.339635633278949],[114.543414707542695,30.332276530100653],[114.594045337409327,30.322856878032468],[114.608763543765917,30.31520341072704],[114.631723945682225,30.298719019607653],[114.631723945682225,30.291359916429375],[114.613179005672905,30.285766998013855],[114.604348081858973,30.27840789483556],[114.604642445986087,30.268105150385978],[114.614650826308605,30.254270036410784],[114.632312673936511,30.238374373545682],[114.639083048860527,30.229837813858836],[114.643792874894586,30.221595618299144],[114.652623798708589,30.195691575111571],[114.627014119648081,30.210704145595294],[114.613179005672905,30.21541397162942],[114.597577706934956,30.216297064010806],[114.597577706934956,30.209526689086776],[114.617005739325649,30.200695765272826],[114.622009929486879,30.158012966838722],[114.635256315207812,30.148004586516244],[114.643792874894586,30.140056755083705],[114.650268885691517,30.121217450947256],[114.653506891089933,30.098551413158116],[114.652623798708589,30.079712109021703],[114.643204146640358,30.061755897266675],[114.631723945682225,30.06440517441083],[114.622009929486879,30.078829016640292],[114.612884641545818,30.113858347768957],[114.577560946289964,30.175380450339485],[114.548713261831097,30.134758200795325],[114.537821789127236,30.133875108413928],[114.529873957694633,30.161839700491445],[114.531345778330319,30.168904439542612],[114.540176702144279,30.187449379551893],[114.543414707542695,30.195691575111571],[114.54635834881401,30.219829433536397],[114.550185082466726,30.229837813858836],[114.529285229440404,30.226894172587517],[114.515744479592342,30.218651977027836],[114.50455864276131,30.213647786866609],[114.491900985294649,30.220123797663476],[114.472767317031128,30.232487091003051],[114.471295496395442,30.21953506940924],[114.481598240845074,30.185388830661942],[114.476888414810958,30.119451266184498],[114.464819485598582,30.087954304581384],[114.440975991300888,30.068526272190692],[114.440975991300888,30.069409364572071],[114.440387263046603,30.072941734097661],[114.422136687164482,30.08206702203876],[114.440092898919502,30.114741440150375],[114.426257784944312,30.126810369362779],[114.438915442410973,30.14035111921082],[114.439504170665259,30.158601695092965],[114.429790154469913,30.173025537322452],[114.412422670969136,30.175380450339496],[114.401531198265275,30.165077705889882],[114.37150605729785,30.107087972844948],[114.364735682373805,30.107087972844948],[114.367384959517949,30.113563983641807],[114.367090595390835,30.118273809675948],[114.365618774755205,30.122394907455813],[114.364735682373805,30.126810369362779],[114.364735682373805,30.120628722692999],[114.360320220466804,30.134463836668168],[114.362380769356719,30.147121494134847],[114.369739872535035,30.159484787474376],[114.382103165874582,30.171848080813906],[114.382691894128811,30.182150825263498],[114.36679623126372,30.188626836060422]]]}},
{"type":"Feature","properties":{"featurecla":"Lake","scalerank":9,"name":null,"name_abb":null,"name_alt":null,"note":"_untitled_293","delta":null,"dam_name":null,"year":-99,"admin":null,"min_zoom":7.0,"min_label":8.0,"label":null,"wikidataid":null,"name_ar":null,"name_bn":null,"name_de":null,"name_en":null,"name_es":null,"name_fr":null,"name_el":null,"name_hi":null,"name_hu":null,"name_id":null,"name_it":null,"name_ja":null,"name_ko":null,"name_nl":null,"name_pl":null,"name_pt":null,"name_ru":null,"name_sv":null,"name_tr":null,"name_vi":null,"name_zh":null,"ne_id":1159118893,"name_fa":null,"name_he":null,"name_uk":null,"name_ur":null,"name_zht":null,"historical_claim":false,"geometry_status":"modern_physical_reference","source_id":"source.natural_earth.lakes.10m"},"geometry":{"type":"Polygon","coordinates":[[[114.646442152038773,30.243084199579776],[114.650268885691517,30.241023650689844],[114.652623798708589,30.23660818878286],[114.645264695530287,30.244261656088273],[114.646442152038773,30.243084199579776]]]}},
{"type":"Feature","properties":{"featurecla":"Lake","scalerank":8,"name":null,"name_abb":null,"name_alt":null,"note":"_untitled_6","delta":null,"dam_name":null,"year":-99,"admin":null,"min_zoom":6.0,"min_label":7.0,"label":null,"wikidataid":null,"name_ar":null,"name_bn":null,"name_de":null,"name_en":null,"name_es":null,"name_fr":null,"name_el":null,"name_hi":null,"name_hu":null,"name_id":null,"name_it":null,"name_ja":null,"name_ko":null,"name_nl":null,"name_pl":null,"name_pt":null,"name_ru":null,"name_sv":null,"name_tr":null,"name_vi":null,"name_zh":null,"ne_id":1159117733,"name_fa":null,"name_he":null,"name_uk":null,"name_ur":null,"name_zht":null,"historical_claim":false,"geometry_status":"modern_physical_reference","source_id":"source.natural_earth.lakes.10m"},"geometry":{"type":"Polygon","coordinates":[[[114.132482386066897,30.18892120018754],[114.111288168913418,30.208349232578247],[114.115409266693291,30.225716716079003],[114.126595103524267,30.234842004020102],[114.15868079338162,30.250443302758054],[114.160741342271535,30.254858764665045],[114.176048276882412,30.277819166581317],[114.179580646407942,30.281351536106865],[114.181641195297914,30.286944454522409],[114.193710124510289,30.306078122785948],[114.20018613530722,30.313142861837125],[114.219908531825013,30.322856878032461],[114.226678906749044,30.317558323744098],[114.225501450240529,30.302840117387486],[114.220791624206413,30.285178269759577],[114.216670526426583,30.278702258962703],[114.210783243883952,30.271048791657268],[114.206956510231237,30.262512231970476],[114.210194515629667,30.254270036410794],[114.219614167697898,30.247205297359631],[114.228150727384673,30.243672927834055],[114.235509830563004,30.239257465927064],[114.241691477232735,30.229837813858836],[114.227561999130444,30.229837813858826],[114.227561999130444,30.22365616718907],[114.235804194690104,30.224244895443356],[114.253171678190881,30.223067438934834],[114.261708237877727,30.22365616718908],[114.261708237877727,30.216297064010799],[114.244340754376935,30.200990129399944],[114.234038009927303,30.195985939238724],[114.220791624206413,30.195691575111571],[114.220791624206413,30.18892120018754],[114.229328183893244,30.187155015424764],[114.232566189291674,30.185094466534824],[114.235509830563004,30.18156209700923],[114.241691477232735,30.175380450339496],[114.214021249282382,30.173025537322452],[114.172221543229682,30.177146635102272],[114.132482386066897,30.18892120018754]]]}},
{"type":"Feature","properties":{"featurecla":"Lake","scalerank":9,"name":null,"name_abb":null,"name_alt":null,"note":"_untitled_295","delta":null,"dam_name":null,"year":-99,"admin":null,"min_zoom":7.0,"min_label":8.0,"label":null,"wikidataid":null,"name_ar":null,"name_bn":null,"name_de":null,"name_en":null,"name_es":null,"name_fr":null,"name_el":null,"name_hi":null,"name_hu":null,"name_id":null,"name_it":null,"name_ja":null,"name_ko":null,"name_nl":null,"name_pl":null,"name_pt":null,"name_ru":null,"name_sv":null,"name_tr":null,"name_vi":null,"name_zh":null,"ne_id":1159118857,"name_fa":null,"name_he":null,"name_uk":null,"name_ur":null,"name_zht":null,"historical_claim":false,"geometry_status":"modern_physical_reference","source_id":"source.natural_earth.lakes.10m"},"geometry":{"type":"Polygon","coordinates":[[[114.947576654094519,30.257802405936356],[114.949931567111562,30.256919313554963],[114.951992116001463,30.253975672283634],[114.952875208382864,30.25220948752083],[114.953758300764264,30.250443302758093],[114.947576654094519,30.257802405936356]]]}},
{"type":"Feature","properties":{"featurecla":"Lake","scalerank":5,"name":null,"name_abb":null,"name_alt":null,"note":"_untitled_10","delta":null,"dam_name":null,"year":-99,"admin":null,"min_zoom":4.7,"min_label":6.0,"label":null,"wikidataid":null,"name_ar":null,"name_bn":null,"name_de":null,"name_en":null,"name_es":null,"name_fr":null,"name_el":null,"name_hi":null,"name_hu":null,"name_id":null,"name_it":null,"name_ja":null,"name_ko":null,"name_nl":null,"name_pl":null,"name_pt":null,"name_ru":null,"name_sv":null,"name_tr":null,"name_vi":null,"name_zh":null,"ne_id":1159115135,"name_fa":null,"name_he":null,"name_uk":null,"name_ur":null,"name_zht":null,"historical_claim":false,"geometry_status":"modern_physical_reference","source_id":"source.natural_earth.lakes.10m"},"geometry":{"type":"Polygon","coordinates":[[[114.857501231192202,30.313142861837107],[114.859267415955017,30.301073932624714],[114.849259035632542,30.297541563099141],[114.838367562928624,30.291654280556479],[114.837778834674396,30.271343155784439],[114.83071409562325,30.271343155784439],[114.830125367368964,30.280174079598389],[114.827770454351878,30.284295177378198],[114.822177535936433,30.285178269759601],[114.813640976249587,30.285178269759577],[114.806281873071285,30.286944454522377],[114.798334041638739,30.291359916429375],[114.793918579731795,30.295775378336334],[114.796567856875924,30.298719019607653],[114.78508765591782,30.292537372937879],[114.78302710702792,30.282528992615411],[114.78803129718915,30.272226248165826],[114.796567856875924,30.264867144987516],[114.781555286392233,30.258096770063467],[114.776256732103889,30.266044601496056],[114.773018726705402,30.278702258962703],[114.765365259399957,30.285178269759601],[114.750352688916294,30.289593731666599],[114.733573933669788,30.309316128184424],[114.720916276203127,30.313142861837107],[114.739755580339533,30.279879715471225],[114.741816129229434,30.265455873241777],[114.734751390178303,30.244261656088298],[114.752707601933309,30.243967291961148],[114.763893438764342,30.238374373545675],[114.774196183213931,30.230132177985979],[114.789208753697679,30.22365616718907],[114.789208753697679,30.216297064010806],[114.775668003849603,30.20952668908679],[114.772724362578288,30.214236515120859],[114.766542715908543,30.21865197702785],[114.761832889874427,30.22365616718908],[114.75506251495041,30.20952668908679],[114.753885058441881,30.214236515120859],[114.748880868280594,30.22365616718908],[114.739755580339533,30.21953506940924],[114.732985205415503,30.213647786866616],[114.728864107635673,30.205699955434067],[114.727686651127144,30.195691575111571],[114.709730439372095,30.205111227179792],[114.679410934277556,30.233075819257273],[114.665575820302351,30.229837813858836],[114.657333624742648,30.23660818878286],[114.650268885691517,30.241023650689844],[114.649091429182988,30.253681308156501],[114.663220907285279,30.258685498317767],[114.683237667930271,30.260746047207668],[114.700605151431034,30.264867144987516],[114.700605151431034,30.271343155784415],[114.673229287607796,30.271343155784415],[114.673229287607796,30.277819166581317],[114.676761657133341,30.280762807852618],[114.682060211421742,30.287238818649509],[114.686770037455858,30.291359916429375],[114.679410934277556,30.298719019607653],[114.662337814903935,30.291359916429389],[114.662043450776764,30.301662660878975],[114.668813825700809,30.313142861837107],[114.673229287607796,30.30931612818441],[114.707375526355079,30.317852687871191],[114.71738390667754,30.322562513905293],[114.739461216212419,30.354059475508414],[114.748880868280594,30.360241122178177],[114.75005832478918,30.355531296144068],[114.75918361273024,30.346111644075833],[114.771546906069773,30.336986356134791],[114.78302710702792,30.332276530100664],[114.778022916866647,30.346406008202983],[114.78508765591782,30.352882018999875],[114.79774531338451,30.350821470109981],[114.809814242596872,30.339635633278949],[114.821883171809262,30.345817279948722],[114.825709905461977,30.341401818041774],[114.826887361970549,30.332865258354925],[114.83071409562325,30.326094883430876],[114.853674497539487,30.313731590091376],[114.857501231192202,30.313142861837107]]]}},
{"type":"Feature","properties":{"featurecla":"Lake","scalerank":9,"name":null,"name_abb":null,"name_alt":null,"note":"_untitled_294","delta":null,"dam_name":null,"year":-99,"admin":null,"min_zoom":7.0,"min_label":8.0,"label":null,"wikidataid":null,"name_ar":null,"name_bn":null,"name_de":null,"name_en":null,"name_es":null,"name_fr":null,"name_el":null,"name_hi":null,"name_hu":null,"name_id":null,"name_it":null,"name_ja":null,"name_ko":null,"name_nl":null,"name_pl":null,"name_pt":null,"name_ru":null,"name_sv":null,"name_tr":null,"name_vi":null,"name_zh":null,"ne_id":1159118887,"name_fa":null,"name_he":null,"name_uk":null,"name_ur":null,"name_zht":null,"historical_claim":false,"geometry_status":"modern_physical_reference","source_id":"source.natural_earth.lakes.10m"},"geometry":{"type":"Polygon","coordinates":[[[114.936979545517787,30.26575023736892],[114.919612062016995,30.271343155784415],[114.935213360754972,30.277524802454163],[114.954641393145678,30.278996623089846],[114.991731273164248,30.277819166581317],[115.004683294758024,30.281645900234029],[115.007038207775111,30.291948644683654],[115.007626936029354,30.307255579294488],[115.015574767461885,30.326094883430883],[115.005566387139424,30.334925807244819],[114.999384740469665,30.348760921220045],[114.996441099198364,30.364950948212279],[114.995263642689849,30.380846611077374],[115.006449479520825,30.372604415517714],[115.025877511911531,30.351115834237092],[115.046777364937881,30.339635633278949],[115.048837913827811,30.322856878032468],[115.043244995412294,30.288416275158063],[115.033530979216948,30.257213677682095],[115.009981849046426,30.245439112596802],[114.979367979824687,30.246910933232499],[114.949931567111562,30.256919313554963],[114.944044284568918,30.26221786784334],[114.936979545517787,30.26575023736892]]]}},
{"type":"Feature","properties":{"featurecla":"Lake","scalerank":9,"name":null,"name_abb":null,"name_alt":null,"note":"_untitled_292","delta":null,"dam_name":null,"year":-99,"admin":null,"min_zoom":7.0,"min_label":8.0,"label":null,"wikidataid":null,"name_ar":null,"name_bn":null,"name_de":null,"name_en":null,"name_es":null,"name_fr":null,"name_el":null,"name_hi":null,"name_hu":null,"name_id":null,"name_it":null,"name_ja":null,"name_ko":null,"name_nl":null,"name_pl":null,"name_pt":null,"name_ru":null,"name_sv":null,"name_tr":null,"name_vi":null,"name_zh":null,"ne_id":1159118911,"name_fa":null,"name_he":null,"name_uk":null,"name_ur":null,"name_zht":null,"historical_claim":false,"geometry_status":"modern_physical_reference","source_id":"source.natural_earth.lakes.10m"},"geometry":{"type":"Polygon","coordinates":[[[114.410362122079221,30.458853104767268],[114.412422670969136,30.456498191750232],[114.411539578587735,30.418819583477365],[114.405652296045105,30.387616986001436],[114.401825562392389,30.390560627272741],[114.390639725561357,30.396742273942483],[114.385635535400127,30.401157735849459],[114.379159524603267,30.382318431713067],[114.378570796348981,30.374664964407632],[114.368856780153649,30.384378980602992],[114.364441318246634,30.396742273942476],[114.362086405229604,30.409694295536323],[114.357965307449774,30.42235195300297],[114.344130193474598,30.387616986001422],[114.330883807753651,30.392032447908392],[114.316754329651303,30.377902969806101],[114.309983954727272,30.387616986001436],[114.303213579803298,30.380846611077374],[114.309100862345929,30.454143278733181],[114.316165601397074,30.477103680649474],[114.334416177279252,30.46061928953009],[114.362380769356719,30.441485621266501],[114.387990448417213,30.435892702851021],[114.399470649375303,30.460030561275815],[114.401531198265275,30.464740387309913],[114.405946660172219,30.462974202547134],[114.410362122079221,30.458853104767268]]]}},
{"type":"Feature","properties":{"featurecla":"Lake","scalerank":8,"name":null,"name_abb":null,"name_alt":null,"note":"_untitled_11","delta":null,"dam_name":null,"year":-99,"admin":null,"min_zoom":6.0,"min_label":7.0,"label":null,"wikidataid":null,"name_ar":null,"name_bn":null,"name_de":null,"name_en":null,"name_es":null,"name_fr":null,"name_el":null,"name_hi":null,"name_hu":null,"name_id":null,"name_it":null,"name_ja":null,"name_ko":null,"name_nl":null,"name_pl":null,"name_pt":null,"name_ru":null,"name_sv":null,"name_tr":null,"name_vi":null,"name_zh":null,"ne_id":1159117639,"name_fa":null,"name_he":null,"name_uk":null,"name_ur":null,"name_zht":null,"historical_claim":false,"geometry_status":"modern_physical_reference","source_id":"source.natural_earth.lakes.10m"},"geometry":{"type":"Polygon","coordinates":[[[120.860763239915457,31.429077267793271],[120.865473065949573,31.402290132224255],[120.862823788805372,31.392281751901823],[120.850754859592982,31.388160654121943],[120.843395756414679,31.387277561740575],[120.826617001168202,31.381390279197941],[120.820140990371328,31.380801550943705],[120.807483332904681,31.381979007452188],[120.75744143129225,31.375797360782439],[120.750965420495334,31.37815227379949],[120.754792154148063,31.389926838884765],[120.76450617034341,31.395519757300278],[120.775986371301542,31.399640855080097],[120.785111659242645,31.408766143021204],[120.76450617034341,31.406116865877003],[120.747727415096904,31.396991577935935],[120.717407910002336,31.37520863252816],[120.680318029983766,31.361962246807252],[120.641461965202367,31.354014415374699],[120.641461965202367,31.361373518552998],[120.650587253143428,31.362256610934356],[120.657063263940358,31.364611523951428],[120.662361818228703,31.367555165222743],[120.682084214746567,31.379035366180876],[120.690326410306227,31.381390279197934],[120.684439127763582,31.392281751901834],[120.685322220144997,31.401701403970037],[120.691209502687627,31.410237963656844],[120.700334790628688,31.4190688874708],[120.706222073171332,31.427605447157624],[120.71210935571402,31.44791657192971],[120.717407910002336,31.457041859870778],[120.737424670647314,31.470876973845989],[120.748904871605433,31.464106598921941],[120.74919923573259,31.445267294785502],[120.737424670647314,31.422306892869234],[120.724178284926381,31.406116865876971],[120.716524817620964,31.39434230079171],[120.719174094765151,31.393164844283213],[120.775692007174428,31.443795474149844],[120.783345474479873,31.463223506540562],[120.765389262724796,31.477352984642863],[120.777458191937228,31.483240267185501],[120.790410213531004,31.483240267185487],[120.813076251320126,31.477352984642849],[120.806600240523267,31.467344604320353],[120.802773506870565,31.45733622399792],[120.802184778616279,31.447327843675435],[120.805422784014695,31.436436370971553],[120.816902984972856,31.459396772887846],[120.823378995769758,31.468522060828914],[120.833387376092219,31.477352984642856],[120.829560642439503,31.45910240876071],[120.83633101736352,31.426722354776221],[120.833387376092219,31.402290132224273],[120.841629571651922,31.407294322385525],[120.848105582448795,31.413181604928155],[120.860763239915457,31.429077267793271]]]}},
{"type":"Feature","properties":{"featurecla":"Lake","scalerank":5,"name":"Shijiu Hu","name_abb":"Shijiu Hu","name_alt":null,"note":null,"delta":null,"dam_name":null,"year":-99,"admin":null,"min_zoom":4.7,"min_label":6.0,"label":"Shijiu Hu","wikidataid":"Q7374652","name_ar":"بحيرة شيجيو","name_bn":"শিজিউ হু","name_de":"Shijiu Hu","name_en":"Shijiu","name_es":"Shijiu Hu","name_fr":"Lac Shijiu","name_el":"Σιτζιού Χου","name_hi":"शिजिउ हू","name_hu":"Shijiu Hu","name_id":"Danau Shijiu","name_it":"Shijiu Hu","name_ja":"石臼湖","name_ko":"시주 후","name_nl":"Shijiu Lake","name_pl":"Jezioro Shijiu","name_pt":"Lago Shijiu","name_ru":"озеро Шицзю","name_sv":"Shijiu Hu","name_tr":"Shijiu Hu","name_vi":"Hồ Thạch Cữu","name_zh":"石臼湖","ne_id":1159115009,"name_fa":"شیو هو","name_he":"אגם שיג'יו","name_uk":"Шиджуху","name_ur":"شیجو ہو","name_zht":"石臼湖","historical_claim":false,"geometry_status":"modern_physical_reference","source_id":"source.natural_earth.lakes.10m"},"geometry":{"type":"Polygon","coordinates":[[[118.771661029662027,31.471465702100218],[118.764301926483725,31.48441772369403],[118.791383426179834,31.429077267793271],[118.794915795705435,31.40081831158864],[118.784024323001503,31.389338110630497],[118.773427214424828,31.392870480156077],[118.777842676331787,31.408766143021186],[118.75841464394108,31.423778713504888],[118.751055540762835,31.434375822081645],[118.750466812508549,31.443501110022712],[118.746640078855819,31.456158767489391],[118.738103519168988,31.47293752273589],[118.732216236626357,31.488538821473863],[118.736042970279087,31.497958473542077],[118.736042970279087,31.504728848466108],[118.757237187432565,31.504728848466108],[118.741930252821703,31.517680870059909],[118.724268405193811,31.527689250382387],[118.706017829311634,31.534753989433533],[118.688355981683756,31.538875087213381],[118.722502220430997,31.559480576112605],[118.733688057262043,31.556242570714161],[118.750172448381434,31.542113092611835],[118.785790507764318,31.532693440543625],[118.794621431578264,31.531515984035085],[118.801980534756595,31.53210471228936],[118.806395996663539,31.534165261179293],[118.815815648731757,31.542407456738982],[118.822880387782902,31.545939826264547],[118.829062034452704,31.54417364150174],[118.834360588741049,31.540346907849067],[118.839953507156579,31.538875087213381],[118.903241794489858,31.547706011027323],[118.939154217999942,31.565662222782354],[118.951811875466603,31.552415837061432],[118.96329207642475,31.512382315771539],[118.96653008182318,31.506789397356059],[118.97153427198441,31.501196478940535],[118.975361005637126,31.494131739889355],[118.976538462145641,31.48441772369403],[118.973006092620096,31.473526250990172],[118.965941353568894,31.459691137014971],[118.956521701500719,31.448210936056821],[118.945924592923987,31.443501110022712],[118.912955810685204,31.442912381768458],[118.907951620524003,31.439968740497125],[118.906185435761188,31.436436370971592],[118.894410870675912,31.40229013222428],[118.857615354784457,31.381684643325055],[118.822880387782902,31.401995768097169],[118.771661029662027,31.471465702100218]]]}},
{"type":"Feature","properties":{"featurecla":"Lake","scalerank":5,"name":"Chao Hu","name_abb":"Chao Hu","name_alt":null,"note":null,"delta":null,"dam_name":null,"year":-99,"admin":null,"min_zoom":4.7,"min_label":6.0,"label":"Chao Hu","wikidataid":"Q1062495","name_ar":"بحيرة تشاو","name_bn":"শাও হু","name_de":"Chao Hu","name_en":"Chao","name_es":"Chao","name_fr":"Chao","name_el":"Τσάο Χου","name_hi":"चाओ हु","name_hu":"Chao Hu","name_id":"Danau Chao","name_it":"Lago di Chao Hu","name_ja":"巣湖","name_ko":"차오호","name_nl":"Chao","name_pl":"Chaohu","name_pt":"Lago Chao","name_ru":"Чаоху","name_sv":"Chao Hu","name_tr":"Chao Hu","name_vi":"Sào","name_zh":"巢湖","ne_id":1159115069,"name_fa":"چائو هو","name_he":"צ'או","name_uk":"Чаоху","name_ur":"چاؤ ہو","name_zht":"巢湖","historical_claim":false,"geometry_status":"modern_physical_reference","source_id":"source.natural_earth.lakes.10m"},"geometry":{"type":"Polygon","coordinates":[[[117.95274002798169,31.526806158000991],[117.955389305125905,31.497958473542074],[117.932428903209598,31.515031592915697],[117.925658528285624,31.52415688085679],[117.928602169556939,31.531515984035085],[117.928602169556939,31.538875087213381],[117.91152905018329,31.548589103408716],[117.875322262546078,31.563601673892432],[117.846180213960068,31.583324070410242],[117.834994377129036,31.588033896444333],[117.820864899026731,31.588916988825758],[117.798493225364737,31.586856439935829],[117.778476464719759,31.59127190184282],[117.76817372027017,31.59127190184282],[117.749923144388006,31.559480576112605],[117.734321845650015,31.545056733883122],[117.700469971029861,31.522390696094057],[117.685163036418999,31.508555582118817],[117.661025177994233,31.475881164007191],[117.647484428146186,31.462340414159158],[117.625112754484178,31.455275675107995],[117.617459287178761,31.446444751294038],[117.612749461144645,31.443501110022712],[117.606273450347729,31.442323653514183],[117.595970705898139,31.443501110022712],[117.562413195405099,31.443501110022712],[117.557997733498155,31.439968740497125],[117.547989353175637,31.438496919861485],[117.500008000453192,31.452920762090937],[117.47145468012144,31.469993881464571],[117.455559017256277,31.476175528134341],[117.442018267408272,31.48412335956689],[117.434070435975684,31.497958473542077],[117.416408588347807,31.517386505932727],[117.383734170236224,31.542996184993221],[117.376375067057893,31.545939826264547],[117.359596311811416,31.548294739281591],[117.338402094657908,31.55477075007849],[117.317796605758687,31.563601673892446],[117.30425585591064,31.573021325960667],[117.288065828918391,31.611583026614898],[117.288948921299763,31.661036199973015],[117.306316404800555,31.704307726661373],[117.338990822912194,31.724030123179205],[117.360479404192816,31.720497753653618],[117.3960974635757,31.701069721262943],[117.438191533755571,31.690178248559057],[117.439368990264086,31.673988221566809],[117.432304251212926,31.653971460921863],[117.42759442517881,31.635132156785421],[117.434953528357099,31.611583026614898],[117.452026647730747,31.59686482025834],[117.474692685519855,31.588916988825751],[117.545928804285708,31.58008606501182],[117.5632962877865,31.583324070410242],[117.585373597321393,31.600397189783919],[117.622757841467092,31.642785624090848],[117.645423879256285,31.657503830447443],[117.678098297367868,31.663096748862959],[117.70665161769962,31.659858743464479],[117.846180213960068,31.607756292962204],[117.857071686663915,31.59863100502108],[117.880620816834437,31.57184386945212],[117.890334833029783,31.566250951036647],[117.913295234946062,31.561541125002513],[117.936255636862299,31.548294739281591],[117.95274002798169,31.526806158000991]]]}},
{"type":"Feature","properties":{"featurecla":"Lake","scalerank":7,"name":null,"name_abb":null,"name_alt":null,"note":"_untitled_89","delta":null,"dam_name":null,"year":-99,"admin":null,"min_zoom":5.7,"min_label":6.7,"label":null,"wikidataid":null,"name_ar":null,"name_bn":null,"name_de":null,"name_en":null,"name_es":null,"name_fr":null,"name_el":null,"name_hi":null,"name_hu":null,"name_id":null,"name_it":null,"name_ja":null,"name_ko":null,"name_nl":null,"name_pl":null,"name_pt":null,"name_ru":null,"name_sv":null,"name_tr":null,"name_vi":null,"name_zh":null,"ne_id":1159116473,"name_fa":null,"name_he":null,"name_uk":null,"name_ur":null,"name_zht":null,"historical_claim":false,"geometry_status":"modern_physical_reference","source_id":"source.natural_earth.lakes.10m"},"geometry":{"type":"Polygon","coordinates":[[[119.600001683410539,31.648967270760647],[119.60088477579194,31.621297042810227],[119.583222928164062,31.603635195182349],[119.562617439264784,31.587150804062993],[119.552314694815209,31.563012945638171],[119.545838684018278,31.559480576112598],[119.532003570043102,31.559186211985455],[119.517874091940769,31.555653842459893],[119.511398081143923,31.54240745673896],[119.510220624635394,31.526806158000969],[119.506393890982679,31.514737228788587],[119.500212244312877,31.512087951644389],[119.491086956371817,31.525334337365351],[119.48137294017647,31.54741164690018],[119.496974238914461,31.631894151386987],[119.511692445271038,31.651910912031948],[119.544366863382663,31.663096748862959],[119.579396194511347,31.662802384735816],[119.600001683410539,31.648967270760647]]]}},
{"type":"Feature","properties":{"featurecla":"Lake","scalerank":7,"name":"Ge Hu","name_abb":"Ge Hu","name_alt":null,"note":null,"delta":null,"dam_name":null,"year":-99,"admin":null,"min_zoom":5.7,"min_label":6.7,"label":"Ge Hu","wikidataid":"Q5529425","name_ar":"جي هو","name_bn":"গে হু","name_de":"Ge Hu","name_en":"Ge","name_es":"Ge Hu","name_fr":"Ge Hu","name_el":"Γκε Χου","name_hi":"गे हु","name_hu":"Ge Hu","name_id":"Danau Ge","name_it":"Ge Hu","name_ja":"ゲ湖","name_ko":"게 후","name_nl":"Ge Lake","name_pl":"Jezioro Ge","name_pt":"Lago Ge","name_ru":"озеро Ге","name_sv":"Ge Hu","name_tr":"Ge Hu","name_vi":"Hồ Cách","name_zh":"滆湖","ne_id":1159116495,"name_fa":"ژه هو","name_he":"גה","name_uk":"озеро Ге","name_ur":"گی ہو","name_zht":"滆湖","historical_claim":false,"geometry_status":"modern_physical_reference","source_id":"source.natural_earth.lakes.10m"},"geometry":{"type":"Polygon","coordinates":[[[119.8602195717949,31.648967270760647],[119.861397028303429,31.617764673284668],[119.85757029465077,31.597747912639704],[119.848445006709653,31.58067479326607],[119.832843707971676,31.559480576112605],[119.846090093692638,31.550944016425742],[119.844912637184109,31.542407456738982],[119.82607333304766,31.525334337365344],[119.819597322250729,31.521213239585478],[119.804584751767038,31.515914685297108],[119.798991833351522,31.512382315771539],[119.796636920334493,31.50767248973742],[119.794282007317406,31.495309196397898],[119.791927094300377,31.491188098618036],[119.780741257469401,31.48265153893124],[119.766611779367054,31.474703707498673],[119.751304844756191,31.469993881464571],[119.736586638399601,31.471465702100232],[119.725989529822883,31.47794171289711],[119.723634616805839,31.486183908456798],[119.730404991729884,31.512382315771539],[119.732171176492656,31.540935636103303],[119.742179556815131,31.563307309765332],[119.770732877146884,31.607756292962204],[119.798697469224393,31.68664587903347],[119.81253258319957,31.704013362534262],[119.839908447022836,31.715199199365276],[119.853154832743769,31.703424634280001],[119.858159022904999,31.678403683473789],[119.8602195717949,31.648967270760647]]]}},
{"type":"Feature","properties":{"featurecla":"Lake","scalerank":9,"name":null,"name_abb":null,"name_alt":null,"note":"_untitled_297","delta":null,"dam_name":null,"year":-99,"admin":null,"min_zoom":7.0,"min_label":8.0,"label":null,"wikidataid":null,"name_ar":null,"name_bn":null,"name_de":null,"name_en":null,"name_es":null,"name_fr":null,"name_el":null,"name_hi":null,"name_hu":null,"name_id":null,"name_it":null,"name_ja":null,"name_ko":null,"name_nl":null,"name_pl":null,"name_pt":null,"name_ru":null,"name_sv":null,"name_tr":null,"name_vi":null,"name_zh":null,"ne_id":1159118809,"name_fa":null,"name_he":null,"name_uk":null,"name_ur":null,"name_zht":null,"historical_claim":false,"geometry_status":"modern_physical_reference","source_id":"source.natural_earth.lakes.10m"},"geometry":{"type":"Polygon","coordinates":[[[116.298707997628881,32.23592934026118],[116.295764356357552,32.250353182490613],[116.300179818264496,32.262127747575896],[116.321079671290875,32.275962861551065],[116.326083861452119,32.284205057110782],[116.32490640494359,32.300100719975887],[116.336680970028866,32.289209247271998],[116.347866806859827,32.287737426636347],[116.355814638292443,32.295096529814636],[116.360524464326474,32.325710399036325],[116.364939926233504,32.333952594596013],[116.379658132590052,32.347198980316954],[116.400852349743559,32.372219931123155],[116.414687463718735,32.378401577792921],[116.430877490711012,32.371631202868898],[116.438530958016429,32.360445366037879],[116.434704224363713,32.352791898732448],[116.424695844041196,32.344844067299903],[116.413510007210206,32.333952594596013],[116.376420127191636,32.27125303551697],[116.359052643690859,32.252119367253414],[116.354048453529629,32.248881361854956],[116.342568252571482,32.239167345659638],[116.334620421138936,32.228864601210013],[116.341685160190067,32.224154775175911],[116.356697730673773,32.217973128506138],[116.356992094800944,32.203549286276676],[116.348749899241227,32.187653623411585],[116.338447154791652,32.176467786580574],[116.337858426537366,32.193246541827079],[116.328733138596306,32.201783101513918],[116.317841665892459,32.208259112310806],[116.310482562714128,32.217384400251873],[116.298707997628881,32.23592934026118]]]}},
{"type":"Feature","properties":{"featurecla":"Lake","scalerank":9,"name":null,"name_abb":null,"name_alt":null,"note":"_untitled_298","delta":null,"dam_name":null,"year":-99,"admin":null,"min_zoom":7.0,"min_label":8.0,"label":null,"wikidataid":null,"name_ar":null,"name_bn":null,"name_de":null,"name_en":null,"name_es":null,"name_fr":null,"name_el":null,"name_hi":null,"name_hu":null,"name_id":null,"name_it":null,"name_ja":null,"name_ko":null,"name_nl":null,"name_pl":null,"name_pt":null,"name_ru":null,"name_sv":null,"name_tr":null,"name_vi":null,"name_zh":null,"ne_id":1159118791,"name_fa":null,"name_he":null,"name_uk":null,"name_ur":null,"name_zht":null,"historical_claim":false,"geometry_status":"modern_physical_reference","source_id":"source.natural_earth.lakes.10m"},"geometry":{"type":"Polygon","coordinates":[[[116.947192169699861,32.393414148276747],[116.968386386853595,32.388704322242518],[116.968386386853595,32.381933947318451],[116.934534512233213,32.377518485411642],[116.927469773182096,32.374869208267349],[116.921288126512422,32.364272099690709],[116.926881044927896,32.35897354540225],[116.936300696996,32.35426371936817],[116.941304887157358,32.344255339045617],[116.937772517631728,32.335424415231728],[116.929824686199254,32.332186409833355],[116.920993762385251,32.331008953324677],[116.913929023334049,32.327182219672075],[116.90598119190156,32.315996382841028],[116.90186009412173,32.306871094899975],[116.900388273486115,32.2965683504504],[116.900093909358816,32.268309394245627],[116.898622088723172,32.26153901932161],[116.89361789856207,32.259184106304694],[116.870657496645791,32.257712285669001],[116.863887121721646,32.253885552016222],[116.837983078534208,32.217678764379002],[116.828563426465848,32.210614025327807],[116.824442328686018,32.220622405650381],[116.826208513448933,32.229747693591477],[116.830918339482992,32.240050438041088],[116.837688714407037,32.250647546617827],[116.845047817585154,32.259184106304701],[116.845342181712553,32.259478470431695],[116.851818192509327,32.270958671389963],[116.879782784586951,32.306871094899975],[116.873012409662707,32.32276675776501],[116.876250415061349,32.341017333647244],[116.89273480618067,32.374869208267349],[116.870363132518619,32.391942327641061],[116.862120936958931,32.404894349234787],[116.858588567433344,32.42343928924403],[116.889791164909312,32.481429022289028],[116.867125127120175,32.507627429603701],[116.858294203306272,32.504389424205279],[116.841515448059795,32.488199397213002],[116.827974698211605,32.477896652763441],[116.811784671219371,32.469654457203774],[116.794417187718651,32.464944631169715],[116.777344068344973,32.464355902915493],[116.816494497253629,32.489376853721637],[116.858588567433344,32.533237108664096],[116.868596947755677,32.533825836918545],[116.87860532807828,32.523817456595957],[116.89273480618067,32.505272516586722],[116.908336104918476,32.490554310230145],[116.912457202698533,32.482606478797507],[116.913929023334049,32.467593908313873],[116.911868474444063,32.46023480513567],[116.907747376664474,32.45287570195724],[116.905098099520274,32.443161685761893],[116.906569920155789,32.429620935913938],[116.915400843969678,32.41107599590454],[116.929235957945039,32.400184523200728],[116.947192169699861,32.393414148276747]]]}},
{"type":"Feature","properties":{"featurecla":"Lake","scalerank":5,"name":"Gaoyou Hu","name_abb":"Gaoyou Hu","name_alt":null,"note":null,"delta":null,"dam_name":null,"year":-99,"admin":null,"min_zoom":4.7,"min_label":6.0,"label":"Gaoyou Hu","wikidataid":"Q630331","name_ar":"بحيرة جاويو","name_bn":"গাওইউ হু","name_de":"Gaoyou Hu","name_en":"Gaoyou","name_es":"Gaoyou","name_fr":"Gaoyou Lake","name_el":"Γκαογού Χου","name_hi":"गाओउ हु","name_hu":"Gaoyou Hu","name_id":"Danau Gaoyou","name_it":"Gaoyou Hu","name_ja":"高郵湖","name_ko":"가오유 후","name_nl":"Gaoyou Lake","name_pl":"Gaoyou Hu","name_pt":"Lago Gaoyou","name_ru":"Гаоюху","name_sv":"Gaoyou Hu","name_tr":"Gaoyou Hu","name_vi":"Hồ Cao Bưu","name_zh":"高邮湖","ne_id":1159114321,"name_fa":"گائویو هو","name_he":"גאיו","name_uk":"озеро Гаою","name_ur":"گاؤیو ہو","name_zht":"高郵湖","historical_claim":false,"geometry_status":"modern_physical_reference","source_id":"source.natural_earth.lakes.10m"},"geometry":{"type":"Polygon","coordinates":[[[119.411903006173432,32.819653404363272],[119.415141011571848,32.793454997048563],[119.408370636647803,32.766079133225283],[119.4010115334695,32.752538383377249],[119.391591881401325,32.740175090037731],[119.380406044570293,32.732227258605178],[119.367454022976517,32.731344166223792],[119.35185272423854,32.740763818291981],[119.332130327720719,32.770200231005177],[119.319178306126901,32.779031154819101],[119.316529028982771,32.761369307191238],[119.306520648660253,32.741058182419131],[119.293568627066477,32.724573791299711],[119.281499697854088,32.717803416375702],[119.272668774040142,32.727517432571041],[119.250297100378148,32.746945464961776],[119.227336698461826,32.75930875830128],[119.216445225757994,32.748711649724562],[119.213795948613779,32.707795036053255],[119.207614301944048,32.690427552552492],[119.195545372731601,32.676592438577281],[119.177000432722309,32.667172786509063],[119.174645519705294,32.676298074450152],[119.172584970815365,32.692488101442372],[119.154628759060316,32.703968302400547],[119.162282226365733,32.70544012303619],[119.166403324145563,32.70720630779897],[119.169641329544064,32.70926685668892],[119.17493988383238,32.711327405578835],[119.17493988383238,32.71780341637573],[119.156100579695973,32.724573791299754],[119.14197110159364,32.738114541147802],[119.131668357144079,32.756070752902836],[119.126075438728563,32.773143872276492],[119.120776884440161,32.785801529743125],[119.124603618092863,32.79080571990437],[119.12960780825415,32.795809910065564],[119.133434541906809,32.801108464353973],[119.134023270161094,32.806995746896618],[119.129019079999864,32.818181583727601],[119.122543069202948,32.819947768490422],[119.113123417134759,32.818770311981879],[119.09928830315954,32.820830860871801],[119.082215183785934,32.832311061829927],[119.063670243776642,32.864691115814388],[119.044830939640192,32.875876952645434],[119.044830939640192,32.882058599315194],[119.066613885047957,32.883824784077973],[119.081920819658819,32.874993860264034],[119.09605029776111,32.861158746288844],[119.113417781261873,32.847912360567875],[119.116361422533217,32.862041838670216],[119.121659976821562,32.878820593916728],[119.129019079999864,32.894716256781862],[119.137555639686695,32.906196457739973],[119.14491474286497,32.91002319139271],[119.150213297153371,32.907079550121395],[119.153451302551787,32.900309175197364],[119.156100579695973,32.885296604713623],[119.160810405730089,32.881469871060894],[119.189952454316128,32.870284034229918],[119.201138291147117,32.868517849467118],[119.212029763850992,32.864102387560159],[119.226453606080455,32.851444730093498],[119.284737703252503,32.875876952645442],[119.26648712737034,32.875288224391177],[119.25912802419208,32.872933311374119],[119.250885828632349,32.868517849467139],[119.23940562767423,32.877348773281085],[119.237345078784301,32.887945881857817],[119.243232361326932,32.909434463138432],[119.242054904818417,32.915616109808205],[119.238228171165701,32.923269577113629],[119.2352845298944,32.930628680291896],[119.237050714657173,32.936810326961655],[119.243526725454103,32.93798778347022],[119.253240741649449,32.935632870453155],[119.261482937209109,32.932394865054711],[119.264426578480439,32.93003995203766],[119.275023687057157,32.9418145171229],[119.2764955076928,32.951234169191146],[119.270313861023041,32.960065093005078],[119.223509964809125,32.998921157786469],[119.255006926412207,33.012461907634538],[119.264426578480439,33.019232282558555],[119.26825331213314,33.028357570499644],[119.267075855624626,33.037482858440725],[119.267958948006026,33.046019418127521],[119.277967328328501,33.053967249560081],[119.284443339125417,33.044841961619007],[119.307403741041654,33.023647744465521],[119.315940300728471,33.019232282558534],[119.327126137559446,33.023647744465521],[119.328303594068018,33.034244853042274],[119.323888132161017,33.047785602890322],[119.30092773024478,33.096944412121317],[119.298572817227679,33.111956982605015],[119.292096806430834,33.117549901020539],[119.250885828632349,33.136094841029809],[119.243526725454103,33.137861025792603],[119.238228171165701,33.13697793341121],[119.234107073385871,33.13697793341121],[119.22969161147887,33.142276487699576],[119.230574703860285,33.146691949606549],[119.240877448309917,33.158466514691845],[119.243232361326932,33.166708710251527],[119.236461986402887,33.176128362319751],[119.22056632353781,33.176422726446852],[119.195545372731601,33.170241079777085],[119.170524421925435,33.155817237547645],[119.158455492713017,33.134328656267037],[119.154923123187487,33.106658428316642],[119.154628759060316,33.073984010205031],[119.163459682874262,33.080754385129062],[119.173173699069608,33.085169847036049],[119.183770807646354,33.087524760053107],[119.195545372731601,33.0875247600531],[119.179944073993624,33.073100917823623],[119.158455492713017,33.05749961908564],[119.135789454923909,33.044841961619007],[119.116950150787503,33.039837771457762],[119.109885411736286,33.036599766059325],[119.08780810220145,33.022470287956985],[119.075739172989017,33.019232282558534],[119.061020966632441,33.02129283144847],[119.030995825665016,33.030418119389559],[119.014805798672796,33.032478668279488],[118.981837016434042,33.044253233364742],[118.970356815475881,33.0466081463818],[118.957110429754948,33.045430689873257],[118.933561299584426,33.040132135584862],[118.921786734499179,33.039837771457762],[118.89676578369297,33.049846151780251],[118.862030816691458,33.087524760053135],[118.839953507156579,33.10135987402829],[118.874394110030934,33.101359874028269],[118.888817952260396,33.096650047994174],[118.900298153218557,33.069568548298065],[118.914721995448019,33.067507999408164],[118.945924592923987,33.073984010205059],[119.052484406945609,33.0466081463818],[119.082509547913062,33.057205254958539],[119.094578477125467,33.063681265755427],[119.108413591100643,33.065741814645349],[119.122248705075819,33.069274184170915],[119.134023270161094,33.080754385129062],[119.139027460322325,33.094000770849988],[119.152862574297501,33.15817215056471],[119.156983672077388,33.165825617870119],[119.225864877826169,33.19732257947318],[119.237050714657173,33.20497604677864],[119.237050714657173,33.211157693448385],[119.234990165767272,33.220871709643774],[119.244998546089747,33.227642084567748],[119.257950567683508,33.221754802025139],[119.268547676260269,33.169357987395713],[119.279733513091273,33.159349607073203],[119.296217904210664,33.152873596276322],[119.315940300728471,33.139038482301153],[119.318589577872672,33.131973743249958],[119.328597958195132,33.086347303544564],[119.335073968992049,33.076633287349217],[119.342138708043194,33.068096727662414],[119.346848534077296,33.060148896229869],[119.349497811221468,33.03777722256784],[119.341844343916065,33.019232282558576],[119.326243045178117,33.0039253479477],[119.305343192151724,32.991267690481024],[119.331541599466462,32.994211331752354],[119.358623099162571,33.010695722871709],[119.379522952188879,33.020409739067084],[119.388059511875738,33.002159163184913],[119.405132631249387,32.847323632313653],[119.411903006173432,32.819653404363272]]]}},
{"type":"Feature","properties":{"featurecla":"Lake","scalerank":3,"name":"Hongze Hu","name_abb":"Hongze Hu","name_alt":null,"note":null,"delta":null,"dam_name":null,"year":-99,"admin":null,"min_zoom":3.0,"min_label":4.0,"label":"Hongze Hu","wikidataid":"Q31845950","name_ar":"بحيرة هونغز","name_bn":"হংজে হু","name_de":"Hongze Hu","name_en":"Hongze Lake","name_es":"Hongze Hu","name_fr":"Lac Hongze","name_el":"Χονγκζέ Χου","name_hi":"होंग्ज़े हु","name_hu":"Hongze Hu","name_id":"Danau Hongze","name_it":"Lago Hongze","name_ja":"洪沢湖","name_ko":"홍제 후","name_nl":"Hongze Lake","name_pl":"Hongze Hu","name_pt":"Lago Hongze","name_ru":"озеро Хунцзэху","name_sv":"Hongze Hu","name_tr":"Hongze Hu","name_vi":"Hồ Hồng Trạch","name_zh":"洪泽湖","ne_id":1159113359,"name_fa":"هونگز هو","name_he":"הונגזה","name_uk":"Хонжху","name_ur":"ہونگزی ہو","name_zht":"宏澤湖","historical_claim":false,"geometry_status":"modern_physical_reference","source_id":"source.natural_earth.lakes.10m"},"geometry":{"type":"Polygon","coordinates":[[[118.652149194046558,33.190552204549192],[118.614176221646574,33.172595992794143],[118.603579113069813,33.177894547082531],[118.593276368620181,33.18554801438794],[118.578558162263633,33.183781829625154],[118.573848336229574,33.177600182955381],[118.558247037491526,33.152873596276322],[118.559130129872941,33.142570851826711],[118.564428684161342,33.127558281342999],[118.565311776542742,33.118727357529053],[118.562662499398527,33.108130248952293],[118.556775216855897,33.101948602282526],[118.549416113677594,33.09665004799416],[118.544411923516364,33.087524760053107],[118.54500065177065,33.078399472112025],[118.548827385423351,33.069274184170915],[118.550299206058995,33.058971439721326],[118.544411923516364,33.0466081463818],[118.524689526998543,33.056616526704254],[118.513798054294682,33.044841961619007],[118.499962940319506,33.009223902236059],[118.481123636183042,32.985380407938386],[118.469643435224882,32.979493125395784],[118.426077544409466,32.975666391743061],[118.409593153290075,32.97095656570896],[118.333647208490106,32.93798778347022],[118.319223366260644,32.936810326961648],[118.323344464040474,32.953000353953882],[118.315396632607928,32.955943995225205],[118.294791143708721,32.950351076809746],[118.29125877418312,32.947113071411287],[118.29037568180172,32.940048332360149],[118.288315132911819,32.932983593308968],[118.280956029733545,32.930039952037632],[118.274480018936643,32.931806136800461],[118.270064557029613,32.934749778071776],[118.266237823376912,32.936515962834576],[118.260644904961467,32.933277957436097],[118.255935078927322,32.922386484732208],[118.253285801783136,32.89088952312914],[118.25004779638472,32.882058599315201],[118.237978867172274,32.879409322170964],[118.229442307485499,32.887062789476431],[118.224732481451383,32.899131718688842],[118.222966296688583,32.909434463138439],[118.206187541442091,32.9008979034516],[118.190880606831229,32.871167126611297],[118.174690579838952,32.861747474543094],[118.173513123330466,32.877643137408256],[118.16880329729635,32.887651517730681],[118.163210378880876,32.895893713290363],[118.16085546586379,32.906196457739988],[118.167625840787821,32.917971022825242],[118.180872226508768,32.925330126003573],[118.191174970958343,32.934161049817504],[118.188820057941328,32.950351076809731],[118.200005894772289,32.949467984428331],[118.210603003349036,32.950056712682581],[118.220611383671553,32.952705989826796],[118.229147943358328,32.957710179988027],[118.204715720806405,32.971545293963239],[118.150847085541344,33.022764652084135],[118.134951422676238,33.029535027008173],[118.129064140133607,33.017171733668611],[118.126709227116535,32.985086043811272],[118.116112118539789,32.97183965809036],[118.104926281708799,32.968601652691902],[118.093446080750667,32.96742419618338],[118.081965879792506,32.960948185386478],[118.054590015969282,32.926507582512073],[118.041637994375506,32.917382294570992],[118.014850858806483,32.90472463710433],[118.003076293721236,32.895893713290363],[117.992773549271604,32.871755854865583],[117.985708810220444,32.860275653907451],[117.982765168949143,32.864985479941595],[117.9804102559321,32.877054409153942],[117.976583522279384,32.88676842534931],[117.975700429897984,32.895304985036113],[117.982765168949143,32.903252816468679],[117.975406065770855,32.895893713290363],[117.99041863625456,32.918559751079528],[118.051057646443653,32.970956565708953],[118.069602586452945,32.99362260349811],[118.083732064555321,33.017171733668611],[118.100216455674683,33.036599766059318],[118.126709227116535,33.0466081463818],[118.172630030949051,33.034244853042232],[118.242688693206389,32.972428386344596],[118.29125877418312,32.970956565708953],[118.29125877418312,32.977726940633005],[118.255051986545951,32.988618413336866],[118.230914128121142,33.026297021609707],[118.21649028589168,33.073984010205059],[118.205304449060691,33.13992157468256],[118.198534074136674,33.154639781039123],[118.184110231907184,33.161410155963125],[118.15761746046536,33.163176340725919],[118.135245786803353,33.161410155963146],[118.117289575048275,33.156111601674773],[118.085203885190936,33.142276487699611],[118.062243483274699,33.135800476902673],[118.042521086756892,33.134328656267023],[117.923597979395652,33.140804667063918],[117.90740795240346,33.136094841029816],[117.90299249049643,33.121082270546104],[117.90740795240346,33.050434880034508],[117.8968108438267,33.03807158669499],[117.871495528893377,33.028063206372501],[117.844119665070139,33.02129283144847],[117.82616345331509,33.019232282558555],[117.807324149178683,33.023647744465521],[117.786129932025176,33.033656124787996],[117.767584992015884,33.0466081463818],[117.757282247566309,33.060148896229869],[117.837643654273222,33.045430689873257],[117.877088447308893,33.050434880034508],[117.89386720255537,33.087524760053135],[117.890040468902669,33.104597879426727],[117.882092637470123,33.125792096580192],[117.877971539690293,33.147575041987956],[117.884153186360052,33.166708710251527],[117.902109398115059,33.184076193752269],[117.920359973997222,33.193201481693372],[117.940671098769329,33.196733851218923],[117.965692049575509,33.197322579473195],[117.988358087364659,33.195262030583272],[118.03104088579876,33.185253650260805],[118.051057646443653,33.183781829625175],[118.071368771215759,33.190846568676299],[118.100216455674683,33.218222432499552],[118.116406482666946,33.224109715042211],[118.15437945506693,33.227936448694884],[118.173218759203337,33.226758992186376],[118.195001704611059,33.217928068372451],[118.210603003349036,33.206153503287155],[118.219139563035867,33.194378938201865],[118.236507046536659,33.163176340725933],[118.228559215104099,33.117549901020531],[118.237684503045159,33.064858722263956],[118.260056176707181,33.018349190177162],[118.29125877418312,32.991267690481024],[118.315690996735043,32.983908587302743],[118.343066860558281,32.979493125395784],[118.369853996127304,32.979198761268641],[118.394286218679198,32.985086043811272],[118.415186071705534,33.000098614294998],[118.439029566003228,33.039837771457762],[118.456397049503991,33.060148896229869],[118.434319739969112,33.044547597491878],[118.403117142493144,33.031301211770959],[118.368970903745904,33.025708293355443],[118.338945762778451,33.032478668279488],[118.356901974533514,33.045430689873243],[118.38280601772108,33.058971439721326],[118.410181881544304,33.069568548298058],[118.456985777758234,33.08134311338334],[118.472292712369097,33.095766955612781],[118.469643435224882,33.106069700062399],[118.442561935528829,33.101359874028269],[118.485244733962872,33.137566661665502],[118.490543288251274,33.149635590877885],[118.482889820945857,33.166119981997241],[118.467582886334981,33.171712900412743],[118.431670462824897,33.170241079777085],[118.427255000917953,33.167886166760049],[118.421073354248222,33.162881976598797],[118.413714251069905,33.158172150564695],[118.404883327255959,33.155817237547645],[118.393697490424913,33.156700329929038],[118.313924811972242,33.178777639463902],[118.28713767640329,33.195262030583294],[118.24857597574902,33.201149313125903],[118.232680312883929,33.207919688049905],[118.222377568434283,33.224404079169325],[118.223555024942868,33.242654655051503],[118.228264850976927,33.261199595060774],[118.229147943358328,33.280038899197194],[118.225321209705626,33.288281094756897],[118.213252280493222,33.304765485876253],[118.209131182713406,33.313596409690206],[118.207953726204906,33.322721697631295],[118.209131182713406,33.352158110344483],[118.205598813187805,33.372469235116561],[118.199122802390889,33.389247990363067],[118.197945345882388,33.40514365322818],[118.209131182713406,33.423394229110329],[118.210014275094807,33.39454654465144],[118.231208492248257,33.348331376691732],[118.24151123669786,33.291224736028184],[118.255051986545951,33.269147426493333],[118.276540567826544,33.253251763628221],[118.304799524031182,33.238533557271644],[118.320400822769159,33.265615056967739],[118.330703567218805,33.275917801417343],[118.360139979931958,33.285337453485567],[118.380451104704036,33.308297855401861],[118.397818588204828,33.313596409690206],[118.409004425035789,33.327431523665418],[118.396641131696256,33.389542354490182],[118.411653702180004,33.403377468465351],[118.426077544409466,33.401316919575457],[118.436085924731927,33.396901457668484],[118.445505576800159,33.394252180524312],[118.456397049503991,33.396607093541348],[118.46669979395358,33.407792930372352],[118.470526527606296,33.422216772601807],[118.472292712369097,33.435757522449848],[118.476708174276098,33.44458844626385],[118.488777103488488,33.445765902772344],[118.494664386031104,33.433991337687068],[118.496724934921033,33.403377468465365],[118.492603837141203,33.390425446871589],[118.487305282852844,33.380122702421971],[118.489954559996988,33.373057963370826],[118.510265684769081,33.368936865590996],[118.518213516201627,33.385126892583202],[118.537347184465204,33.391602903380118],[118.556775216855897,33.387776169727402],[118.57502579273806,33.357751028759957],[118.595925645764396,33.350980653835933],[118.618886047680689,33.353924295107248],[118.63389861816438,33.36893686559096],[118.615353678155088,33.370408686226611],[118.603873477196942,33.380417066549107],[118.595336917510167,33.393369088142883],[118.585917265441935,33.403377468465365],[118.579735618772204,33.406026745609552],[118.542057010499306,33.412502756406461],[118.539996461609405,33.419273131330506],[118.542351374626435,33.427515326890187],[118.54087955399082,33.433991337687068],[118.518213516201627,33.458129196111862],[118.496724934921033,33.48785997295218],[118.479651815547427,33.520828755190898],[118.469937799352081,33.553797537429659],[118.46169560379235,33.618852009525767],[118.461989967919521,33.630332210483893],[118.469054706970681,33.639457498424974],[118.548238657169065,33.650054607001728],[118.558541401618697,33.652703884145893],[118.562073771144242,33.657413710180002],[118.564723048288457,33.658296802561424],[118.572376515593874,33.650054607001728],[118.57502579273806,33.642989867950533],[118.57502579273806,33.628860389848221],[118.578558162263633,33.622678743178469],[118.563839955907056,33.606783080313349],[118.558247037491526,33.602073254279247],[118.576791977500875,33.603545074914905],[118.583267988297749,33.59618597173661],[118.582384895916348,33.583233950142834],[118.578558162263633,33.567338287277721],[118.606817118468271,33.577935395854489],[118.615648042282217,33.563217189497848],[118.612998765138045,33.537018782183161],[118.606522754341157,33.512880923758381],[118.622124053079105,33.507876733597129],[118.619474775934918,33.494630347876175],[118.610055123866744,33.474907951358368],[118.606522754341157,33.451358821187853],[118.613293129265159,33.451358821187853],[118.618002955299275,33.474024858976961],[118.63301552578298,33.477557228502548],[118.668044856911649,33.464899571035893],[118.781669409984488,33.44606026689948],[118.79373833919685,33.439289891975456],[118.811988915079056,33.409853479262267],[118.819936746511587,33.399550734812671],[118.827590213817018,33.393369088142883],[118.84584078969921,33.382477615439036],[118.867035006852689,33.37335232749794],[118.876749023048035,33.367465044955303],[118.880870120827865,33.358928485268486],[118.87498283828522,33.34597646367471],[118.861442088437173,33.328608980173911],[118.846135153826296,33.313302045563091],[118.836126773503864,33.306826034766203],[118.830828219215519,33.29652329031655],[118.821114203020159,33.249130665848369],[118.815815648731757,33.23500118774605],[118.788439784908533,33.214984427101122],[118.784613051255789,33.207919688049934],[118.783729958874417,33.199383128363131],[118.778137040458901,33.174362177556901],[118.774604670933357,33.166708710251527],[118.758120279813966,33.148458134369363],[118.744285165838789,33.129618830232936],[118.738103519168988,33.10960206958795],[118.743696437584504,33.0875247600531],[118.723679676939526,33.083992390527534],[118.701013639150403,33.084581118781792],[118.685706704539541,33.079871292747669],[118.688355981683756,33.060148896229869],[118.668044856911649,33.076633287349217],[118.660685753733375,33.105775335935249],[118.669222313420235,33.13256247150423],[118.695715084862059,33.142276487699611],[118.695715084862059,33.149635590877857],[118.668633585165949,33.180838188353839],[118.652149194046558,33.190552204549192]]]}},
{"type":"Feature","properties":{"featurecla":"Lake","scalerank":9,"name":"Luoma Hu","name_abb":"Luoma Hu","name_alt":null,"note":null,"delta":null,"dam_name":null,"year":-99,"admin":null,"min_zoom":7.0,"min_label":8.0,"label":"Luoma Hu","wikidataid":"Q6704603","name_ar":"جبل ليوما","name_bn":"লুওমা হু","name_de":"Luoma Hu","name_en":"Luoma","name_es":"Luoma Hu","name_fr":"Lac Lugu","name_el":"Λουόμα Χου","name_hi":"लुओमा हू","name_hu":"Luoma Hu","name_id":"Luoma","name_it":"Luoma Hu","name_ja":"ローマ湖","name_ko":"루오마 후","name_nl":"Luoma Lake","name_pl":"Jeziora Luoma","name_pt":"Lago Luoma","name_ru":"озеро Луома","name_sv":"Luoma Hu","name_tr":"Luoma Hu","name_vi":"Hồ Lạc Mã","name_zh":"駱馬湖","ne_id":1159118773,"name_fa":"لوما هو","name_he":"לוריו","name_uk":"Луома","name_ur":"لواما ہو","name_zht":"駱馬湖","historical_claim":false,"geometry_status":"modern_physical_reference","source_id":"source.natural_earth.lakes.10m"},"geometry":{"type":"Polygon","coordinates":[[[118.265060366868383,34.098076808496096],[118.267709644012598,34.090717705317807],[118.263588546232768,34.082181145630997],[118.24769288336762,34.040381439578312],[118.23739013891803,34.023308320204677],[118.221200111925796,34.018304130043454],[118.195001704611059,34.026546325603135],[118.174396215711866,34.037437798306989],[118.156145639829674,34.050095455773665],[118.139955612837468,34.066285482765892],[118.126709227116535,34.088068428173649],[118.131419053150651,34.088362792300799],[118.134362694421952,34.090128977063564],[118.136717607438968,34.092483890080608],[118.140249976964597,34.09483880309768],[118.155851275702545,34.129868134226314],[118.16085546586379,34.136638509150373],[118.173513123330466,34.138404693913138],[118.182638411271569,34.132517411370515],[118.190880606831229,34.123392123429447],[118.20236080778939,34.116033020251145],[118.214724101128922,34.113678107234108],[118.238567595426559,34.112795014852701],[118.25004779638472,34.108673917072863],[118.265060366868383,34.098076808496096]]]}},
{"type":"Feature","properties":{"featurecla":"Lake","scalerank":5,"name":null,"name_abb":null,"name_alt":null,"note":"_untitled_8","delta":null,"dam_name":null,"year":-99,"admin":null,"min_zoom":4.7,"min_label":6.0,"label":null,"wikidataid":null,"name_ar":null,"name_bn":null,"name_de":null,"name_en":null,"name_es":null,"name_fr":null,"name_el":null,"name_hi":null,"name_hu":null,"name_id":null,"name_it":null,"name_ja":null,"name_ko":null,"name_nl":null,"name_pl":null,"name_pt":null,"name_ru":null,"name_sv":null,"name_tr":null,"name_vi":null,"name_zh":null,"ne_id":1159115185,"name_fa":null,"name_he":null,"name_uk":null,"name_ur":null,"name_zht":null,"historical_claim":false,"geometry_status":"modern_physical_reference","source_id":"source.natural_earth.lakes.10m"},"geometry":{"type":"Polygon","coordinates":[[[114.648797065055874,30.338752540897548],[114.633490130445011,30.333748350736293],[114.61788883170702,30.339635633278949],[114.621126837105479,30.341990546296024],[114.622304293613965,30.34199054629601],[114.622893021868251,30.342579274550268],[114.624659206631065,30.346700372330119],[114.597577706934956,30.346700372330119],[114.586097505976795,30.348760921220045],[114.577560946289964,30.354059475508411],[114.568435658348903,30.35670875265259],[114.557544185645042,30.361712942813799],[114.550479446593897,30.368777681864987],[114.553423087865212,30.377608605678944],[114.557249821517928,30.385850801238657],[114.551362538975241,30.390266263145623],[114.536055604364435,30.394976089179732],[114.523692311024888,30.41175484442622],[114.515744479592342,30.419113947604494],[114.505147371015596,30.422351953002956],[114.495727718947364,30.420585768240187],[114.48719115926059,30.417347762841732],[114.478654599573773,30.417053398714593],[114.467468762742726,30.422351953002945],[114.476005322429558,30.431771605071155],[114.493078441803235,30.440013800630862],[114.501909365617166,30.449727816826183],[114.506913555778397,30.44472362666497],[114.522220490389259,30.435892702851021],[114.522809218643488,30.439130708249493],[114.522220490389259,30.449727816826169],[114.545769620559781,30.426767414909936],[114.558427278026443,30.420880132367284],[114.563725832314802,30.435892702851021],[114.580504587561279,30.425295594274267],[114.58815805486671,30.405278833629314],[114.590512967883811,30.360241122178163],[114.606408630748888,30.369072045992137],[114.613473369800033,30.387911350128547],[114.614356462181433,30.409988659663455],[114.611118456783004,30.428533599672726],[114.62819157615661,30.415875942206085],[114.638788684733356,30.412343572680467],[114.647619608547302,30.418819583477365],[114.658805445378334,30.435892702850989],[114.645264695530287,30.428533599672726],[114.646736516165902,30.442074349520787],[114.648502700928702,30.44531235491921],[114.652623798708589,30.449727816826169],[114.652623798708589,30.456498191750232],[114.631723945682225,30.466212207945585],[114.621421201232593,30.468567120962653],[114.607586087257417,30.469450213344032],[114.601993168841943,30.473865675251012],[114.607880451384588,30.495648620658738],[114.604348081858973,30.504773908599823],[114.604348081858973,30.511249919396722],[114.617300103452763,30.506834457489763],[114.627602847902367,30.49712044129441],[114.635845043462055,30.487406425099067],[114.642026690131829,30.483285327319219],[114.648797065055874,30.480930414302151],[114.667342005065166,30.468861485089793],[114.673229287607796,30.463268566674277],[114.679410934277556,30.463268566674277],[114.693540412379903,30.483285327319184],[114.693540412379903,30.490644430497504],[114.679116570150441,30.494471164150209],[114.666458912683765,30.500358446692847],[114.657333624742648,30.509778098761068],[114.652623798708589,30.524201940990483],[114.662926543158164,30.521552663846343],[114.671168738717867,30.5203752073378],[114.67882220602327,30.520963935592114],[114.686770037455858,30.524201940990523],[114.688536222218616,30.508600642252532],[114.70031078730392,30.503890816218426],[114.734751390178303,30.504773908599823],[114.738872487958133,30.506540093362631],[114.740638672720948,30.5100724628882],[114.743582313992249,30.509778098761075],[114.751824509551909,30.50124153907425],[114.753296330187595,30.49505989240447],[114.75094141717058,30.488289517480467],[114.746231591136464,30.481519142556429],[114.741521765102348,30.477103680649453],[114.767131444162771,30.478575501285125],[114.778611645120932,30.476809316522324],[114.775668003849603,30.469450213344032],[114.761832889874427,30.464151659055652],[114.747703411772079,30.463562930801416],[114.735634482559718,30.460913653657208],[114.727686651127144,30.449727816826183],[114.734457026051189,30.45002218095334],[114.748292140026365,30.44913908857194],[114.75506251495041,30.449727816826183],[114.752707601933309,30.432949061579709],[114.756828699713182,30.421468860621566],[114.756534335586025,30.415581578078921],[114.741521765102348,30.414992849824674],[114.727392286999972,30.417936491095972],[114.721799368584541,30.423823773638624],[114.717678270804626,30.434126518088224],[114.707375526355079,30.449727816826169],[114.701782607939549,30.444134898410709],[114.696484053651204,30.433243425706813],[114.693540412379903,30.428533599672726],[114.696484053651204,30.429122327927011],[114.686770037455858,30.408222474900644],[114.67087437459071,30.394976089179718],[114.665575820302351,30.387616986001447],[114.664103999666693,30.379963518696002],[114.66587018442948,30.372604415517714],[114.669108189827924,30.365834040593683],[114.673229287607796,30.360241122178163],[114.662337814903935,30.349644013601452],[114.648797065055874,30.338752540897548]]]}},
{"type":"Feature","properties":{"featurecla":"Lake","scalerank":9,"name":null,"name_abb":null,"name_alt":null,"note":"_untitled_291","delta":null,"dam_name":null,"year":-99,"admin":null,"min_zoom":7.0,"min_label":8.0,"label":null,"wikidataid":null,"name_ar":null,"name_bn":null,"name_de":null,"name_en":null,"name_es":null,"name_fr":null,"name_el":null,"name_hi":null,"name_hu":null,"name_id":null,"name_it":null,"name_ja":null,"name_ko":null,"name_nl":null,"name_pl":null,"name_pt":null,"name_ru":null,"name_sv":null,"name_tr":null,"name_vi":null,"name_zh":null,"ne_id":1159118929,"name_fa":null,"name_he":null,"name_uk":null,"name_ur":null,"name_zht":null,"historical_claim":false,"geometry_status":"modern_physical_reference","source_id":"source.natural_earth.lakes.10m"},"geometry":{"type":"Polygon","coordinates":[[[114.310867047108673,30.504185180345541],[114.313221960125759,30.502124631455654],[114.310867047108673,30.498886626057178],[114.309983954727272,30.497414805421521],[114.309983954727272,30.504773908599816],[114.310867047108673,30.504185180345541]]]}},
{"type":"Feature","properties":{"featurecla":"Lake","scalerank":8,"name":null,"name_abb":null,"name_alt":null,"note":"_untitled_8","delta":null,"dam_name":null,"year":-99,"admin":null,"min_zoom":6.0,"min_label":7.0,"label":null,"wikidataid":null,"name_ar":null,"name_bn":null,"name_de":null,"name_en":null,"name_es":null,"name_fr":null,"name_el":null,"name_hi":null,"name_hu":null,"name_id":null,"name_it":null,"name_ja":null,"name_ko":null,"name_nl":null,"name_pl":null,"name_pt":null,"name_ru":null,"name_sv":null,"name_tr":null,"name_vi":null,"name_zh":null,"ne_id":1159117701,"name_fa":null,"name_he":null,"name_uk":null,"name_ur":null,"name_zht":null,"historical_claim":false,"geometry_status":"modern_physical_reference","source_id":"source.natural_earth.lakes.10m"},"geometry":{"type":"Polygon","coordinates":[[[114.405652296045105,30.576304391492801],[114.440387263046603,30.524201940990498],[114.429790154469913,30.529206131151767],[114.405652296045105,30.545690522271112],[114.403297383028018,30.549517255923796],[114.402119926519504,30.554521446085076],[114.399176285248188,30.558936907992077],[114.391817182069929,30.55952563624632],[114.386518627781527,30.556876359102105],[114.386518627781527,30.553343989576558],[114.387696084290042,30.549517255923796],[114.385635535400127,30.545690522271112],[114.368856780153649,30.530677951787414],[114.361497676975318,30.514487924795162],[114.362969497611004,30.498297897802924],[114.37150605729785,30.483285327319219],[114.357965307449774,30.469450213344032],[114.347368198873042,30.480930414302151],[114.324407796956734,30.493882435895927],[114.313221960125759,30.502124631455654],[114.317048693778474,30.507423185744017],[114.322052883939705,30.510955555269579],[114.328528894736621,30.512133011778133],[114.337359818550567,30.511249919396732],[114.328528894736621,30.523024484481986],[114.320286699176904,30.539214511474228],[114.319109242668389,30.553343989576565],[114.345602014110227,30.563941098153304],[114.378570796348981,30.593083146739325],[114.390345361434242,30.59985352166338],[114.398881921121074,30.602502798807542],[114.404180475409433,30.596321152137808],[114.405652296045105,30.576304391492801]]]}},
{"type":"Feature","properties":{"featurecla":"Lake","scalerank":9,"name":null,"name_abb":null,"name_alt":null,"note":"_untitled_290","delta":null,"dam_name":null,"year":-99,"admin":null,"min_zoom":7.0,"min_label":8.0,"label":null,"wikidataid":null,"name_ar":null,"name_bn":null,"name_de":null,"name_en":null,"name_es":null,"name_fr":null,"name_el":null,"name_hi":null,"name_hu":null,"name_id":null,"name_it":null,"name_ja":null,"name_ko":null,"name_nl":null,"name_pl":null,"name_pt":null,"name_ru":null,"name_sv":null,"name_tr":null,"name_vi":null,"name_zh":null,"ne_id":1159118947,"name_fa":null,"name_he":null,"name_uk":null,"name_ur":null,"name_zht":null,"historical_claim":false,"geometry_status":"modern_physical_reference","source_id":"source.natural_earth.lakes.10m"},"geometry":{"type":"Polygon","coordinates":[[[114.590512967883811,30.641653227716066],[114.595517158045027,30.636354673427697],[114.597577706934956,30.633999760410635],[114.590512967883811,30.641653227716066]]]}},
{"type":"Feature","properties":{"featurecla":"Lake","scalerank":5,"name":null,"name_abb":null,"name_alt":null,"note":"_untitled_9","delta":null,"dam_name":null,"year":-99,"admin":null,"min_zoom":4.7,"min_label":6.0,"label":null,"wikidataid":null,"name_ar":null,"name_bn":null,"name_de":null,"name_en":null,"name_es":null,"name_fr":null,"name_el":null,"name_hi":null,"name_hu":null,"name_id":null,"name_it":null,"name_ja":null,"name_ko":null,"name_nl":null,"name_pl":null,"name_pt":null,"name_ru":null,"name_sv":null,"name_tr":null,"name_vi":null,"name_zh":null,"ne_id":1159115153,"name_fa":null,"name_he":null,"name_uk":null,"name_ur":null,"name_zht":null,"historical_claim":false,"geometry_status":"modern_physical_reference","source_id":"source.natural_earth.lakes.10m"},"geometry":{"type":"Polygon","coordinates":[[[114.589041147248111,30.672855825192023],[114.604642445986087,30.664319265505178],[114.613473369800033,30.649306695021476],[114.611118456783004,30.633999760410635],[114.625542299012466,30.629584298503644],[114.640849233623285,30.627818113740872],[114.673229287607796,30.62781811374084],[114.673229287607796,30.633999760410635],[114.662043450776764,30.638120858190454],[114.654684347598504,30.648129238512954],[114.649091429182988,30.660786895979605],[114.642026690131829,30.672561461064866],[114.62819157615661,30.717304808388885],[114.644381603148872,30.719365357278832],[114.664398363793865,30.729079373474161],[114.673229287607796,30.730256829982707],[114.680882754913227,30.723486455058666],[114.688830586345787,30.712889346481916],[114.697367146032605,30.709651341083458],[114.707375526355079,30.724075183312909],[114.694717868888389,30.729668101728432],[114.697955874286848,30.735849748398149],[114.709141711117852,30.740853938559454],[114.720916276203127,30.743797579830744],[114.714145901279096,30.75527778078887],[114.709141711117852,30.767641074128431],[114.710024803499266,30.778238182705142],[114.720916276203127,30.784714193502047],[114.723271189220156,30.763519976348569],[114.730041564144187,30.743797579830737],[114.741521765102348,30.729668101728439],[114.75859488447594,30.724075183312941],[114.773018726705402,30.714655531244723],[114.783615835282163,30.670206548047801],[114.803632595927141,30.655782705818371],[114.776256732103889,30.644596868987378],[114.761832889874427,30.643419412478845],[114.748880868280594,30.648129238512958],[114.717678270804626,30.621636467071124],[114.675584200624826,30.609273173731559],[114.631723945682225,30.613099907384282],[114.595517158045027,30.636354673427697],[114.570201843111704,30.668734727412158],[114.589041147248111,30.672855825192023]]]}},
{"type":"Feature","properties":{"featurecla":"Lake","scalerank":9,"name":null,"name_abb":null,"name_alt":null,"note":"_untitled_289","delta":null,"dam_name":null,"year":-99,"admin":null,"min_zoom":7.0,"min_label":8.0,"label":null,"wikidataid":null,"name_ar":null,"name_bn":null,"name_de":null,"name_en":null,"name_es":null,"name_fr":null,"name_el":null,"name_hi":null,"name_hu":null,"name_id":null,"name_it":null,"name_ja":null,"name_ko":null,"name_nl":null,"name_pl":null,"name_pt":null,"name_ru":null,"name_sv":null,"name_tr":null,"name_vi":null,"name_zh":null,"ne_id":1159118965,"name_fa":null,"name_he":null,"name_uk":null,"name_ur":null,"name_zht":null,"historical_claim":false,"geometry_status":"modern_physical_reference","source_id":"source.natural_earth.lakes.10m"},"geometry":{"type":"Polygon","coordinates":[[[114.453928012894664,30.743797579830737],[114.460109659564466,30.743797579830744],[114.445980181462119,30.747624313483442],[114.437737985902459,30.757043965551659],[114.426257784944312,30.784714193502033],[114.433616888122643,30.792367660807443],[114.429201426215627,30.806202774782662],[114.434794344631143,30.808852051926831],[114.443036540190803,30.802376041129939],[114.447157637970633,30.78854092715477],[114.450984371623349,30.780887459849332],[114.459815295437295,30.776766362069491],[114.481598240845074,30.771762171908247],[114.473356045285357,30.787363470646234],[114.461287116072981,30.805908410655526],[114.45363364876755,30.826219535427651],[114.460109659564466,30.846825024326815],[114.46275893670861,30.837699736385741],[114.467174398615612,30.829751904953191],[114.473356045285357,30.823570258283429],[114.481598240845074,30.819449160503581],[114.482775697353588,30.82504207891909],[114.486896795133418,30.834461730987293],[114.488368615769105,30.840054649402791],[114.495727718947364,30.840054649402806],[114.496905175455936,30.834461730987293],[114.501909365617166,30.819449160503581],[114.514861387210942,30.827102627808998],[114.524869767533403,30.82857444844467],[114.543414707542695,30.827102627808998],[114.550185082466726,30.825336443046218],[114.555778000882242,30.82150970939351],[114.560782191043472,30.819449160503581],[114.566963837713288,30.823275894156286],[114.572851120255905,30.828868812571766],[114.577855310417135,30.830929361461713],[114.583742592959766,30.830046269080313],[114.590512967883811,30.827102627808998],[114.579327131052764,30.810323872562495],[114.554600544373741,30.80325913351135],[114.525752859914817,30.79943239985862],[114.517805028482258,30.797077486841594],[114.523103582770617,30.797960579222956],[114.533406327220234,30.797371850968712],[114.543414707542695,30.792367660807443],[114.538410517381465,30.788835291281888],[114.535761240237264,30.785891650010576],[114.533406327220234,30.782653644612122],[114.529873957694633,30.778532546832281],[114.536644332618664,30.782064916357854],[114.54223725103418,30.783536736993508],[114.556366729136528,30.784714193502033],[114.556366729136528,30.77853254683226],[114.550773810721012,30.775000177306708],[114.54223725103418,30.767641074128431],[114.536055604364435,30.764403068729948],[114.536055604364435,30.758221422060142],[114.551068174848126,30.76322561222144],[114.563725832314802,30.769112894764046],[114.576383489781449,30.771173443653996],[114.590512967883811,30.764403068729948],[114.522809218643488,30.734083563635412],[114.488957344023333,30.728785009347035],[114.453928012894664,30.743797579830737]]]}},
{"type":"Feature","properties":{"featurecla":"Lake","scalerank":9,"name":null,"name_abb":null,"name_alt":null,"note":"_untitled_288","delta":null,"dam_name":null,"year":-99,"admin":null,"min_zoom":7.0,"min_label":8.0,"label":null,"wikidataid":null,"name_ar":null,"name_bn":null,"name_de":null,"name_en":null,"name_es":null,"name_fr":null,"name_el":null,"name_hi":null,"name_hu":null,"name_id":null,"name_it":null,"name_ja":null,"name_ko":null,"name_nl":null,"name_pl":null,"name_pt":null,"name_ru":null,"name_sv":null,"name_tr":null,"name_vi":null,"name_zh":null,"ne_id":1159118983,"name_fa":null,"name_he":null,"name_uk":null,"name_ur":null,"name_zht":null,"historical_claim":false,"geometry_status":"modern_physical_reference","source_id":"source.natural_earth.lakes.10m"},"geometry":{"type":"Polygon","coordinates":[[[114.215493069918011,33.019232282558534],[114.204307233087036,33.037482858440725],[114.213726885155268,33.05396724956011],[114.24551821088545,33.070451640679444],[114.269361705183144,33.055733434322889],[114.280547542014133,33.02305901621127],[114.273188438835859,32.964186190784922],[114.268478612801744,32.956238359352383],[114.258470232479283,32.960948185386478],[114.241691477232735,32.988324049209702],[114.232566189291674,33.001570434930642],[114.215493069918011,33.019232282558534]]]}},
{"type":"Feature","properties":{"featurecla":"Lake","scalerank":9,"name":null,"name_abb":null,"name_alt":null,"note":"_untitled_287","delta":null,"dam_name":null,"year":-99,"admin":null,"min_zoom":7.0,"min_label":8.0,"label":null,"wikidataid":null,"name_ar":null,"name_bn":null,"name_de":null,"name_en":null,"name_es":null,"name_fr":null,"name_el":null,"name_hi":null,"name_hu":null,"name_id":null,"name_it":null,"name_ja":null,"name_ko":null,"name_nl":null,"name_pl":null,"name_pt":null,"name_ru":null,"name_sv":null,"name_tr":null,"name_vi":null,"name_zh":null,"ne_id":1159119001,"name_fa":null,"name_he":null,"name_uk":null,"name_ur":null,"name_zht":null,"historical_claim":false,"geometry_status":"modern_physical_reference","source_id":"source.natural_earth.lakes.10m"},"geometry":{"type":"Polygon","coordinates":[[[112.637995712619443,33.355690479870049],[112.633285886585327,33.334496262716563],[112.634463343093842,33.306826034766203],[112.629459152932611,33.282982540468531],[112.607087479270604,33.272679796018892],[112.58913126751554,33.281805083960002],[112.57676797417605,33.300055659842172],[112.563227224327989,33.313302045563091],[112.541738643047381,33.306826034766203],[112.534379539869065,33.318894963978586],[112.523782431292318,33.329197708428175],[112.510536045571428,33.337439903987878],[112.495817839214794,33.344799007166195],[112.484043274129533,33.354513023361498],[112.476389806824159,33.36687631670106],[112.474329257934187,33.381300158930529],[112.480216540476832,33.396607093541341],[112.488458736036534,33.376590332896392],[112.499938936994681,33.360400305904186],[112.515245871605487,33.34656519192896],[112.53496826812335,33.334496262716563],[112.545859740827211,33.35039192558169],[112.548509017971412,33.355690479870049],[112.548509017971412,33.341561001767722],[112.555868121149672,33.341561001767722],[112.557928670039587,33.347153920183239],[112.559989218929502,33.350391925581711],[112.561755403692302,33.354513023361527],[112.562932860200817,33.361872126539822],[112.567053957980704,33.349508833200282],[112.571175055760534,33.340972273513465],[112.576179245921765,33.333907534462305],[112.582655256718681,33.327137159538267],[112.588836903388426,33.323016061758445],[112.604143837999288,33.317423143342921],[112.610619848796148,33.313596409690199],[112.617978951974465,33.313596409690199],[112.61768458784735,33.328314616046818],[112.62003950086438,33.340383545259208],[112.626515511661296,33.349803197327418],[112.637995712619443,33.355690479870049]]]}},
{"type":"Feature","properties":{"featurecla":"Reservoir","scalerank":7,"name":"Guanting Shuiku","name_abb":"Guanting Sk.","name_alt":null,"note":null,"delta":null,"dam_name":"Guanting","year":1954,"admin":null,"min_zoom":5.7,"min_label":6.7,"label":"Guanting Shuiku","wikidataid":"Q4151226","name_ar":"خزان غوانتينغ","name_bn":"গুয়ানতিং শুইকু","name_de":"Guanting-Stausee","name_en":"Guanting Shuiku","name_es":"Guanting Shuiku","name_fr":"Guanting Reservoir","name_el":"Γκουαντίνγκ Σουικού","name_hi":"गुआंटिंग शुइकु","name_hu":"Guanting Shuiku","name_id":"Reservoir Guanting","name_it":"Guanting Shuiku","name_ja":"官庁水庫","name_ko":"관팅 슈이쿠","name_nl":"Guanting Shuiku","name_pl":"Guanting Shuiku","name_pt":"Represa de Guanting","name_ru":"Гуаньтин","name_sv":"Guanting Shuiku","name_tr":"Guanting Shuiku","name_vi":"Hồ Quan Thính","name_zh":"官厅水库","ne_id":1159125653,"name_fa":"گوآنتینگ شوئیکو","name_he":"גואנטינג שויקו","name_uk":"водосховище Гуаньтин","name_ur":"گوانٹنگ شوئیکو","name_zht":"官厅水库","historical_claim":false,"geometry_status":"modern_physical_reference","source_id":"source.natural_earth.lakes.10m"},"geometry":{"type":"Polygon","coordinates":[[[115.796522796742238,40.420429531030138],[115.800643894522068,40.411892971343278],[115.800055166267782,40.403650775783589],[115.796522796742238,40.395408580223908],[115.796522796742238,40.386283292282812],[115.783570775148476,40.375980547833223],[115.772090574190315,40.362145433858053],[115.757961096087968,40.350370868772785],[115.722343036705084,40.342717401467361],[115.636094347455483,40.311809168118515],[115.619315592208977,40.301506423668904],[115.612250853157846,40.286199489058077],[115.608129755377931,40.27383619571853],[115.587229902351623,40.237923772208468],[115.57810461441052,40.227915391885993],[115.578693342664806,40.246754696022442],[115.570745511232232,40.293558592236387],[115.581342619808993,40.303566972558862],[115.646397091905115,40.3309428363821],[115.713806477018238,40.345072314484412],[115.731468324646144,40.355080694806887],[115.796522796742238,40.420429531030138]]]}},
{"type":"Feature","properties":{"featurecla":"Lake","scalerank":9,"name":null,"name_abb":null,"name_alt":null,"note":"_untitled_274","delta":null,"dam_name":null,"year":-99,"admin":null,"min_zoom":7.0,"min_label":8.0,"label":null,"wikidataid":null,"name_ar":null,"name_bn":null,"name_de":null,"name_en":null,"name_es":null,"name_fr":null,"name_el":null,"name_hi":null,"name_hu":null,"name_id":null,"name_it":null,"name_ja":null,"name_ko":null,"name_nl":null,"name_pl":null,"name_pt":null,"name_ru":null,"name_sv":null,"name_tr":null,"name_vi":null,"name_zh":null,"ne_id":1159119519,"name_fa":null,"name_he":null,"name_uk":null,"name_ur":null,"name_zht":null,"historical_claim":false,"geometry_status":"modern_physical_reference","source_id":"source.natural_earth.lakes.10m"},"geometry":{"type":"Polygon","coordinates":[[[116.095302385780883,49.368510267578628],[116.077934902280106,49.383817202189441],[116.087648918475466,49.398535408546039],[116.118851515951405,49.401184685690247],[116.150348477554488,49.395297403147602],[116.160356857877005,49.383817202189469],[116.15123156993586,49.376458099011174],[116.123561341985521,49.36792153932435],[116.095302385780883,49.368510267578628]]]}},
{"type":"Feature","properties":{"featurecla":"Lake","scalerank":5,"name":"Weishan Hu","name_abb":"Weishan Hu","name_alt":null,"note":null,"delta":null,"dam_name":null,"year":-99,"admin":null,"min_zoom":4.7,"min_label":6.0,"label":"Weishan Hu","wikidataid":"Q839287","name_ar":"بحيرة وايشان","name_bn":"উইশান হু","name_de":"Weishan Lake","name_en":"Nansi","name_es":"Nansi","name_fr":"Lac de Weishan","name_el":"Γουεϊσάν Χου","name_hi":"वीशान हु","name_hu":"Weishan Hu","name_id":"Danau Weishan","name_it":"Weishan Hu","name_ja":"囲山湖","name_ko":"웨이산 후","name_nl":"Nansi","name_pl":"Jezioro Weishan","name_pt":"Lago Weishan","name_ru":"Наньсыху","name_sv":"Weishan Hu","name_tr":"Weishan Hu","name_vi":"Hồ Vi Sơn","name_zh":"微山湖","ne_id":1159115165,"name_fa":"ویشان هو","name_he":"אגם ווישאן","name_uk":"Вейшанху","name_ur":"ویشان ہو","name_zht":"微山湖","historical_claim":false,"geometry_status":"modern_physical_reference","source_id":"source.natural_earth.lakes.10m"},"geometry":{"type":"Polygon","coordinates":[[[117.338990822912194,34.612330938595129],[117.34281755656491,34.591431085568786],[117.340462643547838,34.579950884610646],[117.318385334012973,34.569942504288186],[117.306316404800555,34.559051031584325],[117.261867421603654,34.505476760446363],[117.260101236840924,34.499589477903726],[117.244499938102933,34.496940200759532],[117.229193003492071,34.490169825835494],[117.201817139668833,34.472507978207588],[117.196518585380431,34.486343092182786],[117.201522775541676,34.512835863624638],[117.195046764744802,34.527554069981235],[117.180328558388211,34.52402170045567],[117.169142721557208,34.536090629668045],[117.129109200267294,34.637351889401337],[117.126165558995993,34.660017927190459],[117.134113390428524,34.702700725624553],[117.134113390428524,34.723600578650924],[117.122927553597535,34.73243150246487],[117.117923363436333,34.7380244208804],[117.124693738360349,34.748915893584247],[117.134996482809925,34.755980632635378],[117.140295037098326,34.749798985965619],[117.142355585988227,34.740379333897401],[117.147654140276586,34.734492051354771],[117.156190699963403,34.732137138337706],[117.160311797743233,34.73243150246487],[117.185332748549456,34.718302024362544],[117.234197193653301,34.698579627844744],[117.256568867315309,34.684450149742361],[117.327510621954033,34.627343509078877],[117.338990822912194,34.612330938595129]]]}},
{"type":"Feature","properties":{"featurecla":"Lake","scalerank":8,"name":"Dongping Hu","name_abb":"Dongping Hu","name_alt":null,"note":null,"delta":null,"dam_name":null,"year":-99,"admin":null,"min_zoom":6.0,"min_label":7.0,"label":"Dongping Hu","wikidataid":"Q5295998","name_ar":"بحيرة دونغ بينغ","name_bn":"দংপিং হু","name_de":"Dongping Hu","name_en":"Dongping","name_es":"Dongping Hu","name_fr":"Lac Dongting","name_el":"Ντόνγκπινγκ Χου","name_hi":"डोंगपिंग हू","name_hu":"Dongping Hu","name_id":"Danau Dongping","name_it":"Dongping Hu","name_ja":"東平湖","name_ko":"동핑 후","name_nl":"Dongping Lake","name_pl":"Jezioro Dongping","name_pt":"Lago Dongping","name_ru":"озеро Дунпин","name_sv":"Dongping Hu","name_tr":"Dongping Hu","name_vi":"Hồ Đông Bình","name_zh":"东平湖","ne_id":1159117745,"name_fa":"دونگپینگ هو","name_he":"דונגפינג","name_uk":"озеро Донгпінг","name_ur":"ڈانگ پنگ ہو","name_zht":"东平湖","historical_claim":false,"geometry_status":"modern_physical_reference","source_id":"source.natural_earth.lakes.10m"},"geometry":{"type":"Polygon","coordinates":[[[116.145933015647543,36.020863286920175],[116.165655412165322,36.036464585658173],[116.177724341377768,36.064134813608561],[116.187732721700229,36.116531628237972],[116.19626928138706,36.110938709822477],[116.200979107421119,36.102990878389932],[116.207749482345136,36.082974117744975],[116.20451147694672,36.034698400895358],[116.208043846472336,36.020863286920189],[116.232770433151359,36.000846526275232],[116.240718264583919,35.989366325317107],[116.229238063625758,35.979946673248882],[116.248960460143621,35.950510260535701],[116.244839362363791,35.920779483695419],[116.225411329973099,35.904589456703171],[116.170070874072351,35.926666766238064],[116.135630271197911,35.931670956399266],[116.109431863883174,35.94462297799307],[116.105605130230458,35.979946673248882],[116.122678249604107,35.972587570070594],[116.143872466757614,35.980241037376011],[116.156235760097104,35.997902885003938],[116.145933015647543,36.020863286920175]]]}},
{"type":"Feature","properties":{"featurecla":"Reservoir","scalerank":9,"name":"Baidagang Shuiku","name_abb":"Baidagang Sk.","name_alt":null,"note":null,"delta":null,"dam_name":null,"year":-99,"admin":null,"min_zoom":7.0,"min_label":8.0,"label":"Baidagang Shuiku","wikidataid":"Q10902731","name_ar":"بيدغانغ شويكو","name_bn":"বাইদাগাং শুইকু","name_de":"Beidagang Reservoir","name_en":"Beidagang","name_es":"Baidagang Shuiku","name_fr":"Baidagang Shuiku","name_el":"Μπαϊνταγκάνγκ Σουικού","name_hi":"बैडागंग शुइकु","name_hu":"Baidagang Shuiku","name_id":"Reservoir Baidagang","name_it":"Baidagang Shuiku","name_ja":"北大港湿原","name_ko":"바이다강 슈이쿠","name_nl":"Beidagang Reservoir","name_pl":"Baidagang Shuiku","name_pt":"Represa de Baidagang","name_ru":null,"name_sv":"Beidagang Shuiku","name_tr":"Baidagang Shuiku","name_vi":"Baidagang Shuiku","name_zh":"北大港水库","ne_id":1159126037,"name_fa":"بایداگانگ شوئیکو","name_he":"באידגאנג שויקו","name_uk":"Байдаганг Шуїку","name_ur":"بیڈاگانگ شوئیکو","name_zht":"北大港水库","historical_claim":false,"geometry_status":"modern_physical_reference","source_id":"source.natural_earth.lakes.10m"},"geometry":{"type":"Polygon","coordinates":[[[117.413759311203634,38.76021585400747],[117.42759442517881,38.754917299719104],[117.393742550558684,38.714000686047811],[117.389915816905955,38.707230311123787],[117.325450073064133,38.686330458097444],[117.329276806716848,38.739904729235413],[117.332220447988149,38.754917299719104],[117.34634992609044,38.749324381303616],[117.3560639422858,38.752562386702074],[117.364600501972646,38.75903839749899],[117.376375067057893,38.762570767024535],[117.401984746118345,38.762276402897413],[117.413759311203634,38.76021585400747]]]}},
{"type":"Feature","properties":{"featurecla":"Reservoir","scalerank":9,"name":"Supung Reservoir","name_abb":"Supung Res.","name_alt":null,"note":null,"delta":null,"dam_name":"Shuifeng Dam","year":1943,"admin":null,"min_zoom":7.0,"min_label":8.0,"label":null,"wikidataid":null,"name_ar":"خزان سوبونج","name_bn":"সুপং জলাধার","name_de":"Supung-Talsperre","name_en":"Supung Lake","name_es":"Presa de Supung","name_fr":"Barrage de Supung","name_el":"Τεχνητή Λίμνη Σουπουνγκ","name_hi":"सुपुंग जलाशय","name_hu":"Supung-víztározó","name_id":"Reservoir Supung","name_it":"Serbatoio Supung","name_ja":"スピン貯水池","name_ko":"수풍 레저보어","name_nl":"Supung Reservoir","name_pl":"Zbiornik Supung","name_pt":"Represa de Supung","name_ru":"водохранилище Супхунхо","name_sv":"Supungreservoaren","name_tr":"Supung Rezervuarı","name_vi":"Hồ Supung","name_zh":"苏邦水库","ne_id":1159126073,"name_fa":"مخزن سد اسپونگ","name_he":"מאגר סופונג","name_uk":"водосховище Супунг","name_ur":"سوپنگ ریزروائر","name_zht":"水豐水庫","historical_claim":false,"geometry_status":"modern_physical_reference","source_id":"source.natural_earth.lakes.10m"},"geometry":{"type":"Polygon","coordinates":[[[125.342457075495133,40.672699587981967],[125.363356928521512,40.673582680363346],[125.358647102487396,40.668284126074958],[125.353937276453294,40.665046120676521],[125.349521814546293,40.660630658769556],[125.342162711368019,40.654154647972625],[125.331565602791258,40.636492800344747],[125.325383956121527,40.632666066692067],[125.314492483417609,40.635904072090476],[125.306544651985078,40.642085718760235],[125.298596820552518,40.645323724158715],[125.287705347848672,40.639436441616084],[125.300068641188204,40.636198436217626],[125.305661559603664,40.63178297431066],[125.305661559603664,40.625895691768001],[125.301246097696719,40.619125316843991],[125.296536271662603,40.618830952716863],[125.268866043712265,40.607056387631587],[125.26709985894945,40.605290202868808],[125.22530015289675,40.59851982794477],[125.214114316065718,40.594104366037797],[125.19085955002231,40.580857980316864],[125.164366778580487,40.574087605392847],[125.119034703002228,40.554659573002141],[125.109909415061111,40.547006105696752],[125.098723578230121,40.541707551408379],[125.027487459464226,40.522868247271923],[125.027487459464226,40.515214779966499],[125.041322573439444,40.516097872347899],[125.047504220109204,40.511682410440919],[125.050447861380505,40.504028943135467],[125.055452051541735,40.496081111702949],[125.070170257898326,40.485778367253339],[125.071347714406897,40.480774177092108],[125.061633698211551,40.474298166295206],[125.064577339482881,40.451632128506084],[125.033669106134028,40.446627938344832],[124.959194981969702,40.453987041523121],[124.97038081880072,40.465761606608368],[124.987748302301512,40.469588340261112],[125.027487459464226,40.468116519625454],[125.01689035088755,40.474592530422335],[124.985982117538697,40.486367095507589],[124.979800470868895,40.492254378050227],[124.976268101343351,40.499024752974243],[124.957428797206944,40.524045703780473],[124.911507993374371,40.550832839349461],[124.915334727027087,40.554365208875048],[124.925048743222433,40.559075034909142],[124.934468395290651,40.566434138087445],[124.938295128943366,40.578208703172685],[124.949775329901527,40.572910148884326],[124.955956976571258,40.564373589197494],[124.965965356893719,40.543179372044023],[124.973618824199164,40.537880817755642],[124.981566655631696,40.535231540611484],[124.988925758809998,40.529932986323097],[124.993341220716943,40.515214779966499],[125.002172144530917,40.526989345051781],[125.01041434009062,40.535231540611484],[125.01689035088755,40.544062464425444],[125.021305812794495,40.55701448601922],[125.029548008354197,40.551715931730847],[125.038084568040972,40.550244111095175],[125.046621127727803,40.552010295857961],[125.055452051541735,40.557014486019192],[125.051036589634791,40.564962317451752],[125.050153497253419,40.568200322850181],[125.055452051541735,40.578208703172685],[125.072819535042541,40.567022866341695],[125.09577993695882,40.567317230468831],[125.115207969349512,40.577325610791299],[125.123744529036287,40.59528182254634],[125.134930365867334,40.599402920326156],[125.204989028124658,40.612354941919968],[125.236485989727726,40.614121126682761],[125.246494370050229,40.619125316843991],[125.253559109101388,40.628250604785094],[125.257091478626933,40.639436441616084],[125.262978761169578,40.649150457811444],[125.27740260339904,40.653271555591282],[125.299774277061033,40.657098289243983],[125.342457075495133,40.672699587981967]]]}},
{"type":"Feature","properties":{"featurecla":"Lake","scalerank":9,"name":"Dalai Nur","name_abb":"Dalai Nur","name_alt":null,"note":null,"delta":null,"dam_name":null,"year":-99,"admin":null,"min_zoom":7.0,"min_label":8.0,"label":"Dalai Nur","wikidataid":"Q675467","name_ar":"بحيرة دالاي","name_bn":"দালাই নুর","name_de":"Dalai Nur","name_en":"Dalai Nur","name_es":"Dalai Nur","name_fr":"Dalinur","name_el":"Νταλάι Νουρ","name_hi":"दलाई नूर","name_hu":"Dalai Nur","name_id":"Dalai Nur","name_it":"Dalai Nur","name_ja":"ダライ・ノール","name_ko":"달라이 누르","name_nl":"Hulun Lake","name_pl":"Dalai Nur","name_pt":"Lago Dalai","name_ru":"Далай-Нур","name_sv":"Dalai Nur","name_tr":"Dalai Nur","name_vi":"Hồ Dalai Nur","name_zh":"达里诺尔","ne_id":1159119011,"name_fa":"دالایی نور","name_he":"דלאי","name_uk":"Далай-Нур","name_ur":"ڈالے نور","name_zht":"達里諾爾","historical_claim":false,"geometry_status":"modern_physical_reference","source_id":"source.natural_earth.lakes.10m"},"geometry":{"type":"Polygon","coordinates":[[[116.573055364115589,43.22395347783214],[116.468850463110982,43.228957667993377],[116.481508120577644,43.244558966731354],[116.495048870425705,43.257216624198001],[116.510944533290797,43.268108096901877],[116.530961293935732,43.278116477224359],[116.566284989191558,43.290774134690984],[116.582769380310936,43.301371243267759],[116.591600304124881,43.319033090895644],[116.584829929200836,43.316972542005736],[116.58012010316672,43.317561270260008],[116.575999005386905,43.31873872676853],[116.57099481522566,43.319033090895644],[116.599253771430298,43.357889155677057],[116.616326890803933,43.373490454415006],[116.642230933991513,43.380849557593308],[116.653711134949674,43.385559383627424],[116.660775874000805,43.387325568390231],[116.667251884797736,43.38761993251736],[116.697277025765132,43.385559383627424],[116.736427454673688,43.373490454415006],[116.701986851799248,43.353473693770077],[116.705813585451949,43.345820226464618],[116.728773987368243,43.332573840743741],[116.741726008962004,43.326686558201061],[116.756149851191466,43.315795085497207],[116.762331497861226,43.299899422632109],[116.75673857944571,43.278116477224359],[116.740842916580633,43.258099716579409],[116.719943063554297,43.246913879748384],[116.674316623848895,43.236611135298801],[116.573055364115589,43.22395347783214]]]}},
{"type":"Feature","properties":{"featurecla":"Lake","scalerank":9,"name":"Songhua Hu","name_abb":"Songhua Hu","name_alt":null,"note":null,"delta":null,"dam_name":null,"year":-99,"admin":null,"min_zoom":7.0,"min_label":8.0,"label":"Songhua Hu","wikidataid":"Q837876","name_ar":"بحيرة سونغهوا","name_bn":"সাংহুয়া হু","name_de":"Songhua Hu","name_en":"Songhua","name_es":"Songhua Hu","name_fr":"Songhua","name_el":"Σονγκούα Χου","name_hi":"सोंगहुआ हु","name_hu":"Songhua Hu","name_id":"Danau Songhua","name_it":"Songhua Hu","name_ja":"松花湖","name_ko":"쑹화호","name_nl":"Songhua Lake","name_pl":"Jezioro Songhua","name_pt":"Lago Songhua","name_ru":"озеро Сунхуа","name_sv":"Songhua Hu","name_tr":"Songhua Hu","name_vi":"Hồ Tùng Hoa","name_zh":"松花湖","ne_id":1159122817,"name_fa":"سونگچوئا هو","name_he":"אגם סונגואה","name_uk":"Шонгуаху","name_ur":"سانگ ہوا ہو","name_zht":"松花湖","historical_claim":false,"geometry_status":"modern_physical_reference","source_id":"source.natural_earth.lakes.10m"},"geometry":{"type":"Polygon","coordinates":[[[126.969407606151904,43.626054875494006],[126.987069453779796,43.627526696129657],[126.952923215032513,43.598384647543611],[126.933495182641821,43.587493174839729],[126.911417873106942,43.586610082458357],[126.920837525175173,43.568065142449051],[126.924958622955003,43.545104740532778],[126.920543161048045,43.523910523379293],[126.904941862310068,43.510664137658395],[126.899643308021666,43.540689278625827],[126.898171487386051,43.572774968483181],[126.892578568970535,43.565121501177728],[126.88904619944492,43.562472224033527],[126.877271634359658,43.558645490380847],[126.893756025479036,43.603388837704877],[126.898171487386051,43.606332478976199],[126.892578568970535,43.617812679934296],[126.883747645156589,43.620756321205619],[126.857254873714737,43.613691582154473],[126.858726694350381,43.634002706926516],[126.840770482595374,43.641067445977704],[126.821048086077511,43.632825250418023],[126.816338260043452,43.606332478976185],[126.800148233051175,43.610159212628872],[126.782780749550412,43.610159212628872],[126.770123092083736,43.615163402790117],[126.767768179066707,43.63370834279943],[126.735976853336481,43.609570484374601],[126.718020641581404,43.600445196433512],[126.707129168877529,43.606332478976185],[126.71125026665743,43.618695772315718],[126.743630320641898,43.643422358994741],[126.755404885727145,43.65490255995288],[126.742158500006212,43.661378570749825],[126.745985233658928,43.667854581546699],[126.754521793345774,43.676096777106366],[126.755404885727145,43.689048798700178],[126.748928874930257,43.696702266005566],[126.738331766353497,43.703767005056768],[126.725674108886849,43.706710646328055],[126.713310815547345,43.703178276802511],[126.708012261258943,43.694641717115658],[126.715077000310103,43.673741864089322],[126.713310815547345,43.661084206622647],[126.701536250462084,43.645482907884691],[126.695060239665168,43.652547646935837],[126.689172957122523,43.678451690123438],[126.68240258219852,43.684044608538933],[126.678870212672891,43.685516429174591],[126.677987120291519,43.687871342191634],[126.67916457680009,43.696407901878466],[126.678870212672891,43.708476831090856],[126.67916457680009,43.714069749506365],[126.68240258219852,43.71613029839628],[126.726851565395421,43.723489401574561],[126.737448673972096,43.719957032049003],[126.75717107048996,43.717602119031923],[126.801620053686818,43.751748357779199],[126.823108634967411,43.751159629524956],[126.827818461001527,43.757635640321837],[126.833705743544158,43.76116800984741],[126.851073227044935,43.764700379373025],[126.84812958577362,43.755575091431922],[126.84400848799379,43.748215988253634],[126.838709933705388,43.74291743396526],[126.842242303230989,43.745272346982318],[126.79897077654266,43.712892292997836],[126.784252570186069,43.694347352988522],[126.785430026694598,43.678451690123445],[126.796027135271345,43.67020949456375],[126.807507336229421,43.666088396783884],[126.84312539561239,43.660495478368382],[126.863436520384496,43.661084206622647],[126.870206895308513,43.658729293605596],[126.883747645156589,43.650781462173072],[126.89081238420772,43.648132185028864],[126.88992929182632,43.664616576148234],[126.896405302623236,43.673447499962194],[126.909062960089898,43.676391141233509],[126.925547351209289,43.674624956470723],[126.922309345810788,43.660495478368418],[126.929668448989105,43.651370190427293],[126.943209198837167,43.646954728520363],[126.959693589956558,43.648132185028864],[126.959693589956558,43.641067445977704],[126.948802117252683,43.639006897087782],[126.94055992169298,43.63370834279943],[126.925547351209289,43.620756321205612],[126.939088101057337,43.616929587552903],[126.969407606151904,43.626054875494006]]]}},
{"type":"Feature","properties":{"featurecla":"Lake","scalerank":3,"name":"Lake Khanka","name_abb":"L. Khanka","name_alt":"Xingkai Hu,  Ozero Khanka","note":null,"delta":null,"dam_name":null,"year":-99,"admin":"admin-0 more","min_zoom":3.0,"min_label":4.0,"label":"Lake Khanka","wikidataid":"Q201843","name_ar":"بحيرة خانكا","name_bn":"লেক খাংকা","name_de":"Chankasee","name_en":"Khanka","name_es":"Janka","name_fr":"Khanka","name_el":"Λίμνη Χάνκα","name_hi":"खानका झील","name_hu":"Hanka-tó","name_id":"Khanka","name_it":"Chanka","name_ja":"ハンカ湖","name_ko":"한카호","name_nl":"Chankameer","name_pl":"Chanka","name_pt":"Khanka","name_ru":"Ханка","name_sv":"Chanka","name_tr":"Khanka","name_vi":"Khanka","name_zh":"兴凯湖","ne_id":1159113423,"name_fa":"دریاچه خانکا","name_he":"אגם חאנקה","name_uk":"Ханка","name_ur":"جھیل کھانکا","name_zht":"興凱湖","historical_claim":false,"geometry_status":"modern_physical_reference","source_id":"source.natural_earth.lakes.10m"},"geometry":{"type":"Polygon","coordinates":[[[132.836084659886069,45.107589527347677],[132.838145208775984,45.066967277803535],[132.819011540512378,45.024578843496549],[132.742476867458151,44.924495040271772],[132.709213721092283,44.895058627558626],[132.667414015039583,44.869743312625317],[132.648574710903176,44.854730742141591],[132.640921243597745,44.836774530386549],[132.638566330580716,44.827060514191203],[132.629441042639598,44.806455025291996],[132.627086129622569,44.795563552588128],[132.629146678512484,44.78526080813851],[132.638566330580716,44.762300406222238],[132.640921243597745,44.751703297645484],[132.631207227402399,44.710492319847091],[132.604420091833447,44.683410820150954],[132.491384267014837,44.626304179487434],[132.47578296827686,44.620416896944761],[132.42986216444433,44.610702880749443],[132.418381963486183,44.603932505825391],[132.410434132053638,44.591569212485865],[132.401603208239692,44.566253897552542],[132.394244105061432,44.55241878357738],[132.385413181247486,44.542410403254898],[132.370694974890853,44.53210765880528],[132.353621855517247,44.52798656102545],[132.320653073278493,44.542410403254877],[132.282385736751394,44.548297685797529],[132.260014063089386,44.56066097913704],[132.242646579588609,44.56713698993395],[132.236170568791692,44.573318636603709],[132.232343835138977,44.585093201688991],[132.235287476410321,44.590391755977372],[132.240880394825808,44.592157940740123],[132.243529671970009,44.593335397248666],[132.244707128478524,44.602755049316869],[132.247356405622725,44.606581782969592],[132.247356405622725,44.609525424240907],[132.239997302444408,44.617178891546331],[132.231755106884748,44.622183081707554],[132.224101639579317,44.625126722978898],[132.218508721163801,44.629247820758728],[132.216448172273886,44.638078744572674],[132.224984731960717,44.643671662988176],[132.284446285641309,44.634252010919958],[132.232049471011862,44.663688423633111],[132.107533445235163,44.693713564600579],[132.065439375055348,44.729920352237741],[132.044245157901855,44.775841156070285],[132.039240967740625,44.795857916715235],[132.037474782977824,44.816757769741585],[132.104001075709562,44.859734932302828],[132.120191102701824,44.867682763735424],[132.109299629997963,44.905655736135373],[132.114598184286308,44.949221626950823],[132.114303820159193,44.99131569713068],[132.086044863954555,45.024578843496556],[132.061612641402633,45.031643582547744],[132.034531141706509,45.035764680327539],[132.012453832171616,45.045478696522906],[132.003328544230556,45.069322190820579],[132.012453832171616,45.090516407974064],[132.030115679799565,45.10170224480504],[132.04130151663054,45.112888081636044],[132.030704408053822,45.134376662916672],[132.022756576621248,45.142030130222068],[132.015397473442931,45.147034320383348],[132.008921462646072,45.152627238798829],[132.003328544230556,45.161752526739917],[132.001562359467755,45.171760907062364],[132.000090538832126,45.20296350453836],[131.983017419458491,45.211500064225163],[131.992731435653809,45.230928096615862],[132.013925652807302,45.251827949642198],[132.030704408053793,45.264779971235996],[132.109005265870849,45.308934590305732],[132.151099336050663,45.324830253170859],[132.195842683374678,45.333955541111941],[132.420148148248984,45.337193546510399],[132.5093404787699,45.315116236975499],[132.572040037848922,45.307757133797224],[132.722165742686116,45.250356129006548],[132.754251432543469,45.232105553124363],[132.781038568112422,45.207967694699576],[132.798700415740313,45.189717118817413],[132.820483361148092,45.148211776891856],[132.836084659886069,45.107589527347677]]]}},
{"type":"Feature","properties":{"featurecla":"Lake","scalerank":8,"name":"Qagan Nur","name_abb":"Qagan Nur","name_alt":null,"note":null,"delta":null,"dam_name":null,"year":-99,"admin":null,"min_zoom":6.0,"min_label":7.0,"label":"Qagan Nur","wikidataid":"Q835789","name_ar":"بحيرة تشاغان","name_bn":"কাগান নুর","name_de":"Qagan Pao","name_en":"Chagan","name_es":"Qagan Nur","name_fr":"Chagan","name_el":"Καγκάν Νουρ","name_hi":"कगन नूर","name_hu":"Qagan Nur","name_id":"Qagan Nur","name_it":"Qagan Nur","name_ja":"査干湖","name_ko":"차간호","name_nl":"Qagan Nur","name_pl":"Qagan Nur","name_pt":"Laco Qagan","name_ru":"Цаган-Нур","name_sv":"Qagan Nur","name_tr":"Qagan Nur","name_vi":"Qagan Nur","name_zh":"查干湖","ne_id":1159117583,"name_fa":"کاگان نور","name_he":"אגם קאגאן","name_uk":"Кваган Нур","name_ur":"قاگان نور","name_zht":"查干湖","historical_claim":false,"geometry_status":"modern_physical_reference","source_id":"source.natural_earth.lakes.10m"},"geometry":{"type":"Polygon","coordinates":[[[124.420214265191646,45.240642112811194],[124.433460650912536,45.232105553124363],[124.424924091225719,45.2165042543864],[124.414326982648959,45.197664950249987],[124.394310222004037,45.185007292783297],[124.369583635325014,45.177942553732137],[124.345445776900206,45.175587640715108],[124.2836293102025,45.178825646113566],[124.251249256218046,45.187067841673233],[124.232115587954468,45.20296350453836],[124.23829723462427,45.205612781682525],[124.241535240022685,45.209145151208119],[124.243595788912614,45.212971884860828],[124.246833794311044,45.216504254386415],[124.222401571759121,45.230339368361577],[124.205034088258344,45.247706851862368],[124.19443697968164,45.269489797270104],[124.190904610156053,45.295982568711963],[124.174714583163791,45.313644416339862],[124.102006643762323,45.308934590305732],[124.081401154863045,45.320120427136757],[124.134386697746777,45.341020280163107],[124.188844061266124,45.3398428236546],[124.241535240022685,45.323947160789466],[124.299524973067662,45.293627655694891],[124.311005174025766,45.29009528616934],[124.321896646729684,45.285091096008074],[124.340147222611805,45.266546155998782],[124.351038695315651,45.257420868057665],[124.363401988655212,45.24976740075229],[124.376354010248974,45.24446884646391],[124.420214265191646,45.240642112811194]]]}},
{"type":"Feature","properties":{"featurecla":"Lake","scalerank":9,"name":null,"name_abb":null,"name_alt":null,"note":"_untitled_270","delta":null,"dam_name":null,"year":-99,"admin":null,"min_zoom":7.0,"min_label":8.0,"label":null,"wikidataid":null,"name_ar":null,"name_bn":null,"name_de":null,"name_en":null,"name_es":null,"name_fr":null,"name_el":null,"name_hi":null,"name_hu":null,"name_id":null,"name_it":null,"name_ja":null,"name_ko":null,"name_nl":null,"name_pl":null,"name_pt":null,"name_ru":null,"name_sv":null,"name_tr":null,"name_vi":null,"name_zh":null,"ne_id":1159119591,"name_fa":null,"name_he":null,"name_uk":null,"name_ur":null,"name_zht":null,"historical_claim":false,"geometry_status":"modern_physical_reference","source_id":"source.natural_earth.lakes.10m"},"geometry":{"type":"Polygon","coordinates":[[[124.252721076853675,45.344552649688687],[124.235942321607197,45.340431551908836],[124.236236685734369,45.352500481121226],[124.250366163836659,45.374283426528997],[124.270088560354452,45.386057991614244],[124.286867315601,45.36721868747783],[124.289222228618016,45.359270856045271],[124.294520782906375,45.354266665884012],[124.272443473371538,45.357799035409592],[124.261846364794792,45.352500481121226],[124.252721076853675,45.344552649688687]]]}},
{"type":"Feature","properties":{"featurecla":"Lake","scalerank":9,"name":"Ulgain Gobi","name_abb":"Ulgain Gobi","name_alt":null,"note":null,"delta":null,"dam_name":null,"year":-99,"admin":null,"min_zoom":7.0,"min_label":8.0,"label":null,"wikidataid":null,"name_ar":"أولجين جوبي","name_bn":"উলগাইন গোবি","name_de":"Ulgain Gobi","name_en":"Ulgain Gobi","name_es":"Ulgain Gobi","name_fr":"Ulgain Gobi","name_el":"Ούλγκαιν Γκόμπι","name_hi":"उलगैन गोबी","name_hu":"Ulgain Gobi","name_id":"Ulgain Gobi","name_it":"Ulgain Gobi","name_ja":"ウルゲン・ゴル","name_ko":"울가인 고비","name_nl":"Ulgain Gobi","name_pl":"Ulgain Gobi","name_pt":"Ulgain Gobi","name_ru":"озеро Вулугай","name_sv":"Ulgain Gobi","name_tr":"Ulgain Gobi","name_vi":"Hồ Ô Lạp Cái Cao Bích","name_zh":"乌拉盖戈壁","ne_id":1159119607,"name_fa":"اولگین گوبی","name_he":"אגם אולגיין גובי","name_uk":"Улгейн Гобі","name_ur":"اولگین گوبی","name_zht":"烏爾干戈比湖","historical_claim":false,"geometry_status":"modern_physical_reference","source_id":"source.natural_earth.lakes.10m"},"geometry":{"type":"Polygon","coordinates":[[[117.635709863060939,45.563559560274655],[117.647484428146186,45.539127337722711],[117.630411308772537,45.536772424705681],[117.621286020831477,45.528235865018829],[117.620402928450062,45.516166935806432],[117.627173303374107,45.504392370721192],[117.622463477339963,45.487907979601815],[117.609511455746201,45.470540496101016],[117.578603222397376,45.442870268150685],[117.568594842074901,45.437277349735133],[117.557703369370984,45.433156251955324],[117.545928804285708,45.430801338938252],[117.533859875073347,45.429918246556838],[117.522968402369472,45.426385877031301],[117.518258576335356,45.418143681471619],[117.515314935064055,45.408724029403373],[117.509722016648539,45.401953654479307],[117.501185456961707,45.401070562097985],[117.435836620738499,45.401659290352235],[117.427888789305939,45.405191659877808],[117.380496164837723,45.439043534497962],[117.35900758355713,45.446991365930472],[117.338990822912194,45.442870268150685],[117.319857154648616,45.456411017998704],[117.326627529572662,45.463475757049885],[117.366366686735432,45.470834860228166],[117.38491162674471,45.478782691660705],[117.42759442517881,45.512045838026616],[117.464684305197423,45.526175316128928],[117.507661467758638,45.532062598671565],[117.59891434716944,45.532356962798659],[117.577425765888847,45.559732826621932],[117.57389339636326,45.572684848215708],[117.585373597321393,45.587108690445163],[117.59685379827954,45.570329935198643],[117.616281830670232,45.568269386308749],[117.635709863060939,45.563559560274655]]]}},
{"type":"Feature","properties":{"featurecla":"Lake","scalerank":9,"name":"Yueliang Pao","name_abb":"Yueliang Pao","name_alt":null,"note":null,"delta":null,"dam_name":null,"year":-99,"admin":null,"min_zoom":7.0,"min_label":8.0,"label":null,"wikidataid":null,"name_ar":"يويليانج باو","name_bn":"ইউয়েলিয়াং পাও","name_de":"Yueliang Pao","name_en":"Yueliang Lake","name_es":"Yueliang Pao","name_fr":"Yueliang Pao","name_el":"Γιούελιανγκ Πάο","name_hi":"युएलियांग पाओ","name_hu":"Yueliang Pao","name_id":"Yueliang Pao","name_it":"Yueliang Pao","name_ja":"月亮湖","name_ko":"율량 파오","name_nl":"Yueliang Pao","name_pl":"Yueliang Pao","name_pt":"Yueliang Pao","name_ru":"озера Юэлян","name_sv":"Yueliang Pao","name_tr":"Yueliang Pao","name_vi":"Hồ Nguyệt Lượng","name_zh":"月亮泡","ne_id":1159122829,"name_fa":"یوئلیانگ پائو","name_he":"יואליאנג פאו","name_uk":"Юленгпао","name_ur":"یوئیلیانگ پاؤ","name_zht":"月亮泡湖","historical_claim":false,"geometry_status":"modern_physical_reference","source_id":"source.natural_earth.lakes.10m"},"geometry":{"type":"Polygon","coordinates":[[[124.005160845935961,45.733113297502484],[124.041367633573145,45.709858531459062],[124.030770524996413,45.705737433679239],[124.010459400224363,45.705443069552061],[123.999567927520445,45.703676884789353],[123.990442639579385,45.699555787009466],[123.965421688773176,45.683071395890089],[123.963066775756147,45.694257232721093],[123.959240042103445,45.703088156535038],[123.953058395433686,45.710741623840477],[123.945110564001098,45.717217634637379],[123.930686721771693,45.709269803204819],[123.906548863346885,45.689547406686998],[123.889770108100379,45.683071395890103],[123.869164619201101,45.68277703176296],[123.850325315064723,45.688075586051333],[123.814707255681753,45.703676884789331],[123.831191646801116,45.721044368290087],[123.841200027123662,45.723693645434295],[123.855623869353053,45.717217634637379],[123.882411004922076,45.740766764807894],[123.942166922729768,45.744593498460596],[124.005160845935961,45.733113297502484]]]}},
{"type":"Feature","properties":{"featurecla":"Lake","scalerank":9,"name":null,"name_abb":null,"name_alt":null,"note":"_untitled_271","delta":null,"dam_name":null,"year":-99,"admin":null,"min_zoom":7.0,"min_label":8.0,"label":null,"wikidataid":null,"name_ar":null,"name_bn":null,"name_de":null,"name_en":null,"name_es":null,"name_fr":null,"name_el":null,"name_hi":null,"name_hu":null,"name_id":null,"name_it":null,"name_ja":null,"name_ko":null,"name_nl":null,"name_pl":null,"name_pt":null,"name_ru":null,"name_sv":null,"name_tr":null,"name_vi":null,"name_zh":null,"ne_id":1159119569,"name_fa":null,"name_he":null,"name_uk":null,"name_ur":null,"name_zht":null,"historical_claim":false,"geometry_status":"modern_physical_reference","source_id":"source.natural_earth.lakes.10m"},"geometry":{"type":"Polygon","coordinates":[[[124.334848668323446,46.1561145481907],[124.33425994006916,46.165828564386011],[124.338675401976161,46.167889113275919],[124.34485704864592,46.167594749148826],[124.349272510552908,46.169949662165912],[124.360458347383869,46.196442433607722],[124.368994907070729,46.202918444404609],[124.383418749300191,46.197031161862],[124.395193314385438,46.192321335827913],[124.393427129622623,46.181135498996916],[124.38253565691879,46.167006020894576],[124.376354010248974,46.152876542792278],[124.38253565691879,46.151404722156556],[124.424924091225719,46.176720037089915],[124.427279004242777,46.153759635173614],[124.410794613123414,46.137569608181401],[124.385479298190091,46.134037238655829],[124.362813260400969,46.149344173266677],[124.354571064841267,46.146106167868219],[124.346328869281578,46.145811803741076],[124.339264130230404,46.149049809139555],[124.334848668323446,46.1561145481907]]]}},
{"type":"Feature","properties":{"featurecla":"Lake","scalerank":9,"name":null,"name_abb":null,"name_alt":null,"note":"_untitled_272","delta":null,"dam_name":null,"year":-99,"admin":null,"min_zoom":7.0,"min_label":8.0,"label":null,"wikidataid":null,"name_ar":null,"name_bn":null,"name_de":null,"name_en":null,"name_es":null,"name_fr":null,"name_el":null,"name_hi":null,"name_hu":null,"name_id":null,"name_it":null,"name_ja":null,"name_ko":null,"name_nl":null,"name_pl":null,"name_pt":null,"name_ru":null,"name_sv":null,"name_tr":null,"name_vi":null,"name_zh":null,"ne_id":1159119551,"name_fa":null,"name_he":null,"name_uk":null,"name_ur":null,"name_zht":null,"historical_claim":false,"geometry_status":"modern_physical_reference","source_id":"source.natural_earth.lakes.10m"},"geometry":{"type":"Polygon","coordinates":[[[117.548578081429923,47.321207763377821],[117.537686608726062,47.320619035123578],[117.549166809684209,47.330038687191802],[117.564473744295029,47.339458339259998],[117.580075043032991,47.343285072912728],[117.592438336372552,47.335042877353033],[117.59891434716944,47.335042877353033],[117.603329809076385,47.316497937343748],[117.593321428753953,47.30560646463988],[117.580958135414392,47.304134644004201],[117.578603222397376,47.314437388453825],[117.569477934456316,47.31855848623367],[117.559469554133798,47.320619035123556],[117.548578081429923,47.321207763377821]]]}},
{"type":"Feature","properties":{"featurecla":"Lake","scalerank":9,"name":null,"name_abb":null,"name_alt":null,"note":"_untitled_273","delta":null,"dam_name":null,"year":-99,"admin":null,"min_zoom":7.0,"min_label":8.0,"label":null,"wikidataid":null,"name_ar":null,"name_bn":null,"name_de":null,"name_en":null,"name_es":null,"name_fr":null,"name_el":null,"name_hi":null,"name_hu":null,"name_id":null,"name_it":null,"name_ja":null,"name_ko":null,"name_nl":null,"name_pl":null,"name_pt":null,"name_ru":null,"name_sv":null,"name_tr":null,"name_vi":null,"name_zh":null,"ne_id":1159119525,"name_fa":null,"name_he":null,"name_uk":null,"name_ur":null,"name_zht":null,"historical_claim":false,"geometry_status":"modern_physical_reference","source_id":"source.natural_earth.lakes.10m"},"geometry":{"type":"Polygon","coordinates":[[[117.246560486992834,47.431594311052216],[117.235963378416116,47.433949224069281],[117.238023927306017,47.454260348841359],[117.244499938102933,47.473688381232051],[117.255391410806808,47.484285489808812],[117.270109617163357,47.478103843139031],[117.278646176850216,47.448667430425857],[117.266871611764941,47.43512668057781],[117.246560486992834,47.431594311052216]]]}},
{"type":"Feature","properties":{"featurecla":"Lake","scalerank":5,"name":"Buyr Nuur","name_abb":"Buyr Nuur","name_alt":"Buir Nur","note":null,"delta":null,"dam_name":null,"year":-99,"admin":"admin-0 more","min_zoom":4.7,"min_label":6.0,"label":"Buyr Nuur","wikidataid":"Q715788","name_ar":"بحيرة بوار","name_bn":"বুয়ার নূর","name_de":"Buir Nur","name_en":"Buir","name_es":"Buir","name_fr":"Buir","name_el":"Μπουρ Νουρ","name_hi":"बुय्र नूर","name_hu":"Bujr-tó","name_id":"Buir","name_it":"Bujr nuur","name_ja":"ブイル湖","name_ko":"부이르호","name_nl":"Buir","name_pl":"Bujr nuur","name_pt":"Lago Buir","name_ru":"Буйр-Нуур","name_sv":"Buyr Nuur","name_tr":"Buyr","name_vi":"Buir","name_zh":"贝尔湖","ne_id":1159114715,"name_fa":"بویر نور","name_he":"בויר","name_uk":"Буйр-Нуур","name_ur":"بائر نور","name_zht":"貝爾湖","historical_claim":false,"geometry_status":"modern_physical_reference","source_id":"source.natural_earth.lakes.10m"},"geometry":{"type":"Polygon","coordinates":[[[117.580663771287277,47.677682721334307],[117.592438336372552,47.697405117852142],[117.572421575727617,47.697405117852121],[117.554759728099683,47.702114943886194],[117.540630249997392,47.709768411191646],[117.53032750554776,47.718304970878442],[117.507955831885724,47.755394850897048],[117.503540369978779,47.759515948676878],[117.512371293792754,47.785714355991622],[117.533565510946232,47.812207127433474],[117.685163036418999,47.954679364965195],[117.706357253572506,47.96704265830472],[117.739326035811246,47.977345402754331],[117.773472274558529,47.98028904402566],[117.798787589491823,47.97086939195745],[117.820864899026731,47.923476767489213],[117.831756371730606,47.910230381768336],[117.847357670468568,47.901693822081491],[117.861487148570902,47.897278360174518],[117.87296734952902,47.889036164614843],[117.881503909215837,47.869313768097015],[117.882092637470123,47.833990072841203],[117.86884625174919,47.809557850289288],[117.802614323144567,47.747447019464495],[117.729612019615899,47.713889508971484],[117.698703786267046,47.694167112453655],[117.673388471333752,47.677093993080021],[117.640125324967883,47.662670150850573],[117.604801629712085,47.654722319418006],[117.571832847473331,47.656488504180771],[117.580663771287277,47.677682721334307]]]}},
{"type":"Feature","properties":{"featurecla":"Lake","scalerank":4,"name":"Hulun Nuur","name_abb":"Hulun Nuur","name_alt":"Hulun Lake, Dalai Lake","note":null,"delta":null,"dam_name":null,"year":-99,"admin":null,"min_zoom":4.0,"min_label":5.0,"label":"Hulun Nuur","wikidataid":"Q537374","name_ar":"بحيرة دالاي","name_bn":"হুলুন নূর","name_de":"Hulun","name_en":"Hulun","name_es":"Hulun","name_fr":"Hulun","name_el":"Χουλούν Νουρ","name_hi":"हुलुन नुउर","name_hu":"Hulun Nuur","name_id":"Hulun","name_it":"Hulun","name_ja":"フルン湖","name_ko":"후룬호","name_nl":"Hulun","name_pl":"Hulun Nur","name_pt":"Hulun","name_ru":"Далайнор","name_sv":"Hulunsjön","name_tr":"Hulun","name_vi":"Hô Luân","name_zh":"呼倫湖","ne_id":1159113513,"name_fa":"دریاچه هولون","name_he":"אגם חולון","name_uk":"Гулунь-Нур","name_ur":"ہولون جھیل","name_zht":"呼倫湖","historical_claim":false,"geometry_status":"modern_physical_reference","source_id":"source.natural_earth.lakes.10m"},"geometry":{"type":"Polygon","coordinates":[[[117.291892562571093,48.597864982747907],[117.266871611764941,48.588739694806812],[117.241850660958718,48.583146776391317],[117.215946617771138,48.572844031941706],[117.189159482202186,48.566073657017661],[117.160900525997519,48.571666575433198],[117.136762667572711,48.566368021144804],[117.102027700571185,48.55017799415257],[117.069353282459602,48.543701983355668],[117.051102706577396,48.56813420590759],[117.09113622786731,48.569017298289012],[117.107620618986701,48.574904580831635],[117.119983912326234,48.588739694806797],[117.113213537402189,48.599042439256401],[117.114390993910717,48.607284634816111],[117.121750097089048,48.61317191735872],[117.133524662174295,48.615821194502935],[117.126165558995993,48.629656308478104],[117.153541422819217,48.629067580223861],[117.169731449811493,48.641430873563372],[117.170614542192865,48.657032172301342],[117.153247058692102,48.664391275479652],[117.147948504403701,48.662919454844001],[117.13882321646264,48.657326536428464],[117.133524662174295,48.657620900555607],[117.112330445020817,48.670572922149411],[117.099378423427012,48.675871476437777],[117.089664407231666,48.678520753581985],[117.078478570400662,48.677932025327671],[117.08495458119755,48.690884046921511],[117.106737526605301,48.708840258676545],[117.112330445020817,48.718848638999027],[117.109092439622358,48.73180066059281],[117.09849533104564,48.743575225678065],[117.084660217070393,48.753289241873404],[117.071413831349503,48.760059616797435],[117.061994179281271,48.762120165687335],[117.045509788161908,48.763003258068743],[117.036678864347934,48.767418719975709],[117.032852130695233,48.772717274264089],[117.035207043712319,48.782431290459428],[117.030497217678203,48.788024208874965],[117.01842828846577,48.793322763163324],[116.992229881151061,48.79685513268889],[116.976039854158842,48.800976230468741],[116.976039854158842,48.807746605392765],[116.995173522422363,48.812162067299724],[116.993112973532462,48.82246481174937],[116.976039854158842,48.841892844140034],[116.977511674794471,48.855727958115239],[116.984576413845687,48.867208159073364],[116.993996065913834,48.874861626378781],[117.002532625600693,48.876627811141574],[117.00518190274488,48.895467115278009],[117.019017016720056,48.899293848930697],[117.038445049110749,48.896938935913674],[117.057873081501441,48.896644571786524],[117.107031890732415,48.920193701957054],[117.126165558995993,48.923726071482669],[117.122927553597535,48.927847169262478],[117.121161368834763,48.931085174660957],[117.118512091690548,48.934323180059401],[117.112330445020817,48.937561185457838],[117.118512091690548,48.946686473398934],[117.126165558995993,48.951690663560171],[117.146771047895186,48.959344130865581],[117.263927970493626,49.020571869308995],[117.286888372409862,49.027636608360112],[117.308965681944755,49.038233716936844],[117.325744437191261,49.054129379802006],[117.332220447988149,49.078561602353915],[117.339285187039309,49.096223449981778],[117.557409005243869,49.303161431355356],[117.565062472549315,49.318468365966211],[117.570361026837645,49.325533105017385],[117.583313048431492,49.328476746288679],[117.624818390357007,49.329948566924323],[117.635709863060939,49.332597844068552],[117.644835151001999,49.33701330597551],[117.653666074815931,49.342900588518134],[117.683102487529098,49.368804631705778],[117.701058699284147,49.377635555519667],[117.709006530716692,49.366449718688692],[117.705179797063977,49.352320240586351],[117.699586878648461,49.340840039628254],[117.70253051991979,49.331126023432901],[117.72254728056474,49.322295099618934],[117.72254728056474,49.31493599644066],[117.70665161769962,49.310814898660787],[117.69252213959733,49.295507964049975],[117.681630666893454,49.280201029439084],[117.674565927842323,49.266365915463922],[117.667795552918278,49.243405513547657],[117.666912460536878,49.221916932267007],[117.678098297367868,49.212497280198818],[117.700469971029861,49.205432541147616],[117.710183987225207,49.188653785901145],[117.716659998022138,49.170403210018989],[117.729612019615899,49.157156824298056],[117.726668378344598,49.165693383984916],[117.725490921836069,49.16745956874766],[117.739031671684131,49.18394395986703],[117.764346986617468,49.183355231612786],[117.787896116787991,49.172463758908911],[117.798493225364737,49.154213183026741],[117.796138312347637,49.148620264611253],[117.78642429615229,49.130664052856218],[117.784069383135275,49.119478216025236],[117.790839758059292,49.114179661736827],[117.831756371730606,49.102699460778695],[117.879148996198822,49.100050183634536],[118.010435396899538,49.130075324601947],[118.033395798815775,49.130958416983319],[118.048114005172351,49.126542955076374],[118.056061836604897,49.112707841101162],[118.058416749621983,49.085331977277924],[118.053412559460753,49.067964493777183],[118.041637994375506,49.050302646149291],[118.026036695637529,49.035878803919822],[118.010435396899538,49.027636608360112],[117.983353897203429,49.023515510580317],[117.904464311132131,49.033818255029907],[117.856482958409629,49.024104238834568],[117.836760561891808,49.024987331215968],[117.82616345331509,49.041177358208188],[117.829695822840677,49.039999901699687],[117.836171833637607,49.041766086462445],[117.842942208561624,49.045592820115139],[117.846180213960068,49.051185738530684],[117.844708393324382,49.060016662344609],[117.840587295544552,49.060605390598901],[117.834111284747621,49.05913356996323],[117.82616345331509,49.061782847107402],[117.787896116787991,49.092102352201969],[117.769645540905813,49.091513623947691],[117.746390774862391,49.070908135048505],[117.709006530716692,49.027636608360112],[117.72755147072597,49.026753515978726],[117.735204938031416,49.013507130257814],[117.743741497718247,48.972296152459357],[117.684279944037669,48.97553415785783],[117.667206824663992,48.972296152459357],[117.653077346561645,48.962287772136875],[117.640125324967883,48.947275201653177],[117.619519836068662,48.917544424812888],[117.599503075423684,48.893995294642338],[117.509427652521424,48.819815534605162],[117.457913930273378,48.78831857300208],[117.30425585591064,48.725913378050173],[117.30425585591064,48.718848638999027],[117.333397904496678,48.722381008524586],[117.34693865434474,48.715610633600562],[117.348116110853255,48.698243150099785],[117.338990822912194,48.670572922149418],[117.328393714335448,48.647023791978889],[117.312498051470371,48.619942292282744],[117.291892562571093,48.597864982747907]]]}},
{"type":"Feature","properties":{"featurecla":"Lake","scalerank":9,"name":null,"name_abb":null,"name_alt":null,"note":"_untitled_277","delta":null,"dam_name":null,"year":-99,"admin":null,"min_zoom":7.0,"min_label":8.0,"label":null,"wikidataid":null,"name_ar":null,"name_bn":null,"name_de":null,"name_en":null,"name_es":null,"name_fr":null,"name_el":null,"name_hi":null,"name_hu":null,"name_id":null,"name_it":null,"name_ja":null,"name_ko":null,"name_nl":null,"name_pl":null,"name_pt":null,"name_ru":null,"name_sv":null,"name_tr":null,"name_vi":null,"name_zh":null,"ne_id":1159119403,"name_fa":null,"name_he":null,"name_uk":null,"name_ur":null,"name_zht":null,"historical_claim":false,"geometry_status":"modern_physical_reference","source_id":"source.natural_earth.lakes.10m"},"geometry":{"type":"Polygon","coordinates":[[[116.317841665892459,50.478851755119258],[116.317252937638173,50.473553200830843],[116.317252937638173,50.47944048337353],[116.317841665892459,50.478851755119258]]]}},
{"type":"Feature","properties":{"featurecla":"Lake","scalerank":9,"name":null,"name_abb":null,"name_alt":null,"note":"_untitled_276","delta":null,"dam_name":null,"year":-99,"admin":null,"min_zoom":7.0,"min_label":8.0,"label":null,"wikidataid":null,"name_ar":null,"name_bn":null,"name_de":null,"name_en":null,"name_es":null,"name_fr":null,"name_el":null,"name_hi":null,"name_hu":null,"name_id":null,"name_it":null,"name_ja":null,"name_ko":null,"name_nl":null,"name_pl":null,"name_pt":null,"name_ru":null,"name_sv":null,"name_tr":null,"name_vi":null,"name_zh":null,"ne_id":1159119419,"name_fa":null,"name_he":null,"name_uk":null,"name_ur":null,"name_zht":null,"historical_claim":false,"geometry_status":"modern_physical_reference","source_id":"source.natural_earth.lakes.10m"},"geometry":{"type":"Polygon","coordinates":[[[116.326378225579234,50.467371554161126],[116.317841665892459,50.478851755119258],[116.318724758273788,50.489743227823162],[116.340213339554452,50.494158689730142],[116.367294839250519,50.489448863695984],[116.386134143386982,50.47944048337353],[116.37023848052182,50.469137738923912],[116.346983714478426,50.464427912889811],[116.326378225579234,50.467371554161126]]]}},
{"type":"Feature","properties":{"featurecla":"Reservoir","scalerank":7,"name":"Zeya Reservoir","name_abb":"Zeya Res.","name_alt":"Zeyskoye","note":null,"delta":null,"dam_name":"Zeya Dam","year":1978,"admin":null,"min_zoom":5.7,"min_label":6.7,"label":"Zeya Reservoir","wikidataid":"Q2576979","name_ar":"خزان زيا","name_bn":"জিয়া জলাধার","name_de":"Seja-Talsperre","name_en":"Zeya","name_es":"Zeya","name_fr":"Barrage de la Zeïa","name_el":"Τεχνητή Λίμνη Ζέια","name_hi":"ज़ेया जलाशय","name_hu":"Zeya-víztározó","name_id":"Reservoir Zeya","name_it":"della Zeja","name_ja":"ゼヤ貯水池","name_ko":"제야 레저보어","name_nl":"Zejareservoir","name_pl":"Zbiornik Zeya","name_pt":"Represa de Zeya","name_ru":"Зейское водохранилище","name_sv":"Zejareservoaren","name_tr":"Zeya Barajı","name_vi":"Hồ chứa Zeya","name_zh":"结雅水库","ne_id":1159125585,"name_fa":"مخزن سد زیا","name_he":"מאגר זיה","name_uk":"Зейське водосховище","name_ur":"زے یا ریزروائر","name_zht":"結雅水庫","historical_claim":false,"geometry_status":"modern_physical_reference","source_id":"source.natural_earth.lakes.10m"},"geometry":{"type":"Polygon","coordinates":[[[127.615536865205911,53.989143971164438],[127.60729466964618,53.978252498460549],[127.598463745832248,53.975014493062098],[127.559313316923763,53.967655389883809],[127.549304936601303,53.96412302035823],[127.507799594675689,53.940868254314843],[127.497202486098971,53.931154238119511],[127.494847573081927,53.925561319703981],[127.495436301336156,53.920557129542765],[127.494258844827641,53.912903662237312],[127.486899741649339,53.888471439685411],[127.480423730852465,53.876991238727257],[127.470120986402833,53.871987048566005],[127.464528067987388,53.86845467904044],[127.456580236554771,53.859918119353608],[127.44951549750364,53.849909739031148],[127.446277492105182,53.841373179344309],[127.450104225757926,53.827832429496262],[127.460112606080358,53.819001505682316],[127.473653355928448,53.8137029513939],[127.487782834030739,53.81046494599552],[127.624367789019857,53.796335467893172],[127.576680800424526,53.784560902807904],[127.468649165767218,53.807815668851319],[127.418312900027672,53.803694571071482],[127.406538334942425,53.792508734240471],[127.39564686223855,53.76012868025596],[127.385049753661804,53.74923720755212],[127.36356117238121,53.747471022789327],[127.274957570114552,53.762189229145896],[127.274957570114552,53.76954833232422],[127.294974330759487,53.774552522485443],[127.304982711082005,53.779556712646659],[127.309103808861835,53.78662145169784],[127.304099618700604,53.794274919003271],[127.292030689488186,53.798101652655966],[127.278784303767296,53.800456565673038],[127.268775923444778,53.803694571071482],[127.262299912647904,53.810170581868363],[127.251114075816872,53.826949337114904],[127.244638065020027,53.834308440293185],[127.218734021832404,53.856385749828036],[127.213729831671174,53.865216673642003],[127.279961760275796,53.855208293319535],[127.287909591708356,53.849615374903998],[127.294091238378087,53.843139364107152],[127.302922162192033,53.837840809818729],[127.325293835854055,53.834897168547421],[127.334124759668043,53.844022456488517],[127.339717678083517,53.860506847607873],[127.350609150787363,53.879346151744322],[127.366799177779626,53.861095575862137],[127.385344117788918,53.856385749828029],[127.403594693671096,53.86492230951486],[127.418312900027672,53.885527798414074],[127.422433997807502,53.901423461279194],[127.418312900027672,53.957647009561342],[127.411248160976541,53.977369406079163],[127.39476376985715,53.989438335291545],[127.375041373339329,53.997974894978356],[127.371834957055071,54.0],[127.620209080147802,54.0],[127.615536865205911,53.989143971164438]]]}},
{"type":"Feature","properties":{"featurecla":"Lake","scalerank":9,"name":null,"name_abb":null,"name_alt":null,"note":"_untitled_275","delta":null,"dam_name":null,"year":-99,"admin":null,"min_zoom":7.0,"min_label":8.0,"label":null,"wikidataid":null,"name_ar":null,"name_bn":null,"name_de":null,"name_en":null,"name_es":null,"name_fr":null,"name_el":null,"name_hi":null,"name_hu":null,"name_id":null,"name_it":null,"name_ja":null,"name_ko":null,"name_nl":null,"name_pl":null,"name_pt":null,"name_ru":null,"name_sv":null,"name_tr":null,"name_vi":null,"name_zh":null,"ne_id":1159119499,"name_fa":null,"name_he":null,"name_uk":null,"name_ur":null,"name_zht":null,"historical_claim":false,"geometry_status":"modern_physical_reference","source_id":"source.natural_earth.lakes.10m"},"geometry":{"type":"Polygon","coordinates":[[[115.840971779939153,49.515692331144436],[115.850980160261614,49.502445945423496],[115.835084497396466,49.495969934626601],[115.817128285641459,49.495675570499522],[115.802410079284883,49.502151581296367],[115.796522796742238,49.517164151780079],[115.804764992301898,49.525700711466939],[115.822426839929776,49.52422889083126],[115.840971779939153,49.515692331144436]]]}},
{"type":"Feature","properties":{"featurecla":"Lake","scalerank":9,"name":"Hh Nuur","name_abb":"Hh Nuur","name_alt":null,"note":null,"delta":null,"dam_name":null,"year":-99,"admin":null,"min_zoom":7.0,"min_label":8.0,"label":null,"wikidataid":null,"name_ar":"بحيرة هه","name_bn":"হ্‌ নূর","name_de":"Khukh Nuur","name_en":"Khukh Lake","name_es":"Hh Nuur","name_fr":"Hh Nuur","name_el":"Χχ Νουρ","name_hi":"ह नूर","name_hu":"Hh Nuur","name_id":"Hh Nuur","name_it":"Hh Nuur","name_ja":"Hh Nuur湖","name_ko":"헐 누르","name_nl":"Hh Nuur","name_pl":"Hh Nuur","name_pt":"Lago Khukh","name_ru":"озеро Хех-Нуур","name_sv":"Hh Nuur","name_tr":"Hh Nuur","name_vi":"Hồ Hh Nuur","name_zh":"哈湖","ne_id":1159119481,"name_fa":"هه نور","name_he":"הא","name_uk":"Хех-Нуур","name_ur":"ح نور","name_zht":"努爾湖","historical_claim":false,"geometry_status":"modern_physical_reference","source_id":"source.natural_earth.lakes.10m"},"geometry":{"type":"Polygon","coordinates":[[[115.640804173489599,49.528055624483926],[115.640804173489599,49.505095222567675],[115.633739434438439,49.488316467321212],[115.615194494429147,49.478013722871609],[115.590173543622939,49.469477163184749],[115.565446956943845,49.467416614294834],[115.54719638106171,49.476247538108801],[115.537776728993492,49.487727739066926],[115.536010544230706,49.493026293355292],[115.537188000739206,49.499207940025059],[115.536304908357877,49.533059814645199],[115.529534533433832,49.536003455916521],[115.50922340866174,49.534531635280878],[115.532183810577962,49.552193482908756],[115.564269500435344,49.570444058790912],[115.597238282674098,49.580158074986258],[115.622553597607393,49.571915879426584],[115.634328162692668,49.552193482908756],[115.640804173489599,49.528055624483926]]]}},
{"type":"Feature","properties":{"featurecla":"Lake","scalerank":9,"name":"Ozero Irgen","name_abb":"O. Irgen","name_alt":"Lake Irgen","note":null,"delta":null,"dam_name":null,"year":-99,"admin":null,"min_zoom":7.0,"min_label":8.0,"label":null,"wikidataid":null,"name_ar":"بحيرة إيرجين","name_bn":"ওজেরো ইরগেন","name_de":"Ozero Irgen","name_en":"Ozero Irgen","name_es":"Lago Irgen","name_fr":"Ozero Irgen","name_el":"Οζέρο Ίργκεν","name_hi":"ओज़ेरो इरगेन","name_hu":"Irgen-tó","name_id":"Danau Irgen","name_it":"Ozero Irgen","name_ja":"イルゲニ湖","name_ko":"오제로 이르겐","name_nl":"Ozero Irgen'","name_pl":"Jezioro Irgen","name_pt":"Lago Irgen","name_ru":"озеро Иргень","name_sv":"Ozero Irgen","name_tr":"Ozero Irgen","name_vi":"Hồ Irgen","name_zh":"伊尔根湖","ne_id":1159119381,"name_fa":"اوزرو ایرگن","name_he":"אגם אירגן","name_uk":"озеро Ірген","name_ur":"اوزیرو آئرگن","name_zht":"伊爾根湖","historical_claim":false,"geometry_status":"modern_physical_reference","source_id":"source.natural_earth.lakes.10m"},"geometry":{"type":"Polygon","coordinates":[[[112.510536045571428,51.978342618728],[112.500822029376081,51.988056634923339],[112.502882578265996,52.014549406365163],[112.526431708436519,52.032505618120197],[112.555868121149672,52.038687264789992],[112.57588488179465,52.030445069230275],[112.567642686234933,52.010722672712468],[112.540266822411709,51.987173542541932],[112.510536045571428,51.978342618728]]]}},
{"type":"Feature","properties":{"featurecla":"Lake","scalerank":9,"name":"Ozero Arakhley","name_abb":"O. Arakhley","name_alt":"Lake Arakhley","note":null,"delta":null,"dam_name":null,"year":-99,"admin":null,"min_zoom":7.0,"min_label":8.0,"label":"Ozero Arakhley","wikidataid":"Q1110298","name_ar":"بحيرة أراكلي","name_bn":"ওজেরো আরাখলে","name_de":"Ozero Arakhley","name_en":"Arakhley","name_es":"Arajléi","name_fr":"Arakhleï","name_el":"Οζέρο Αράκλεϊ","name_hi":"ओज़ेरो अरखले","name_hu":"Arakhley-tó","name_id":"Danau Arakhley","name_it":"Arachlej","name_ja":"アラフレイ湖","name_ko":"오제로 아라클리","name_nl":"Arachley","name_pl":"Jezioro Arakhley","name_pt":"Lago Arakhley","name_ru":"Арахлей","name_sv":"Ozero Arachlej","name_tr":"Ozero Arakhley","name_vi":"Hồ Arakhley","name_zh":"阿拉赫列伊湖","ne_id":1159119371,"name_fa":"اوزرو آراکهلی","name_he":"אגם ארחלי","name_uk":"озеро Арахлей","name_ur":"اوزیرو آراکھلے","name_zht":"阿拉赫列伊湖","historical_claim":false,"geometry_status":"modern_physical_reference","source_id":"source.natural_earth.lakes.10m"},"geometry":{"type":"Polygon","coordinates":[[[112.904689611800734,52.276827843639524],[112.937364029912317,52.247685795053471],[112.919113454030139,52.218543746467418],[112.87495883496041,52.199410078203833],[112.829626759382109,52.200293170585276],[112.83728022668754,52.207946637890686],[112.821678927949563,52.20765227376355],[112.802545259686056,52.203825540110849],[112.78900450983798,52.19617207280541],[112.79224251523641,52.183808779465906],[112.75132590156511,52.153194910244196],[112.737196423462763,52.149073812464337],[112.720417668216271,52.14142034515892],[112.702755820588379,52.136121790870568],[112.685682701214773,52.140242888650398],[112.681267239307772,52.148779448337244],[112.684210880579087,52.161142741676741],[112.691275619630233,52.174977855651967],[112.692747440265919,52.180570774067448],[112.700695271698464,52.189696062008537],[112.716002206309327,52.212950828051937],[112.727188043140302,52.22207611599304],[112.742494977751164,52.226197213772835],[112.813731096517017,52.229729583298422],[112.821090199695334,52.230907039806965],[112.829626759382109,52.235028137586809],[112.834336585416224,52.239443599493768],[112.840223867958855,52.251218164579043],[112.844050601611571,52.255633626486024],[112.859063172095318,52.262992729664333],[112.890560133698386,52.269763104588385],[112.904689611800734,52.276827843639524]]]}},
{"type":"Feature","properties":{"featurecla":"Lake","scalerank":9,"name":null,"name_abb":null,"name_alt":null,"note":"_untitled_279","delta":null,"dam_name":null,"year":-99,"admin":null,"min_zoom":7.0,"min_label":8.0,"label":null,"wikidataid":null,"name_ar":null,"name_bn":null,"name_de":null,"name_en":null,"name_es":null,"name_fr":null,"name_el":null,"name_hi":null,"name_hu":null,"name_id":null,"name_it":null,"name_ja":null,"name_ko":null,"name_nl":null,"name_pl":null,"name_pt":null,"name_ru":null,"name_sv":null,"name_tr":null,"name_vi":null,"name_zh":null,"ne_id":1159119347,"name_fa":null,"name_he":null,"name_uk":null,"name_ur":null,"name_zht":null,"historical_claim":false,"geometry_status":"modern_physical_reference","source_id":"source.natural_earth.lakes.10m"},"geometry":{"type":"Polygon","coordinates":[[[113.015664887729372,52.289779865233307],[113.021257806144831,52.270351832842586],[113.004773415025454,52.248568887434843],[112.966211714371241,52.255633626486031],[112.969744083896785,52.263287093791448],[112.974748274058072,52.26917437633405],[112.980341192473546,52.273884202368166],[112.987111567397562,52.276533479512359],[113.015664887729372,52.289779865233307]]]}},
{"type":"Feature","properties":{"featurecla":"Lake","scalerank":9,"name":null,"name_abb":null,"name_alt":null,"note":"_untitled_280","delta":null,"dam_name":null,"year":-99,"admin":null,"min_zoom":7.0,"min_label":8.0,"label":null,"wikidataid":null,"name_ar":null,"name_bn":null,"name_de":null,"name_en":null,"name_es":null,"name_fr":null,"name_el":null,"name_hi":null,"name_hu":null,"name_id":null,"name_it":null,"name_ja":null,"name_ko":null,"name_nl":null,"name_pl":null,"name_pt":null,"name_ru":null,"name_sv":null,"name_tr":null,"name_vi":null,"name_zh":null,"ne_id":1159119329,"name_fa":null,"name_he":null,"name_uk":null,"name_ur":null,"name_zht":null,"historical_claim":false,"geometry_status":"modern_physical_reference","source_id":"source.natural_earth.lakes.10m"},"geometry":{"type":"Polygon","coordinates":[[[113.12752325603941,52.344237228752682],[113.145185103667302,52.338055582082887],[113.123990886513809,52.32569228874334],[113.094554473800656,52.313328995403836],[113.071299707757248,52.30773607698832],[113.069239158867347,52.317155729056545],[113.08484045760531,52.330402114777456],[113.106034674758746,52.340410495099952],[113.12752325603941,52.344237228752682]]]}},
{"type":"Feature","properties":{"featurecla":"Lake","scalerank":9,"name":null,"name_abb":null,"name_alt":null,"note":"_untitled_282","delta":null,"dam_name":null,"year":-99,"admin":null,"min_zoom":7.0,"min_label":8.0,"label":null,"wikidataid":null,"name_ar":null,"name_bn":null,"name_de":null,"name_en":null,"name_es":null,"name_fr":null,"name_el":null,"name_hi":null,"name_hu":null,"name_id":null,"name_it":null,"name_ja":null,"name_ko":null,"name_nl":null,"name_pl":null,"name_pt":null,"name_ru":null,"name_sv":null,"name_tr":null,"name_vi":null,"name_zh":null,"ne_id":1159119295,"name_fa":null,"name_he":null,"name_uk":null,"name_ur":null,"name_zht":null,"historical_claim":false,"geometry_status":"modern_physical_reference","source_id":"source.natural_earth.lakes.10m"},"geometry":{"type":"Polygon","coordinates":[[[111.702800880722123,52.682461610826941],[111.705744521993438,52.669509589233151],[111.703389608976352,52.659206844783526],[111.694264321035291,52.643016817791327],[111.692203772145376,52.635657714612996],[111.671303919118998,52.619173323493634],[111.629209848939183,52.616524046349411],[111.596535430827544,52.632714073341681],[111.603305805751575,52.665977219707564],[111.613608550201207,52.680106697809883],[111.634214039100414,52.690998170513758],[111.657468805143822,52.695119268293617],[111.675130652771713,52.690115078132344],[111.685433397221345,52.685405252098256],[111.695147413416692,52.685405252098271],[111.702800880722123,52.682461610826941]]]}},
{"type":"Feature","properties":{"featurecla":"Lake","scalerank":9,"name":"Ozero Bolshaya Kharga","name_abb":"O. Bolshaya Kharga","name_alt":"Lake Bolshaya Kharga","note":null,"delta":null,"dam_name":null,"year":-99,"admin":null,"min_zoom":7.0,"min_label":8.0,"label":null,"wikidataid":null,"name_ar":"بحيرة بلشاية الخارجة","name_bn":"ওজেরো বলশয় খার্গা","name_de":"Ozero Bolshaya Kharga","name_en":"Ozero Bolshaya Kharga","name_es":"Lago Bolshaya Kharga","name_fr":"Ozero Bolshaya Kharga","name_el":"Οζέρο Μπόλσαια Κάργκα","name_hi":"ओज़ेरो बोलश्या खरगा","name_hu":"Bolsaja Karga-tó","name_id":"Danau Bolshaya Kharga","name_it":"Ozero Bolshaya Kharga","name_ja":"ボルシャヤ・カルガ湖","name_ko":"오제로 볼샤야 카르가","name_nl":"Ozero Bol'shoy Kazymskiy Sor","name_pl":"Jezioro Bolszoje Kharga","name_pt":"Lago Bolshaya Kharga","name_ru":"озеро Большая Харга","name_sv":"Ozero Bolsjaja Charga","name_tr":"Ozero Bolshaya Kharga","name_vi":"Hồ Bolshaya Kharga","name_zh":"大哈尔加湖","ne_id":1159119255,"name_fa":"اوزرو بولشایا کهارگا","name_he":"אגם בולשאיה חארגה","name_uk":"озеро Велика Харга","name_ur":"اوزیرو بولشایا کھارگا","name_zht":"大哈爾戈湖","historical_claim":false,"geometry_status":"modern_physical_reference","source_id":"source.natural_earth.lakes.10m"},"geometry":{"type":"Polygon","coordinates":[[[111.880596813509612,52.889988320454734],[111.897375568756161,52.878213755369494],[111.894431927484845,52.849954799164863],[111.867350427788722,52.837591505825294],[111.833792917295682,52.837591505825323],[111.811421243633689,52.84642242963929],[111.828788727134452,52.866144826157061],[111.85469277032206,52.883217945530731],[111.880596813509612,52.889988320454734]]]}},
{"type":"Feature","properties":{"featurecla":"Lake","scalerank":9,"name":"Ozero Isinginskoye","name_abb":"O. Isinginskoye","name_alt":"Lake Isinginskoye","note":null,"delta":null,"dam_name":null,"year":-99,"admin":null,"min_zoom":7.0,"min_label":8.0,"label":"Ozero Isinginskoye","wikidataid":"Q19819696","name_ar":"بحيرة إيسينجينسكوي","name_bn":"ওজেরো ইসিঙ্গিংস্কোয়ে","name_de":"Ozero Isinginskoye","name_en":"Ozero Isinginskoye","name_es":"Lago Isinginskoye","name_fr":"Ozero Isinginskoye","name_el":"Οζέρο Ισινγκίνσκογιε","name_hi":"ओज़ेरो इसिंगिनस्कॉय","name_hu":"Isinginszkoje-tó","name_id":"Danau Isinginskoye","name_it":"Ozero Isinginskoye","name_ja":"イシンギンスコエ湖","name_ko":"오제로 이신진스코예","name_nl":"Ozero Isinga","name_pl":"Jezioro Isinginskoye","name_pt":"Lago Isinga","name_ru":"Исинга","name_sv":"Ozero Isinginskoje","name_tr":"Ozero Isinginskoye","name_vi":"Hồ Isinginskoye","name_zh":"伊辛加湖","ne_id":1159119231,"name_fa":"اوزرو ایسینگینسکویه","name_he":"אגם איסינגנסקויה","name_uk":"озеро Ісінгінське","name_ur":"اوزیرو آئیسیگنسکوئے","name_zht":"伊辛金斯科耶湖","historical_claim":false,"geometry_status":"modern_physical_reference","source_id":"source.natural_earth.lakes.10m"},"geometry":{"type":"Polygon","coordinates":[[[112.007467752303413,52.939735857940008],[112.009822665320428,52.927666928727611],[112.000403013252196,52.912948722371006],[111.975382062446045,52.901468521412909],[111.943590736715805,52.90117415728578],[111.916803601146853,52.908533260464047],[111.906206492570107,52.920896553803594],[111.920630334799512,52.934437303651649],[111.937114725918889,52.945328776355538],[111.954482209419666,52.952393515406655],[111.973027149428958,52.953865336042334],[111.994515730709566,52.949155510008254],[112.007467752303413,52.939735857940008]]]}},
{"type":"Feature","properties":{"featurecla":"Alkaline Lake","scalerank":3,"name":"Uvs Nuur","name_abb":"Uvs Nuur","name_alt":null,"note":null,"delta":null,"dam_name":null,"year":-99,"admin":null,"min_zoom":3.0,"min_label":4.0,"label":"Uvs Nuur","wikidataid":"Q81150","name_ar":"بحيرة يوفس","name_bn":"উভস হ্রদ","name_de":"Uws Nuur","name_en":"Uvs","name_es":"Uvs","name_fr":"Uvs nuur","name_el":"Ουβς Νουρ","name_hi":"यूवीएस नूर","name_hu":"Uvsz-tó","name_id":"Uvs","name_it":"Uvs Nuur","name_ja":"ウヴス・ヌール","name_ko":"우브스 누르","name_nl":"Uvs Nuur","name_pl":"Uws-nur","name_pt":"Uvs","name_ru":"Убсу-Нур","name_sv":"Uvs Nuur","name_tr":"Ubsa","name_vi":"Uvs","name_zh":"烏布蘇湖","ne_id":1159126709,"name_fa":"دریاچه یواس","name_he":"אובס נור","name_uk":"Убсу-Нур","name_ur":"اوس نور","name_zht":"烏布蘇湖","historical_claim":false,"geometry_status":"modern_physical_reference","source_id":"source.natural_earth.lakes.10m"},"geometry":{"type":"Polygon","coordinates":[[[92.329814581805522,50.236590078489868],[92.353363711976101,50.267498311838715],[92.348653885941985,50.301938914713126],[92.31715692433886,50.33019787091775],[92.243860256683092,50.377001767131688],[92.226787137309444,50.414680375404522],[92.244743349064493,50.445588608753383],[92.283010685591606,50.46766591828824],[92.325987848152806,50.47944048337353],[92.381622668180739,50.485327765916153],[92.409881624385378,50.491803776713056],[92.432253298047385,50.504167070052588],[92.44078985773416,50.507405075451011],[92.465222080286082,50.513586722120806],[92.470520634574484,50.517119091646386],[92.475230460608614,50.528893656731668],[92.486710661566747,50.537724580545593],[92.511437248245784,50.548027324995182],[92.543817302230252,50.55391460753782],[92.609460502580646,50.547438596740932],[92.641840556565114,50.548027324995189],[92.686289539762015,50.560684982461837],[92.713371039458082,50.563922987860323],[92.750755283603837,50.573342639928498],[92.761941120434813,50.579229922471164],[92.773421321392959,50.588943938666517],[92.795792995054967,50.601895960260343],[92.806390103631713,50.610138155819975],[92.812277386174344,50.618085987252542],[92.822580130623976,50.637808383770377],[92.83023359792935,50.648111128219981],[92.848778537938699,50.666361704102144],[92.872916396363451,50.684023551730036],[92.90058662431386,50.69285447554401],[92.929139944645613,50.685201008238558],[92.962108726884367,50.671954622517617],[92.994783144996006,50.65340968250834],[93.006557710081267,50.625445090430865],[92.990662047216119,50.583056656123851],[92.955043987833221,50.535958395782799],[92.952983438943306,50.527716200223125],[92.961814362757252,50.524183830697524],[92.974472020223914,50.515352906883564],[92.985952221182004,50.505344526561139],[92.990662047216119,50.49739669512855],[92.99242823197892,50.484444673534782],[92.998315514521551,50.477379934483601],[93.074555823448691,50.439995690337852],[93.090451486313782,50.428809853506884],[93.137844110781998,50.3711144845891],[93.155800322537019,50.356396278232474],[93.177288903817612,50.347859718545642],[93.19642257208119,50.349331539181343],[93.21467314796331,50.358456827122403],[93.234395544481174,50.37376376173323],[93.255295397507496,50.383477777928604],[93.278844527678018,50.387010147454205],[93.29150218514468,50.381122864911539],[93.278550163550904,50.363755381410776],[93.269130511482672,50.361106104266575],[93.230863174955573,50.356396278232474],[93.231157539082687,50.345210441401491],[93.238516642261004,50.334024604570502],[93.24823065845635,50.325488044883649],[93.255001033380381,50.322250039485198],[93.265009413702856,50.319012034086732],[93.279727620059418,50.304882555984442],[93.289441636254764,50.301644550586005],[93.301804929594311,50.304588191857306],[93.322410418493519,50.318128941705389],[93.333890619451665,50.322250039485198],[93.347431369299727,50.322544403612333],[93.360089026766389,50.320189490595311],[93.371569227724535,50.315479664561202],[93.382460700428396,50.309298017891415],[93.396884542657858,50.295462903916217],[93.403654917581889,50.285748887720871],[93.399239455674888,50.281333425813884],[93.393646537259372,50.278095420415454],[93.388053618843912,50.27103068136428],[93.38098887979271,50.263965942313156],[93.280316348313704,50.234823893727125],[93.260005223541611,50.238356263252655],[93.252057392109066,50.257489931516226],[93.238516642261004,50.266320855330207],[93.105758420924644,50.236884442617026],[93.082798019008351,50.226581698167443],[93.073378366940119,50.208919850539537],[93.067491084397503,50.188903089894531],[93.053950334549427,50.170358149885253],[92.990662047216119,50.117372607001556],[92.973000199588228,50.087641830161253],[92.967112917045597,50.08263764000003],[92.965935460537082,50.079105270474443],[92.930906129408413,50.053201227286898],[92.74339618042552,49.997272043131858],[92.689821909287573,49.993150945351992],[92.576491720341906,50.000215684403138],[92.573253714943405,50.00433678218301],[92.571781894307776,50.013756434251221],[92.569132617163575,50.023176086319459],[92.56295097049383,50.027297184099268],[92.518207623169815,50.030829553624855],[92.504666873321753,50.034361923150421],[92.492597944109377,50.040249205693073],[92.485533205058175,50.047019580617111],[92.479940286642716,50.054084319668249],[92.470520634574484,50.062326515227923],[92.460512254252023,50.065270156499238],[92.44667714027679,50.067625069516325],[92.4343138469373,50.071451803169026],[92.429015292648899,50.078810906347343],[92.426954743758984,50.100299487627922],[92.419595640580724,50.113545873348869],[92.405171798351262,50.124142981925587],[92.348359521814828,50.156228671782934],[92.337762413238067,50.17124124226666],[92.333935679585409,50.195967828945705],[92.331286402441208,50.204798752759658],[92.326576576407092,50.215101497209254],[92.324516027517177,50.226287334040272],[92.329814581805522,50.236590078489868]]]}},
{"type":"Feature","properties":{"featurecla":"Lake","scalerank":3,"name":"Khövsgöl Nuur","name_abb":"Khövsgöl Nuur","name_alt":"Khövsgöl dalai","note":null,"delta":null,"dam_name":null,"year":-99,"admin":null,"min_zoom":3.0,"min_label":5.0,"label":"Khövsgöl Nuur","wikidataid":"Q192215","name_ar":"بحيرة خوفسغول","name_bn":"খোভসগোল নূর","name_de":"Chöwsgöl Nuur","name_en":"Khövsgöl Nuur","name_es":"Ubsugul","name_fr":"Khövsgöl","name_el":"Λίμνη Χουβσγκούλ","name_hi":"ख़ोव्स्गोल झील","name_hu":"Hövszgöl-tó","name_id":"Khövsgöl","name_it":"Hôvsgôl Nuur","name_ja":"フブスグル湖","name_ko":"후브스굴호","name_nl":"Hövsgöl Nuur","name_pl":"Chubsuguł","name_pt":"Khuvsgul","name_ru":"Хубсугул","name_sv":"Chövsgöl","name_tr":"Hövsgöl","name_vi":"Khovsgol","name_zh":"库苏古尔湖","ne_id":1159113373,"name_fa":"دریاچه خووسگول","name_he":"אגם חבסגל","name_uk":"Хубсуґул","name_ur":"کھوسگول نور","name_zht":"庫蘇古爾湖","historical_claim":false,"geometry_status":"modern_physical_reference","source_id":"source.natural_earth.lakes.10m"},"geometry":{"type":"Polygon","coordinates":[[[100.784835405408501,51.432297162898763],[100.796021242239476,51.412280402253757],[100.795138149858076,51.389614364464641],[100.780714307628614,51.343104832377882],[100.788956503188331,51.316317696808824],[100.769234106670524,51.302482582833676],[100.772177747941839,51.29276856663833],[100.777770666357299,51.283348914570112],[100.77894812286587,51.272457441866251],[100.776004481594555,51.25450123011116],[100.767467921907738,51.238016838991825],[100.740092058084485,51.205342420880221],[100.734499139668969,51.18944675801513],[100.728317492999224,51.1632483507004],[100.715954199659677,51.145586503072494],[100.708300732354246,51.128219019571731],[100.713893650769762,51.103786797019787],[100.723902031092223,51.082886943993458],[100.730672406016254,51.074644748433791],[100.741858242847286,51.069051830018225],[100.722135846329422,51.056394172551599],[100.700647265048815,51.048740705246161],[100.682396689166637,51.039321053177986],[100.672388308844177,51.02107047729578],[100.692699433616269,51.016066287134528],[100.702119085684501,51.011062096973333],[100.710361281244161,51.004291722049288],[100.711538737752676,50.995755162362464],[100.691816341234869,50.978976407115965],[100.686517786946524,50.969556755047734],[100.682396689166637,50.956310369326808],[100.671505216462776,50.937176701063237],[100.657081374233314,50.919514853435366],[100.642068803749623,50.911861386129935],[100.624406956121732,50.907151560095826],[100.570538320856599,50.870356044204385],[100.559941212279909,50.865940582297412],[100.537569538617902,50.860347663881889],[100.528738614803956,50.856520930229195],[100.519318962735724,50.850339283559435],[100.511959859557408,50.844452001016791],[100.506366941141948,50.837387261965617],[100.502245843362061,50.829439430533078],[100.495475468438045,50.810894490523793],[100.494003647802401,50.800003017819897],[100.498419109709346,50.795293191785817],[100.504600756379148,50.796176284167203],[100.514020408447323,50.80088611020129],[100.51902459860861,50.802063566709819],[100.52402878876984,50.800003017819876],[100.52814988654967,50.795293191785817],[100.52903297893107,50.790583365751694],[100.517258413845809,50.78410735495482],[100.510193674794607,50.765268050818356],[100.498419109709346,50.761146953038534],[100.486350180496984,50.759675132402862],[100.472515066521794,50.755848398750182],[100.459563044927975,50.750255480334687],[100.450437756986915,50.743779469537778],[100.439840648410154,50.73347672508816],[100.441018104918669,50.731416176198223],[100.440135012537269,50.720230339367248],[100.441606833172955,50.695798116815311],[100.440135012537269,50.685201008238558],[100.422473164909377,50.648994220601388],[100.423061893163663,50.63221546535484],[100.4469053874613,50.630154916464924],[100.445727930952785,50.646050579330044],[100.460446137309361,50.650466041237031],[100.480462897954339,50.646639307584309],[100.494886740183802,50.63751401964322],[100.496947289073717,50.626033818685094],[100.482817810971369,50.611609976455654],[100.488410729386885,50.603367780895944],[100.481051626208625,50.593065036446376],[100.471043245886108,50.588649574539389],[100.459268680800847,50.589827031047889],[100.4469053874613,50.596597405971941],[100.433070273486123,50.589238302793646],[100.433070273486123,50.583056656123865],[100.463684142707848,50.571870819292862],[100.474281251284594,50.569221542148675],[100.474281251284594,50.562451167224658],[100.462212322072176,50.557741341190535],[100.449849028732615,50.55568079230062],[100.422767529036548,50.555092064046342],[100.416880246493918,50.55067660213939],[100.409521143315601,50.54125695007118],[100.400101491247383,50.531837298002941],[100.388621290289279,50.527716200223104],[100.322094997557485,50.542728770706866],[100.296190954369948,50.54184567832543],[100.286182574047416,50.537135852291314],[100.274702373089326,50.529482384985904],[100.262927808004008,50.525655651333174],[100.240850498469172,50.536841488164214],[100.228487205129625,50.535369667528542],[100.218478824807164,50.528599292604525],[100.211414085755962,50.509759988468055],[100.197578971780786,50.488271407187497],[100.193163509873841,50.479440483373558],[100.196107151145171,50.469137738923891],[100.196695879399385,50.460895543364224],[100.193163509873841,50.452653347804542],[100.177856575262979,50.465605369398325],[100.166965102559118,50.489154499568862],[100.160783455889316,50.515058542756478],[100.159017271126572,50.534486575147149],[100.165198917796317,50.561862438970394],[100.178150939390093,50.575403188818449],[100.19375223812807,50.585705933268066],[100.206704259721903,50.603367780895944],[100.196401515272271,50.613081797091304],[100.196107151145171,50.623678905668008],[100.202877526069187,50.634570378371897],[100.214357727027334,50.644284394567272],[100.230842118146654,50.652820954254061],[100.244677232121887,50.658119508542455],[100.245854688630402,50.660768785686642],[100.257040525461377,50.674015171407532],[100.262044715622665,50.67843063331452],[100.254685612444348,50.683434823475743],[100.240850498469172,50.699036122213762],[100.249975786410232,50.712871236188931],[100.249092694028832,50.730533083816837],[100.240850498469172,50.764090594309813],[100.240850498469172,50.849750555305164],[100.247032145138917,50.894493902629165],[100.296190954369948,51.014888830626013],[100.305316242311008,51.049918161754725],[100.309731704217995,51.086419313519016],[100.315618986760626,51.10614171003683],[100.327393551845887,51.120565552266299],[100.335341383278433,51.135578122750019],[100.330337193117202,51.158244160539155],[100.285005117538901,51.230657735813558],[100.266754541656724,51.268925072340686],[100.262044715622665,51.309252957757707],[100.266754541656724,51.328386626021256],[100.276762921979241,51.342516104123575],[100.291481128335818,51.350169571428992],[100.309731704217995,51.350169571429007],[100.31002606834511,51.347520294284806],[100.312380981362139,51.341338647615075],[100.316796443269141,51.334273908563908],[100.323566818193171,51.329564082529764],[100.405105681408656,51.346637201903448],[100.431892816977609,51.366653962548355],[100.451026485241201,51.393735462244493],[100.467510876360564,51.425232423847589],[100.458385588419446,51.442599907348338],[100.449260300478386,51.449664646399505],[100.437191371265953,51.449959010526655],[100.418940795383833,51.445543548619646],[100.385088920763678,51.433768983534407],[100.366543980754386,51.432002798771606],[100.358301785194669,51.44259990734836],[100.360362334084641,51.456140657196421],[100.366543980754386,51.468209586408797],[100.376257996949732,51.477040510222807],[100.388621290289279,51.480278515621194],[100.40098458362877,51.485282705782431],[100.412759148714031,51.496762906740571],[100.431598452850494,51.520312036911079],[100.491060006531086,51.53650206390337],[100.505483848760548,51.545921715971566],[100.511371131303179,51.556518824548299],[100.510782403048893,51.565349748362252],[100.508133125904692,51.573886308049104],[100.508427490031863,51.582717231863029],[100.514609136701608,51.590959427422725],[100.522851332261268,51.596257981711084],[100.52726679416827,51.601850900126571],[100.522851332261268,51.61068182394051],[100.549638467830277,51.619807111881613],[100.570538320856599,51.611564916321925],[100.590555081501577,51.59772980234677],[100.615281668180614,51.590370699168439],[100.621463314850416,51.579479226464578],[100.645601173275224,51.514719118495606],[100.659436287250401,51.498234727376243],[100.678569955513936,51.480278515621194],[100.699764172667415,51.465854673391753],[100.720664025693793,51.459967390849101],[100.744801884118601,51.456729385450693],[100.766879193653438,51.447309733382419],[100.784835405408501,51.432297162898763]]]}},
{"type":"Feature","properties":{"featurecla":"Lake","scalerank":9,"name":"Ozero Gusinoye","name_abb":"O. Gusinoye","name_alt":"Lake Gusinoye","note":null,"delta":null,"dam_name":null,"year":-99,"admin":null,"min_zoom":7.0,"min_label":8.0,"label":"Ozero Gusinoye","wikidataid":"Q671989","name_ar":"بحيرة جوسينوي","name_bn":"ওজেরো গুসিনোয়ে","name_de":"Gussinojesee","name_en":"Gusinoe","name_es":"Gusínoye","name_fr":"Goussinoïe","name_el":"Οζέρο Γκουσινόγιε","name_hi":"ओज़ेरो गुसिनॉय","name_hu":"Gusinoje-tó","name_id":"Danau Gusinoye","name_it":"Gusinoe","name_ja":"グシノエ湖","name_ko":"오제로 구시노예","name_nl":"Goesinojemeer","name_pl":"Jezioro Gęsie","name_pt":"Lago Gusinoye","name_ru":"Гусиное","name_sv":"Ozero Gusinoje","name_tr":"Ozero Gusinoye","name_vi":"Hồ Gusinoye","name_zh":"古西諾耶湖","ne_id":1159119111,"name_fa":"اوزرو گوسینویه","name_he":"אגם גוסינואה","name_uk":"озеро Гусине","name_ur":"اوزیرو گوسینوئے","name_zht":"古西諾耶湖","historical_claim":false,"geometry_status":"modern_physical_reference","source_id":"source.natural_earth.lakes.10m"},"geometry":{"type":"Polygon","coordinates":[[[106.501975482559772,51.269219436467765],[106.504330395576801,51.24419848566162],[106.499620569542699,51.226831002160829],[106.48843473271171,51.207991698024415],[106.474010890482248,51.192684763413538],[106.460175776507072,51.186208752616658],[106.441336472370665,51.181204562455413],[106.424852081251288,51.169429997370145],[106.401891679334994,51.1447034106911],[106.365390527570696,51.122920465283372],[106.321530272628081,51.114678269723662],[106.294154408804786,51.126158470681773],[106.305634609762933,51.163542714827514],[106.319175359611009,51.171784910387217],[106.347434315815633,51.184736931981007],[106.360091973282294,51.19239039928646],[106.370394717731926,51.202987507863149],[106.381580554562902,51.219471898982562],[106.391000206631134,51.237133746610439],[106.395121304410964,51.250968860585616],[106.402774771716395,51.263626518052313],[106.421025347598572,51.275401083137567],[106.441630836497779,51.284526371078641],[106.45664340698147,51.289236197112757],[106.479309444770664,51.291002381875536],[106.494027651127226,51.284526371078641],[106.501975482559772,51.269219436467765]]]}},
{"type":"Feature","properties":{"featurecla":"Lake","scalerank":7,"name":"Dood-Tsagaan Nuur","name_abb":"Dood-Tsagaan Nuur","name_alt":null,"note":null,"delta":null,"dam_name":null,"year":-99,"admin":null,"min_zoom":5.7,"min_label":6.7,"label":"Dood-Tsagaan Nuur","wikidataid":"Q2721959","name_ar":"بحيرة دود تساجان","name_bn":"দুদ-তসাগান নূর","name_de":"Dood-Tsagaan Nuur","name_en":"Dood Tsagaan","name_es":"Dood-Tsagaan Nuur","name_fr":"Dood Tsagaan Lake","name_el":"Ντουντ-Τσαγάαν Νουρ","name_hi":"डूड-त्सगान नूर","name_hu":"Dood-Tsagaan Nuur","name_id":"Dood-Tsagaan Nuur","name_it":"Dood Cagaan nuur","name_ja":"ドゥード・ターガン湖","name_ko":"두드차간 누르","name_nl":"Dood Tsagaan","name_pl":"Dood Cagaan nuur","name_pt":"Lago Dood-Tsagaan","name_ru":"озеро Дуд-Цагаан-Нуур","name_sv":"Dood-Tsagaan Nuur","name_tr":"Dood Tsagaan","name_vi":"Dood Tsagaan","name_zh":"下查干湖","ne_id":1159115863,"name_fa":"دودا تساگان نور","name_he":"דוד צאגאאן","name_uk":"Дуд-Цагаан","name_ur":"دود ساگان نور","name_zht":"下查干湖","historical_claim":false,"geometry_status":"modern_physical_reference","source_id":"source.natural_earth.lakes.10m"},"geometry":{"type":"Polygon","coordinates":[[[99.517303473979496,51.482633428638245],[99.517892202233782,51.47174195593437],[99.50847255016555,51.458789934340615],[99.492871251427573,51.450253374653769],[99.432820969492752,51.438478809568487],[99.373653779939275,51.414046587016578],[99.364528491998172,51.404332570821204],[99.377774877719105,51.393441098117371],[99.43076042060278,51.38078344065071],[99.436353339018297,51.373129973345279],[99.425461866314436,51.359000495242931],[99.410743659957859,51.324559892368548],[99.401912736143913,51.311607870774765],[99.386311437405936,51.296889664418167],[99.369532682159388,51.285998191714278],[99.355697568184212,51.285998191714299],[99.350399013895867,51.304837495850698],[99.352753926912911,51.311607870774765],[99.364234127871043,51.331330267292586],[99.371298866922189,51.339278098725124],[99.364528491998172,51.348109022539084],[99.355108839929983,51.356645582225887],[99.350399013895867,51.359589223497217],[99.345689187861751,51.374013065726693],[99.335092079285005,51.389614364464641],[99.321845693564057,51.402860750185575],[99.309776764351682,51.410514217490984],[99.334503351030719,51.420522597813459],[99.38896071455008,51.431119706390184],[99.408977475195059,51.441716814966945],[99.465495387604335,51.48910943943514],[99.476681224435367,51.493230537214984],[99.491988159046173,51.492936173087834],[99.50847255016555,51.490286895943669],[99.517303473979496,51.482633428638245]]]}},
{"type":"Feature","properties":{"featurecla":"Lake","scalerank":9,"name":null,"name_abb":null,"name_alt":null,"note":"_untitled_281","delta":null,"dam_name":null,"year":-99,"admin":null,"min_zoom":7.0,"min_label":8.0,"label":null,"wikidataid":null,"name_ar":null,"name_bn":null,"name_de":null,"name_en":null,"name_es":null,"name_fr":null,"name_el":null,"name_hi":null,"name_hu":null,"name_id":null,"name_it":null,"name_ja":null,"name_ko":null,"name_nl":null,"name_pl":null,"name_pt":null,"name_ru":null,"name_sv":null,"name_tr":null,"name_vi":null,"name_zh":null,"ne_id":1159119309,"name_fa":null,"name_he":null,"name_uk":null,"name_ur":null,"name_zht":null,"historical_claim":false,"geometry_status":"modern_physical_reference","source_id":"source.natural_earth.lakes.10m"},"geometry":{"type":"Polygon","coordinates":[[[111.572397572402792,52.562949775211464],[111.582111588598138,52.559123041558763],[111.580345403835338,52.550292117744824],[111.573869393038422,52.541166829803736],[111.569159567004306,52.536162639642498],[111.557385001919044,52.531158449481268],[111.541489339053953,52.529686628845617],[111.525888040315976,52.531452813608368],[111.51440783935783,52.536162639642519],[111.500278361255553,52.529392264718446],[111.486148883153191,52.539400645040971],[111.479672872356275,52.542344286312265],[111.499395268874139,52.551469574253332],[111.524121855553176,52.557945585050255],[111.572397572402792,52.562949775211464]]]}},
{"type":"Feature","properties":{"featurecla":"Lake","scalerank":9,"name":"Ozero Bolshoye Yeravnoye","name_abb":"O. Bolshoye Yeravnoye","name_alt":"Lake Bolshoye Yeravnoye","note":null,"delta":null,"dam_name":null,"year":-99,"admin":null,"min_zoom":7.0,"min_label":8.0,"label":"Ozero Bolshoye Yeravnoye","wikidataid":"Q4092295","name_ar":"بحيرة بولشوي يرافنوي","name_bn":"ওজেরো বলশয় ইয়েরাভনয়","name_de":"Ozero Bolshoye Yeravnoye","name_en":"Ozero Bolshoye Yeravnoye","name_es":"Lago Bolshoye Yeravnoye","name_fr":"Ozero Bolshoye Yeravnoye","name_el":"Οζέρο Μπολσόιε Γιεραβνοϊε","name_hi":"ओज़ेरो बोल्शॉय येरवनोय","name_hu":"Bolsoje Jeravnoje-tó","name_id":"Danau Bolshoye Yeravnoye","name_it":"Ozero Bolshoye Yeravnoye","name_ja":"ボリショエ・エラヴノエ","name_ko":"오제로 볼쇼예 예라브노예","name_nl":"Ozero Bol'shoye Yeravnoye","name_pl":"Jezioro Bolszoje Yeravnoye","name_pt":"Lago Bolshoye Yeravnoye","name_ru":"Большое Еравное озеро","name_sv":"Ozero Bolsjoj Jeravnoje","name_tr":"Ozero Bolshoye Yeravnoye","name_vi":"Hồ Bolshoye Yeravnoye","name_zh":"大耶拉夫諾耶湖","ne_id":1159119273,"name_fa":"اوزرو بولشویه یراونویه","name_he":"אגם בולשויה ירבנויה","name_uk":"озеро Велике Єравне","name_ur":"اوزیرو بولشوئے ییرانوئے","name_zht":"大耶拉夫諾耶湖","historical_claim":false,"geometry_status":"modern_physical_reference","source_id":"source.natural_earth.lakes.10m"},"geometry":{"type":"Polygon","coordinates":[[[111.510581105705114,52.564715959974272],[111.463188481236898,52.562066682830043],[111.454946285677238,52.562949775211464],[111.448764639007493,52.566776508864194],[111.446409725990407,52.572958155533954],[111.444937905354777,52.587970726017694],[111.441994264083462,52.590914367289017],[111.43080842725243,52.592680552051782],[111.421094411057098,52.598273470467262],[111.414029672005938,52.606810030154094],[111.411674758988909,52.617995866985105],[111.42256623169277,52.640367540647077],[111.447881546626107,52.650375920969616],[111.533835871748522,52.664799763199035],[111.55797373017333,52.663622306690527],[111.573869393038422,52.64978719271533],[111.575929941928337,52.61740713873084],[111.563861012715961,52.592680552051782],[111.540311882545438,52.575018704423897],[111.510581105705114,52.564715959974272]]]}},
{"type":"Feature","properties":{"featurecla":"Lake","scalerank":0,"name":"Lake Baikal","name_abb":"L. Baikal","name_alt":null,"note":null,"delta":null,"dam_name":null,"year":-99,"admin":null,"min_zoom":1.0,"min_label":3.0,"label":"Lake Baikal","wikidataid":"Q5513","name_ar":"بحيرة بايكال","name_bn":"বৈকাল হ্রদ","name_de":"Baikalsee","name_en":"Baikal","name_es":"Baikal","name_fr":"Baïkal","name_el":"Βαϊκάλη","name_hi":"बयकाल झील","name_hu":"Bajkál-tó","name_id":"Baikal","name_it":"Bajkal","name_ja":"バイカル湖","name_ko":"바이칼호","name_nl":"Baikalmeer","name_pl":"Bajkał","name_pt":"Baikal","name_ru":"Байкал","name_sv":"Bajkalsjön","name_tr":"Baykal","name_vi":"Baikal","name_zh":"贝加尔湖","ne_id":1159113127,"name_fa":"دریاچه بایکال","name_he":"ימת באיקל","name_uk":"Байкал","name_ur":"جھیل بیکال","name_zht":"贝加尔湖","historical_claim":false,"geometry_status":"modern_physical_reference","source_id":"source.natural_earth.lakes.10m"},"geometry":{"type":"Polygon","coordinates":[[[109.26046171791063,53.889060167939654],[109.245154783299768,53.868454679040461],[109.235735131231593,53.844022456488545],[109.193935425178893,53.807226940597033],[109.184221408983547,53.78662145169784],[109.188342506763377,53.776613071375351],[109.206593082645554,53.758656859620302],[109.21130290867967,53.749237207552127],[109.207770539154069,53.739228827229617],[109.190991783907577,53.708614958007928],[109.184221408983547,53.700667126575389],[109.21041981629827,53.671230713862208],[109.208064903281183,53.666520887828085],[109.197467794704437,53.663282882429641],[109.186870686127747,53.655040686869988],[109.170091930881199,53.639145024004883],[109.167148289609884,53.633257741462216],[109.168325746118455,53.628842279555229],[109.166853925482769,53.626487366538221],[109.156551181033137,53.6256042741568],[109.150663898490507,53.624426817648271],[109.136534420388216,53.619128263359876],[109.125642947684355,53.618245170978497],[109.046753361613071,53.625604274156814],[108.989352356822394,53.639145024004883],[108.984936894915393,53.643266121784713],[108.995239639365025,53.652097045598651],[109.042043535578955,53.679178545294732],[109.049991367011501,53.688892561490114],[109.056467377808417,53.717740245949031],[109.063826480986677,53.724804985000176],[109.072657404800623,53.730692267542814],[109.08089960036034,53.741583740246675],[109.018788769535547,53.765721598671469],[109.022615503188263,53.769548332324213],[109.032329519383609,53.774846886612551],[109.036450617163439,53.78603272344354],[109.044692812723156,53.795452375511793],[109.067064486385107,53.796335467893172],[109.067064486385107,53.803694571071468],[109.062649024478162,53.811053674249756],[109.065003937495192,53.813997315521057],[109.074423589563423,53.817235320919529],[109.060294111461133,53.835191532674529],[109.051757551774301,53.851970287921056],[109.04086607907044,53.864922309514874],[109.019377497789776,53.871987048566019],[109.005836747941771,53.870809592057483],[108.965214498397586,53.857563206336543],[108.91870496631077,53.859329391099351],[108.906636037098394,53.854619565065242],[108.808318418636418,53.78985945709627],[108.711472620810071,53.692719295142851],[108.698226235089194,53.660044877031247],[108.683508028732547,53.640028116386247],[108.649361789985278,53.604410057003349],[108.596376247101603,53.571146910637431],[108.587839687414771,53.55966670967932],[108.581363676617855,53.544654139195593],[108.564879285498549,53.532585209983218],[108.52602322071715,53.516395182990955],[108.550749807396187,53.504620617905687],[108.597259339483003,53.5213993731522],[108.677326382062802,53.56290471507775],[108.794483304661185,53.579683470324255],[108.855416678977463,53.598228410333533],[108.896627656775877,53.594401676680846],[108.929007710760416,53.573501823654524],[108.979049612372762,53.508741715685545],[108.992295998093709,53.478716574718106],[109.001715650161884,53.434561955648334],[108.99818328063634,53.393056613722798],[108.979343976499877,53.369801847679376],[108.979049612372762,53.364797657518167],[108.929302074887516,53.34801890227164],[108.787124201482925,53.282964430175561],[108.736493571616279,53.273544778107329],[108.709117707793041,53.276194055251516],[108.697048778580609,53.292972810498021],[108.683508028732547,53.305041739710418],[108.653777251892279,53.300626277803453],[108.607856448059749,53.282964430175561],[108.397680461287734,53.15079493709343],[108.379135521278457,53.145790746932185],[108.375603151752841,53.143435833915142],[108.332331625064512,53.121652888507391],[108.304661397114117,53.117531790727547],[108.293769924410242,53.111055779930652],[108.286410821231925,53.104874133260914],[108.294653016791642,53.08515173674305],[108.299362842825758,53.077498269437626],[108.306721946004018,53.070139166259324],[108.317319054580764,53.065723704352379],[108.328799255538925,53.064251883716729],[108.337630179352857,53.059836421809692],[108.341456913005572,53.046590036088816],[108.333214717445856,53.030105644969417],[108.314669777436563,53.010677612578768],[108.279934810435066,52.981829928119865],[108.243728022797882,52.965345537000459],[108.225771811042819,52.953570971915212],[108.218118343737387,52.936792216668678],[108.207226871033541,52.924134559202024],[108.042971688094042,52.857608266470294],[108.019716922050634,52.852604076309028],[108.005587443948343,52.83965205471528],[107.984687590921965,52.803150902950932],[107.968497563929759,52.790198881357135],[107.926109129622787,52.777541223890445],[107.885192515951474,52.751048452448615],[107.862526478162351,52.741334436253268],[107.813367668931335,52.727499322278085],[107.80806911464299,52.724850045133884],[107.79894382670193,52.717196577828474],[107.792762180032142,52.713664208302916],[107.786286169235282,52.712486751794344],[107.772745419387206,52.712192387667265],[107.753906115250743,52.706599469251735],[107.722409153647675,52.701595279090505],[107.554327237055475,52.705422012743213],[107.530483742757838,52.701006550836226],[107.434226673185776,52.672158866377316],[107.410383178888083,52.661267393673434],[107.395076244277277,52.652436469859488],[107.361224369657123,52.626238062544779],[107.319130299477308,52.607987486662665],[107.129854165731615,52.557062492668841],[106.955001874215384,52.488475651047168],[106.914085260544098,52.464337792622388],[106.887886853229375,52.432546466892148],[106.854918070990664,52.358661070982087],[106.828130935421655,52.330990843031749],[106.785448136987554,52.316567000802294],[106.739821697282139,52.321276826836346],[106.662109567719369,52.362487804634817],[106.620898589920955,52.37808910337278],[106.594111454352003,52.378089103372794],[106.566441226401594,52.385448206551075],[106.552311748299303,52.386920027186747],[106.486374183821795,52.382504565279774],[106.388939657741219,52.346592141769683],[106.374515815511757,52.344531592879761],[106.347728679942747,52.346003413515433],[106.336248478984672,52.343648500498404],[106.322707729136596,52.333640120175907],[106.264717996091633,52.27565038713098],[106.257653257040488,52.270351832842586],[106.251177246243572,52.267113827444163],[106.246761784336627,52.261520909028683],[106.244112507192426,52.248274523307714],[106.246173056082341,52.24120978425659],[106.255592708150573,52.222370480120155],[106.263540539583119,52.186458056610078],[106.287384033880755,52.157904736278297],[106.292093859914871,52.138476703887612],[106.287384033880755,52.124347225785314],[106.27708128943118,52.110806475937245],[106.263834903710233,52.099031910851991],[106.250294153862171,52.089906622910888],[106.236753404014109,52.097265726089176],[106.236164675759895,52.092850264182211],[106.234692855124194,52.089906622910888],[106.232632306234279,52.087551709893823],[106.230571757344364,52.083724976241115],[106.233515398615694,52.074894052427155],[106.229983029090079,52.064885672104694],[106.221446469403304,52.055760384163598],[106.210554996699386,52.048990009239581],[106.181412948113405,52.017493047636492],[106.166400377629657,51.996887558737306],[106.172582024299402,51.98746790666906],[106.18347349700332,51.983346808889216],[106.190832600181579,51.973632792693877],[106.195542426215695,51.961269499354394],[106.197014246851381,51.950083662523326],[106.193187513198666,51.943018923472188],[106.184062225257549,51.938897825692351],[106.162279279849841,51.93301054314972],[106.11400356300021,51.906812135834997],[106.091043161083988,51.888561559952826],[106.090454432829688,51.884440462172989],[106.085450242668458,51.880319364393138],[106.075147498218826,51.861480060256739],[106.069848943930481,51.85706459834973],[106.06072365598942,51.854709685332693],[106.040118167090156,51.842346391993154],[106.011859210885532,51.820857810712553],[105.932380896560005,51.737552762734254],[105.918545782584772,51.729899295428851],[105.902650119719681,51.729604931301751],[105.873802435260757,51.733726029081559],[105.84760402794609,51.727838746538943],[105.801683224113503,51.710176898911044],[105.748403317102714,51.704289616368428],[105.435199885834606,51.614508557593261],[105.016319732926206,51.545627351844431],[104.963334190042531,51.542683710573087],[104.941551244634809,51.538268248666135],[104.806438110281363,51.478217966731279],[104.787893170272071,51.473508140697177],[104.708414855946501,51.474979961332807],[104.62805344923953,51.487048890545239],[104.522376727599294,51.480572879748344],[104.417583098340401,51.495585450232056],[104.30896273542885,51.499706548011865],[104.257449013180803,51.508243107698725],[104.18768471505058,51.532086601996369],[104.13852590581962,51.538268248666135],[104.078769988011871,51.562994835345201],[103.993993119397942,51.574769400430476],[103.951604685090956,51.601262171872328],[103.926878098411919,51.60656072616068],[103.873892555528244,51.610681823940538],[103.853581430756151,51.616863470610312],[103.809721175813536,51.638057687763769],[103.794708605329788,51.648360432213373],[103.775280572939096,51.656896991900219],[103.722883758309649,51.672498290638181],[103.708754280207359,51.685744676359114],[103.727299220216651,51.719302186852104],[103.790587507549958,51.731665480191658],[103.913926076818143,51.733726029081559],[103.994876211779342,51.752270969090844],[104.111444406123496,51.758158251633475],[104.246557540476942,51.782001745931169],[104.599500128907778,51.788183392600928],[104.622460530824071,51.784651023075348],[104.633057639400818,51.784651023075348],[104.647187117503108,51.788183392600942],[104.658078590206969,51.794953767524945],[104.679567171487577,51.812615615152858],[104.691930464827124,51.816147984678409],[104.705176850548071,51.823801451983904],[104.733435806752709,51.858830783112502],[104.750214561999215,51.87031098407067],[104.811442300442593,51.877081358994708],[104.937135782727808,51.86412933740089],[104.997186064662685,51.870310984070663],[105.086672759310716,51.901807945673738],[105.186462198408321,51.909755777106341],[105.220902801282762,51.917703608538851],[105.250633578123029,51.933010543149727],[105.268589789878092,51.95302730379467],[105.285957273378813,51.977753890473721],[105.307445854659477,51.998948107627207],[105.336293539118344,52.008073395568275],[105.353072294364836,52.011311400966719],[105.386335440730775,52.025440879069045],[105.401348011214452,52.028384520340367],[105.419304222969458,52.029856340976032],[105.440792804250123,52.034271802883005],[105.456099738860928,52.040453449552771],[105.455805374733814,52.048990009239581],[105.478177048395821,52.056937840672113],[105.519388026194235,52.084313704495365],[105.541759699856243,52.089906622910874],[105.554417357322905,52.095499541326376],[105.607402900206637,52.130823236582195],[105.614467639257796,52.139065432141891],[105.626830932597343,52.157316008024026],[105.634778764029875,52.165852567710857],[105.672163008175573,52.196760801059732],[105.707192339304243,52.251512528706158],[105.723382366296505,52.267996919825535],[105.748992045356943,52.282420762055018],[105.757528605043774,52.289191136979028],[105.788436838392613,52.326281016997655],[105.80492122951199,52.339821766845681],[105.839656196513488,52.361310348126274],[105.877040440659243,52.412824070374327],[105.907654309880911,52.444321031977417],[105.943861097518095,52.47199125992779],[105.98360025468088,52.494657297716955],[106.340958305018717,52.617995866985105],[106.408662054259025,52.631830980960324],[106.470184156829532,52.667154676216086],[106.48755164033031,52.672747594631609],[106.498737477161342,52.678634877174233],[106.564380677511693,52.723378224498262],[106.572622873071396,52.726321865769556],[106.58027634037677,52.730442963549393],[106.586752351173686,52.74104007212614],[106.587929807682201,52.748693539431585],[106.585280530538057,52.75546391435563],[106.573211601325625,52.775186310873401],[106.607063475945779,52.781662321670318],[106.651218095015508,52.815219832163315],[106.683009420745748,52.830526766774163],[106.729813316959678,52.843478788367975],[106.744531523316255,52.850837891546242],[106.761604642689917,52.862318092504388],[106.768669381741063,52.871149016318334],[106.778677762063523,52.899407972522972],[106.796045245564301,52.924428923329174],[106.819888739861995,52.94385695571988],[106.891124858627848,52.981241199865593],[106.903193787840223,52.984479205264009],[106.909375434510025,52.989189031298132],[106.909081070382854,53.001257960510543],[106.900250146568908,53.014209982104333],[106.87051936972864,53.030694373223703],[106.861099717660409,53.042763302436114],[106.776617213173608,53.018625444011313],[106.744531523316255,53.015387438612862],[106.744531523316255,53.0221578135369],[106.783093223970525,53.041585845927585],[106.803404348742617,53.055420959902783],[106.812235272556563,53.066901160860951],[106.817239462717794,53.077498269437626],[106.829014027803055,53.087212285632958],[106.843143505905346,53.094571388811282],[106.869636277347254,53.100753035481027],[106.876406652271271,53.109289595167866],[106.880822114178216,53.120475431998848],[106.887886853229375,53.131955632956988],[106.908786706255739,53.145790746932207],[106.955001874215384,53.158154040271725],[106.973841178351847,53.169928605356965],[107.015935248531662,53.215555045062374],[107.031830911396753,53.228212702529014],[107.109248676832408,53.254116745716637],[107.133092171130059,53.277665875887195],[107.444529417635351,53.398649532138279],[107.460425080500499,53.40954100484219],[107.481030569399707,53.420138113418915],[107.528423193867923,53.432207042631298],[107.547262498004329,53.447513977242153],[107.553444144674074,53.459288542327435],[107.552561052292674,53.464881460742902],[107.54902868276713,53.468413830268503],[107.547262498004329,53.474595476938234],[107.547262498004329,53.510802264575474],[107.550206139275659,53.516395182990941],[107.565513073886507,53.525226106804894],[107.601719861523691,53.584687660485486],[107.652644855517451,53.642677393530413],[107.670306703145343,53.654157594488581],[107.972913025836704,53.793980554876121],[107.984687590921965,53.806932576469919],[107.997050884261512,53.816646592665258],[108.073879921442895,53.837840809818744],[108.138640029411889,53.88523343428691],[108.181911556100204,53.899951640643536],[108.198984675473866,53.917907852398542],[108.210759240559128,53.9405738901877],[108.226654903424219,53.987083422274516],[108.231659093585449,53.995325617834204],[108.236852851547454,54.0],[109.437907365525504,54.0],[109.26046171791063,53.889060167939654]],[[107.786580533362383,53.387169331180168],[107.782753799709667,53.410424097223583],[107.738304816512766,53.398943896265386],[107.721526061266289,53.388052423561554],[107.674427800925244,53.330062690516598],[107.648818121864736,53.309751565744541],[107.51311625925706,53.277960240014302],[107.491627677976453,53.265302582547612],[107.468372911933045,53.244991457775555],[107.364462375055552,53.217321229825181],[107.329727408053998,53.197893197434453],[107.259080017542431,53.186707360603478],[107.240829441660253,53.180231349806597],[107.196969186717638,53.151972393601923],[107.162234219716083,53.161686409797284],[107.125733067951785,53.149323116457779],[107.088643187933215,53.130189448194223],[107.053025128550246,53.118414883108947],[107.010047965989031,53.117531790727526],[106.990914297725453,53.113410692947689],[106.973841178351847,53.10104739960817],[106.963538433902215,53.091627747539945],[106.950292048181325,53.082796823726014],[106.936162570078977,53.075437720547725],[106.922033091976687,53.070139166259352],[106.929686559282061,53.068372981496573],[106.938223118968907,53.067784253242259],[106.95735678723247,53.070139166259324],[106.95735678723247,53.0639575195896],[106.947642771037124,53.061602606572542],[106.939694939604578,53.057187144665569],[106.933513292934776,53.051005497995781],[106.929392195154946,53.0427633024361],[106.949408955799925,53.048061856724473],[106.970603172953361,53.050122405614381],[106.970603172953361,53.042763302436079],[106.960889156758014,53.039819661164785],[106.95235259707124,53.035404199257826],[106.944110401511523,53.029516916715167],[106.936162570078977,53.022157813536893],[106.967659531682045,53.010677612578768],[107.017407069167362,53.01803671575702],[107.107776856196722,53.0427633024361],[107.39183823887879,53.077498269437612],[107.412443727777998,53.087506649760101],[107.428633754770274,53.102519220243842],[107.491627677976453,53.145790746932185],[107.551972324038445,53.171106061865522],[107.570517264047737,53.183174991077919],[107.587590383421343,53.197598833307325],[107.606135323430635,53.209962126646907],[107.626152084075613,53.220264871096497],[107.648818121864736,53.228212702529014],[107.738304816512766,53.23792671872441],[107.752434294615114,53.244991457775555],[107.755377935886429,53.255588566352316],[107.768918685734491,53.272661685725922],[107.773039783514321,53.282964430175561],[107.773334147641435,53.293855902879393],[107.770979234624406,53.300920641930567],[107.767741229225919,53.307691016854577],[107.76538631620889,53.31711066892283],[107.786580533362383,53.387169331180168]]]}},
{"type":"Feature","properties":{"featurecla":"Reservoir","scalerank":7,"name":"Krasnoyarsk Reservoir","name_abb":"Krasnoyarsk Res.","name_alt":"Krasnoyarskoye Reservoir","note":null,"delta":null,"dam_name":"Krasnoyarsk","year":1967,"admin":null,"min_zoom":5.7,"min_label":6.7,"label":"Krasnoyarsk Reservoir","wikidataid":"Q1786720","name_ar":"خزان كراسنويارسك","name_bn":"ক্র্যাসনোইয়ারস্ক রিজার্ভার","name_de":"Krasnojarsker Stausee","name_en":"Krasnoyarsk","name_es":"Krasnoyarsk","name_fr":"Krasnoyarsk Reservoir","name_el":"Τεχνητή Λίμνη Κρασνογιάρσκ","name_hi":"क्रास्नोयार्स्क जलाशय","name_hu":"Krasznojarszki-víztározó","name_id":"Reservoir Krasnoyarsk","name_it":"Krasnojarsk","name_ja":"クラスノヤルスク貯水池","name_ko":"크라스노야르스크 레저보어","name_nl":"stuwmeer van Krasnojarsk","name_pl":"Zbiornik Krasnojarski","name_pt":"Represa de Krasnoyarsk","name_ru":"Красноярское водохранилище","name_sv":"Krasnojarskreservoaren","name_tr":"Krasnoyarsk Rezervuarı","name_vi":"Hồ Krasnoyarsk","name_zh":"克拉斯諾亞爾斯克水庫","ne_id":1159125261,"name_fa":"مخزن سد کراسنویارسک","name_he":"מאגר קרסנויארסק","name_uk":"Красноярське водосховище","name_ur":"کراسنوئیارسک ریزروائر","name_zht":"克拉斯諾亞爾斯克水庫","historical_claim":false,"geometry_status":"modern_physical_reference","source_id":"source.natural_earth.lakes.10m"},"geometry":{"type":"Polygon","coordinates":[[[91.552398922050827,53.98502287338458],[91.545334182999625,53.96883284639231],[91.548572188398111,53.961473743214057],[91.596553541120571,53.961473743214064],[91.605973193188788,53.962945563849694],[91.612154839858533,53.967066661629538],[91.616570301765478,53.971776487663647],[91.620985763672479,53.975014493062098],[91.66455165448798,53.990615791800103],[91.714436129655965,54.0],[91.767927906051199,54.0],[91.781414212959248,53.999446715614027],[91.819387185359233,53.975014493062098],[91.812322446308087,53.941456982569093],[91.75315525675461,53.937630248916378],[91.634526513520555,53.953820275908605],[91.608622470332932,53.950582270510175],[91.553870742686456,53.937041520662127],[91.528261063626019,53.934097879390812],[91.517663955049272,53.930859873992361],[91.510010487743841,53.922912042559801],[91.49735283027718,53.906133287313274],[91.468799509945427,53.890237624448183],[91.463206591529925,53.88552779841406],[91.464384048038426,53.844905548869896],[91.514425949650843,53.766015962798605],[91.510893580125241,53.735402093576923],[91.481751531539203,53.745999202153655],[91.422584341985726,53.774552522485457],[91.397563391179517,53.793097462494714],[91.392264836891172,53.805755119961361],[91.397269027052403,53.819590233936552],[91.405216858484948,53.832836619657513],[91.408454863883435,53.844611184742803],[91.403450673722148,53.852853380302491],[91.394914114035373,53.859035026972187],[91.385788826094256,53.866688494277653],[91.380490271805911,53.879346151744322],[91.400212668323718,53.886705254922575],[91.41139850515475,53.899362912389265],[91.41228159753615,53.916141667635785],[91.401095760705132,53.934097879390812],[91.431415265799671,53.955880824798534],[91.498824650912809,53.981784867986136],[91.521723674015988,54.0],[91.563836000557103,54.0],[91.552398922050827,53.98502287338458]]]}},
{"type":"Feature","properties":{"featurecla":"Reservoir","scalerank":6,"name":"Bratsk Reservoir","name_abb":"Bratsk Res.","name_alt":"Bratskoye Vodokhranilishche","note":null,"delta":null,"dam_name":null,"year":1964,"admin":null,"min_zoom":5.0,"min_label":6.5,"label":"Bratsk Reservoir","wikidataid":"Q899803","name_ar":"خزان براتسك","name_bn":"ব্র্যাতস্ক রিজার্ভার","name_de":"Bratsker Stausee","name_en":"Bratsk","name_es":"Bratsk","name_fr":"Bratsk","name_el":"Τεχνητή λίμνη Μπρατσκ","name_hi":"ब्राटस्क जलाशय","name_hu":"Bratszki-víztározó","name_id":"Reservoir Bratsk","name_it":"Bratsk","name_ja":"ブラーツクダム","name_ko":"브라츠크 레저보어","name_nl":"Stuwmeer van Bratsk","name_pl":"Zbiornik Bracki","name_pt":"Albufeira de Bratsk","name_ru":"Братское водохранилище","name_sv":"Bratsk-reservoaren","name_tr":"Bratsk Rezervuarı","name_vi":"Hồ Bratsk","name_zh":"布拉茨克水庫","ne_id":1159125163,"name_fa":"مخزن سد براتسک","name_he":"מאגר בראטסק","name_uk":"Братське водосховище","name_ur":"براسک ریزروائر","name_zht":"布拉茨克水庫","historical_claim":false,"geometry_status":"modern_physical_reference","source_id":"source.natural_earth.lakes.10m"},"geometry":{"type":"Polygon","coordinates":[[[103.710226100842988,53.483426400752229],[103.679906595748434,53.506975530922738],[103.673724949078689,53.513451541719633],[103.667837666536059,53.522576829660736],[103.665482753518972,53.533762666491725],[103.666071481773258,53.544654139195593],[103.663127840501943,53.553190698882425],[103.650470183035281,53.556723068407983],[103.625743596356244,53.558783617297905],[103.527720342021382,53.582627111595563],[103.45825040801833,53.591752399536659],[103.437644919119066,53.587631301756822],[103.431757636576435,53.580566562705656],[103.424104169271004,53.566731448730494],[103.417922522601259,53.55966670967932],[103.413212696567143,53.549363965229716],[103.417039430219859,53.539649949034342],[103.42233798450826,53.530524661093274],[103.421160527999689,53.522576829660736],[103.413507060694315,53.518161367753741],[103.404676136880369,53.51933882426227],[103.395550848939266,53.523754286169243],[103.387308653379591,53.529347204584752],[103.392607207667936,53.486075677896409],[103.429991451813692,53.405125542935203],[103.441177288644667,53.364797657518153],[103.439999832136152,53.320937402575552],[103.429991451813692,53.280609517158496],[103.389957930523735,53.191122822510494],[103.383481919726876,53.171694790119737],[103.380832642582675,53.151972393601923],[103.380243914328389,53.128717627558572],[103.374062267658658,53.107229046277936],[103.360227153683468,53.115765605964768],[103.34609767558112,53.138137279626761],[103.338738572402875,53.15933149678024],[103.342565306055576,53.202897387595705],[103.37553408829433,53.27589969112438],[103.387308653379591,53.317110668922808],[103.390252294650907,53.363325836882481],[103.386719925125306,53.406891727697953],[103.376417180675674,53.446630884860774],[103.341682213674176,53.519044460135163],[103.337561115894346,53.55525124777234],[103.345508947326891,53.639145024004883],[103.336383659385774,53.690070017998615],[103.303120513019906,53.714796604677694],[103.25513916029746,53.724216256745898],[103.103247270697523,53.731280995797064],[103.08175868941693,53.738640098975374],[103.065568662424653,53.748059751043584],[102.927511886799891,53.787798908206355],[102.90661203377357,53.790153821223427],[102.883357267730162,53.787210179952069],[102.840674469296061,53.776613071375351],[102.818008431506939,53.776318707248201],[102.833609730244916,53.791920005986221],[102.87805871344176,53.803694571071489],[102.896309289323938,53.813997315521085],[102.908083854409199,53.819001505682316],[102.924273881401476,53.818118413300908],[102.940463908393724,53.813408587266807],[102.964013038564246,53.799279109164516],[102.978436880793708,53.797218560274558],[103.009050750015376,53.796335467893194],[103.151228623419968,53.757773767238909],[103.231884394254052,53.753947033586208],[103.247780057119158,53.755418854221894],[103.256905345060261,53.762189229145896],[103.254550432043175,53.772786337722643],[103.233944943143968,53.794863647257536],[103.228940752982737,53.806932576469926],[103.227174568219937,53.824594424097825],[103.215988731388961,53.863450488879195],[103.16889047104786,53.943517531458987],[103.12797385737656,53.98531723751168],[103.115610564037013,53.989438335291538],[103.101775450061837,53.992087612435739],[103.092355797993662,53.995325617834183],[103.08763115365403,54.0],[103.17004565912589,54.0],[103.177721394861805,53.992381976562861],[103.181842492641707,53.986200329893109],[103.185669226294365,53.972365215917904],[103.188612867565723,53.967655389883809],[103.218343644405991,53.958235737815585],[103.235122399652482,53.950287906383046],[103.248074421246315,53.929388053356689],[103.261909535221491,53.919674037161307],[103.277805198086583,53.910843113347397],[103.29105158380753,53.906133287313295],[103.281043203485012,53.900834733024887],[103.277216469832368,53.899362912389265],[103.284869937137728,53.885233434286917],[103.29693886635016,53.873753233328841],[103.325197822554799,53.857563206336543],[103.325197822554799,53.851381559666798],[103.30076560000289,53.854913929192378],[103.29105158380753,53.846966097759847],[103.289874127299015,53.831953527276127],[103.29105158380753,53.813997315521085],[103.385542468616791,53.714796604677709],[103.412918332440029,53.698900941812589],[103.436761826737666,53.655040686869931],[103.447947663568698,53.639145024004883],[103.472379886120621,53.627370458919557],[103.499755749943859,53.623838089394013],[103.554507477590334,53.625604274156814],[103.560689124260136,53.629725371936658],[103.566282042675653,53.648564676073043],[103.574818602362427,53.652685773852937],[103.579822792523657,53.647681583691693],[103.592186085863204,53.618245170978533],[103.607198656346952,53.604998785257571],[103.632219607153104,53.588514394138215],[103.659006742722113,53.577622921434347],[103.677846046858519,53.580860926832791],[103.695507894486411,53.591458035409552],[103.704633182427528,53.598522774460669],[103.708754280207359,53.607942426528886],[103.729948497360851,53.639145024004868],[103.752320171022859,53.648564676073043],[103.76644964912515,53.644149214166099],[103.767627105633665,53.629431007809522],[103.753203263404274,53.607942426528886],[103.725238671326736,53.579683470324255],[103.713464106241474,53.562610350950621],[103.708754280207359,53.543476682687086],[103.716996475767019,53.519927552516556],[103.736130144030611,53.507564259177002],[103.755263812294174,53.498438971235913],[103.763800371980949,53.484898221387873],[103.754675084039889,53.466058917251452],[103.733480866886396,53.469591286777018],[103.710226100842988,53.483426400752229]]]}},
{"type":"Feature","properties":{"featurecla":"Reservoir","scalerank":7,"name":"Hinakud Dam","name_abb":"Hinakud Dam","name_alt":null,"note":null,"delta":null,"dam_name":null,"year":-99,"admin":null,"min_zoom":5.7,"min_label":6.7,"label":null,"wikidataid":null,"name_ar":"سد هيناكود","name_bn":"হিনাকুদ ড্যাম","name_de":"Hirakud-Talsperre","name_en":"Hirakud Dam","name_es":"Presa Hinakud","name_fr":"Barrage d'Hirakud","name_el":"Φράγμα Χινακούδ","name_hi":"हिनाकुड डैम","name_hu":"Hinakud-gát","name_id":"Reservoir Hirakud","name_it":"Diga di Hirakud","name_ja":"ヒラクド・ダム","name_ko":"히나쿠드 댐","name_nl":"Hinakud Dam","name_pl":"Zapora Hinakud","name_pt":"Barragem de Hirakud","name_ru":"водохранилище Хиракуд","name_sv":"Hirakud-dammen","name_tr":"Hirakud Barajı","name_vi":"Đập Hinakud","name_zh":"希纳库德水库","ne_id":1159125483,"name_fa":"سد هیناکود","name_he":"סכר הינאקוד","name_uk":"Хінакуд","name_ur":"حناکود ڈیم","name_zht":"希納庫德大壩","historical_claim":false,"geometry_status":"modern_physical_reference","source_id":"source.natural_earth.lakes.10m"},"geometry":{"type":"Polygon","coordinates":[[[84.017854723988592,21.62792929081721],[84.034633479235083,21.616154725731956],[83.976643746190177,21.565818459992421],[83.940142594425822,21.546684791728861],[83.911294909966898,21.554632623161407],[83.889806328686291,21.546390427601736],[83.869789568041369,21.534321498389311],[83.855365725811907,21.51754274314284],[83.849772807396391,21.496348525989333],[83.842708068345246,21.4819246837599],[83.825634948971583,21.481335955505617],[83.805323824199547,21.488989422811049],[83.788250704825884,21.499292167260673],[83.74703972702747,21.572000106662177],[83.720546955585576,21.606146345409449],[83.691404906999594,21.602908340010995],[83.685223260329792,21.602908340010995],[83.677864157151532,21.621747644147433],[83.686106352711192,21.627634926690074],[83.699058374304968,21.630578567961379],[83.705828749228999,21.640292584156729],[83.69935273843214,21.656188247021856],[83.671093782227516,21.678854284810996],[83.664912135557699,21.695044311803233],[83.590438011393417,21.719182170228013],[83.575425440909669,21.725952545152026],[83.540101745653885,21.708879425778417],[83.530976457712825,21.696516132438894],[83.527444088187224,21.674733187031137],[83.520084985008921,21.660309344801668],[83.484466925626009,21.625280013673009],[83.472986724667877,21.60908998668079],[83.456207969421371,21.629989839707132],[83.390564769070991,21.681503561955164],[83.377024019222972,21.683858474972219],[83.346410150001248,21.681209197828018],[83.314324460143894,21.68297538259084],[83.295485156007487,21.698576681328806],[83.396746415740779,21.700931594345857],[83.410875893843084,21.698576681328806],[83.427065920835332,21.689157029260592],[83.4585628824384,21.662958621945865],[83.476224730066306,21.657660067657506],[83.489471115787239,21.663252986072994],[83.4991851319826,21.676499371793923],[83.505072414525216,21.691511942277675],[83.507132963415131,21.702109050854379],[83.507427327542246,21.722125811499321],[83.505661142779502,21.733606012457489],[83.497713311346956,21.741848208017149],[83.479168371337607,21.753917137229568],[83.492414757058555,21.75951005564507],[83.506838599288017,21.758921327390798],[83.519496256754678,21.753917137229568],[83.527444088187224,21.746558034051251],[83.535686283746941,21.764219881679171],[83.547460848832202,21.781293001052823],[83.558352321536063,21.768340979458983],[83.611043500292624,21.768929707713291],[83.630471532683316,21.760098783899316],[83.636947543480233,21.760098783899316],[83.644012282531378,21.780998636925681],[83.65343193459961,21.776288810891568],[83.664323407303471,21.762159332789238],[83.675214880007331,21.753917137229582],[83.694642912398038,21.751562224212506],[83.702296379703455,21.745969305796987],[83.7075949339918,21.737138381983044],[83.719369499077061,21.725952545152026],[83.730260971780922,21.731839827694664],[83.737914439086353,21.731251099440438],[83.745567906391784,21.728013094042012],[83.757342471477045,21.72595254515204],[83.767645215926677,21.722420175626475],[83.765290302909591,21.715061072448179],[83.75351573782433,21.702109050854379],[83.75851992798556,21.684152839099355],[83.770588857197993,21.660898073055957],[83.784423971173169,21.648829143843539],[83.79531544387703,21.664430442581523],[83.819453302301838,21.642353133046651],[83.829461682624299,21.636465850504006],[83.83623205754833,21.643824953682319],[83.820925122937524,21.654716426386177],[83.812094199123578,21.663547350200123],[83.808856193725092,21.671200817505575],[83.815037840394893,21.676793735921059],[83.849772807396391,21.691806306404786],[83.852127720413478,21.674438822903994],[83.863019193117339,21.672672638141236],[83.872144481058413,21.682386654336558],[83.870967024549884,21.698576681328792],[83.881269768999516,21.697104860693148],[83.890689421067691,21.693866855294694],[83.898342888373122,21.689451393387714],[83.905113263297153,21.685035931480748],[83.900697801390208,21.674438822903994],[83.897459795991722,21.636465850504006],[83.893927426466178,21.635877122249781],[83.886273959160761,21.628518019071471],[83.881858497253745,21.619981459384661],[83.887451415669261,21.616154725731938],[83.897165431864607,21.615860361604813],[83.901286529644437,21.614682905096284],[83.905113263297153,21.602908340010995],[83.915710371873899,21.609384350807932],[83.92660184457776,21.613799812714891],[83.935138404264592,21.611739263824944],[83.938376409663022,21.599375970485422],[83.941614415061508,21.598198513976911],[83.946912969349853,21.603497068265298],[83.949856610621168,21.614682905096284],[83.944852420459938,21.630284203834261],[83.958393170308,21.645885502572238],[83.951328431256854,21.681503561955164],[83.92542438806926,21.746558034051287],[83.922775110925059,21.751267860085367],[83.914827279492499,21.757155142627994],[83.908645632822754,21.764808609933436],[83.905113263297153,21.774228262001628],[83.9183596490181,21.777171903272976],[83.933960947756077,21.775111354383036],[83.946912969349853,21.768340979458994],[83.952211523638269,21.756860778500879],[83.957804442053714,21.740082023254356],[83.97046209952039,21.732134191821814],[83.984297213495552,21.725658181024933],[83.993128137309554,21.712706159431118],[84.012850533827361,21.717121621338091],[84.019326544624221,21.705347056252837],[84.015205446844391,21.692983762913318],[84.00343088175913,21.695044311803233],[83.987240854766867,21.70623014863423],[83.983119756987037,21.697399224820291],[83.983414121114208,21.679737377192371],[83.980176115715722,21.66443044258153],[83.991067588419583,21.656776975276085],[84.017854723988592,21.62792929081721]]]}},
{"type":"Feature","properties":{"featurecla":"Lake","scalerank":5,"name":"Puma Yumco","name_abb":"Puma Yumco","name_alt":null,"note":null,"delta":"New or modified in version 1.3","dam_name":null,"year":-99,"admin":null,"min_zoom":4.7,"min_label":6.0,"label":"Puma Yumco","wikidataid":"Q6477446","name_ar":"بوما يومكو","name_bn":"পুমা ইউমকো","name_de":"Puma Yumco","name_en":"Puma Yumco","name_es":"Puma Yumco","name_fr":"Puma Yumco","name_el":"Πούμα Γιούμκο","name_hi":"प्यूमा युमको","name_hu":"Puma Yumco","name_id":"Puma Yumco","name_it":"Puma Yumco","name_ja":"プマユムツォ湖","name_ko":"푸마 얌코","name_nl":"Lake Puma Yumco","name_pl":"Puma Yumco","name_pt":"Puma Yumco","name_ru":"озеро Пума-Юмко","name_sv":"Puma Yumco","name_tr":"Puma Yumco","name_vi":"Hồ Puma Yumco","name_zh":"普莫雍错","ne_id":1159122887,"name_fa":"پوما یومکو","name_he":"אגם פומה יומקו","name_uk":"Пума Юмко","name_ur":"پوما یمکو","name_zht":"普莫雍错","historical_claim":false,"geometry_status":"modern_physical_reference","source_id":"source.natural_earth.lakes.10m"},"geometry":{"type":"Polygon","coordinates":[[[90.330199066200123,28.620843494957143],[90.348155277955129,28.625258956864119],[90.35816365827759,28.625847685118377],[90.366405853837307,28.623198407974211],[90.373176228761338,28.618782946067224],[90.379652239558254,28.615839304795923],[90.385833886227999,28.615839304795923],[90.397019723058975,28.626436413372662],[90.404967554491577,28.628202598135434],[90.437053244348931,28.625847685118362],[90.457658733248138,28.619666038448631],[90.499752803427953,28.593173267006762],[90.514471009784529,28.578160696523039],[90.519180835818645,28.576100147633113],[90.523301933598475,28.574922691124613],[90.527423031378305,28.572273413980405],[90.530661036776792,28.56844668032771],[90.532427221539592,28.564325582547877],[90.53419340630235,28.531062436182008],[90.532132857412421,28.527235702529296],[90.529189216141106,28.523997697130834],[90.52447939010699,28.522231512368037],[90.510055547877585,28.523703333003667],[90.472376939604715,28.519287871096701],[90.465312200553569,28.520465327605258],[90.459719282138053,28.52340896887657],[90.451477086578336,28.531651164436251],[90.446178532289991,28.532239892690519],[90.440585613874475,28.530473707927698],[90.426750499899299,28.517521686333939],[90.421157581483783,28.514578045062606],[90.414975934814038,28.513400588554081],[90.406439375127206,28.514578045062628],[90.39672535893186,28.517227322206782],[90.389954984007829,28.521054055859512],[90.3893662557536,28.524292061257977],[90.393192989406259,28.527824430783546],[90.396136630677574,28.531945528563387],[90.396136630677574,28.535183533961824],[90.392015532897744,28.535772262216071],[90.386128250355114,28.535183533961824],[90.381712788448169,28.535477898088988],[90.377886054795454,28.537538446978889],[90.372587500507052,28.544897550157181],[90.369938223362908,28.546369370792828],[90.366405853837307,28.545780642538574],[90.354631288752046,28.536949718724635],[90.352276375734959,28.53812717523315],[90.350510190972216,28.544308821902916],[90.346977821446615,28.551079196826944],[90.34167926715827,28.553434109844009],[90.335203256361353,28.551373560954058],[90.323428691276092,28.53812717523315],[90.31724704460629,28.53371171332617],[90.311654126190831,28.532534256817662],[90.301940109995485,28.538421539360289],[90.287221903638908,28.541659544758705],[90.282512077604807,28.543425729521527],[90.276330430934991,28.549018647937014],[90.273681153790847,28.552256653335444],[90.272798061409446,28.555200294606774],[90.272503697282275,28.557260843496685],[90.271620604900932,28.558732664132368],[90.258668583307099,28.568152316200575],[90.254253121400154,28.572567778107562],[90.243656012823408,28.589346533354057],[90.240712371552092,28.591112718116836],[90.236591273772262,28.59229017462534],[90.233353268373776,28.594056359388162],[90.233058904246676,28.59729436478661],[90.241006735679207,28.620549130829996],[90.248954567111753,28.625258956864119],[90.265733322358301,28.624670228609869],[90.330199066200123,28.620843494957143]]]}},
{"type":"Feature","properties":{"featurecla":"Lake","scalerank":9,"name":null,"name_abb":null,"name_alt":null,"note":"_untitled_237","delta":null,"dam_name":null,"year":-99,"admin":null,"min_zoom":7.0,"min_label":8.0,"label":null,"wikidataid":null,"name_ar":null,"name_bn":null,"name_de":null,"name_en":null,"name_es":null,"name_fr":null,"name_el":null,"name_hi":null,"name_hu":null,"name_id":null,"name_it":null,"name_ja":null,"name_ko":null,"name_nl":null,"name_pl":null,"name_pt":null,"name_ru":null,"name_sv":null,"name_tr":null,"name_vi":null,"name_zh":null,"ne_id":1159120465,"name_fa":null,"name_he":null,"name_uk":null,"name_ur":null,"name_zht":null,"historical_claim":false,"geometry_status":"modern_physical_reference","source_id":"source.natural_earth.lakes.10m"},"geometry":{"type":"Polygon","coordinates":[[[85.7540143458112,29.875423404792315],[85.7543087099383,29.857761557164419],[85.741356688344524,29.794767633958234],[85.722223020080946,29.773867780931869],[85.695730248639123,29.7591495745753],[85.665999471798784,29.750907379015619],[85.672181118468586,29.785053617762895],[85.672181118468586,29.778577606965996],[85.688076781333677,29.850402453986135],[85.692492243240679,29.859233377800084],[85.694258428003437,29.868358665741162],[85.685721868316662,29.883076872097742],[85.682189498791047,29.893085252420189],[85.678951493392617,29.911630192429534],[85.674241667358501,29.923993485769028],[85.657168547984838,29.95254680610083],[85.658346004493424,29.963143914677538],[85.677774036884045,29.968736833093057],[85.691020422604993,29.95431299086361],[85.698968254037538,29.9357680508543],[85.699851346418939,29.928997675930283],[85.709565362614299,29.914279469573703],[85.719868107063917,29.906037274014011],[85.744300329615854,29.890730339403156],[85.7540143458112,29.875423404792315]]]}},
{"type":"Feature","properties":{"featurecla":"Lake","scalerank":9,"name":null,"name_abb":null,"name_alt":null,"note":"_untitled_238","delta":null,"dam_name":null,"year":-99,"admin":null,"min_zoom":7.0,"min_label":8.0,"label":null,"wikidataid":null,"name_ar":null,"name_bn":null,"name_de":null,"name_en":null,"name_es":null,"name_fr":null,"name_el":null,"name_hi":null,"name_hu":null,"name_id":null,"name_it":null,"name_ja":null,"name_ko":null,"name_nl":null,"name_pl":null,"name_pt":null,"name_ru":null,"name_sv":null,"name_tr":null,"name_vi":null,"name_zh":null,"ne_id":1159120447,"name_fa":null,"name_he":null,"name_uk":null,"name_ur":null,"name_zht":null,"historical_claim":false,"geometry_status":"modern_physical_reference","source_id":"source.natural_earth.lakes.10m"},"geometry":{"type":"Polygon","coordinates":[[[84.822940611693696,30.10708797284493],[84.827944801854926,30.108265429353477],[84.829710986617727,30.107087972844948],[84.822940611693696,30.10708797284493]]]}},
{"type":"Feature","properties":{"featurecla":"Lake","scalerank":9,"name":null,"name_abb":null,"name_alt":null,"note":"_untitled_239","delta":null,"dam_name":null,"year":-99,"admin":null,"min_zoom":7.0,"min_label":8.0,"label":null,"wikidataid":null,"name_ar":null,"name_bn":null,"name_de":null,"name_en":null,"name_es":null,"name_fr":null,"name_el":null,"name_hi":null,"name_hu":null,"name_id":null,"name_it":null,"name_ja":null,"name_ko":null,"name_nl":null,"name_pl":null,"name_pt":null,"name_ru":null,"name_sv":null,"name_tr":null,"name_vi":null,"name_zh":null,"ne_id":1159120429,"name_fa":null,"name_he":null,"name_uk":null,"name_ur":null,"name_zht":null,"historical_claim":false,"geometry_status":"modern_physical_reference","source_id":"source.natural_earth.lakes.10m"},"geometry":{"type":"Polygon","coordinates":[[[84.856498122186736,30.201284493527083],[84.862679768856481,30.154186233186014],[84.848255926627019,30.112680891260435],[84.827944801854926,30.108265429353477],[84.801157666285974,30.122394907455803],[84.795564747870458,30.126810369362779],[84.792621106599142,30.13858493444803],[84.793798563107657,30.149476407151905],[84.795859111997572,30.159190423347244],[84.795564747870458,30.168610075415469],[84.779080356751081,30.208937960832483],[84.718146982434803,30.312259769455739],[84.705194960841027,30.348466557092891],[84.719913167197603,30.367894589483598],[84.73051027577435,30.358180573288262],[84.750821400546442,30.329332888829345],[84.761418509123189,30.318735780252606],[84.816464600896836,30.233664547511541],[84.81911387804098,30.22365616718907],[84.856498122186736,30.201284493527083]]]}},
{"type":"Feature","properties":{"featurecla":"Lake","scalerank":9,"name":null,"name_abb":null,"name_alt":null,"note":"_untitled_244","delta":null,"dam_name":null,"year":-99,"admin":null,"min_zoom":7.0,"min_label":8.0,"label":null,"wikidataid":null,"name_ar":null,"name_bn":null,"name_de":null,"name_en":null,"name_es":null,"name_fr":null,"name_el":null,"name_hi":null,"name_hu":null,"name_id":null,"name_it":null,"name_ja":null,"name_ko":null,"name_nl":null,"name_pl":null,"name_pt":null,"name_ru":null,"name_sv":null,"name_tr":null,"name_vi":null,"name_zh":null,"ne_id":1159120347,"name_fa":null,"name_he":null,"name_uk":null,"name_ur":null,"name_zht":null,"historical_claim":false,"geometry_status":"modern_physical_reference","source_id":"source.natural_earth.lakes.10m"},"geometry":{"type":"Polygon","coordinates":[[[86.46725862585123,30.360241122178163],[86.467847354105473,30.349938377728574],[86.462548799817114,30.332276530100664],[86.458722066164412,30.303134481514622],[86.43370111535819,30.239551830054179],[86.433112387103961,30.234253275765788],[86.435761664248105,30.200107037018533],[86.433112387103961,30.18892120018754],[86.420454729637299,30.169493167796841],[86.406913979789238,30.167726983034058],[86.392490137559776,30.176263542720875],[86.377771931203199,30.18892120018754],[86.360698811829536,30.198929580510018],[86.353634072778391,30.204522498925517],[86.35098479563419,30.212764694485202],[86.349807339125675,30.232781455130137],[86.34774679023576,30.241612378944112],[86.34362569245593,30.250443302758054],[86.339504594676043,30.261923503716172],[86.320076562285365,30.30372320976889],[86.320076562285365,30.316086503108444],[86.336855317531899,30.346700372330126],[86.34921861087139,30.361418578686717],[86.384836670254359,30.372604415517706],[86.40573652328068,30.382612795840178],[86.426636376307044,30.389088806637108],[86.443415131553536,30.384084616475818],[86.451362962986082,30.378491698060369],[86.457838973782998,30.376136785043272],[86.462548799817114,30.372015687263477],[86.46725862585123,30.360241122178163]]]}},
{"type":"Feature","properties":{"featurecla":"Lake","scalerank":7,"name":null,"name_abb":null,"name_alt":null,"note":"_untitled_16","delta":null,"dam_name":null,"year":-99,"admin":null,"min_zoom":5.7,"min_label":6.7,"label":null,"wikidataid":null,"name_ar":null,"name_bn":null,"name_de":null,"name_en":null,"name_es":null,"name_fr":null,"name_el":null,"name_hi":null,"name_hu":null,"name_id":null,"name_it":null,"name_ja":null,"name_ko":null,"name_nl":null,"name_pl":null,"name_pt":null,"name_ru":null,"name_sv":null,"name_tr":null,"name_vi":null,"name_zh":null,"ne_id":1159116763,"name_fa":null,"name_he":null,"name_uk":null,"name_ur":null,"name_zht":null,"historical_claim":false,"geometry_status":"modern_physical_reference","source_id":"source.natural_earth.lakes.10m"},"geometry":{"type":"Polygon","coordinates":[[[84.091445755771545,30.462974202547141],[84.09615558180559,30.452965822224652],[84.094683761169961,30.427061779037079],[84.08879647862733,30.408222474900626],[84.08703029386453,30.392915540289799],[84.089090842754445,30.361418578686717],[84.0855584732289,30.350232741855706],[84.082320467830428,30.343168002804532],[84.082026103703299,30.337575084389041],[84.080259918940499,30.333748350736325],[84.072312087507953,30.332276530100664],[84.065541712583922,30.335514535499115],[84.062009343058335,30.342873638677403],[84.061126250676935,30.352293290745621],[84.062009343058321,30.360241122178163],[84.051412234481575,30.408222474900644],[84.038460212887799,30.413226665061885],[84.034339115107969,30.425884322528557],[84.034633479235083,30.456498191750232],[84.028746196692467,30.470627669852544],[84.010495620810275,30.495648620658756],[84.006963251284731,30.508011913998285],[84.014322354463005,30.516548473685095],[84.031689837963768,30.515665381303712],[84.050529142100245,30.510366827015297],[84.062009343058321,30.504773908599823],[84.091445755771545,30.462974202547141]]]}},
{"type":"Feature","properties":{"featurecla":"Lake","scalerank":9,"name":null,"name_abb":null,"name_alt":null,"note":"_untitled_245","delta":null,"dam_name":null,"year":-99,"admin":null,"min_zoom":7.0,"min_label":8.0,"label":null,"wikidataid":null,"name_ar":null,"name_bn":null,"name_de":null,"name_en":null,"name_es":null,"name_fr":null,"name_el":null,"name_hi":null,"name_hu":null,"name_id":null,"name_it":null,"name_ja":null,"name_ko":null,"name_nl":null,"name_pl":null,"name_pt":null,"name_ru":null,"name_sv":null,"name_tr":null,"name_vi":null,"name_zh":null,"ne_id":1159120329,"name_fa":null,"name_he":null,"name_uk":null,"name_ur":null,"name_zht":null,"historical_claim":false,"geometry_status":"modern_physical_reference","source_id":"source.natural_earth.lakes.10m"},"geometry":{"type":"Polygon","coordinates":[[[86.326552573082267,30.573066386094375],[86.318899105776836,30.571005837204474],[86.30270907878463,30.561586185136246],[86.292406334334999,30.559525636246299],[86.283575410521053,30.563646734026172],[86.276805035597022,30.573066386094375],[86.275333214961336,30.586901500069541],[86.263264285748974,30.6139829997657],[86.254727726062129,30.617515369291247],[86.207335101593983,30.623991380088118],[86.199681634288538,30.62781811374084],[86.192028166983121,30.637532129936208],[86.187612705076106,30.656960162326921],[86.17466068348233,30.679920564243155],[86.172600134592415,30.697876775998211],[86.17554377586373,30.71524425949897],[86.182608514914875,30.727018824584253],[86.228823682874577,30.720837177914465],[86.241186976214067,30.717304808388899],[86.252667177172214,30.701703509650915],[86.263264285748974,30.662553080742409],[86.275333214961336,30.648129238512958],[86.292111970207884,30.648423602640076],[86.312423094979977,30.654605249309839],[86.329496214353583,30.654899613436992],[86.336855317531899,30.637826494063351],[86.336266589277614,30.60073661404477],[86.333322948006312,30.581602945781171],[86.326552573082267,30.573066386094375]]]}},
{"type":"Feature","properties":{"featurecla":"Lake","scalerank":9,"name":null,"name_abb":null,"name_alt":null,"note":"_untitled_241","delta":null,"dam_name":null,"year":-99,"admin":null,"min_zoom":7.0,"min_label":8.0,"label":null,"wikidataid":null,"name_ar":null,"name_bn":null,"name_de":null,"name_en":null,"name_es":null,"name_fr":null,"name_el":null,"name_hi":null,"name_hu":null,"name_id":null,"name_it":null,"name_ja":null,"name_ko":null,"name_nl":null,"name_pl":null,"name_pt":null,"name_ru":null,"name_sv":null,"name_tr":null,"name_vi":null,"name_zh":null,"ne_id":1159120393,"name_fa":null,"name_he":null,"name_uk":null,"name_ur":null,"name_zht":null,"historical_claim":false,"geometry_status":"modern_physical_reference","source_id":"source.natural_earth.lakes.10m"},"geometry":{"type":"Polygon","coordinates":[[[83.640185548878662,30.928952615796582],[83.643717918404263,30.878027621802783],[83.636653179353061,30.88097126307408],[83.621051880615099,30.875083980531457],[83.603684397114307,30.865369964336086],[83.592498560283332,30.857127768776436],[83.586611277740701,30.843881383055511],[83.578369082180984,30.806791503036905],[83.572187435511239,30.799138035731527],[83.554819952010462,30.800904220494292],[83.543634115179486,30.806791503036916],[83.535686283746941,30.817388611613687],[83.527444088187224,30.833284274478771],[83.519201892627564,30.865664328463254],[83.524206082788794,30.895983833557803],[83.53774683263687,30.922476604999677],[83.573364892019754,30.968691772959367],[83.584256364723615,30.976050876137631],[83.602506940605792,30.976639604391881],[83.616342054580969,30.968103044705096],[83.631648989191831,30.951913017712823],[83.641951733641463,30.936017354847742],[83.640185548878662,30.928952615796582]]]}},
{"type":"Feature","properties":{"featurecla":"Lake","scalerank":5,"name":null,"name_abb":null,"name_alt":null,"note":"_untitled_0","delta":null,"dam_name":null,"year":-99,"admin":null,"min_zoom":4.7,"min_label":6.0,"label":null,"wikidataid":null,"name_ar":null,"name_bn":null,"name_de":null,"name_en":null,"name_es":null,"name_fr":null,"name_el":null,"name_hi":null,"name_hu":null,"name_id":null,"name_it":null,"name_ja":null,"name_ko":null,"name_nl":null,"name_pl":null,"name_pt":null,"name_ru":null,"name_sv":null,"name_tr":null,"name_vi":null,"name_zh":null,"ne_id":1159115267,"name_fa":null,"name_he":null,"name_uk":null,"name_ur":null,"name_zht":null,"historical_claim":false,"geometry_status":"modern_physical_reference","source_id":"source.natural_earth.lakes.10m"},"geometry":{"type":"Polygon","coordinates":[[[85.900018952868507,30.944553914534545],[85.902962594139808,30.933956805957788],[85.898841496359978,30.922476604999677],[85.885889474766159,30.913645681185727],[85.876764186825085,30.916589322457028],[85.873231817299484,30.926008974525239],[85.878236007460714,30.936311718974853],[85.870876904282454,30.931896257067869],[85.862045980468508,30.930130072305086],[85.852331964273162,30.930130072305086],[85.841734855696416,30.931307528813619],[85.856453062052992,30.913940045312835],[85.862045980468508,30.886858545616757],[85.861751616341394,30.855950312267918],[85.855569969671592,30.814444970342326],[85.843501040459216,30.77735509032377],[85.836730665535185,30.764403068729962],[85.815536448381692,30.747624313483435],[85.799935149643716,30.749096134119096],[85.784039486778624,30.756455237297416],[85.761373448989445,30.758221422060164],[85.765788910896447,30.766169253492738],[85.770793101057677,30.770584715399728],[85.778152204236008,30.772350900162511],[85.78874931281274,30.771762171908232],[85.78874931281274,30.778532546832281],[85.771676193439077,30.782064916357854],[85.769026916294877,30.789424019536142],[85.772853649947592,30.795605666205923],[85.775797291218908,30.795605666205923],[85.780801481380152,30.793839481443122],[85.791692954084056,30.800315492240056],[85.803467519169317,30.810323872562495],[85.809943529966176,30.819449160503602],[85.785805671541368,30.817682975740798],[85.761962177243731,30.830929361461724],[85.743417237234439,30.852417942742328],[85.733997585166208,30.874200888150085],[85.718985014682517,30.868019241480312],[85.70514990070734,30.871257246878805],[85.691020422604993,30.878027621802783],[85.675419123867016,30.881559991328363],[85.658934732747639,30.87949944243843],[85.610659015898079,30.860660138302027],[85.598001358431432,30.871257246878784],[85.589759162871701,30.864781236081857],[85.584460608583356,30.848296844962466],[85.58269442382057,30.830046269080313],[85.574452228260839,30.819743524630752],[85.555318559997318,30.826219535427629],[85.522055413631392,30.846825024326815],[85.413435050719841,30.870079790370227],[85.377816991336886,30.888624730379515],[85.369280431650111,30.895689469430714],[85.358683323073365,30.909524583405862],[85.33130745925007,30.957211572001185],[85.333368008140042,30.975756512010502],[85.341904567826816,30.993418359638401],[85.353973497039249,31.008136565994999],[85.396656295473349,31.03610115807248],[85.405192855160124,31.045520810140722],[85.406075947541524,31.054940462208918],[85.399599936744664,31.070247396819752],[85.401660485634579,31.076429043489515],[85.411963230084154,31.081138869523656],[85.424326523423701,31.080844505396538],[85.436689816763248,31.077606499998062],[85.446698197085723,31.073485402218196],[85.480844435832978,31.049347543793406],[85.497034462825255,31.041694076488],[85.522055413631392,31.038750435216681],[85.536773619988026,31.034334973309708],[85.567681853336808,31.015495669173269],[85.586815521600386,31.011374571393411],[85.613602657169395,31.001954919325211],[85.629203955907371,30.999011278053899],[85.638034879721317,31.004604196469419],[85.634502510195716,31.01490694091904],[85.626554678763171,31.02079422346165],[85.627732135271685,31.027270234258545],[85.651575629569379,31.038750435216681],[85.656285455603452,31.031685696165507],[85.665705107671684,31.022560408224404],[85.674830395612744,31.01902803869886],[85.678951493392617,31.028447690767077],[85.685133140062362,31.037572978708145],[85.698968254037538,31.037572978708159],[85.747243970887155,31.027270234258545],[85.783745122651453,31.005487288850798],[85.802878790915045,30.996950729163959],[85.854392513163077,30.992240903129851],[85.8805909204778,30.984293071697312],[85.891776757308776,30.966925588196546],[85.894720398580091,30.955445387238434],[85.900018952868507,30.944553914534545]]]}},
{"type":"Feature","properties":{"featurecla":"Reservoir","scalerank":8,"name":"Gandhi Sagar Dam","name_abb":"Gandhi Sagar Dam","name_alt":null,"note":null,"delta":null,"dam_name":null,"year":1960,"admin":null,"min_zoom":6.0,"min_label":7.0,"label":null,"wikidataid":null,"name_ar":"سد غاندي ساجار","name_bn":"গান্ধী সাগর ড্যাম","name_de":"Gandhi-Stausee","name_en":"Gandhi Sagar Dam","name_es":"Presa Gandhi Sagar","name_fr":"Gandhi Sagar Dam","name_el":"Φράγμα Γκάντι Σάγκαρ","name_hi":"गांधी सागर डैम","name_hu":"Gandhi Sagar-gát","name_id":"Reservoir Gandhi Sagar","name_it":"Diga di Gandhi Sagar","name_ja":"ガンジー・サガル・ダム","name_ko":"간디 사가르 댐","name_nl":"Gandhi Sagar Dam","name_pl":"Zapora Gandhi Sagar","name_pt":"Barragem de Gandhi Sagar","name_ru":"водохранилище Гандисагар","name_sv":"Gandhi Sagar Dam","name_tr":"Gandhi Sagar Barajı","name_vi":"Đập Gandhi Sagar","name_zh":"甘地萨加尔水库","ne_id":1159125923,"name_fa":"سد گاندی ساگار","name_he":"סכר גנדי סאגאר","name_uk":"водосховище Ганді Сагар","name_ur":"گاندھی ساگر ڈیم","name_zht":"甘地薩加大壩","historical_claim":false,"geometry_status":"modern_physical_reference","source_id":"source.natural_earth.lakes.10m"},"geometry":{"type":"Polygon","coordinates":[[[75.634953111532894,24.637508126611376],[75.646727676618184,24.617785730093566],[75.63848548105851,24.62102373549202],[75.628477100736021,24.62308428438195],[75.619057448667803,24.622495556127696],[75.611992709616629,24.617785730093573],[75.609049068345314,24.607482985643969],[75.614347622633673,24.600712610719949],[75.622001089939118,24.595708420558715],[75.626122187718948,24.590409866270331],[75.626122187718948,24.525944122428481],[75.622001089939118,24.517407562741685],[75.588443579446107,24.477374041451771],[75.588149215318964,24.464716383985095],[75.607282883582542,24.422916677932399],[75.611992709616629,24.405843558558754],[75.594036497861595,24.416440667135515],[75.580201383886418,24.431158873492087],[75.570781731818215,24.446760172230064],[75.564305721021299,24.46059528620528],[75.554002976571695,24.455591096044028],[75.546643873393407,24.44970381350139],[75.529570754019787,24.431453237619227],[75.526627112748457,24.427037775712247],[75.524860927985657,24.422327949678145],[75.524566563858556,24.415851938881236],[75.521917286714341,24.408492835702965],[75.515735640044568,24.40702101506729],[75.508670900993422,24.407609743321562],[75.503372346705049,24.405843558558743],[75.468048651449251,24.346676369005319],[75.451858624457003,24.336962352809945],[75.437140418100427,24.333429983284368],[75.432724956193454,24.325187787724698],[75.43154749968491,24.315768135656473],[75.427720766032223,24.309292124859581],[75.417418021582591,24.306054119461113],[75.383271782835322,24.309292124859581],[75.365904299334545,24.299283744537092],[75.373852130767119,24.276617706747981],[75.400344902208971,24.240999647365054],[75.386509788233795,24.240999647365054],[75.388275972996553,24.237172913712325],[75.391808342522168,24.230696902915398],[75.393280163157812,24.227164533389828],[75.381799962199679,24.223632163864284],[75.371791581877204,24.225692712754199],[75.360900109173315,24.225398348627071],[75.345593174562481,24.213623783541784],[75.338234071384178,24.225398348627071],[75.341472076782622,24.23334618005962],[75.348536815833796,24.240999647365054],[75.352657913613626,24.251302391814644],[75.349714272342311,24.261605136264272],[75.343238261545423,24.266903690552624],[75.336467886621392,24.270436060078197],[75.332052424714419,24.275145886112302],[75.332935517095819,24.284565538180523],[75.336467886621392,24.296045739138652],[75.33705661487565,24.305171027079712],[75.328225691061704,24.309292124859581],[75.310269479306683,24.310175217240992],[75.303793468509781,24.312235766130907],[75.29790618596715,24.316062499783605],[75.303793468509781,24.321066689944836],[75.309975115179554,24.324893423597555],[75.3170398542307,24.327542700741734],[75.343532625672566,24.334018711538643],[75.370319761241547,24.3531523798022],[75.407998369514388,24.363160760124675],[75.422127847616707,24.376701509972715],[75.427720766032223,24.39465772172775],[75.420950391108192,24.412908297609928],[75.455685358109719,24.4258603192037],[75.463927553669421,24.435279971271935],[75.448031890804288,24.447054536357221],[75.463927553669407,24.454119275408374],[75.508082172739179,24.482966959867269],[75.516913096553111,24.490914791299822],[75.520445466078698,24.502100628130826],[75.528098933384115,24.510931551944775],[75.544288960376335,24.522706117030062],[75.548998786410465,24.525355394174262],[75.560773351495726,24.534775046242427],[75.568426818801157,24.54478342656493],[75.560773351495726,24.549493252599042],[75.55017624291898,24.562150910065697],[75.54693823752055,24.590704230397478],[75.549881878791879,24.62102373549202],[75.557240981970153,24.638685583119923],[75.581378840394919,24.647810871061012],[75.610226524853871,24.647222142806704],[75.634953111532894,24.637508126611376]]]}},
{"type":"Feature","properties":{"featurecla":"Lake","scalerank":8,"name":null,"name_abb":null,"name_alt":null,"note":"_untitled_13","delta":null,"dam_name":null,"year":-99,"admin":null,"min_zoom":6.0,"min_label":7.0,"label":null,"wikidataid":null,"name_ar":null,"name_bn":null,"name_de":null,"name_en":null,"name_es":null,"name_fr":null,"name_el":null,"name_hi":null,"name_hu":null,"name_id":null,"name_it":null,"name_ja":null,"name_ko":null,"name_nl":null,"name_pl":null,"name_pt":null,"name_ru":null,"name_sv":null,"name_tr":null,"name_vi":null,"name_zh":null,"ne_id":1159117563,"name_fa":null,"name_he":null,"name_uk":null,"name_ur":null,"name_zht":null,"historical_claim":false,"geometry_status":"modern_physical_reference","source_id":"source.natural_earth.lakes.10m"},"geometry":{"type":"Polygon","coordinates":[[[75.573136644835245,24.836203912425283],[75.57784647086936,24.854454488307422],[75.576080286106574,24.86240231974001],[75.566660634038357,24.874765613079521],[75.564305721021299,24.885068357529114],[75.571370460072487,24.909500580081055],[75.571664824199601,24.918625868022108],[75.57696337848796,24.922452601674863],[75.582556296903476,24.925101878819039],[75.589621035954622,24.92627933532756],[75.599040688022853,24.92627933532756],[75.59374213373448,24.902730205157003],[75.605222334692613,24.87505997720665],[75.622295454066233,24.84738974925628],[75.63377565502438,24.823251890831479],[75.639368573439867,24.792638021609779],[75.63789675280421,24.778214179380353],[75.629948921371664,24.765262157786545],[75.606988519455399,24.739063750471825],[75.591975948971694,24.730527190785011],[75.585205574047649,24.744951033014445],[75.555474797207353,24.75701996222686],[75.418301113963992,24.726700457132292],[75.37973941330975,24.75495941333693],[75.411825103167104,24.75495941333693],[75.435079869210512,24.75849178286251],[75.457157178745376,24.76437906540513],[75.47246411335621,24.772326896837686],[75.486887955585672,24.781746548905936],[75.530748210528287,24.79587602700823],[75.545466416884864,24.805001314949326],[75.560773351495726,24.819130793051645],[75.573136644835245,24.836203912425283]]]}},
{"type":"Feature","properties":{"featurecla":"Lake","scalerank":5,"name":"Mapam Yumco","name_abb":"Mapam Yumco","name_alt":null,"note":null,"delta":null,"dam_name":null,"year":-99,"admin":null,"min_zoom":4.7,"min_label":6.0,"label":"Mapam Yumco","wikidataid":"Q233627","name_ar":"بحيرة ماناساروفار","name_bn":"মানস সরোবর","name_de":"Manasarovar","name_en":"Manasarovar","name_es":"Mana Sarovar","name_fr":"Manasarovar","name_el":"Μάπαμ Γιουμκό","name_hi":"मानसरोवर","name_hu":"Manaszarovar-tó","name_id":"Mansarovar","name_it":"Manasarovar","name_ja":"マナサロワール湖","name_ko":"마나사로바 호수","name_nl":"Manasarovar","name_pl":"Mapam Yumco","name_pt":"Manasarovar","name_ru":"Мапам-Юмцо","name_sv":"Manasarovar","name_tr":"Manasarovar","name_vi":"Manasarovar","name_zh":"玛旁雍错","ne_id":1159114553,"name_fa":"دریاچه ماناساروار","name_he":"מפוטו","name_uk":"Манасаровар","name_ur":"جھیل ماناساروار","name_zht":"瑪旁雍錯","historical_claim":false,"geometry_status":"modern_physical_reference","source_id":"source.natural_earth.lakes.10m"},"geometry":{"type":"Polygon","coordinates":[[[81.602891425000394,30.722603362677273],[81.603480153254623,30.690223308692751],[81.574338104668584,30.655782705818371],[81.540191865921315,30.633999760410635],[81.509577996699647,30.607212624841651],[81.498392159868615,30.601325342299013],[81.45129389952757,30.566296011170365],[81.44540661698494,30.565412918788951],[81.424212399831447,30.566296011170365],[81.430394046501192,30.566296011170365],[81.412437834746186,30.579836761018406],[81.394481622991123,30.584546587052508],[81.377408503617531,30.592494418485057],[81.362101569006654,30.614277363892789],[81.378585960126031,30.64135886358893],[81.3691663080578,30.724075183312941],[81.375642318854716,30.764403068729969],[81.406550552203555,30.78854092715477],[81.45041080714617,30.787657834773366],[81.53401021925157,30.764403068729962],[81.577870474194185,30.748507405864835],[81.602891425000394,30.722603362677273]]]}},
{"type":"Feature","properties":{"featurecla":"Lake","scalerank":5,"name":"Langa Co","name_abb":"Langa Co","name_alt":null,"note":null,"delta":null,"dam_name":null,"year":-99,"admin":null,"min_zoom":4.7,"min_label":6.0,"label":"Langa Co","wikidataid":"Q628327","name_ar":"لانجت كو","name_bn":"রাক্ষসতাল","name_de":"Rakshastal","name_en":"Rakshastal","name_es":"'nga Co","name_fr":"Rakshastal","name_el":"Λίμνη Ρακσαστάλ","name_hi":"राक्षस झील","name_hu":"Raksasztal-tó","name_id":"Langa Co","name_it":"Rakshastal","name_ja":"ラークシャスタール湖","name_ko":"랑가 코","name_nl":"Rakshastal","name_pl":"La'nga Co","name_pt":"Langa","name_ru":"Ланга-Цо","name_sv":"Lannga Co","name_tr":"Rakshastal","name_vi":"Hồ Lạp Ngang Thác","name_zh":"拉昂错","ne_id":1159114537,"name_fa":"لانگا کو","name_he":"אגם לנגה","name_uk":"Ракшастал","name_ur":"لانگا کو","name_zht":"拉昂錯","historical_claim":false,"geometry_status":"modern_physical_reference","source_id":"source.natural_earth.lakes.10m"},"geometry":{"type":"Polygon","coordinates":[[[81.322068047716755,30.652250336292788],[81.3279553302594,30.641653227716066],[81.315886401047024,30.618987189926919],[81.299107645800461,30.608095717223055],[81.277324700392739,30.605446440078861],[81.252303749586531,30.607212624841651],[81.246710831171072,30.605740804205997],[81.24141227688267,30.601914070553274],[81.235524994340039,30.59985352166338],[81.22816589116178,30.603974619443182],[81.225516614017593,30.608095717223055],[81.219923695602063,30.618692825799801],[81.218157510839262,30.621047738816824],[81.206088581626901,30.62045901056257],[81.194902744795854,30.616632276909847],[81.183422543837764,30.614866092147089],[81.170176158116817,30.621047738816824],[81.143683386674979,30.628995570249408],[81.132791913971118,30.646951782004436],[81.125138446665687,30.66579108614085],[81.10865405554631,30.676093830590453],[81.130142636826932,30.687868395675732],[81.135441191115262,30.689340216311386],[81.14544957143778,30.687279667421453],[81.148981940963324,30.682864205514473],[81.151631218107525,30.678154379480397],[81.159579049540071,30.676093830590453],[81.171942342879632,30.681686749005951],[81.180184538439278,30.687279667421453],[81.183716907964879,30.692578221709834],[81.180773266693564,30.703469694413723],[81.178418353676477,30.708768248702093],[81.176652168913748,30.709651341083458],[81.179007081930763,30.713183710609052],[81.188426733998995,30.723780819185794],[81.189898554634638,30.724075183312909],[81.2037336686098,30.782653644612097],[81.203439304482686,30.812678785579539],[81.189898554634624,30.846825024326815],[81.201673119719885,30.853595399250832],[81.212858956550917,30.857716497030705],[81.224044793381893,30.857422132903572],[81.2470051952982,30.843881383055511],[81.273203602612924,30.841820834165581],[81.28321198293537,30.836522279877212],[81.296164004529146,30.82150970939351],[81.300873830563262,30.810912600816781],[81.299990738181862,30.799138035731509],[81.291748542622202,30.787657834773377],[81.282623254681141,30.786480378264805],[81.272320510231509,30.788246563027613],[81.259662852764848,30.784714193502047],[81.242884097518356,30.766757981747027],[81.240823548628441,30.745858128720677],[81.248771380060987,30.724958275694313],[81.262606494036163,30.70641333568501],[81.273497966740024,30.698171140125336],[81.297341461037732,30.688751488057104],[81.307349841360178,30.682569841387362],[81.312942759775694,30.674327645827713],[81.322068047716755,30.652250336292788]]]}},
{"type":"Feature","properties":{"featurecla":"Lake","scalerank":9,"name":null,"name_abb":null,"name_alt":null,"note":"_untitled_240","delta":null,"dam_name":null,"year":-99,"admin":null,"min_zoom":7.0,"min_label":8.0,"label":null,"wikidataid":null,"name_ar":null,"name_bn":null,"name_de":null,"name_en":null,"name_es":null,"name_fr":null,"name_el":null,"name_hi":null,"name_hu":null,"name_id":null,"name_it":null,"name_ja":null,"name_ko":null,"name_nl":null,"name_pl":null,"name_pt":null,"name_ru":null,"name_sv":null,"name_tr":null,"name_vi":null,"name_zh":null,"ne_id":1159120415,"name_fa":null,"name_he":null,"name_uk":null,"name_ur":null,"name_zht":null,"historical_claim":false,"geometry_status":"modern_physical_reference","source_id":"source.natural_earth.lakes.10m"},"geometry":{"type":"Polygon","coordinates":[[[83.499773860236871,31.244216595954576],[83.497418947219799,31.235385672140627],[83.4994794961097,31.226260384199556],[83.4991851319826,31.219490009275521],[83.489765479914354,31.216840732131352],[83.462978344345416,31.215663275622802],[83.451792507514384,31.216840732131338],[83.441784127191909,31.216252003877052],[83.432953203377963,31.21890128102126],[83.427065920835332,31.224788563563902],[83.421767366546931,31.242744775318904],[83.414702627495785,31.244510960081726],[83.405871703681839,31.24568841659023],[83.397335143995008,31.251575699132871],[83.397923872249294,31.255696796912741],[83.397629508122179,31.264822084853805],[83.394685866850864,31.274241736922022],[83.386738035418276,31.278362834701863],[83.375552198587286,31.276302285811923],[83.358479079213623,31.267765726125091],[83.349353791272563,31.265410813108048],[83.328159574119084,31.265410813108048],[83.324627204593526,31.271592459777835],[83.331986307771786,31.2816008401003],[83.358184715086509,31.30514997027084],[83.3740803779516,31.31604144297469],[83.449143230370225,31.348421496959201],[83.467393806252346,31.35107077410337],[83.486527474515924,31.347244040450672],[83.5003625884911,31.339884937272377],[83.517730071991878,31.327227279805744],[83.533331370729854,31.31250907344911],[83.5412792021624,31.298673959473948],[83.539513017399599,31.277479742320427],[83.527738452314338,31.26393899247239],[83.499773860236871,31.244216595954576]]]}},
{"type":"Feature","properties":{"featurecla":"Reservoir","scalerank":7,"name":"Gobind Sagar Reservoir","name_abb":"Gobind Sagar Res.","name_alt":null,"note":null,"delta":null,"dam_name":"Bhakra Dam","year":1962,"admin":null,"min_zoom":5.7,"min_label":6.7,"label":"Gobind Sagar Res.","wikidataid":"Q5575508","name_ar":"خزان جوبيند ساجار","name_bn":"গোবিন্দ সাগর রিজার্ভার","name_de":"Gobindsagar-Stausee","name_en":"Gobind Sagar","name_es":"Presa Gobind Sagar","name_fr":"Gobind Sagar","name_el":"Τεχνητή Λίμνη Γκόμπιντ Σαγκάρ","name_hi":"गोविन्द सागर","name_hu":"Gobind Sagar-víztározó","name_id":"Reservoir Gobind Sagar","name_it":"Serbatoio Gobind Sagar","name_ja":"ゴビンド・サガー貯水湖","name_ko":"고빈드 사가르 레저보어","name_nl":"Gobind Sagar Reservoir","name_pl":"Zbiornik Gobind Sagar","name_pt":"Represa Gobind Sagar","name_ru":"водохранилище Гобинд Сагар","name_sv":"Gobind Sagar-reservoaren","name_tr":"Gobind Sagar Rezervuarı","name_vi":"Hồ Gobind Sagar","name_zh":"戈宾德萨加尔水库","ne_id":1159125469,"name_fa":"مخزن سد گوبیند ساگار","name_he":"מאגר גובינד סאגגר","name_uk":"водосховище Гобінд Сагар","name_ur":"گوبند ساگر ریزروائر","name_zht":"戈賓德薩加水庫","historical_claim":false,"geometry_status":"modern_physical_reference","source_id":"source.natural_earth.lakes.10m"},"geometry":{"type":"Polygon","coordinates":[[[76.778852109566586,31.239801134047607],[76.784445027982088,31.216840732131352],[76.762367718447209,31.234208215632126],[76.726160930810025,31.293375405185575],[76.705261077783661,31.30632742677939],[76.70349489302086,31.300145780109602],[76.698196338732487,31.273064280413458],[76.695547061588329,31.265410813108016],[76.684655588884425,31.259523530565406],[76.670526110782106,31.257462981675502],[76.647860072992984,31.257757345802649],[76.639323513306138,31.262172807709632],[76.621367301551118,31.267471361997988],[76.613125105991429,31.271298095650703],[76.606354731067441,31.276596649939055],[76.598701263761996,31.28601630200729],[76.544538264369791,31.338413116636715],[76.538062253572861,31.350482045849116],[76.531586242775973,31.35430877950181],[76.493613270375988,31.388160654121968],[76.481838705290727,31.394047936664599],[76.47035850433258,31.406411230004114],[76.455640297976004,31.418480159216543],[76.435034809076797,31.422306892869241],[76.442688276382199,31.429077267793289],[76.407070216999273,31.497958473542077],[76.384992907464408,31.522979424348279],[76.373218342379133,31.532399076416478],[76.359088864276799,31.538875087213381],[76.370863429362089,31.550649652298649],[76.370274701107803,31.56742840754513],[76.362326869675258,31.585384619300171],[76.352612853479911,31.600397189783902],[76.372335249997747,31.592449358351367],[76.383815450955865,31.572432597706367],[76.392352010642711,31.548294739281591],[76.403832211600815,31.528277978636662],[76.428853162407023,31.500313386559128],[76.444454461145014,31.488244457346731],[76.462410672900035,31.48441772369403],[76.458878303374462,31.467344604320353],[76.466531770679865,31.457924952252174],[76.477423243383754,31.450565849073886],[76.482721797672113,31.439968740497147],[76.488903444341872,31.437613827480071],[76.51627930816511,31.411121056038247],[76.553369188183723,31.366377708714218],[76.561905747870526,31.361373518553002],[76.599584356143396,31.321634361390224],[76.606354731067441,31.309565432177781],[76.611064557101514,31.298673959473948],[76.622250393932518,31.289254307405706],[76.636379872034837,31.282189568354553],[76.647860072992984,31.278362834701845],[76.665816284748018,31.278951562956117],[76.67847394221468,31.286310666134391],[76.681417583485995,31.29484722582124],[76.671703567290663,31.29867395947393],[76.666993741256547,31.304266877889443],[76.611947649482914,31.351365138230513],[76.57897886724416,31.388160654121968],[76.586337970422449,31.394931029046003],[76.596935078999195,31.379624094435144],[76.616951839644145,31.364611523951428],[76.640206605687553,31.356663692518868],[76.660517730459645,31.361373518552998],[76.659929002205388,31.348715861086326],[76.664050099985218,31.339884937272394],[76.669643018400734,31.331642741712702],[76.674647208561964,31.320456904881702],[76.697901974605372,31.320751269008799],[76.720568012394494,31.313097801703368],[76.735874947005357,31.315747078847579],[76.736463675259614,31.347244040450672],[76.742350957802245,31.358724241408801],[76.742350957802245,31.364905888078582],[76.733225669861156,31.367555165222733],[76.725277838428624,31.368732621731287],[76.718213099377436,31.371970627129716],[76.714975093979007,31.377563545545222],[76.719096191758851,31.384628284596388],[76.728810207954183,31.394342300791724],[76.739112952403786,31.40170140397003],[76.750593153361933,31.406999958258382],[76.764722631464252,31.408766143021204],[76.756774800031707,31.401701403970037],[76.750593153361933,31.394931029046003],[76.74617769145496,31.388160654121968],[76.743528414310759,31.381390279197941],[76.751770609870462,31.386688833486314],[76.760307169557279,31.388749382376236],[76.769138093371225,31.386688833486328],[76.777674653058057,31.381390279197941],[76.76119026193868,31.361079154425834],[76.751181881616191,31.313686529957661],[76.736463675259614,31.298673959473948],[76.765900087972767,31.260995351201089],[76.778852109566586,31.239801134047607]]]}},
{"type":"Feature","properties":{"featurecla":"Lake","scalerank":5,"name":"Ngangla Ringeo","name_abb":"Ngangla Ringeo","name_alt":null,"note":null,"delta":null,"dam_name":null,"year":-99,"admin":null,"min_zoom":4.7,"min_label":6.0,"label":"Ngangla Ringeo","wikidataid":"Q4761833","name_ar":"نغانجلا رينجيو","name_bn":"এঙ্গাংলা রিনেগিও","name_de":"Ngangla Ringeo","name_en":"Ang Laren","name_es":"Ngangla Ringeo","name_fr":"Ngangla Ringeo","name_el":"Νγκάνγκλα Κάνγκρι","name_hi":"एनगांग्ला रिंगियो","name_hu":"Ngangla Ringeo","name_id":"Ngangla Ringeo","name_it":"Ngangla Ringeo","name_ja":"ンガンラ・リンゲオ","name_ko":"응강라 링게오","name_nl":"Ngangla Ringeo","name_pl":"Ngangla Ringeo","name_pt":"Ngangla Ringeo","name_ru":"озеро Нгангле-Ринцо","name_sv":"Ngangla Ringco","name_tr":"Ngangla Ringeo","name_vi":"Hồ Ngangla Ringeo","name_zh":"昂拉仁错","ne_id":1159114735,"name_fa":"نگانگلا رینگئو","name_he":"אגם ננגלה רינגו","name_uk":"Нгангла Рінгео","name_ur":"انگانگلا رنگیو","name_zht":"昂拉仁错","historical_claim":false,"geometry_status":"modern_physical_reference","source_id":"source.natural_earth.lakes.10m"},"geometry":{"type":"Polygon","coordinates":[[[83.316385009033823,31.443795474149837],[83.285771139812141,31.456158767489367],[83.260161460751647,31.471465702100218],[83.256040362971817,31.462929142413387],[83.253096721700501,31.459102408760721],[83.248975623920671,31.459396772887814],[83.240144700106725,31.463812234794837],[83.230136319784265,31.461457321777747],[83.210119559139287,31.459396772887814],[83.190102798494308,31.45969113701495],[83.178328233409047,31.463812234794819],[83.144181994661793,31.449682756692493],[83.133584886085032,31.462046050032029],[83.097378098447848,31.490893734490925],[83.089430267015302,31.501490843067678],[83.080893707328485,31.518858326568395],[83.06176003906495,31.530927255780817],[83.042920734928487,31.53652017419633],[83.034089811114541,31.535342717687794],[83.027908164444796,31.518563962441302],[83.013189958088219,31.517975234187002],[82.99523374633317,31.52356815260254],[82.979632447595179,31.525334337365344],[82.970507159654119,31.519152690695563],[82.958732594568858,31.501490843067696],[82.948429850119226,31.497958473542077],[82.93959892630528,31.499724658304874],[82.91075124184637,31.512382315771539],[82.891911937709949,31.514148500534297],[82.878076823734787,31.52356815260254],[82.866007894522355,31.533870897052129],[82.832744748156472,31.545351098010286],[82.822147639579725,31.55948057611263],[82.823325096088297,31.573610054214935],[82.838632030699102,31.579791700884691],[82.93959892630528,31.581263521520349],[82.957260773933172,31.579202972630434],[82.972273344416919,31.573021325960649],[82.967857882509918,31.581263521520349],[82.965208605365717,31.585090255173061],[82.961970599967302,31.586856439935829],[82.954022768534742,31.588033896444347],[82.952845312026227,31.590977537715702],[82.954022768534742,31.595392999622668],[82.951667855517655,31.600397189783902],[82.949312942500626,31.603929559309485],[82.945780572975025,31.61305484725057],[82.941659475195195,31.617764673284686],[82.923703263440188,31.619530858047433],[82.917521616770387,31.621002678683123],[82.928413089474304,31.634837792658324],[82.941659475195195,31.641902531709462],[82.958143866314572,31.643374352345116],[82.979632447595179,31.641313803455191],[82.999060479985886,31.634249064404038],[83.018782876503678,31.623651955827306],[83.034678539368826,31.619825222174594],[83.041154550165686,31.631894151386998],[83.050574202233918,31.643963080599395],[83.072651511768811,31.654560189176092],[83.097966826702134,31.659564379337361],[83.11592303845714,31.655737645684663],[83.125048326398257,31.642196895836619],[83.120338500364142,31.631894151387023],[83.110330120041638,31.623357591700188],[83.102382288609078,31.61482103201336],[83.092079544159503,31.610111205979258],[83.089135902888188,31.605695744072275],[83.095611913685048,31.600397189783902],[83.100910467973449,31.600691553911012],[83.108269571151709,31.603929559309485],[83.119749772109856,31.611288662487752],[83.130641244813717,31.615115396140492],[83.135645434974947,31.6059901081994],[83.138000347992033,31.593332450732742],[83.140649625136234,31.586856439935829],[83.19128025500288,31.578025516121901],[83.201288635325341,31.573610054214921],[83.209530830885001,31.568017135799405],[83.212768836283487,31.563012945638171],[83.216889934063317,31.553298929442818],[83.226015222004378,31.549472195790127],[83.247209439157871,31.545939826264547],[83.261633281387333,31.537108902450605],[83.305787900457062,31.502962663703361],[83.32403847633924,31.474703707498673],[83.364071997629139,31.451448941455283],[83.376729655095801,31.436436370971578],[83.348176334764048,31.436142006844435],[83.316385009033823,31.443795474149837]]]}},
{"type":"Feature","properties":{"featurecla":"Lake","scalerank":6,"name":null,"name_abb":null,"name_alt":null,"note":"_untitled_30","delta":null,"dam_name":null,"year":-99,"admin":null,"min_zoom":5.0,"min_label":6.5,"label":null,"wikidataid":null,"name_ar":null,"name_bn":null,"name_de":null,"name_en":null,"name_es":null,"name_fr":null,"name_el":null,"name_hi":null,"name_hu":null,"name_id":null,"name_it":null,"name_ja":null,"name_ko":null,"name_nl":null,"name_pl":null,"name_pt":null,"name_ru":null,"name_sv":null,"name_tr":null,"name_vi":null,"name_zh":null,"ne_id":1159115721,"name_fa":null,"name_he":null,"name_uk":null,"name_ur":null,"name_zht":null,"historical_claim":false,"geometry_status":"modern_physical_reference","source_id":"source.natural_earth.lakes.10m"},"geometry":{"type":"Polygon","coordinates":[[[75.918720130087848,32.11053022210308],[75.921369407232021,32.114356955755781],[75.919014494214977,32.122893515442641],[75.918720130087848,32.126720249095314],[75.922252499613421,32.129369526239522],[75.93549888533434,32.130841346875172],[75.941680532004114,32.132313167510844],[75.945507265656829,32.13525680878216],[75.946095993911086,32.139672270689104],[75.944624173275429,32.144382096723213],[75.933143972317282,32.161455216096869],[75.931083423427367,32.16616504213097],[75.93049469517311,32.170874868165086],[75.932555244063025,32.175290330072038],[75.937265070097141,32.177645243089088],[75.942563624385514,32.178822699597653],[75.953749461216489,32.178233971343374],[75.974354950115725,32.168225591020892],[75.99819844441339,32.137022993544946],[76.006146275845936,32.132901895765094],[76.012033558388566,32.132607531637966],[76.015271563787039,32.137022993544932],[76.025279944109499,32.157922846571282],[76.029989770143615,32.162043944351119],[76.034993960304831,32.16528194974957],[76.042353063483148,32.167048134512356],[76.04382488411882,32.164104493241034],[76.042941791737391,32.141144091324769],[76.039409422211833,32.122599151315498],[76.039115058084704,32.115240048137188],[76.040586878720347,32.107880944958893],[76.045591068881578,32.099933113526291],[76.052067079678494,32.097283836382168],[76.057954362221139,32.098166928763582],[76.063547280636627,32.100521841780605],[76.070612019687786,32.101110570034862],[76.073850025086216,32.097578200509318],[76.076499302230417,32.091985282093788],[76.080326035883132,32.085803635424],[76.085624590171477,32.083448722406978],[76.098576611765282,32.084920543042642],[76.106524443197827,32.084626178915528],[76.110939905104829,32.081093809389927],[76.112411725740486,32.07667834748294],[76.111234269231943,32.071085429067431],[76.104758258435055,32.055189766202318],[76.104758258435041,32.047536298896929],[76.106524443197841,32.039588467464348],[76.112117361613343,32.027813902379087],[76.117121551774574,32.021632255709342],[76.122420106062947,32.017511157929498],[76.128307388605592,32.015450609039561],[76.135077763529623,32.01456751665814],[76.141553774326496,32.014861880785318],[76.160981806717189,32.018688614437977],[76.168929638149777,32.017511157929498],[76.172756371802478,32.013684424276747],[76.17334510005675,32.008680234115538],[76.171578915293935,32.004559136335651],[76.169812730531135,32.001615495064364],[76.169224002276877,32.001026766810092],[76.169224002276877,32.000732402682978],[76.168929638149777,32.000438038555849],[76.16863527402262,32.000143674428699],[76.168340909895491,31.99984931030161],[76.168340909895491,31.999554946174438],[76.160981806717189,31.991018386487628],[76.15833252957303,31.986014196326376],[76.157449437191616,31.980126913783756],[76.158626893700173,31.974239631241126],[76.160981806717189,31.968057984571317],[76.187474578159069,31.925080822010148],[76.196599866100158,31.906241517873678],[76.199543507371459,31.895644409296992],[76.200426599752831,31.88269238770318],[76.20013223562573,31.877982561669054],[76.197777322608658,31.873567099762084],[76.1936562248288,31.870329094363655],[76.188357670540455,31.868857273728008],[76.182470387997824,31.869446001982247],[76.17658310545518,31.871506550872152],[76.171578915293949,31.874450192143495],[76.159804350208674,31.885341664847346],[76.155388888301701,31.887402213737285],[76.150090334013328,31.887107849610146],[76.145380507979212,31.884458572465991],[76.137727040673809,31.876510741033389],[76.133605942893965,31.873567099762084],[76.12860175273272,31.872095279126416],[76.12359756257149,31.873272735634966],[76.119182100664503,31.876216376906264],[76.116532823520316,31.880631838813244],[76.114472274630415,31.885636028974488],[76.112117361613343,31.890345855008608],[76.108584992087771,31.89387822453417],[76.102108981290854,31.895055681042685],[76.088568231442821,31.896233137551231],[76.083269677154462,31.898588050568296],[76.080031671755989,31.902414784221008],[76.080326035883132,31.912717528670601],[76.079148579374589,31.917721718831846],[76.075910573976159,31.921548452484565],[76.071200747942058,31.923903365501609],[76.051183987297094,31.926552642645792],[76.007912460608736,31.941270849002375],[76.003791362828878,31.943920126146544],[76.000553357430462,31.946863767417877],[75.997904080286247,31.948629952180639],[75.99319425425216,31.950984865197704],[75.980242232658355,31.954222870596173],[75.969350759954494,31.959521424884535],[75.96346347741185,31.9612876096473],[75.942269260258371,31.962170702028711],[75.936676341842855,31.963348158537265],[75.934910157080083,31.96452561504578],[75.934615792952954,31.965408707427148],[75.934615792952926,31.965997435681409],[75.934321428825839,31.967469256317081],[75.939914347241313,31.975711451876766],[75.944035445021171,31.986897288707787],[75.946979086292487,31.991901478869018],[75.954043825343646,31.999554946174438],[75.954043825343632,31.999849310301563],[75.954043825343632,32.000438038555849],[75.954338189470775,32.000438038555828],[75.958164923123491,32.036939190320183],[75.956693102487833,32.041649016354278],[75.951983276453717,32.044592657625593],[75.939619983114184,32.049008119532566],[75.934910157080097,32.051951760803895],[75.93137778755451,32.055778494456604],[75.930494695173124,32.060488320490677],[75.93137778755451,32.064903782397664],[75.931966515808782,32.070496700813159],[75.931672151681624,32.07550089097446],[75.933143972317282,32.080799445262784],[75.936676341842855,32.089041640822465],[75.93461579295294,32.092868374475174],[75.929317238664567,32.095517651619382],[75.917542673579305,32.099933113526319],[75.91371593992659,32.102876754797649],[75.912244119290932,32.105820396068957],[75.914893396435133,32.108764037340308],[75.918720130087848,32.11053022210308]]]}},
{"type":"Feature","properties":{"featurecla":"Lake","scalerank":8,"name":null,"name_abb":null,"name_alt":null,"note":"_untitled_23","delta":null,"dam_name":null,"year":-99,"admin":null,"min_zoom":6.0,"min_label":7.0,"label":null,"wikidataid":null,"name_ar":null,"name_bn":null,"name_de":null,"name_en":null,"name_es":null,"name_fr":null,"name_el":null,"name_hi":null,"name_hu":null,"name_id":null,"name_it":null,"name_ja":null,"name_ko":null,"name_nl":null,"name_pl":null,"name_pt":null,"name_ru":null,"name_sv":null,"name_tr":null,"name_vi":null,"name_zh":null,"ne_id":1159117449,"name_fa":null,"name_he":null,"name_uk":null,"name_ur":null,"name_zht":null,"historical_claim":false,"geometry_status":"modern_physical_reference","source_id":"source.natural_earth.lakes.10m"},"geometry":{"type":"Polygon","coordinates":[[[73.865824707471575,33.149635590877857],[73.870240169378548,33.138449754046881],[73.870240169378548,33.128441373724407],[73.864058522708774,33.123142819436033],[73.851695229369255,33.125792096580192],[73.846396675080882,33.127852645470149],[73.841686849046766,33.129030101978657],[73.831089740470063,33.129030101978657],[73.823141909037474,33.131679379122872],[73.820786996020416,33.137566661665502],[73.820198267766159,33.144337036589519],[73.817548990621987,33.149635590877885],[73.795766045214236,33.162881976598811],[73.72835666010107,33.190552204549192],[73.712166633108836,33.207625323922812],[73.704218801676291,33.209685872812742],[73.700980796277832,33.194084574074765],[73.70245261691349,33.184959286133669],[73.714521546125894,33.155817237547645],[73.669189470547622,33.134917384521287],[73.650055802284044,33.132268107377108],[73.638869965453083,33.149635590877857],[73.641519242597241,33.152873596276343],[73.647406525139886,33.160821427708889],[73.652116351173987,33.172007264539864],[73.652410715301116,33.183781829625154],[73.646817796885614,33.194084574074765],[73.638575601325925,33.200266220744538],[73.618558840680976,33.211157693448385],[73.615026471155417,33.216161883609644],[73.613554650519717,33.222637894406539],[73.61296592226546,33.228525176949184],[73.612082829884059,33.231468818220499],[73.607078639722829,33.231763182347606],[73.59883644416314,33.229996997584834],[73.592360433366252,33.227347720440633],[73.585295694315093,33.227347720440633],[73.581174596535249,33.226758992186376],[73.578819683518191,33.228230812822048],[73.577347862882547,33.238533557271644],[73.580585868280991,33.238239193144516],[73.587356243205036,33.240299742034431],[73.594420982256167,33.24324338330576],[73.59795335178174,33.245892660449933],[73.596481531146097,33.265615056967739],[73.59265479749341,33.285043089358439],[73.590888612730595,33.303588029367731],[73.59795335178174,33.320955512868522],[73.608550460358487,33.309475311910354],[73.614437742901131,33.296817654443714],[73.61384901464686,33.28386563284991],[73.604723726705785,33.272679796018906],[73.617087020045318,33.2559010407724],[73.637103780690282,33.234118095364664],[73.658886726098032,33.221460437898017],[73.67654857372591,33.231174454093349],[73.679786579124368,33.240888470288695],[73.680964035632883,33.251485578865434],[73.680375307378625,33.272974160146049],[73.684790769285598,33.28415999697706],[73.693032964845287,33.288869823011169],[73.698625883260775,33.29387401317242],[73.694210421353802,33.306826034766203],[73.71746518739721,33.309180947783211],[73.733066486135186,33.318011871597179],[73.744546687093333,33.323016061758445],[73.748667784873177,33.320955512868522],[73.753377610907293,33.297700746825122],[73.741603045822018,33.270619247128984],[73.72158628517704,33.246481388704233],[73.700980796277832,33.231468818220499],[73.715404638507309,33.225581535677847],[73.762502898848382,33.217928068372451],[73.788995670290205,33.207919688049905],[73.802536420138267,33.204387318524361],[73.817548990622001,33.204976046778619],[73.810778615697956,33.180838188353846],[73.825496822054532,33.169946715649964],[73.84786849571654,33.162587612471668],[73.865824707471575,33.149635590877857]]]}},
{"type":"Feature","properties":{"featurecla":"Lake","scalerank":6,"name":"Banggong Co","name_abb":"Banggong Co","name_alt":null,"note":null,"delta":null,"dam_name":null,"year":-99,"admin":null,"min_zoom":5.0,"min_label":6.5,"label":"Banggong Co","wikidataid":"Q1032254","name_ar":"بحيرة بانغونق","name_bn":"প্যাঙ্গং হ্রদ","name_de":"Pangong Tso","name_en":"Pangong Tso","name_es":"Pangong Tso","name_fr":"Pangong","name_el":"Μπανγκόγκ Κο","name_hi":"पांगोंग त्सो","name_hu":"Banggong-tó","name_id":"Pangong Tso","name_it":"Pangong Tso","name_ja":"パンゴン湖","name_ko":"방공 코","name_nl":"Pangong","name_pl":"Banggong Co","name_pt":"Pangong Tso","name_ru":"Пангонг-Цо","name_sv":"Pangongsjön","name_tr":"Pangong","name_vi":"Pangong Tso","name_zh":"班公错","ne_id":1159115773,"name_fa":"بنگونگ کو","name_he":"אגם באנגונג","name_uk":"Пангонг-Цо","name_ur":"بینگونگ کو","name_zht":"班公錯","historical_claim":false,"geometry_status":"modern_physical_reference","source_id":"source.natural_earth.lakes.10m"},"geometry":{"type":"Polygon","coordinates":[[[78.980401416384339,33.735714567997022],[78.984816878291326,33.720996361640466],[78.970393036061864,33.711576709572228],[78.948315726526971,33.706572519410976],[78.928887694136279,33.704511970521075],[78.861772673150256,33.689499400037342],[78.823799700750271,33.69891905210558],[78.799956206452649,33.69008812829162],[78.776407076282055,33.677136106697823],[78.758156500399934,33.669777003519535],[78.72754263117821,33.678019199079216],[78.69163020766814,33.703628878139689],[78.656306512412357,33.738363845141194],[78.628047556207733,33.773393176269892],[78.605381518418596,33.80901123565279],[78.590957676189134,33.826967447407846],[78.576533833959672,33.834915278840434],[78.563581812365911,33.839919469001664],[78.486458411057413,33.893199376012468],[78.456727634217103,33.920869603962835],[78.435533417063596,33.951483473184531],[78.435533417063596,33.978859337007783],[78.447896710403143,33.967673500176801],[78.456727634217103,33.968850956685301],[78.464675465649634,33.975032603355089],[78.47350638946358,33.978859337007805],[78.488224595820157,33.979153701134926],[78.497349883761274,33.977681880499254],[78.501765345668218,33.973560782719424],[78.502648438049619,33.955310206837261],[78.505003351066705,33.949128560167487],[78.511184997736464,33.937942723336448],[78.545331236483719,33.896437381410912],[78.551807247280635,33.907917582369073],[78.559460714586066,33.90585703347913],[78.576533833959672,33.886429001088466],[78.589191491426334,33.879069897910135],[78.601260420638766,33.874948800130298],[78.610680072706941,33.869944609969117],[78.618333540012387,33.846101115671409],[78.63746720827595,33.831971637569112],[78.64158830605578,33.824318170263652],[78.679561278455765,33.783107192465224],[78.729014451813896,33.744545491810996],[78.759039592781335,33.728944193072991],[78.785532364223187,33.725117459420268],[78.792597103274318,33.728944193073026],[78.805254760740979,33.742484942921038],[78.813496956300696,33.746017312446625],[78.82085605947897,33.744839855938132],[78.833513716945617,33.735714567997022],[78.840284091869648,33.732476562598585],[78.855885390607625,33.730416013708684],[78.868248683947172,33.731887834344342],[78.880023249032448,33.737186388632701],[78.89562454777041,33.746017312446625],[78.913286395398302,33.734242747361392],[78.962445204629319,33.740130029904009],[78.980401416384339,33.735714567997022]]]}},
{"type":"Feature","properties":{"featurecla":"Lake","scalerank":9,"name":"Ngangzi Co","name_abb":"Ngangz Co","name_alt":null,"note":null,"delta":null,"dam_name":null,"year":-99,"admin":null,"min_zoom":7.0,"min_label":8.0,"label":"Ngangzi Co","wikidataid":"Q11087306","name_ar":"نغانغزي كو","name_bn":"এঙ্গাংগজি কো","name_de":"Ngangzi Co","name_en":"Ngangzi Co","name_es":"Ngangzi Co","name_fr":"Ngangzi Co","name_el":"Νγκάνγκζι Κο","name_hi":"एनगांग्जी कंपनी","name_hu":"Ngangzi Co","name_id":"Ngangzi Co","name_it":"Ngangzi Co","name_ja":"昴孜錯","name_ko":"응강지 코","name_nl":"Ngangze Co","name_pl":"Ngangzi Co","name_pt":"Lago Ngangzi","name_ru":"озеро Нгангдзе-Цо","name_sv":"Ngangzi Co","name_tr":"Ngangzi Co","name_vi":"Hồ Ngang Tư Thác","name_zh":"昂孜错","ne_id":1159120311,"name_fa":"نگانگزی کو","name_he":"אגם נגאנזי","name_uk":"Нгангзіко","name_ur":"انگانگزی کو","name_zht":"昂孜错","historical_claim":false,"geometry_status":"modern_physical_reference","source_id":"source.natural_earth.lakes.10m"},"geometry":{"type":"Polygon","coordinates":[[[87.303252746905173,31.059650288243038],[87.308256937066403,31.0101971148849],[87.277348703717564,30.998716913926742],[87.194043655739293,31.011374571393411],[87.154010134449379,31.00401546821514],[87.119569531574996,30.987825441222892],[87.063640347419948,30.94308209389888],[87.041563037885112,30.920416056109751],[87.026550467401364,30.908935855151608],[87.008299891519243,30.902165480227598],[86.988871859128551,30.902165480227605],[86.971504375627774,30.90805276277019],[86.962379087686656,30.919532963728358],[86.967972006102187,30.936311718974853],[86.979746571187448,30.957211572001182],[86.981218391823134,30.963687582798084],[86.979157842933205,30.973695963120569],[86.970032554992088,30.98929726185856],[86.967972006102187,31.000777462816707],[86.971798739754888,31.025504049495755],[86.98298457658592,31.039044799343785],[87.045978499792056,31.060533380624406],[87.060991070275804,31.069658668565506],[87.096903493785874,31.1049823638213],[87.113387884905251,31.112047102872459],[87.122218808719197,31.117934385415083],[87.129283547770342,31.127059673356175],[87.133993373804458,31.13618496129725],[87.140175020474203,31.143838428602681],[87.15253831381375,31.147959526382511],[87.169317069060241,31.143838428602681],[87.208173133841626,31.119994934305037],[87.224657524961017,31.11440201588951],[87.242908100843181,31.107337276838376],[87.29118381769274,31.072896673963967],[87.303252746905173,31.059650288243038]]]}},
{"type":"Feature","properties":{"featurecla":"Lake","scalerank":5,"name":"Tangra Yumco","name_abb":"Tangra Yumco","name_alt":null,"note":null,"delta":null,"dam_name":null,"year":-99,"admin":null,"min_zoom":4.7,"min_label":6.0,"label":"Tangra Yumco","wikidataid":"Q659377","name_ar":"تانجرا يومكو","name_bn":"ট্যাংরা ইয়ামকো","name_de":"Tangra Yumco","name_en":"Tangra Yumco","name_es":"Tangra Yumco","name_fr":"Tangra Yumco","name_el":"Τάνγκρα Γιούμκο","name_hi":"तंगरा युमको","name_hu":"Tangra Yumco","name_id":"Tangra Yumco","name_it":"Tangra Yumco","name_ja":"タンラ・ユムツォ","name_ko":"탕그라 윰코","name_nl":"Tangra Yumco","name_pl":"Tangra Yumco","name_pt":"Tangra Yumco","name_ru":"Данграюм","name_sv":"Tangra Yumco","name_tr":"Tangra Yumco","name_vi":"Hồ Tangra Yumco","name_zh":"当惹雍错","ne_id":1159114759,"name_fa":"تانگرا یومکو","name_he":"אגם טאנגרה יומקו","name_uk":"Тангра Юмко","name_ur":"تانگرا یمکو","name_zht":"当惹雍错","historical_claim":false,"geometry_status":"modern_physical_reference","source_id":"source.natural_earth.lakes.10m"},"geometry":{"type":"Polygon","coordinates":[[[86.778990236483651,31.180928308621279],[86.796063355857271,31.14177787971277],[86.77398604632242,31.122938575576349],[86.748670731389097,31.119406206050762],[86.686854264691434,31.121172390813559],[86.659184036741067,31.113518923508114],[86.634751814189144,31.099389445405794],[86.614146325289937,31.078783956506573],[86.597367570043389,31.052291185064764],[86.60914213512865,31.026387141877137],[86.60678722211162,31.001954919325211],[86.596190113534874,30.980466338044604],[86.583826820195327,30.963687582798098],[86.56734242907595,30.946320099297342],[86.559688961770576,30.936311718974871],[86.552035494465144,30.913645681185717],[86.529663820803137,30.894217648795035],[86.521715989370591,30.881559991328373],[86.520832896989205,30.869491062115998],[86.52730890778605,30.849768665598127],[86.529369456675965,30.836522279877212],[86.524953994769021,30.824158986537704],[86.51494561444656,30.813561877960932],[86.473440272520975,30.780887459849332],[86.451068598858967,30.769112894764064],[86.429874381705474,30.770584715399728],[86.412506898204697,30.784714193502047],[86.408091436297752,30.800609856367156],[86.374828289931884,30.8641925078276],[86.376005746440399,30.871257246878773],[86.389840860415575,30.874200888150085],[86.406325251534952,30.875672708785764],[86.416039267730298,30.878027621802783],[86.421632186145814,30.885092360853921],[86.426636376307044,30.893040192286506],[86.433112387103961,30.908935855151586],[86.442237675045021,30.950146832950058],[86.446653136951966,30.987531077095738],[86.454012240130282,30.999894370435303],[86.501404864598499,31.038750435216667],[86.513768157938003,31.054057369827508],[86.51906671222639,31.059650288243038],[86.529369456675965,31.066126299039933],[86.552918586846545,31.075251586981011],[86.565576244313206,31.082021961905038],[86.570874798601551,31.089969793337584],[86.574995896381381,31.112635831126752],[86.60502103734882,31.169742471790254],[86.61502941767128,31.211247813715826],[86.620622336086797,31.265705177235205],[86.629747624027914,31.284544481371611],[86.631513808790658,31.295730318202637],[86.630336352282143,31.307210519160737],[86.625626526248027,31.328110372187115],[86.625626526248027,31.339884937272355],[86.64770383578292,31.368732621731301],[86.689797905962735,31.368438257604137],[86.734246889159635,31.346949676323522],[86.761917117109988,31.313097801703346],[86.766332579016989,31.291903584549907],[86.76898185616119,31.223611107055362],[86.778990236483651,31.180928308621279]]]}},
{"type":"Feature","properties":{"featurecla":"Lake","scalerank":9,"name":null,"name_abb":null,"name_alt":null,"note":"_untitled_242","delta":null,"dam_name":null,"year":-99,"admin":null,"min_zoom":7.0,"min_label":8.0,"label":null,"wikidataid":null,"name_ar":null,"name_bn":null,"name_de":null,"name_en":null,"name_es":null,"name_fr":null,"name_el":null,"name_hi":null,"name_hu":null,"name_id":null,"name_it":null,"name_ja":null,"name_ko":null,"name_nl":null,"name_pl":null,"name_pt":null,"name_ru":null,"name_sv":null,"name_tr":null,"name_vi":null,"name_zh":null,"ne_id":1159120383,"name_fa":null,"name_he":null,"name_uk":null,"name_ur":null,"name_zht":null,"historical_claim":false,"geometry_status":"modern_physical_reference","source_id":"source.natural_earth.lakes.10m"},"geometry":{"type":"Polygon","coordinates":[[[84.329586334621013,31.183283221638337],[84.329880698748184,31.172097384807326],[84.322227231442753,31.1588509990864],[84.312807579374521,31.146782069874007],[84.303387927306289,31.12676530922904],[84.291318998093914,31.118523113669351],[84.260705128872189,31.107042912711226],[84.203892852335812,31.073485402218196],[84.17563389613116,31.065537570785668],[84.150612945324951,31.079667048887988],[84.127063815154429,31.071424853328288],[84.099393587204077,31.06700939142133],[84.054650239880061,31.066126299039933],[84.05023477797306,31.072896673963967],[84.04523058781183,31.077606499998062],[84.037871484633584,31.079667048887977],[84.031395473836653,31.078783956506559],[84.020209637005635,31.074957222853868],[83.977821202698692,31.065243206658526],[83.96575227348626,31.059650288243038],[83.964574816977745,31.067598119675566],[83.958981898562229,31.086437423812018],[83.93072294235759,31.126176580974771],[83.92542438806926,31.14177787971277],[83.943086235697137,31.187698683545317],[83.948384789985539,31.196235243232103],[84.013144897954476,31.207715444190253],[84.044347495430429,31.205360531173163],[84.068779717982352,31.183283221638337],[84.096449945932775,31.203888710537537],[84.128535635790129,31.209775993080179],[84.210663227259829,31.200356341011958],[84.240982732354382,31.191525417198019],[84.257172759346645,31.189464868308086],[84.295734460000858,31.191819781325144],[84.316339948900136,31.190347960689465],[84.329586334621013,31.183283221638337]]]}},
{"type":"Feature","properties":{"featurecla":"Lake","scalerank":9,"name":"Gyaring Co","name_abb":"Gyaring Co","name_alt":null,"note":null,"delta":null,"dam_name":null,"year":-99,"admin":null,"min_zoom":7.0,"min_label":8.0,"label":"Gyaring Co","wikidataid":"Q12018576","name_ar":"بحيرة جيرينج","name_bn":"গ্যারিং কো","name_de":"Gyaring Co","name_en":"Geren Cuo","name_es":"Gyaring Co","name_fr":"Gyaring Lake","name_el":"Γκιάρινγκ Κο","name_hi":"ग्यारिंग को","name_hu":"Gyaring Co","name_id":"Gyaring Co","name_it":"Gyaring Co","name_ja":"ギャリン湖","name_ko":"갸링코","name_nl":"Gyaring Co","name_pl":"Jezioro Gyaring","name_pt":"Lago Gyaring","name_ru":"Джаринг","name_sv":"Geren Cuo","name_tr":"Gyaring Co","name_vi":"Hồ Trát Lăng","name_zh":"格仁错","ne_id":1159120293,"name_fa":"جیارینگ کو","name_he":"גיארינג","name_uk":"Джарін-Ко","name_ur":"گیارنگ کو","name_zht":"格仁错","historical_claim":false,"geometry_status":"modern_physical_reference","source_id":"source.natural_earth.lakes.10m"},"geometry":{"type":"Polygon","coordinates":[[[88.576377596749651,31.052585549191829],[88.580793058656582,31.03551242981823],[88.574611411986837,31.021971679970175],[88.547235548163599,30.994007087892641],[88.539876444985282,30.990474718367114],[88.518387863704675,30.987236712968631],[88.509262575763614,30.983998707570183],[88.47305578812643,30.994595816146933],[88.468345962092329,31.000777462816689],[88.465696684948114,31.015201305046144],[88.457748853515568,31.024620957114362],[88.445679924303136,31.030213875529856],[88.399759120470605,31.03551242981823],[88.377387446808598,31.047286994903498],[88.363846696960536,31.069658668565506],[88.359136870926477,31.103804907312771],[88.346773577586944,31.115579472398057],[88.256698154684614,31.168565015281722],[88.245217953726467,31.171214292425915],[88.215192812759085,31.169742471790261],[88.189583133698591,31.165327009883296],[88.181046574011816,31.169153743536018],[88.173393106706385,31.183283221638337],[88.123645569221139,31.231264574360768],[88.108632998737392,31.23803494928481],[88.103923172703276,31.242744775318904],[88.079490950151353,31.276891014066212],[88.067127656811806,31.282483932481696],[88.052998178709515,31.287193758515798],[88.042989798387055,31.29249231280415],[88.031509597428908,31.311920345194856],[88.043872890768455,31.317218899483233],[88.109516091118792,31.308682339796395],[88.12864975938237,31.298968323601073],[88.159852356858323,31.278362834701863],[88.460986858913998,31.135007504788739],[88.536344075459738,31.095857075880208],[88.557243928486059,31.079667048887995],[88.566663580554291,31.068481212056984],[88.576377596749651,31.052585549191829]]]}},
{"type":"Feature","properties":{"featurecla":"Lake","scalerank":9,"name":null,"name_abb":null,"name_alt":null,"note":"_untitled_243","delta":null,"dam_name":null,"year":-99,"admin":null,"min_zoom":7.0,"min_label":8.0,"label":null,"wikidataid":null,"name_ar":null,"name_bn":null,"name_de":null,"name_en":null,"name_es":null,"name_fr":null,"name_el":null,"name_hi":null,"name_hu":null,"name_id":null,"name_it":null,"name_ja":null,"name_ko":null,"name_nl":null,"name_pl":null,"name_pt":null,"name_ru":null,"name_sv":null,"name_tr":null,"name_vi":null,"name_zh":null,"ne_id":1159120365,"name_fa":null,"name_he":null,"name_uk":null,"name_ur":null,"name_zht":null,"historical_claim":false,"geometry_status":"modern_physical_reference","source_id":"source.natural_earth.lakes.10m"},"geometry":{"type":"Polygon","coordinates":[[[83.946912969349853,31.293964133439822],[83.944558056332838,31.302206328999521],[83.944852420459938,31.313097801703368],[83.983119756987037,31.308682339796395],[83.973405740791691,31.331642741712681],[83.957215713799485,31.360784790298709],[83.976349382063006,31.37520863252816],[84.010495620810275,31.391693023647548],[84.017560359861477,31.392281751901823],[84.048468593210274,31.381390279197941],[84.067602261473851,31.379035366180883],[84.084969744974629,31.381684643325055],[84.090857027517259,31.389632474757633],[84.075550092906383,31.40229013222428],[84.056122060515705,31.396402849681664],[84.033456022726568,31.403761952859952],[84.014616718590162,31.418185795089389],[84.006963251284731,31.432904001445994],[84.004608338267658,31.438791283988618],[83.999898512233528,31.441734925259912],[83.995483050326598,31.443501110022712],[83.993128137309554,31.446444751294049],[83.994305593818069,31.452332033836694],[83.996660506835113,31.455570039235109],[83.998721055725014,31.457630588125017],[84.01432235446299,31.497958473542077],[84.048762957337431,31.514148500534297],[84.078199370050584,31.491482462745186],[84.099687951331191,31.449977120819625],[84.109990695780837,31.408766143021204],[84.108518875145137,31.383450828087867],[84.109990695780823,31.375208632528132],[84.122942717374599,31.354014415374724],[84.1264750869002,31.342239850289406],[84.120293440230398,31.330170921077041],[84.09998231545832,31.321634361390217],[84.060243158295577,31.328993464568494],[84.040815125904885,31.32045690488172],[84.031984202090896,31.301617600745267],[84.030512381455253,31.281012111846046],[84.024625098912622,31.264527720726669],[84.00343088175913,31.257757345802649],[83.993422501436669,31.255696796912744],[83.982531028732808,31.252164427387136],[83.97222828428319,31.25069260675145],[83.96251426808783,31.25481370453134],[83.9601593550708,31.26070098707396],[83.962808632214944,31.276302285811923],[83.958981898562229,31.285133209625894],[83.951328431256854,31.288076850897209],[83.946912969349853,31.293964133439822]]]}},
{"type":"Feature","properties":{"featurecla":"Lake","scalerank":9,"name":null,"name_abb":null,"name_alt":null,"note":"_untitled_246","delta":null,"dam_name":null,"year":-99,"admin":null,"min_zoom":7.0,"min_label":8.0,"label":null,"wikidataid":null,"name_ar":null,"name_bn":null,"name_de":null,"name_en":null,"name_es":null,"name_fr":null,"name_el":null,"name_hi":null,"name_hu":null,"name_id":null,"name_it":null,"name_ja":null,"name_ko":null,"name_nl":null,"name_pl":null,"name_pt":null,"name_ru":null,"name_sv":null,"name_tr":null,"name_vi":null,"name_zh":null,"ne_id":1159120275,"name_fa":null,"name_he":null,"name_uk":null,"name_ur":null,"name_zht":null,"historical_claim":false,"geometry_status":"modern_physical_reference","source_id":"source.natural_earth.lakes.10m"},"geometry":{"type":"Polygon","coordinates":[[[88.82717583306578,31.647789814252093],[88.833063115608411,31.621885771064495],[88.830708202591381,31.597453548512583],[88.81481253972629,31.586856439935829],[88.814223811472004,31.573904418342007],[88.810102713692174,31.545939826264547],[88.799505605115428,31.517680870059884],[88.78037193685185,31.504728848466108],[88.754762257791413,31.502668299576193],[88.736217317782121,31.493837375762219],[88.726797665713889,31.475292435752937],[88.728269486349575,31.443501110022712],[88.740927143816236,31.418480159216518],[88.744753877468952,31.404645045241363],[88.739160959053436,31.391693023647548],[88.732390584129405,31.381684643325045],[88.714728736501513,31.339884937272377],[88.707958361577482,31.348715861086326],[88.703248535543366,31.36932134998553],[88.694123247602306,31.381390279197941],[88.712962551738713,31.399346490952986],[88.720616019044144,31.410237963656844],[88.718555470154229,31.419068887470786],[88.708252725704611,31.424956170013377],[88.69765561712785,31.429371631920393],[88.691473970458105,31.434670186208763],[88.694123247602306,31.443501110022712],[88.69353451934802,31.463223506540544],[88.687941600932504,31.488244457346731],[88.677638856482929,31.50943867450021],[88.65585591107515,31.523273788475404],[88.648202443769776,31.534165261179293],[88.642020797099974,31.546822918645944],[88.639371519955773,31.556242570714137],[88.634072965667428,31.559186211985455],[88.598749270411645,31.55948057611263],[88.610523835496906,31.573904418342039],[88.629657503760427,31.574493146596328],[88.64849680789689,31.56742840754513],[88.660271372982152,31.559480576112605],[88.665275563143382,31.550060924044388],[88.667924840287583,31.541524364357581],[88.671751573940298,31.533282168797875],[88.680582497754244,31.525334337365344],[88.691179606330991,31.52062451133121],[88.701776714907751,31.518858326568395],[88.725325845078274,31.51856396244132],[88.729741306985204,31.527983614509523],[88.720321654917029,31.549177831663002],[88.704720356179052,31.570372048816473],[88.691179606330991,31.579791700884691],[88.669691025050383,31.58214661390172],[88.628185683124798,31.59186063009707],[88.60493091708139,31.594215543114125],[88.621120944073652,31.612466118996316],[88.645553166625575,31.626301232971468],[88.674106486957328,31.634249064404038],[88.701776714907751,31.635132156785421],[88.685586687915475,31.658092558701682],[88.681465590135645,31.670750216168354],[88.691179606330991,31.676048770456738],[88.701482350780566,31.67339949331258],[88.710902002848812,31.666923482515646],[88.725325845078274,31.652205276159076],[88.742693328579037,31.647495450124996],[88.770363556529404,31.650439091396287],[88.818344909251834,31.663096748862959],[88.82717583306578,31.647789814252093]]]}},
{"type":"Feature","properties":{"featurecla":"Lake","scalerank":9,"name":null,"name_abb":null,"name_alt":null,"note":"_untitled_252","delta":null,"dam_name":null,"year":-99,"admin":null,"min_zoom":7.0,"min_label":8.0,"label":null,"wikidataid":null,"name_ar":null,"name_bn":null,"name_de":null,"name_en":null,"name_es":null,"name_fr":null,"name_el":null,"name_hi":null,"name_hu":null,"name_id":null,"name_it":null,"name_ja":null,"name_ko":null,"name_nl":null,"name_pl":null,"name_pt":null,"name_ru":null,"name_sv":null,"name_tr":null,"name_vi":null,"name_zh":null,"ne_id":1159120155,"name_fa":null,"name_he":null,"name_uk":null,"name_ur":null,"name_zht":null,"historical_claim":false,"geometry_status":"modern_physical_reference","source_id":"source.natural_earth.lakes.10m"},"geometry":{"type":"Polygon","coordinates":[[[88.086261325075384,31.677520591092396],[87.997068994554539,31.661919292354405],[87.918768136737469,31.634543428531181],[87.898751376092491,31.630127966624201],[87.875202245921969,31.628361781861408],[87.83281381161504,31.617764673284693],[87.821627974784008,31.620119586301705],[87.830753262725125,31.641313803455184],[87.83457999637784,31.64278562409087],[87.840761643047585,31.643374352345116],[87.846943289717331,31.64837854250635],[87.851358751624332,31.663096748862966],[87.851358751624332,31.67487131394822],[87.84606019733593,31.695476802847431],[87.844588376700301,31.707251367932685],[87.851947479878561,31.723147030797815],[87.869020599252224,31.734921595883062],[87.906699207525094,31.751111622875325],[87.929070881187101,31.764358008596247],[87.939962353890962,31.769362198757477],[87.954386196120424,31.772305840028793],[87.979112782799461,31.766124193359023],[88.010609744402529,31.766418557486162],[88.040634885369968,31.772011475901685],[88.088027509838184,31.794677513690797],[88.108044270483163,31.781136763842735],[88.110104819373078,31.760531274943524],[88.084789504439755,31.751111622875325],[88.098330254287816,31.738159601281509],[88.142190509230446,31.752877807638122],[88.163384726383867,31.748167981604002],[88.172804378452099,31.728151220959038],[88.162501634002467,31.711372465712547],[88.143367965738946,31.698126079991592],[88.125706118111054,31.689883884431943],[88.086261325075384,31.677520591092396]]]}},
{"type":"Feature","properties":{"featurecla":"Lake","scalerank":4,"name":"Siling Co","name_abb":"Siling Co","name_alt":null,"note":null,"delta":null,"dam_name":null,"year":-99,"admin":null,"min_zoom":4.0,"min_label":5.0,"label":"Siling Co","wikidataid":"Q1404973","name_ar":"بحيرة سيلنج","name_bn":"সাইলিং কো","name_de":"Serling Tsho","name_en":"Siling","name_es":"Siling","name_fr":"Siling","name_el":"Σίλινγκ Κο","name_hi":"सिलिंग को","name_hu":"Siling Co","name_id":"Siling Co","name_it":"Siling Co","name_ja":"色林錯","name_ko":"실링 코","name_nl":"Serling Tso","name_pl":"Jezioro Siling","name_pt":"Siling","name_ru":"Силинг-Цо","name_sv":"Siling Co","name_tr":"Siling Co","name_vi":"Siling","name_zh":"色林错","ne_id":1159114083,"name_fa":"سیلینگ کو","name_he":"אגם סילינג","name_uk":"Сілінгко","name_ur":"سائلنگ کو","name_zht":"色林错","historical_claim":false,"geometry_status":"modern_physical_reference","source_id":"source.natural_earth.lakes.10m"},"geometry":{"type":"Polygon","coordinates":[[[89.342607419673357,31.816166094971411],[89.345256696817557,31.80645207877609],[89.33112721871521,31.783197312732668],[89.296980979967941,31.777898758444309],[89.269899480271832,31.792028236546635],[89.27696421932302,31.827057567675286],[89.24841089899121,31.802919709250492],[89.241640524067193,31.763474916214847],[89.24252361644858,31.717848476509417],[89.235458877397434,31.676048770456756],[89.225156132947802,31.661624928227283],[89.188360617056389,31.622474499318777],[89.177469144352472,31.61482103201336],[89.158335476088951,31.606578836453679],[89.146266546876532,31.588622624698626],[89.137141258935472,31.569783320562188],[89.126249786231597,31.55948057611263],[89.107999210349419,31.563896038019568],[89.087688085577327,31.578908608503291],[89.070909330330835,31.597453548512593],[89.064138955406804,31.61128866248777],[89.051481297940157,31.615409760267635],[88.975240989013059,31.600397189783902],[88.960817146783597,31.607756292962204],[88.941094750265734,31.622768863445927],[88.925493451527757,31.639547618692411],[88.924315995019242,31.652205276159076],[88.945215848045621,31.68605715077922],[88.959639690275083,31.702835906025722],[88.980245179174304,31.709900645076893],[88.937856744867304,31.735804688264473],[88.915779435332411,31.740808878425693],[88.893702125797574,31.730800498103235],[88.878689555313827,31.736687780645862],[88.85985025117742,31.737865237154381],[88.840716582913842,31.735510324137337],[88.824526555921636,31.730800498103246],[88.811868898454975,31.722558302543526],[88.787142311775881,31.701069721262943],[88.78037193685185,31.696654259355952],[88.762710089223958,31.698714808245892],[88.734451133019334,31.708134460314078],[88.718555470154229,31.710195009203996],[88.68352613902556,31.710783737458272],[88.667924840287583,31.714610471111015],[88.653795362185235,31.724030123179205],[88.653795362185235,31.717848476509445],[88.64820244376979,31.734332867628794],[88.64673062313409,31.756998905417969],[88.64820244376979,31.777310030189998],[88.650262992659691,31.786140954004011],[88.618471666929452,31.779664943207088],[88.612290020259707,31.77907621495282],[88.601987275810075,31.787024046385365],[88.60257600406436,31.7937944213094],[88.605519645335676,31.800859160360584],[88.60169291168296,31.809984448301655],[88.584325428182183,31.818521007988462],[88.568724129444206,31.816166094971411],[88.558715749121745,31.818521007988462],[88.557243928486059,31.84059831752333],[88.561659390393061,31.858260165151268],[88.571373406588407,31.869151637855119],[88.585797248817812,31.875922012779142],[88.60493091708139,31.881514931194658],[88.638782791701544,31.88622475722876],[88.687352872678289,31.887107849610146],[88.730624399366604,31.882692387703202],[88.749463703503082,31.870917822617894],[88.745342605723181,31.859731985786926],[88.73857223079915,31.848251784828758],[88.737100410163535,31.835594127362107],[88.749463703503082,31.819404100369862],[88.767419915258074,31.810867540683031],[88.787142311775881,31.809690084174512],[88.806864708293745,31.813516817827225],[88.824526555921636,31.819404100369862],[88.805392887658058,31.83323921434506],[88.798328148606913,31.849429241337294],[88.804509795276658,31.866502360710932],[88.824526555921636,31.881514931194666],[88.83188565909991,31.874155828016352],[88.838361669896813,31.881514931194666],[88.845720773075072,31.874155828016324],[88.865148805465779,31.883281115957448],[88.927554000417729,31.902120420093869],[89.009681591887443,31.936855387095374],[89.02999271665955,31.916838626450442],[89.066199504296719,31.916249898196206],[89.136552530681172,31.929496283917114],[89.155391834817635,31.924197729628734],[89.178646600861043,31.900942963585315],[89.191304258327705,31.895938773424078],[89.20572810055711,31.893583860407045],[89.241640524067179,31.883869844211706],[89.269605116144703,31.879454382304708],[89.285795143136966,31.873272735634984],[89.299924621239256,31.864736175948135],[89.311110458070303,31.855022159752814],[89.325534300299694,31.827057567675311],[89.33289340347801,31.819992828624123],[89.338486321893527,31.818521007988462],[89.342607419673357,31.816166094971411]]]}},
{"type":"Feature","properties":{"featurecla":"Lake","scalerank":9,"name":null,"name_abb":null,"name_alt":null,"note":"_untitled_253","delta":null,"dam_name":null,"year":-99,"admin":null,"min_zoom":7.0,"min_label":8.0,"label":null,"wikidataid":null,"name_ar":null,"name_bn":null,"name_de":null,"name_en":null,"name_es":null,"name_fr":null,"name_el":null,"name_hi":null,"name_hu":null,"name_id":null,"name_it":null,"name_ja":null,"name_ko":null,"name_nl":null,"name_pl":null,"name_pt":null,"name_ru":null,"name_sv":null,"name_tr":null,"name_vi":null,"name_zh":null,"ne_id":1159120139,"name_fa":null,"name_he":null,"name_uk":null,"name_ur":null,"name_zht":null,"historical_claim":false,"geometry_status":"modern_physical_reference","source_id":"source.natural_earth.lakes.10m"},"geometry":{"type":"Polygon","coordinates":[[[88.335587740755898,31.806452078776058],[88.34500739282413,31.803214073377653],[88.352366496002446,31.792322600673739],[88.339120110281499,31.790850780038067],[88.31822025725512,31.781431127969881],[88.307917512805545,31.779076214952838],[88.296731675974513,31.781136763842735],[88.268472719769875,31.791145144165224],[88.262879801354416,31.795854970199365],[88.259347431828814,31.805274622267554],[88.250810872141983,31.80350843750476],[88.224906828954431,31.785846589876861],[88.216075905140499,31.782019856224139],[88.206656253072254,31.779959307334224],[88.151021433044377,31.779664943207088],[88.135125770179229,31.786729682258247],[88.143073601611832,31.802919709250492],[88.158969264476923,31.817637915607044],[88.177808568613329,31.832061757836506],[88.199002785766837,31.839126496887687],[88.22137445942883,31.833239214345049],[88.26552907849856,31.820875921005513],[88.280541648982307,31.826468839421015],[88.283485290253623,31.855022159752775],[88.294082398830369,31.85119542610007],[88.307917512805545,31.843836322921788],[88.319986442017935,31.834122306726471],[88.324990632179151,31.82323083402261],[88.328228637577638,31.810573176555916],[88.335587740755898,31.806452078776058]]]}},
{"type":"Feature","properties":{"featurecla":"Lake","scalerank":6,"name":null,"name_abb":null,"name_alt":null,"note":"_untitled_28","delta":null,"dam_name":null,"year":-99,"admin":null,"min_zoom":5.0,"min_label":6.5,"label":null,"wikidataid":null,"name_ar":null,"name_bn":null,"name_de":null,"name_en":null,"name_es":null,"name_fr":null,"name_el":null,"name_hi":null,"name_hu":null,"name_id":null,"name_it":null,"name_ja":null,"name_ko":null,"name_nl":null,"name_pl":null,"name_pt":null,"name_ru":null,"name_sv":null,"name_tr":null,"name_vi":null,"name_zh":null,"ne_id":1159115757,"name_fa":null,"name_he":null,"name_uk":null,"name_ur":null,"name_zht":null,"historical_claim":false,"geometry_status":"modern_physical_reference","source_id":"source.natural_earth.lakes.10m"},"geometry":{"type":"Polygon","coordinates":[[[87.606153433723648,31.944214490273687],[87.617044906427509,31.922137180738801],[87.610863259757764,31.90388660485668],[87.597616874036817,31.887107849610146],[87.570535374340693,31.861498170549659],[87.555228439729888,31.85090106197298],[87.538155320356225,31.84354195879467],[87.519021652092647,31.84059831752333],[87.481343043819834,31.841187045777637],[87.463092467937656,31.83912649688769],[87.447196805072579,31.833239214345049],[87.417466028232241,31.843541958794663],[87.409223832672581,31.877099469287643],[87.418937848867884,31.912717528670601],[87.499887983829126,31.962465066155872],[87.539038412737625,31.979243821402335],[87.557288988619803,31.97423963124114],[87.580838118790325,31.965114343300023],[87.592023955621301,31.958638332503142],[87.601443607689532,31.958638332503124],[87.604975977215133,31.957460875994627],[87.606153433723648,31.953634142341919],[87.606153433723648,31.944214490273687]]]}},
{"type":"Feature","properties":{"featurecla":"Lake","scalerank":9,"name":null,"name_abb":null,"name_alt":null,"note":"_untitled_248","delta":null,"dam_name":null,"year":-99,"admin":null,"min_zoom":7.0,"min_label":8.0,"label":null,"wikidataid":null,"name_ar":null,"name_bn":null,"name_de":null,"name_en":null,"name_es":null,"name_fr":null,"name_el":null,"name_hi":null,"name_hu":null,"name_id":null,"name_it":null,"name_ja":null,"name_ko":null,"name_nl":null,"name_pl":null,"name_pt":null,"name_ru":null,"name_sv":null,"name_tr":null,"name_vi":null,"name_zh":null,"ne_id":1159120239,"name_fa":null,"name_he":null,"name_uk":null,"name_ur":null,"name_zht":null,"historical_claim":false,"geometry_status":"modern_physical_reference","source_id":"source.natural_earth.lakes.10m"},"geometry":{"type":"Polygon","coordinates":[[[90.060561525747516,32.477307924509155],[90.063799531145946,32.447577147668845],[90.05644042796763,32.422556196862622],[90.038189852085509,32.423439289244037],[90.019350547949045,32.409898539395989],[90.016995634932016,32.406071805743274],[90.012580173025015,32.401067615582058],[90.002866156829668,32.405188713361881],[89.986381765710306,32.416080186065741],[89.940166597750647,32.408721082887453],[89.87952758756154,32.410192903523132],[89.872757212637509,32.412842180667312],[89.87364030501891,32.440218044490578],[89.876583946290225,32.451992609575839],[89.883943049468485,32.456996799737041],[89.894245793918131,32.458468620372713],[89.898661255825061,32.462589718152564],[89.903371081859191,32.469360093076624],[89.914556918690209,32.478191016890548],[89.927214576156871,32.483783935306036],[89.955473532361509,32.492026130865725],[89.969014282209571,32.497913413408362],[89.987559222218863,32.514103440400568],[89.999333787304124,32.522345635960285],[90.014051993660701,32.525878005485886],[90.024649102237447,32.520579451197506],[90.039956036848309,32.497030321026934],[90.047903868280855,32.491731766738638],[90.060561525747516,32.477307924509155]]]}},
{"type":"Feature","properties":{"featurecla":"Lake","scalerank":6,"name":null,"name_abb":null,"name_alt":null,"note":"_untitled_31","delta":null,"dam_name":null,"year":-99,"admin":null,"min_zoom":5.0,"min_label":6.5,"label":null,"wikidataid":null,"name_ar":null,"name_bn":null,"name_de":null,"name_en":null,"name_es":null,"name_fr":null,"name_el":null,"name_hi":null,"name_hu":null,"name_id":null,"name_it":null,"name_ja":null,"name_ko":null,"name_nl":null,"name_pl":null,"name_pt":null,"name_ru":null,"name_sv":null,"name_tr":null,"name_vi":null,"name_zh":null,"ne_id":1159115701,"name_fa":null,"name_he":null,"name_uk":null,"name_ur":null,"name_zht":null,"historical_claim":false,"geometry_status":"modern_physical_reference","source_id":"source.natural_earth.lakes.10m"},"geometry":{"type":"Polygon","coordinates":[[[89.973135379989401,33.492275434859167],[89.976667749515002,33.484916331680843],[89.972841015862286,33.471964310087067],[89.964893184429684,33.46696011992583],[89.955767896488624,33.464016478654521],[89.948703157437478,33.457540467857577],[89.947231336801792,33.437818071339784],[89.949291885691707,33.410442207516525],[89.946936972674678,33.386009984964602],[89.931630038063815,33.375707240514991],[89.916911831707239,33.370408686226625],[89.902487989477777,33.358339757014207],[89.89159651677393,33.343621550657652],[89.887181054866971,33.330963893190983],[89.88247122883287,33.308297855401861],[89.870402299620423,33.292990920790992],[89.852740451992531,33.282099448087131],[89.832429327220453,33.272679796018892],[89.848324990085587,33.260316502679387],[89.8433207999243,33.24736448108559],[89.825070224042179,33.242949019178617],[89.800932365617371,33.255901040772414],[89.793573262439054,33.266498149349175],[89.798577452600341,33.269736154747598],[89.807702740541401,33.271796703637527],[89.811529474194117,33.280038899197194],[89.807408376414287,33.286220545866961],[89.79004089291351,33.302116208732087],[89.784153610370879,33.313596409690206],[89.777677599573963,33.347742648437503],[89.777383235446848,33.383360707820415],[89.788863436404995,33.411619664025061],[89.818299849118148,33.423394229110322],[89.806230919905715,33.430164604034367],[89.752656648767754,33.430458968161503],[89.728813154470132,33.436934978958369],[89.674355790950756,33.478145956756833],[89.66140376935698,33.49227543485916],[89.667585416026725,33.499045809783176],[89.692606366832933,33.483444511045171],[89.739115898919692,33.464605206908757],[89.788569072277824,33.453419370077775],[89.821832218643692,33.461367201510306],[89.830074414203409,33.46696011992583],[89.838022245635955,33.470198125324245],[89.8439095281786,33.475496679612625],[89.846264441195672,33.488448701206451],[89.8459700770685,33.499634538037462],[89.847441897704186,33.509348554232766],[89.852151723738302,33.516413293283932],[89.863043196442163,33.519062570428126],[89.9295694891739,33.525244217097871],[89.948703157437478,33.519062570428119],[89.956356624742924,33.512586559631217],[89.973135379989401,33.492275434859167]]]}},
{"type":"Feature","properties":{"featurecla":"Lake","scalerank":6,"name":null,"name_abb":null,"name_alt":null,"note":"_untitled_32","delta":null,"dam_name":null,"year":-99,"admin":null,"min_zoom":5.0,"min_label":6.5,"label":null,"wikidataid":null,"name_ar":null,"name_bn":null,"name_de":null,"name_en":null,"name_es":null,"name_fr":null,"name_el":null,"name_hi":null,"name_hu":null,"name_id":null,"name_it":null,"name_ja":null,"name_ko":null,"name_nl":null,"name_pl":null,"name_pt":null,"name_ru":null,"name_sv":null,"name_tr":null,"name_vi":null,"name_zh":null,"ne_id":1159115681,"name_fa":null,"name_he":null,"name_uk":null,"name_ur":null,"name_zht":null,"historical_claim":false,"geometry_status":"modern_physical_reference","source_id":"source.natural_earth.lakes.10m"},"geometry":{"type":"Polygon","coordinates":[[[90.290754273164453,33.313596409690199],[90.236002545517977,33.341561001767751],[90.213336507728854,33.349803197327418],[90.194497203592405,33.360989034158415],[90.160350964845122,33.389836718617318],[90.124144177207938,33.357751028759957],[90.085876840680839,33.362460854794072],[89.996390146032809,33.403377468465351],[90.014640721914986,33.426043506254523],[90.016995634932016,33.433991337687068],[90.014346357787815,33.44606026689948],[90.00816471111807,33.45018136467931],[90.001099972066925,33.452241913569232],[89.996390146032823,33.457540467857577],[89.994918325397123,33.475202315485532],[90.005515433973869,33.473141766595582],[90.023177281601761,33.463427750400228],[90.052908058442085,33.453713734204882],[90.091175394969184,33.434580065941319],[90.119139987046722,33.413091484660718],[90.137979291183115,33.403671832592522],[90.158879144209493,33.398667642431256],[90.181250817871501,33.396607093541348],[90.195969024228077,33.39807891417702],[90.207449225186224,33.402788740211115],[90.281923349350521,33.453419370077768],[90.294286642690068,33.457540467857598],[90.302823202376885,33.479912141519598],[90.293109186181539,33.529070950750572],[90.27014878426526,33.602073254279247],[90.277507887443562,33.602073254279247],[90.286927539511737,33.599423977135068],[90.293403550308653,33.612964726983144],[90.296935919834269,33.63239275937385],[90.298113376342769,33.725117459420282],[90.316069588097776,33.689499400037342],[90.318718865241976,33.680668476223424],[90.337558169378383,33.670954460028078],[90.34167926715827,33.663889720976883],[90.325489240166007,33.656824981925737],[90.336086348742754,33.623856199686998],[90.344034180175314,33.608549265076164],[90.356103109387689,33.602073254279212],[90.362284756057477,33.593536694592444],[90.378474783049683,33.555563722192453],[90.390838076389244,33.546732798378486],[90.402023913220262,33.530542771386251],[90.407028103381492,33.492569798986246],[90.407911195762892,33.419861859584756],[90.400257728457461,33.420744951966142],[90.364050940820277,33.41456330529639],[90.352865103989245,33.409853479262267],[90.3475665497009,33.401316919575457],[90.343151087793899,33.383066343693294],[90.339618718268298,33.375707240515005],[90.311654126190831,33.361872126539822],[90.311654126190831,33.348920104946004],[90.314597767462146,33.332730077953777],[90.310771033809431,33.319189328105715],[90.290754273164453,33.313596409690199]]]}},
{"type":"Feature","properties":{"featurecla":"Lake","scalerank":9,"name":null,"name_abb":null,"name_alt":null,"note":"_untitled_256","delta":null,"dam_name":null,"year":-99,"admin":null,"min_zoom":7.0,"min_label":8.0,"label":null,"wikidataid":null,"name_ar":null,"name_bn":null,"name_de":null,"name_en":null,"name_es":null,"name_fr":null,"name_el":null,"name_hi":null,"name_hu":null,"name_id":null,"name_it":null,"name_ja":null,"name_ko":null,"name_nl":null,"name_pl":null,"name_pt":null,"name_ru":null,"name_sv":null,"name_tr":null,"name_vi":null,"name_zh":null,"ne_id":1159120079,"name_fa":null,"name_he":null,"name_uk":null,"name_ur":null,"name_zht":null,"historical_claim":false,"geometry_status":"modern_physical_reference","source_id":"source.natural_earth.lakes.10m"},"geometry":{"type":"Polygon","coordinates":[[[89.235458877397434,34.568470683652528],[89.235753241524549,34.558167939202917],[89.234281420888919,34.547865194753307],[89.229865958981918,34.539328635066497],[89.221918127549372,34.533735716651002],[89.20484500817571,34.533735716650995],[89.194836627853249,34.543744096973455],[89.189243709437747,34.555518662058745],[89.184239519276517,34.561111580474218],[89.16392839450441,34.564643949999805],[89.128015970994412,34.579656520483525],[89.10564429733239,34.581717069373454],[89.086510629068812,34.580539612864939],[89.082389531288982,34.577301607466467],[89.07767970525488,34.568470683652514],[89.079740254144781,34.564643949999805],[89.07767970525488,34.523727336328506],[89.070320602076549,34.503710575683549],[89.052364390321543,34.49399655948821],[89.029698352532421,34.491052918216887],[88.989076102988236,34.494879651869624],[88.964349516309142,34.500766934412255],[88.945510212172735,34.512835863624623],[88.941977842647134,34.533735716650995],[88.914013250569667,34.513424591878895],[88.916662527713811,34.566704498889756],[88.920783625493712,34.581717069373425],[88.888109207382058,34.574652330322294],[88.86809244673708,34.587898716043199],[88.838361669896827,34.629992786223042],[88.853374240380518,34.642356079562575],[88.876334642296797,34.645594084961033],[88.895762674687489,34.637351889401337],[88.900472500721605,34.615568943993587],[88.911363973425466,34.620573134154824],[88.923727266765013,34.621456226536225],[88.935796195977389,34.619690041773424],[88.933735647087474,34.615568943993587],[89.021456156972704,34.599378917001353],[89.06472768366109,34.597612732238559],[89.10564429733239,34.602028194145547],[89.112709036383535,34.606149291925398],[89.11712449829048,34.611447846213714],[89.124483601468796,34.615863308120737],[89.139790536079673,34.615568943993587],[89.151270737037748,34.611153482086614],[89.162456573868781,34.598495824619981],[89.170698769428441,34.595846547475773],[89.216913937388142,34.599378917001353],[89.229571594854804,34.592019813823079],[89.235458877397434,34.568470683652528]]]}},
{"type":"Feature","properties":{"featurecla":"Lake","scalerank":8,"name":null,"name_abb":null,"name_alt":null,"note":"_untitled_31","delta":null,"dam_name":null,"year":-99,"admin":null,"min_zoom":6.0,"min_label":7.0,"label":null,"wikidataid":null,"name_ar":null,"name_bn":null,"name_de":null,"name_en":null,"name_es":null,"name_fr":null,"name_el":null,"name_hi":null,"name_hu":null,"name_id":null,"name_it":null,"name_ja":null,"name_ko":null,"name_nl":null,"name_pl":null,"name_pt":null,"name_ru":null,"name_sv":null,"name_tr":null,"name_vi":null,"name_zh":null,"ne_id":1159117157,"name_fa":null,"name_he":null,"name_uk":null,"name_ur":null,"name_zht":null,"historical_claim":false,"geometry_status":"modern_physical_reference","source_id":"source.natural_earth.lakes.10m"},"geometry":{"type":"Polygon","coordinates":[[[87.358887566933049,34.622339318917632],[87.364186121221394,34.607621112561034],[87.360948115822978,34.593491634458729],[87.353294648517533,34.58230579762774],[87.344169360576473,34.575535422703709],[87.324446964058609,34.569942504288186],[87.311200578337733,34.574357966195151],[87.298542920871057,34.58260016175484],[87.28205852975168,34.589664900806],[87.244968649733096,34.591725449695922],[87.214649144638543,34.589664900806],[87.207290041460226,34.584071982390498],[87.202874579553225,34.575535422703688],[87.198164753519166,34.569353776033935],[87.190511286213734,34.572297417305222],[87.188745101450934,34.576712879212202],[87.18933382970522,34.583777618263376],[87.191394378595135,34.590842357314543],[87.194043655739279,34.597024003984309],[87.180797270018388,34.589664900806],[87.191983106849364,34.61586330812073],[87.214649144638543,34.61969004177341],[87.268517779903618,34.609976025578064],[87.286768355785796,34.625577324316055],[87.289417632929954,34.627343509078841],[87.292950002455541,34.631464606858707],[87.300309105633858,34.629992786223049],[87.313261127227634,34.624399867807504],[87.338282078033842,34.627637873206012],[87.348584822483417,34.627343509078841],[87.358887566933049,34.622339318917632]]]}},
{"type":"Feature","properties":{"featurecla":"Lake","scalerank":9,"name":null,"name_abb":null,"name_alt":null,"note":"_untitled_258","delta":null,"dam_name":null,"year":-99,"admin":null,"min_zoom":7.0,"min_label":8.0,"label":null,"wikidataid":null,"name_ar":null,"name_bn":null,"name_de":null,"name_en":null,"name_es":null,"name_fr":null,"name_el":null,"name_hi":null,"name_hu":null,"name_id":null,"name_it":null,"name_ja":null,"name_ko":null,"name_nl":null,"name_pl":null,"name_pt":null,"name_ru":null,"name_sv":null,"name_tr":null,"name_vi":null,"name_zh":null,"ne_id":1159120043,"name_fa":null,"name_he":null,"name_uk":null,"name_ur":null,"name_zht":null,"historical_claim":false,"geometry_status":"modern_physical_reference","source_id":"source.natural_earth.lakes.10m"},"geometry":{"type":"Polygon","coordinates":[[[90.388483163372271,34.909638706998201],[90.387894435118028,34.909933071125245],[90.394370445914774,34.909933071125238],[90.388777527499315,34.909638706998187],[90.388483163372271,34.909638706998201]]]}},
{"type":"Feature","properties":{"featurecla":"Lake","scalerank":9,"name":null,"name_abb":null,"name_alt":null,"note":"_untitled_260","delta":null,"dam_name":null,"year":-99,"admin":null,"min_zoom":7.0,"min_label":8.0,"label":null,"wikidataid":null,"name_ar":null,"name_bn":null,"name_de":null,"name_en":null,"name_es":null,"name_fr":null,"name_el":null,"name_hi":null,"name_hu":null,"name_id":null,"name_it":null,"name_ja":null,"name_ko":null,"name_nl":null,"name_pl":null,"name_pt":null,"name_ru":null,"name_sv":null,"name_tr":null,"name_vi":null,"name_zh":null,"ne_id":1159119997,"name_fa":null,"name_he":null,"name_uk":null,"name_ur":null,"name_zht":null,"historical_claim":false,"geometry_status":"modern_physical_reference","source_id":"source.natural_earth.lakes.10m"},"geometry":{"type":"Polygon","coordinates":[[[90.354631288752046,35.151017291246077],[90.240123643297807,35.161025671568609],[90.201856306770708,35.143363823940696],[90.196852116609477,35.152194747754621],[90.190670469939676,35.156315845534479],[90.183311366761416,35.156021481407343],[90.17448044294747,35.150134198864713],[90.163883334370723,35.158670758551523],[90.145632758488546,35.180453703959294],[90.13356382927617,35.191050812536005],[90.120317443555223,35.197526823332915],[90.108542878469962,35.200764828731309],[90.09882886227463,35.206357747146853],[90.092058487350585,35.219015404613494],[90.110014699105648,35.219309768740644],[90.116196345775393,35.228435056681725],[90.118551258792422,35.241387078275523],[90.126204726097853,35.252572915106533],[90.14180602483583,35.257577105267757],[90.153286225793977,35.252278550979376],[90.165060790879238,35.244036355419702],[90.181250817871501,35.239620893512715],[90.213630871855969,35.234322339224349],[90.211570322966054,35.223430866520481],[90.187138100414145,35.213422486197992],[90.154169318175377,35.211656301435212],[90.154169318175377,35.20547465476546],[90.170653709294754,35.198998643968579],[90.200090122007907,35.193111361425956],[90.22540543694123,35.19075644840887],[90.230998355356746,35.191345176663134],[90.236591273772262,35.189578991900341],[90.246599654094737,35.181336796340688],[90.254547485527269,35.177215698560808],[90.2613178604513,35.178393155069351],[90.266910778866816,35.183691709357717],[90.27014878426526,35.191050812535991],[90.263672773468329,35.191639540790284],[90.25896294743427,35.193700089680192],[90.255136213781554,35.196055002697236],[90.250426387747439,35.197821187460022],[90.257785490925698,35.211950665562362],[90.264555865849729,35.231673062080169],[90.274564246172247,35.244919447801117],[90.290754273164453,35.239620893512722],[90.291048637291624,35.251984186852276],[90.295464099198568,35.265230572573188],[90.303706294758285,35.276122045277035],[90.315186495716389,35.280537507184015],[90.321956870640406,35.282009327819665],[90.333142707471438,35.287602246235203],[90.339618718268298,35.287896610362345],[90.344622908429599,35.28524733321813],[90.352865103989245,35.276122045277035],[90.356103109387675,35.274355860514291],[90.364934033201635,35.263758751937537],[90.383773337338084,35.216366127469335],[90.40055209258459,35.205474654765446],[90.392309897024916,35.236971616368535],[90.385833886228014,35.252867279233676],[90.377002962414068,35.259932018284786],[90.373764957015624,35.266702393208867],[90.380240967812483,35.277888230039835],[90.389660619880715,35.2802431430569],[90.394370445914845,35.259932018284807],[90.400257728457461,35.263758751937523],[90.406145011000106,35.265230572573188],[90.418213940212468,35.263758751937537],[90.467667113570599,35.226963236046068],[90.48356277643569,35.219015404613515],[90.492393700249636,35.2169548557236],[90.520947020581445,35.219015404613515],[90.529777944395391,35.2169548557236],[90.536842683446551,35.211950665562362],[90.551855253930228,35.197821187460022],[90.555387623455829,35.211950665562362],[90.56068617774423,35.216660491596471],[90.567456552668261,35.214894306833678],[90.575993112355036,35.208418296036761],[90.585707128550382,35.206063383019725],[90.597481693635643,35.210184480799576],[90.609550622848076,35.216071763342192],[90.619559003170536,35.219015404613515],[90.631039204128683,35.217249219850714],[90.64251940508683,35.212539393816634],[90.648995415883689,35.204885926511182],[90.643696861595345,35.194583182061599],[90.575993112355036,35.188401535391833],[90.517709015182959,35.17073968776392],[90.499752803427953,35.173094600780978],[90.481207863418675,35.18369170935771],[90.465900928807798,35.19958737222283],[90.455598184358223,35.219015404613515],[90.437936336730274,35.165735497602668],[90.422629402119469,35.147190557593383],[90.400552092584576,35.164558041094153],[90.354631288752046,35.151017291246077]]]}},
{"type":"Feature","properties":{"featurecla":"Lake","scalerank":9,"name":null,"name_abb":null,"name_alt":null,"note":"_untitled_257","delta":null,"dam_name":null,"year":-99,"admin":null,"min_zoom":7.0,"min_label":8.0,"label":null,"wikidataid":null,"name_ar":null,"name_bn":null,"name_de":null,"name_en":null,"name_es":null,"name_fr":null,"name_el":null,"name_hi":null,"name_hu":null,"name_id":null,"name_it":null,"name_ja":null,"name_ko":null,"name_nl":null,"name_pl":null,"name_pt":null,"name_ru":null,"name_sv":null,"name_tr":null,"name_vi":null,"name_zh":null,"ne_id":1159120061,"name_fa":null,"name_he":null,"name_uk":null,"name_ur":null,"name_zht":null,"historical_claim":false,"geometry_status":"modern_physical_reference","source_id":"source.natural_earth.lakes.10m"},"geometry":{"type":"Polygon","coordinates":[[[89.37469310953071,35.265524936700324],[89.387056402870257,35.246391268436746],[89.386173310488871,35.223725230647602],[89.372338196513681,35.215188670960799],[89.353204528250103,35.218132312232107],[89.335542680622211,35.229612513190261],[89.319647017757063,35.236971616368585],[89.300218985366371,35.242270170656916],[89.290799333298196,35.250512366216604],[89.304340083146258,35.266702393208845],[89.28432332250128,35.271412219242954],[89.23604760565172,35.274944588768534],[89.20337318754008,35.293783892904969],[89.180412785623787,35.29937681132045],[89.157158019580379,35.299965539574707],[89.139790536079673,35.294078257032098],[89.135080710045543,35.30438100148168],[89.137435623062572,35.312623197041376],[89.153625650054835,35.328813224033638],[89.158041111961793,35.329990680542167],[89.177469144352472,35.328813224033638],[89.181001513878073,35.330579408796382],[89.181001513878073,35.334111778321976],[89.180118421496672,35.338821604356106],[89.180707149750958,35.343237066263072],[89.176880416098243,35.3414708815003],[89.173936774826927,35.347063799915773],[89.172759318318413,35.355600359602619],[89.173936774826927,35.362370734526628],[89.178646600861043,35.366786196433623],[89.186300068166418,35.371496022467717],[89.195719720234663,35.37502839199329],[89.280496588848564,35.384153679934379],[89.302573898383457,35.379149489773148],[89.309933001561717,35.367080560560737],[89.314054099341604,35.351184897695632],[89.335837044749326,35.3202766643468],[89.341724327291956,35.302320452591758],[89.344373604436171,35.283186784328244],[89.345256696817557,35.263464387810394],[89.349966522851673,35.252278550979391],[89.361152359682649,35.260226382411958],[89.37469310953071,35.265524936700324]]]}},
{"type":"Feature","properties":{"featurecla":"Lake","scalerank":9,"name":null,"name_abb":null,"name_alt":null,"note":"_untitled_261","delta":null,"dam_name":null,"year":-99,"admin":null,"min_zoom":7.0,"min_label":8.0,"label":null,"wikidataid":null,"name_ar":null,"name_bn":null,"name_de":null,"name_en":null,"name_es":null,"name_fr":null,"name_el":null,"name_hi":null,"name_hu":null,"name_id":null,"name_it":null,"name_ja":null,"name_ko":null,"name_nl":null,"name_pl":null,"name_pt":null,"name_ru":null,"name_sv":null,"name_tr":null,"name_vi":null,"name_zh":null,"ne_id":1159119979,"name_fa":null,"name_he":null,"name_uk":null,"name_ur":null,"name_zht":null,"historical_claim":false,"geometry_status":"modern_physical_reference","source_id":"source.natural_earth.lakes.10m"},"geometry":{"type":"Polygon","coordinates":[[[90.126499090224968,35.720906241373001],[90.083521927663753,35.736213175983863],[90.057912248603316,35.757407393137342],[90.060267161620359,35.788021262359003],[90.10147813941883,35.793319816647404],[90.188315556922646,35.785371985214866],[90.223050523924215,35.803033832842736],[90.244833469331923,35.806566202368309],[90.26720514299393,35.795380365537312],[90.283983898240422,35.794497273155947],[90.328727245564437,35.818046403326484],[90.346094729065214,35.812747849038068],[90.347860913828015,35.805683109986951],[90.346389093192329,35.797735278554377],[90.338146897632669,35.78183961568925],[90.324311783657492,35.741217366145094],[90.296347191579969,35.71531332295752],[90.258668583307099,35.702950029617945],[90.215397056618784,35.703538757872238],[90.126499090224968,35.720906241373001]]]}},
{"type":"Feature","properties":{"featurecla":"Lake","scalerank":9,"name":null,"name_abb":null,"name_alt":null,"note":"_untitled_255","delta":null,"dam_name":null,"year":-99,"admin":null,"min_zoom":7.0,"min_label":8.0,"label":null,"wikidataid":null,"name_ar":null,"name_bn":null,"name_de":null,"name_en":null,"name_es":null,"name_fr":null,"name_el":null,"name_hi":null,"name_hu":null,"name_id":null,"name_it":null,"name_ja":null,"name_ko":null,"name_nl":null,"name_pl":null,"name_pt":null,"name_ru":null,"name_sv":null,"name_tr":null,"name_vi":null,"name_zh":null,"ne_id":1159120097,"name_fa":null,"name_he":null,"name_uk":null,"name_ur":null,"name_zht":null,"historical_claim":false,"geometry_status":"modern_physical_reference","source_id":"source.natural_earth.lakes.10m"},"geometry":{"type":"Polygon","coordinates":[[[89.602825308057731,36.274016436253412],[89.611656231871677,36.253705311481312],[89.588695829955441,36.24399129528598],[89.572505802963178,36.240458925760414],[89.563380515022132,36.233982914963541],[89.554255227081001,36.23074490956504],[89.537182107707395,36.237809648616242],[89.530706096910478,36.242519474650315],[89.526584999130648,36.248112393065838],[89.524230086113619,36.254588403862726],[89.523346993732218,36.261947507041],[89.519814624206617,36.265774240693737],[89.500680955943039,36.266362968947995],[89.483019108315148,36.271661523236354],[89.454760152110509,36.276960077524727],[89.448872869567879,36.282258631813086],[89.443574315279534,36.288440278482867],[89.356442533648533,36.336127267078204],[89.32788921331678,36.346430011527829],[89.297569708222227,36.347607468036344],[89.299335892985042,36.362031310265792],[89.295803523459426,36.382636799164999],[89.288738784408281,36.401181739174277],[89.280496588848564,36.409129570606837],[89.277847311704363,36.420021043310726],[89.276375491068734,36.44180398871849],[89.28285150186565,36.457405287456453],[89.304340083146258,36.45004618427815],[89.339369414274927,36.424142141090563],[89.373515653022196,36.410012662988223],[89.448872869567879,36.388524081707608],[89.482724744188033,36.372334054715402],[89.5103949721384,36.350551109307645],[89.533061009927565,36.324058337865807],[89.551311585809685,36.293150104516975],[89.577509993124409,36.291383919754189],[89.602825308057731,36.274016436253412]]]}},
{"type":"Feature","properties":{"featurecla":"Lake","scalerank":9,"name":null,"name_abb":null,"name_alt":null,"note":"_untitled_249","delta":null,"dam_name":null,"year":-99,"admin":null,"min_zoom":7.0,"min_label":8.0,"label":null,"wikidataid":null,"name_ar":null,"name_bn":null,"name_de":null,"name_en":null,"name_es":null,"name_fr":null,"name_el":null,"name_hi":null,"name_hu":null,"name_id":null,"name_it":null,"name_ja":null,"name_ko":null,"name_nl":null,"name_pl":null,"name_pt":null,"name_ru":null,"name_sv":null,"name_tr":null,"name_vi":null,"name_zh":null,"ne_id":1159120221,"name_fa":null,"name_he":null,"name_uk":null,"name_ur":null,"name_zht":null,"historical_claim":false,"geometry_status":"modern_physical_reference","source_id":"source.natural_earth.lakes.10m"},"geometry":{"type":"Polygon","coordinates":[[[91.236251849511405,33.934115989683804],[91.24331658856255,33.920575239835728],[91.242727860308264,33.906740125860509],[91.239489854909834,33.890844462995432],[91.232130751731518,33.874065707748905],[91.219473094264856,33.858464409010928],[91.205049252035451,33.848456028688474],[91.187093040280388,33.840802561383057],[91.167370643762581,33.83609273534892],[91.147942611371889,33.83491527884042],[91.134107497396712,33.851988398214033],[91.143527149464902,33.873771343621812],[91.163543910109865,33.89290501188534],[91.181794485992043,33.9026190280807],[91.181794485992043,33.909978131258988],[91.161483361219965,33.910861223640367],[91.15647917105872,33.921458332217135],[91.164427002491266,33.935293446192304],[91.181794485992043,33.944713098260486],[91.198573241238535,33.945596190641901],[91.218884366010641,33.942063821116314],[91.236251849511405,33.934115989683804]]]}},
{"type":"Feature","properties":{"featurecla":"Lake","scalerank":9,"name":null,"name_abb":null,"name_alt":null,"note":"_untitled_259","delta":null,"dam_name":null,"year":-99,"admin":null,"min_zoom":7.0,"min_label":8.0,"label":null,"wikidataid":null,"name_ar":null,"name_bn":null,"name_de":null,"name_en":null,"name_es":null,"name_fr":null,"name_el":null,"name_hi":null,"name_hu":null,"name_id":null,"name_it":null,"name_ja":null,"name_ko":null,"name_nl":null,"name_pl":null,"name_pt":null,"name_ru":null,"name_sv":null,"name_tr":null,"name_vi":null,"name_zh":null,"ne_id":1159120019,"name_fa":null,"name_he":null,"name_uk":null,"name_ur":null,"name_zht":null,"historical_claim":false,"geometry_status":"modern_physical_reference","source_id":"source.natural_earth.lakes.10m"},"geometry":{"type":"Polygon","coordinates":[[[90.733183556243375,34.835458946960955],[90.698742953368935,34.835458946960955],[90.68932330130076,34.838108224105135],[90.665774171130238,34.851354609826039],[90.653705241917805,34.855181343478748],[90.626918106348853,34.854592615224497],[90.580114210134923,34.839285680613671],[90.555387623455829,34.835458946960955],[90.486800781834177,34.835458946960955],[90.479736042782974,34.83751949585087],[90.476792401511659,34.842229321884979],[90.47620367325743,34.846939147919073],[90.47620367325743,34.84899969680901],[90.460896738646568,34.846350419664823],[90.456186912612452,34.83751949585087],[90.452948907214022,34.826039294892723],[90.442057434510176,34.815147822188855],[90.424101222755098,34.808966175519103],[90.386422614482285,34.803667621230709],[90.366405853837307,34.794542333289648],[90.366405853837307,34.787183230111374],[90.380829696066769,34.784239588840059],[90.420274489102383,34.781590311695851],[90.4285166846621,34.777174849788885],[90.43528705958613,34.769815746610604],[90.451182722451236,34.768049561847768],[90.469433298333399,34.768049561847747],[90.48356277643569,34.766577741212139],[90.499164075173667,34.757452453271043],[90.499752803427953,34.748621529457097],[90.493865520885322,34.737435692626079],[90.490038787232606,34.721834393888116],[90.483268412308576,34.714769654836964],[90.449416537688421,34.709471100548605],[90.43528705958613,34.70505563864161],[90.460602374519453,34.694164165937728],[90.460308010392296,34.684450149742375],[90.442351798637276,34.683567057361017],[90.414092842432638,34.698285263717601],[90.339618718268298,34.753331355491213],[90.322545598894692,34.74538352405866],[90.306649936029601,34.747738437075711],[90.295169735071454,34.758924273906736],[90.290754273164453,34.777174849788885],[90.297524648088483,34.791009963764047],[90.31400903920786,34.798074702815242],[90.352865103989245,34.800723979959407],[90.338441261759783,34.813381637426069],[90.256608034417184,34.835458946960955],[90.2639671375955,34.846350419664809],[90.266027686485415,34.854298251097376],[90.2639671375955,34.872843191106682],[90.268676963629616,34.880496658412085],[90.279568436333477,34.880202294284963],[90.292226093800139,34.877847381267912],[90.301057017614085,34.879907930157827],[90.319307593496262,34.89521486476869],[90.339618718268298,34.904045788582629],[90.362579120184591,34.908461250489609],[90.388777527499315,34.909638706998109],[90.398491543694661,34.907578158108208],[90.402907005601605,34.902868332074092],[90.406733739254321,34.896981049531469],[90.414092842432638,34.890799402861695],[90.428222320534928,34.8834402996834],[90.434698331331845,34.881674114920628],[90.469727662460514,34.885795212700444],[90.476498037384545,34.883145935556279],[90.486800781834177,34.872843191106682],[90.499164075173681,34.864600995546994],[90.505640085970597,34.871960098725268],[90.510349912004699,34.89079940286171],[90.531544129158192,34.896686685404326],[90.553327074565914,34.896097957150069],[90.649584144137975,34.881379750793492],[90.660181252714722,34.876669924759376],[90.668423448274382,34.871665734598153],[90.674899459071298,34.869016457453959],[90.684613475266659,34.868722093326831],[90.706396420674366,34.870782642216724],[90.715816072742598,34.869016457453981],[90.723763904175144,34.862540446657043],[90.733772284497604,34.851060245698932],[90.739070838786006,34.840168772995035],[90.733183556243375,34.835458946960955]]]}},
{"type":"Feature","properties":{"featurecla":"Lake","scalerank":5,"name":"Gyaring Hu","name_abb":"Gyaring Hu","name_alt":null,"note":null,"delta":null,"dam_name":null,"year":-99,"admin":null,"min_zoom":4.7,"min_label":6.0,"label":"Gyaring Hu","wikidataid":"Q4128895","name_ar":"بحيرة جيرنج","name_bn":"গ্যারিং হু","name_de":"Gyaring Hu","name_en":"Gyaring","name_es":"Zaling","name_fr":"Gyaring","name_el":"Γκιάρινγκ Χου","name_hi":"ग्यारिंग हु","name_hu":"Gyaring Hu","name_id":"Danau Gyaring","name_it":"Gyaring Hu","name_ja":"ギャリン湖","name_ko":"갸링 후","name_nl":"Gyaring Lake","name_pl":"Gyaring Co","name_pt":"Lago Gyaring","name_ru":"Джарин-Нур","name_sv":"Zhalinghu","name_tr":"Gyaring Hu","name_vi":"Hồ Trát Lăng","name_zh":"扎陵湖","ne_id":1159114475,"name_fa":"جیارینگ هو","name_he":"גיירינג","name_uk":"Джарін-Ху","name_ur":"گیرانگ ہو","name_zht":"扎陵湖","historical_claim":false,"geometry_status":"modern_physical_reference","source_id":"source.natural_earth.lakes.10m"},"geometry":{"type":"Polygon","coordinates":[[[97.466174236126051,34.992355026722109],[97.486779725025258,34.983818467035306],[97.486190996770972,34.967039711788807],[97.472061518668681,34.956148239084932],[97.452044758023703,34.965273527026028],[97.445863111353958,34.936720206694247],[97.396115573868727,34.90904997874388],[97.383752280529166,34.886972669209008],[97.378748090367935,34.872843191106682],[97.36667916115556,34.864306631419836],[97.34224693860358,34.855181343478769],[97.318109080178829,34.835164582833791],[97.304273966203596,34.829277300291174],[97.288378303338504,34.835458946960955],[97.248344782048619,34.836047675215212],[97.109699278169614,34.917292174303547],[97.083795234982006,34.926123098117507],[97.069371392752544,34.935248386058575],[97.063189746082799,34.949377864160908],[97.061717925447113,34.972632630204302],[97.056419371158768,34.9882339289423],[97.055830642904482,34.997947945137639],[97.061717925447113,35.006778868951585],[97.074375582913788,35.012077423239958],[97.085855783871921,35.009722510222893],[97.093803615304466,35.000891586408947],[97.095864164194381,34.98617338005235],[97.107344365152528,34.998242309264761],[97.113526011822273,35.016492885146924],[97.122945663890505,35.027973086105057],[97.162979185180404,35.012960515621351],[97.250110966811405,35.013549243875616],[97.263062988405181,35.016492885146924],[97.288378303338504,35.030033634995],[97.300741596678051,35.03415473277483],[97.317225987797428,35.034154732774844],[97.33312165066252,35.030622363249236],[97.413188693242319,35.000008494027533],[97.436737823412898,34.994415575612038],[97.466174236126051,34.992355026722109]]]}},
{"type":"Feature","properties":{"featurecla":"Lake","scalerank":5,"name":"Ngoring Hu","name_abb":"Ngoring Hu","name_alt":null,"note":null,"delta":null,"dam_name":null,"year":-99,"admin":null,"min_zoom":4.7,"min_label":6.0,"label":"Ngoring Hu","wikidataid":"Q847864","name_ar":"بحيرة إنجورينغ","name_bn":"এনগোরিং হু","name_de":"Ngoring Hu","name_en":"Ngoring","name_es":"Eling","name_fr":"Lac Ngoring","name_el":"Νγκόρινγκ Χου","name_hi":"एनगोरिंग हू","name_hu":"Ngoring Hu","name_id":"Danau Ngoring","name_it":"Ngoring Hu","name_ja":"ゴレン湖","name_ko":"응고링 후","name_nl":"Ngoring Lake","name_pl":"Ngoring Hu","name_pt":"Lago Ngoring","name_ru":"Орин-Нур","name_sv":"Ngoring Hu","name_tr":"Ngoring Hu","name_vi":"Hồ Ngạc Lăng","name_zh":"鄂陵湖","ne_id":1159114305,"name_fa":"انگورینگ هو","name_he":"אגם נגורינג","name_uk":"Нгорінгху","name_ur":"اینگورنگ ہو","name_zht":"鄂陵湖","historical_claim":false,"geometry_status":"modern_physical_reference","source_id":"source.natural_earth.lakes.10m"},"geometry":{"type":"Polygon","coordinates":[[[97.900655687772371,34.831632213308247],[97.901538780153771,34.82162383298575],[97.883582568398765,34.82132946885865],[97.850025057905725,34.828099843782667],[97.85708979695687,34.808377447264817],[97.845315231871609,34.806611262502059],[97.808225351853025,34.821623832985736],[97.779672031521272,34.829571664418317],[97.769958015325926,34.835458946960955],[97.76083272738488,34.848999696809017],[97.754945444842235,34.817208371078785],[97.734928684197257,34.808377447264817],[97.712262646408135,34.818385827587335],[97.698427532432902,34.842229321884979],[97.68164877718641,34.820446376477236],[97.678705135915095,34.815147822188869],[97.68164877718641,34.808671811391989],[97.697250075924387,34.799840887578036],[97.698427532432902,34.794542333289648],[97.688419152110441,34.786005773602817],[97.67252348924535,34.781884675822987],[97.655450369871687,34.780707219314465],[97.604819740005041,34.784533952967152],[97.581270609834519,34.795719789798163],[97.565963675223657,34.814853458061677],[97.54624127870585,34.870488278089638],[97.545358186324449,34.889327582226031],[97.553600381884181,34.906400701599708],[97.591573354284165,34.946434222889586],[97.611590114929072,34.95791442384769],[97.636905429862395,34.963507342263235],[97.671934760991078,34.965273527026028],[97.658099647015888,34.968805896551608],[97.644558897167826,34.967628440043057],[97.632784332082565,34.97057208131438],[97.623953408268619,34.98617338005235],[97.631018147319764,35.000008494027554],[97.636316701608166,35.007073233078692],[97.64397016891354,35.013549243875609],[97.634550516845366,35.02561817308802],[97.650446179710457,35.042396928334504],[97.676938951152295,35.058292591199645],[97.692245885763157,35.068300971522071],[97.729630129908912,35.085962819150026],[97.746997613409633,35.088612096294185],[97.76848619469024,35.087729003912777],[97.76848619469024,35.081252993115918],[97.764070732783296,35.068889699776356],[97.771135471834441,35.051227852148443],[97.80439861820031,35.020908347053897],[97.808225351853025,35.010016874350001],[97.805870438835996,35.000008494027554],[97.79291841724222,34.987350836560857],[97.788502955335218,34.978814276874083],[97.788502955335218,34.969983353060108],[97.790563504225133,34.961446793373312],[97.794684602004963,34.951438413050809],[97.796450786767764,34.925828733990357],[97.80027752042048,34.914642897159389],[97.808225351853025,34.903751424455507],[97.855323612194127,34.887267033336116],[97.862977079499558,34.879907930157827],[97.867981269660788,34.871665734598153],[97.900655687772371,34.831632213308247]]]}},
{"type":"Feature","properties":{"featurecla":"Lake","scalerank":8,"name":"Elsen Nur","name_abb":"Elsen Nur","name_alt":null,"note":null,"delta":null,"dam_name":null,"year":-99,"admin":null,"min_zoom":6.0,"min_label":7.0,"label":"Elsen Nur","wikidataid":"Q31845278","name_ar":"بحيرة إلسين","name_bn":"এলসেন নুর","name_de":"Elsen Nur","name_en":"Elsen Nur","name_es":"Elsen Nur","name_fr":"Elsen Nur","name_el":"Έλσεν Νουρ","name_hi":"एल्सेन नूर","name_hu":"Elsen Nur","name_id":"Elsen Nur","name_it":"Elsen Nur","name_ja":"エルセン・ヌール湖","name_ko":"엘센 누르","name_nl":"Elsen Nur","name_pl":"Elsen Nur","name_pt":"Lago Elsen","name_ru":"озеро Элсэн","name_sv":"Elsen Nur","name_tr":"Elsen Nur","name_vi":"Hồ Elsen Nur","name_zh":"多尔改错湖","ne_id":1159117201,"name_fa":"السن نور","name_he":"אלסן","name_uk":"Елсен-Нур","name_ur":"ایلسین نور","name_zht":"埃森努爾湖","historical_claim":false,"geometry_status":"modern_physical_reference","source_id":"source.natural_earth.lakes.10m"},"geometry":{"type":"Polygon","coordinates":[[[92.035744818800993,35.211067573180962],[91.963331243526639,35.221664681757701],[91.935661015576216,35.216660491596464],[91.944786303517333,35.233733610970084],[91.968041069560741,35.243741991292573],[91.994533841002578,35.25139545859799],[92.038688460072308,35.271117855115818],[92.09579510073587,35.27082349098869],[92.120816051542079,35.278182594166999],[92.164676306484694,35.259048925903407],[92.190874713799417,35.253456007487927],[92.213540751588539,35.260815110666201],[92.233851876360632,35.264347480191795],[92.258578463039669,35.25375037161502],[92.281538864955962,35.236382888114292],[92.298611984329568,35.222842138266245],[92.272119212887731,35.19958737222283],[92.234440604614861,35.18398607348486],[92.194112719197861,35.178981883323623],[92.162027029340493,35.189578991900319],[92.157905931560663,35.176038242052293],[92.158200295687791,35.170150959509677],[92.162027029340493,35.161614399822845],[92.155256654416462,35.161614399822845],[92.140538448059885,35.177215698560822],[92.111690763600961,35.199881736349958],[92.081665622633537,35.217837948105],[92.062826318497116,35.219898496994922],[92.035744818800993,35.211067573180962]]]}},
{"type":"Feature","properties":{"featurecla":"Lake","scalerank":9,"name":"Huiten Nur","name_abb":"Huiten Nur","name_alt":null,"note":null,"delta":null,"dam_name":null,"year":-99,"admin":null,"min_zoom":7.0,"min_label":8.0,"label":"Huiten Nur","wikidataid":"Q10906051","name_ar":"حوتين نور","name_bn":"হুইতেন নূর","name_de":"Huiten Nur","name_en":"Huiten Nur","name_es":"Huiten Nur","name_fr":"Zhuonai Lake","name_el":"Χουίτεν Νουρ","name_hi":"हुइटेन नूउर","name_hu":"Huiten Nur","name_id":"Huiten Nur","name_it":"Huiten Nur","name_ja":"卓乃湖","name_ko":"후이텐 누르","name_nl":"Zhuonai Lake","name_pl":"Jezioro Zhuonai","name_pt":"Lago Huiten","name_ru":"озеро Хуйтен","name_sv":"Huiten Nur","name_tr":"Huiten Nur","name_vi":"Hồ Trác Nãi","name_zh":"卓乃湖","ne_id":1159119961,"name_fa":"هویتن نور","name_he":"הויטן","name_uk":"Хоайтунху","name_ur":"ہوئیٹین نور","name_zht":"卓乃湖","historical_claim":false,"geometry_status":"modern_physical_reference","source_id":"source.natural_earth.lakes.10m"},"geometry":{"type":"Polygon","coordinates":[[[92.057527764208771,35.569603080027335],[92.0999161985157,35.562832705103332],[92.0999161985157,35.55606233017928],[92.089319089938954,35.551941232399429],[92.05222920992037,35.528097738101771],[92.047519383886254,35.533690656517294],[92.036333547055278,35.543404672712619],[92.031623721021163,35.549291955255256],[92.004247857197925,35.533101928262965],[91.970101618450656,35.51867808603356],[91.936249743830501,35.508964069838228],[91.907990787625863,35.507492249202564],[91.889151483489456,35.518383721906424],[91.88090928792974,35.521327363177726],[91.870900907607279,35.521621727304876],[91.849706690453786,35.519855542542089],[91.839698310131325,35.521327363177711],[91.825863196156149,35.528686466356014],[91.784652218357678,35.569603080027335],[91.795249326934425,35.574901634315694],[91.804963343129771,35.583143829875389],[91.811439353926687,35.595212759087786],[91.812028082180916,35.610519693698635],[91.862069983793333,35.639367378157559],[91.88090928792974,35.645549024827297],[91.904164053973147,35.645843388954454],[91.946258124152962,35.634068823869164],[91.966863613052169,35.631125182597849],[92.038688460072308,35.574901634315701],[92.057527764208771,35.569603080027335]]]}},
{"type":"Feature","properties":{"featurecla":"Lake","scalerank":5,"name":"Hoh Xil Hu","name_abb":"Hoh Xil Hu","name_alt":null,"note":null,"delta":null,"dam_name":null,"year":-99,"admin":null,"min_zoom":4.7,"min_label":6.0,"label":null,"wikidataid":null,"name_ar":"بحيرة هو زيل","name_bn":"হো জিল হু","name_de":"Hoh Xil Hu","name_en":"Hoh Xil Hu","name_es":"Hoh Xil Hu","name_fr":"Hoh Xil Lake","name_el":"Χο Ξιλ Χου","name_hi":"होह ज़िल हु","name_hu":"Hoh Xil Hu","name_id":"Danau Hoh Xil","name_it":"Hoh Xil Hu","name_ja":"可可西里湖","name_ko":"호 실 후","name_nl":"Hoh Xil Lake","name_pl":"Jezioro Hoh Xil","name_pt":"Lago Hoh Xil","name_ru":"озеро Кукушили","name_sv":"Hoh Xil Hu","name_tr":"Hoh Xil Hu","name_vi":"Hồ Hy Nhĩ","name_zh":"可可西里湖","ne_id":1159115243,"name_fa":"هو ایکسیل هو","name_he":"הו סיל","name_uk":"Кукушилі","name_ur":"ہو زل ہو","name_zht":"可可西里湖","historical_claim":false,"geometry_status":"modern_physical_reference","source_id":"source.natural_earth.lakes.10m"},"geometry":{"type":"Polygon","coordinates":[[[91.297773952081911,35.609047873062977],[91.33898492988034,35.579905824476953],[91.306604875895857,35.568425623518813],[91.288648664140851,35.565187618120348],[91.270692452385788,35.565481982247476],[91.298951408590426,35.538694846678524],[91.300128865098941,35.528686466356028],[91.274519186038503,35.524565368576184],[91.233013844112918,35.526625917466106],[91.218884366010627,35.530747015245971],[91.20239997489125,35.538989210805653],[91.160011540584264,35.551352504145164],[91.072291030699049,35.557534150814924],[91.037850427824651,35.573135449552922],[91.019305487815359,35.589325476545135],[91.003704189077382,35.599922585121917],[90.985453613195205,35.605515503537376],[90.959843934134767,35.607281688300183],[90.941887722379704,35.614640791478472],[90.932173706184358,35.63141954672497],[90.935411711582844,35.647903937844347],[90.95660592873628,35.654968676895535],[90.967791765567313,35.653202492132692],[90.996933814153351,35.642016655301724],[90.998111270661866,35.639956106411802],[91.001643640187481,35.634951916250543],[91.006647830348697,35.630242090216463],[91.011946384637042,35.628181541326512],[91.016067482416872,35.631713910852099],[91.018422395433959,35.638484285776158],[91.021071672578159,35.645549024827297],[91.028136411629305,35.648787030225741],[91.094368340233927,35.646726481335826],[91.11350200849752,35.642016655301724],[91.139111687557943,35.628770269580812],[91.149708796134689,35.626709720690883],[91.223005463790457,35.634657552123436],[91.218590001883513,35.641427927047452],[91.217118181247827,35.647020845462983],[91.218884366010627,35.653496856259864],[91.223005463790457,35.662327780073824],[91.241256039672635,35.648198301971483],[91.262744620953242,35.640250470538945],[91.283055745725335,35.630242090216463],[91.297773952081911,35.609047873062977]]]}},
{"type":"Feature","properties":{"featurecla":"Lake","scalerank":9,"name":"Hoh Sai Hu","name_abb":"Hoh Sai Hu","name_alt":null,"note":null,"delta":null,"dam_name":null,"year":-99,"admin":null,"min_zoom":7.0,"min_label":8.0,"label":null,"wikidataid":null,"name_ar":"بحيرة هو ساي","name_bn":"হো সাই হু","name_de":"Hoh Sai Hu","name_en":"Hoh Sai Hu","name_es":"Hoh Sai Hu","name_fr":"Kusai Lake","name_el":"Χο Σάι Χου","name_hi":"हो साई हु","name_hu":"Hoh Sai Hu","name_id":"Hoh Sai Hu","name_it":"Hoh Sai Hu","name_ja":"庫賽湖","name_ko":"호 사이 후","name_nl":"Kusai Lake","name_pl":"Hoh Sai Hu","name_pt":"Lago Hoh Sai","name_ru":"озеро Кусаиху","name_sv":"Hoh Sai Hu","name_tr":"Hoh Sai Hu","name_vi":"Khố Tái Hồ","name_zh":"库赛湖","ne_id":1159119947,"name_fa":"هو سای هو","name_he":"הו סאי","name_uk":"Хох-сай-ху","name_ur":"ہو سئی ہو","name_zht":"庫賽湖","historical_claim":false,"geometry_status":"modern_physical_reference","source_id":"source.natural_earth.lakes.10m"},"geometry":{"type":"Polygon","coordinates":[[[92.99625496563165,35.718845692483093],[93.038937764065736,35.700006388346651],[93.02598574247196,35.681167084210252],[93.006557710081267,35.67115870388777],[92.983597308164974,35.666743241980782],[92.914421738289036,35.665860149599389],[92.899409167805345,35.673513616904813],[92.826701228403806,35.737096268365264],[92.82110830998829,35.757407393137342],[92.806684467758828,35.771831235366783],[92.788728256003822,35.781839615689272],[92.709249941678252,35.809509843639646],[92.69335427881316,35.819223859834985],[92.674220610549582,35.827760419521816],[92.623001252428722,35.83453079444584],[92.60710558956356,35.843361718259793],[92.621235067665907,35.858374288743498],[92.673631882295354,35.860140473506277],[92.771655136630159,35.850132093183817],[92.776659326791389,35.851603913819474],[92.785784614732506,35.857785560489241],[92.809922473157314,35.830704060793117],[92.822580130623976,35.818929495707849],[92.840536342378982,35.809215479512517],[92.887045874465798,35.79655782204587],[92.901764080822375,35.788904354740424],[92.954455259578936,35.758879213772978],[92.964169275774282,35.744455371543552],[92.973883291969628,35.732975170585412],[92.99625496563165,35.718845692483093]]]}},
{"type":"Feature","properties":{"featurecla":"Alkaline Lake","scalerank":3,"name":"Qinghai Hu","name_abb":"Qinghai Hu","name_alt":"Koko Nor","note":null,"delta":null,"dam_name":null,"year":-99,"admin":null,"min_zoom":3.0,"min_label":4.0,"label":"Qinghai Hu","wikidataid":"Q201294","name_ar":"بحيرة تشينغهاي","name_bn":"কোইংহাই হু","name_de":"Qinghai","name_en":"Qinghai","name_es":"Qinghai","name_fr":"Qinghai","name_el":"Λίμνη Τσινγκχάι","name_hi":"चिंगहई झील","name_hu":"Csinghaj-tó","name_id":"Qinghai","name_it":"Qinghai","name_ja":"青海湖","name_ko":"칭하이호","name_nl":"Qinghaimeer","name_pl":"Kuku-nor","name_pt":"Chingai","name_ru":"Кукунор","name_sv":"Qinghaisjön","name_tr":"Koko Nor","name_vi":"Thanh Hải","name_zh":"青海湖","ne_id":1159126725,"name_fa":"دریاچه چینگهای","name_he":"ימת צ'ינגהאי","name_uk":"Кукунор","name_ur":"جھیل چنگھائی","name_zht":"青海湖","historical_claim":false,"geometry_status":"modern_physical_reference","source_id":"source.natural_earth.lakes.10m"},"geometry":{"type":"Polygon","coordinates":[[[100.751866623169747,36.825360446371022],[100.765996101272037,36.804460593344693],[100.761580639365093,36.781205827301321],[100.743035699355801,36.77325799586874],[100.720369661566622,36.776496001267184],[100.701530357430215,36.776201637140026],[100.693288161870555,36.757362333003627],[100.698881080286014,36.744410311409837],[100.734499139668969,36.706142974882702],[100.741858242847286,36.684065665347838],[100.738620237448799,36.66964182311839],[100.731555498397668,36.655806709143221],[100.720369661566622,36.590163508792834],[100.712716194261247,36.56602565036804],[100.70359090632013,36.555428541791287],[100.69446561837907,36.553073628774222],[100.671799580589948,36.543653976706025],[100.659141923123286,36.541004699561853],[100.64942790692794,36.541593427816103],[100.628233689774447,36.54542016146884],[100.559941212279909,36.566614378622276],[100.539924451634931,36.568969291639384],[100.498419109709346,36.578388943707544],[100.459268680800847,36.599583160861044],[100.44543356682567,36.622837926904459],[100.481051626208625,36.637850497388165],[100.481051626208625,36.64403214405791],[100.450143392859786,36.645209600566467],[100.440135012537269,36.644032144057931],[100.43542518650321,36.641677231040866],[100.423650621417949,36.632551943099806],[100.418940795383833,36.630491394209876],[100.410404235697001,36.631668850718413],[100.403045132518685,36.636673040879636],[100.39539166521331,36.637850497388165],[100.392742388069109,36.644326508185067],[100.390387475052023,36.656689801524607],[100.385383284890793,36.665815089465653],[100.366838344881501,36.658161622160243],[100.330337193117202,36.650802518981919],[100.300017688022649,36.657572893905972],[100.288831851191617,36.657867258033122],[100.276762921979241,36.654629252634663],[100.259101074351292,36.646092692947875],[100.220833737824194,36.641677231040866],[100.159017271126572,36.624309747540117],[100.133996320320378,36.62372101928586],[100.089252972996348,36.634906856116849],[100.022137952010326,36.643737779930802],[99.980926974211911,36.657867258033143],[99.943248365939041,36.676412198042406],[99.92646961069255,36.689069855509082],[99.907924670683258,36.719978088857857],[99.882314991622764,36.722038637747843],[99.836688551917348,36.712324621552476],[99.810784508729796,36.713207713933848],[99.79783248713602,36.723510458383501],[99.781642460143772,36.760894702529171],[99.791356476339104,36.774435452377261],[99.790473383957703,36.792980392386553],[99.780170639508071,36.811230968268724],[99.761625699498779,36.822122440972564],[99.72335836297168,36.832719549549317],[99.701869781691073,36.841550473363284],[99.682736113427495,36.865982695915207],[99.63710967372208,36.889237461958615],[99.623863288001189,36.898068385772554],[99.619153461967073,36.908371130222193],[99.617681641331387,36.918379510544618],[99.619153461967073,36.928387890867128],[99.623863288001189,36.938984999443825],[99.662130624528288,36.966949591521363],[99.682441749300381,36.965772135012806],[99.697454319784072,36.961945401360147],[99.733661107421312,36.945755374367884],[99.781642460143772,36.937513178808203],[99.820792889052257,36.951348292783386],[99.842281470332864,36.981373433750839],[99.836688551917348,37.021406955040732],[99.832567454137518,37.037891346160087],[99.830506905247603,37.042012443939946],[99.827268899849173,37.044367356956997],[99.819909796670856,37.046722269974047],[99.816966155399541,37.048782818863955],[99.780759367762357,37.082045965229845],[99.770162259185611,37.105595095400389],[99.760448242990265,37.122079486519752],[99.754560960447634,37.142096247164723],[99.761625699498779,37.164762284953838],[99.776932634109642,37.178008670674792],[99.79694939475462,37.185073409725945],[99.836688551917348,37.192726877031362],[99.893206464326681,37.211566181167797],[99.935006170379324,37.21568727894762],[99.967680588490964,37.22540129514298],[99.984164979610341,37.227756208160031],[99.999766278348318,37.223929474507322],[100.043037805036647,37.199497251955393],[100.079244592673888,37.191255056395676],[100.182860765424209,37.19272687703134],[100.192574781619555,37.190077599887168],[100.215535183535849,37.180363583691808],[100.223777379095509,37.181835404327479],[100.23054775401954,37.18772268687011],[100.239378677833486,37.193315605285612],[100.249387058156003,37.198025431319749],[100.258217981969963,37.199497251955393],[100.274702373089326,37.196259246556913],[100.286182574047416,37.18860577925151],[100.296779682624162,37.179480491310429],[100.296190954369948,37.178597398929043],[100.347410312490808,37.117664024612779],[100.441606833172955,37.046133541719797],[100.469571425250479,37.017285857260894],[100.559941212279909,36.88747127719585],[100.577897424034916,36.87010379369508],[100.593498722772893,36.863627782898156],[100.638830798351194,36.863333418771013],[100.649722271055055,36.860684141626834],[100.672093944717076,36.851558853685773],[100.679747412022493,36.849498304795816],[100.688578335836439,36.853619402575667],[100.695937439014699,36.860389777499698],[100.70447399870153,36.862744690516756],[100.717426020295306,36.853325038448531],[100.751866623169747,36.825360446371022]]]}},
{"type":"Feature","properties":{"featurecla":"Lake","scalerank":9,"name":null,"name_abb":null,"name_alt":null,"note":"_untitled_262","delta":null,"dam_name":null,"year":-99,"admin":null,"min_zoom":7.0,"min_label":8.0,"label":null,"wikidataid":null,"name_ar":null,"name_bn":null,"name_de":null,"name_en":null,"name_es":null,"name_fr":null,"name_el":null,"name_hi":null,"name_hu":null,"name_id":null,"name_it":null,"name_ja":null,"name_ko":null,"name_nl":null,"name_pl":null,"name_pt":null,"name_ru":null,"name_sv":null,"name_tr":null,"name_vi":null,"name_zh":null,"ne_id":1159119911,"name_fa":null,"name_he":null,"name_uk":null,"name_ur":null,"name_zht":null,"historical_claim":false,"geometry_status":"modern_physical_reference","source_id":"source.natural_earth.lakes.10m"},"geometry":{"type":"Polygon","coordinates":[[[95.295238798529965,36.962828493741476],[95.299948624564081,36.937807542935346],[95.293766977894336,36.907488037840793],[95.279637499791988,36.883350179415977],[95.259326375019896,36.876874168619082],[95.236954701357888,36.893947287992717],[95.201042277847819,36.947815923257821],[95.173666414024581,36.959296124215939],[95.148351099091258,36.966949591521384],[95.11685413748819,37.000212737887239],[95.091244458427752,37.007866205192641],[95.028544899348674,37.010221118209728],[95.000285943144036,37.016402764879516],[94.972026986939397,37.027588601710498],[94.98321282377043,37.03377024838025],[94.994398660601405,37.034947704888801],[95.006467589813838,37.034358976634493],[95.019713975534728,37.035242069015908],[95.03001671998436,37.039363166795773],[95.052388393646368,37.052315188389549],[95.064162958731629,37.054964465533743],[95.087123360647865,37.052020824262428],[95.130394887336251,37.03818571028723],[95.193683174669559,37.027294237583341],[95.231067418815257,37.00786620519267],[95.295238798529965,36.962828493741476]]]}},
{"type":"Feature","properties":{"featurecla":"Lake","scalerank":9,"name":"Lumajangdong Co","name_abb":"Lumajangdong Co","name_alt":null,"note":null,"delta":null,"dam_name":null,"year":-99,"admin":null,"min_zoom":7.0,"min_label":8.0,"label":"Lumajangdong Co","wikidataid":"Q6703023","name_ar":"بحيرة لوماجاندونغ","name_bn":"লুমাজাংগদং কো","name_de":"Lumajangdong Co","name_en":"Lumajangdong","name_es":"Lumajangdong Co","name_fr":"Lumajangdong Co","name_el":"Λουμαγιαντόνγκ Κο","name_hi":"लुमाजांगडोंग को","name_hu":"Lumajangdong Co","name_id":"Lumajangdong Co","name_it":"Lumajangdong Co","name_ja":"魯瑪江東錯","name_ko":"루마장동 코","name_nl":"Lumajangdong Co","name_pl":"Lumajangdong Co","name_pt":"Lumajangdong Co","name_ru":"озеро Лумацзяндун-Ко","name_sv":"Lumajangdong Co","name_tr":"Lumajangdong Co","name_vi":"Hồ Lỗ Mã Giang Đông Thác","name_zh":"鲁玛江东错","ne_id":1159120185,"name_fa":"لوماجانگدونگ کو","name_he":"לומביני","name_uk":"Лумаджангдонг","name_ur":"لوماجانگ ڈانگ کو","name_zht":"鲁玛江东错","historical_claim":false,"geometry_status":"modern_physical_reference","source_id":"source.natural_earth.lakes.10m"},"geometry":{"type":"Polygon","coordinates":[[[81.811006862882437,34.025074504967449],[81.814539232408038,34.006235200831043],[81.809240678119707,33.987395896694586],[81.79717174890726,33.978859337007805],[81.776566260008053,33.979742429389177],[81.768324064448393,33.98415789129615],[81.752428401583245,34.012416847500781],[81.740948200625098,34.024780140840342],[81.729173635539837,34.03037305925583],[81.717104706327461,34.026840689730264],[81.704741412987914,34.012416847500788],[81.694733032665454,33.981508614151977],[81.691495027267024,33.950600380803131],[81.682958467580193,33.924990701742722],[81.657348788519755,33.909978131258981],[81.650872777722839,33.931761076666739],[81.652638962485639,33.945301826514786],[81.65852624502827,33.958253848108562],[81.663824799316615,33.978859337007805],[81.639392576764692,33.972088962083774],[81.6217307291368,33.982686070660499],[81.607306886907338,33.99828736939844],[81.591999952296476,34.006235200831043],[81.580225387211215,34.009178842102358],[81.574338104668584,34.015654852899246],[81.569628278634468,34.022719591950427],[81.560797354820536,34.026546325603128],[81.548434061481046,34.026251961475978],[81.540191865921315,34.022719591950427],[81.495154154470185,33.991516994474452],[81.476903578588008,33.982686070660499],[81.454826269053115,33.978859337007783],[81.430394046501192,33.95560457096439],[81.416264568398901,33.950011652548881],[81.409788557601985,33.968262228431058],[81.415087111890386,33.981214250024863],[81.426861676975648,33.98415789129615],[81.440696790950824,33.983569163041885],[81.45129389952757,33.985629711931814],[81.456298089688801,33.991811358601574],[81.493976697961671,34.050684184027901],[81.508989268445362,34.067757303401535],[81.523118746547709,34.075116406579831],[81.53312712687017,34.077176955469774],[81.539308773539915,34.082475509758126],[81.539897501794215,34.088951520555028],[81.53401021925157,34.094838803097666],[81.522824382420552,34.096310623733324],[81.499863980504301,34.088362792300799],[81.492504877325985,34.088068428173649],[81.48632323065624,34.101020449767454],[81.505162534792646,34.111911922471315],[81.532832762743055,34.119565389776731],[81.554026979896491,34.122214666920918],[81.573160648160069,34.121037210412403],[81.591411224042247,34.110145737708507],[81.595532321822077,34.088068428173649],[81.63291656596779,34.095427531351916],[81.667062804715101,34.084830422775184],[81.700620315208084,34.068934759910086],[81.751545309201859,34.056571466570553],[81.778626808897968,34.037732162434111],[81.79717174890726,34.033611064654281],[81.811006862882437,34.025074504967449]]]}},
{"type":"Feature","properties":{"featurecla":"Lake","scalerank":9,"name":null,"name_abb":null,"name_alt":null,"note":"_untitled_251","delta":null,"dam_name":null,"year":-99,"admin":null,"min_zoom":7.0,"min_label":8.0,"label":null,"wikidataid":null,"name_ar":null,"name_bn":null,"name_de":null,"name_en":null,"name_es":null,"name_fr":null,"name_el":null,"name_hi":null,"name_hu":null,"name_id":null,"name_it":null,"name_ja":null,"name_ko":null,"name_nl":null,"name_pl":null,"name_pt":null,"name_ru":null,"name_sv":null,"name_tr":null,"name_vi":null,"name_zh":null,"ne_id":1159120165,"name_fa":null,"name_he":null,"name_uk":null,"name_ur":null,"name_zht":null,"historical_claim":false,"geometry_status":"modern_physical_reference","source_id":"source.natural_earth.lakes.10m"},"geometry":{"type":"Polygon","coordinates":[[[82.455369937173714,34.131634318989114],[82.458313578445029,34.116033020251145],[82.445067192724082,34.111028830089893],[82.422106790807788,34.11456119961548],[82.398263296510152,34.122214666920918],[82.382956361899289,34.128985041844949],[82.367060699034198,34.141937063438753],[82.353225585059036,34.15547781328678],[82.338213014575288,34.166369285990648],[82.317607525676067,34.170490383770499],[82.30671605297222,34.178143851075937],[82.284050015183041,34.211112633314677],[82.244016493893128,34.229363209196826],[82.211636439908659,34.255855980638685],[82.188970402119537,34.289413491131725],[82.191325315136581,34.320910452734765],[82.295235852014059,34.276461469537914],[82.322022987583068,34.254089795875906],[82.357052318711752,34.191095872669734],[82.379129628246574,34.166958014244926],[82.407094220324097,34.156949633922416],[82.419751877790759,34.153711628524],[82.439179910181466,34.14458634058289],[82.455369937173714,34.131634318989114]]]}},
{"type":"Feature","properties":{"featurecla":"Reservoir","scalerank":7,"name":"Tarbela Dam","name_abb":"Tarbela Dam","name_alt":null,"note":null,"delta":null,"dam_name":null,"year":1976,"admin":null,"min_zoom":5.7,"min_label":6.7,"label":null,"wikidataid":null,"name_ar":"سد تاربيلا","name_bn":"তারবেলা বাঁধ","name_de":"Tarbela-Talsperre","name_en":"Tarbela Dam","name_es":"Presa de Tarbela","name_fr":"Barrage de Tarbela","name_el":"Φράγμα Ταρμπέλα","name_hi":"तारबेला बांध","name_hu":"Tarbela-gát","name_id":"Reservoir Tarbela","name_it":"Diga di Tarbela","name_ja":"ターベラ・ダム","name_ko":"타르벨라 댐","name_nl":"Tarbela Dam","name_pl":"Zapora Tarbela","name_pt":"Represa de Tarbela","name_ru":"водохранилище Тарбела-Дэм-Харипур-Резервуар","name_sv":"Tarbela","name_tr":"Tarbela Barajı","name_vi":"Đập Tarbela","name_zh":"德尔贝拉水库","ne_id":1159125311,"name_fa":"سد تاربلا","name_he":"סכר טרבלה","name_uk":"Тарбела-Дам","name_ur":"تربیلا ڈیم","name_zht":"塔貝拉大壩","historical_claim":false,"geometry_status":"modern_physical_reference","source_id":"source.natural_earth.lakes.10m"},"geometry":{"type":"Polygon","coordinates":[[[73.019233477840885,34.078060047851167],[73.020410934349414,34.062753113240312],[73.0,34.051089722183526],[73.0,34.082579947465355],[73.003632179102908,34.083064238012419],[73.019233477840885,34.078060047851167]]]}},
{"type":"Feature","properties":{"featurecla":"Lake","scalerank":8,"name":null,"name_abb":null,"name_alt":null,"note":"_untitled_24","delta":null,"dam_name":null,"year":-99,"admin":null,"min_zoom":6.0,"min_label":7.0,"label":null,"wikidataid":null,"name_ar":null,"name_bn":null,"name_de":null,"name_en":null,"name_es":null,"name_fr":null,"name_el":null,"name_hi":null,"name_hu":null,"name_id":null,"name_it":null,"name_ja":null,"name_ko":null,"name_nl":null,"name_pl":null,"name_pt":null,"name_ru":null,"name_sv":null,"name_tr":null,"name_vi":null,"name_zh":null,"ne_id":1159117431,"name_fa":null,"name_he":null,"name_uk":null,"name_ur":null,"name_zht":null,"historical_claim":false,"geometry_status":"modern_physical_reference","source_id":"source.natural_earth.lakes.10m"},"geometry":{"type":"Polygon","coordinates":[[[74.660607850727075,34.399800038806085],[74.665023312634048,34.382726919432443],[74.663257127871276,34.375367816254141],[74.652954383421658,34.369480533711503],[74.642357274844926,34.370069261965774],[74.627344704361207,34.375662180381298],[74.613509590386002,34.383315647686715],[74.605267394826313,34.389791658483603],[74.596730835139525,34.3806663705425],[74.587311183071321,34.376545272762698],[74.578480259257333,34.376839636889798],[74.571121156079059,34.382432555305307],[74.563762052900756,34.365653800058809],[74.57465352560466,34.332390653692912],[74.571121156079059,34.314140077810748],[74.557286042103883,34.301188056216986],[74.540801650984505,34.298833143199921],[74.525494716373643,34.305603518123945],[74.515780700178325,34.320910452734765],[74.522845439229457,34.355056691482069],[74.521079254466656,34.380960734669657],[74.522845439229457,34.389791658483603],[74.52991017828063,34.402743680077414],[74.541096015111648,34.413635152781275],[74.555225493213953,34.42040552770532],[74.56994369957053,34.419816799451041],[74.593492829741052,34.41098587563711],[74.649422013896086,34.398328218170413],[74.660607850727075,34.399800038806085]]]}},
{"type":"Feature","properties":{"featurecla":"Lake","scalerank":9,"name":"Gozha Co","name_abb":"Gozha Co","name_alt":null,"note":null,"delta":null,"dam_name":null,"year":-99,"admin":null,"min_zoom":7.0,"min_label":8.0,"label":"Gozha Co","wikidataid":"Q5619693","name_ar":"بحيرة جوزها","name_bn":"গোঝা চো","name_de":"Gozha Co","name_en":"Guozha","name_es":"Gozha Co","name_fr":"Gozha Co","name_el":"Γκόζα Κο","name_hi":"गोझा तट","name_hu":"Gozha Co","name_id":"Gozha Co","name_it":"Gozha Co","name_ja":"グオザ湖","name_ko":"고자 코","name_nl":"Gozha Co","name_pl":"Gouzha","name_pt":"Lago Guozha","name_ru":"озеро Гочжа","name_sv":"Gozha Co","name_tr":"Gozha Co","name_vi":"Hồ Quách Trát Thác","name_zh":"郭扎错","ne_id":1159120203,"name_fa":"گوژا کو","name_he":"גוזהה","name_uk":"Котра Цо","name_ur":"گوزہا کو","name_zht":"郭扎错","historical_claim":false,"geometry_status":"modern_physical_reference","source_id":"source.natural_earth.lakes.10m"},"geometry":{"type":"Polygon","coordinates":[[[81.230815168305924,35.070361520412],[81.244061554026871,35.058881319453903],[81.244061554026885,35.051227852148429],[81.242884097518356,35.044163113097298],[81.240823548628441,35.037392738173281],[81.229637711797409,35.018553434036825],[81.224927885763293,35.014726700384138],[81.206677309881172,35.016492885146924],[81.146627027946295,35.007073233078692],[81.131320093335432,35.012960515621351],[81.101589316495179,35.020908347053911],[81.060083974569579,35.008839417841507],[81.017695540262594,34.991471934340723],[80.984138029769611,34.982346646399641],[80.965593089760318,34.983524102908163],[80.945281964988226,34.9882339289423],[80.929091937995963,34.997653581010496],[80.922615927199104,35.012960515621366],[80.927031389106048,35.03297727626628],[80.937628497682809,35.05446585754693],[80.952052339912271,35.07153897692055],[80.967064910395962,35.078603715971695],[81.018284268516879,35.086551547404262],[81.038889757416101,35.085374090895726],[81.057434697425379,35.081547357243025],[81.074507816799056,35.080664264861618],[81.087459838392832,35.08714027565857],[81.094230213316848,35.105685215667819],[81.101000588240879,35.105685215667819],[81.112480789199026,35.094499378836822],[81.138384832386578,35.097443020108116],[81.164288875574186,35.103624666777911],[81.176063440659448,35.102741574396497],[81.185777456854794,35.090967009311242],[81.230815168305924,35.070361520412]]]}},
{"type":"Feature","properties":{"featurecla":"Lake","scalerank":9,"name":"Alesayqin Ha","name_abb":"Alesayqin Ha","name_alt":null,"note":null,"delta":null,"dam_name":null,"year":-99,"admin":null,"min_zoom":7.0,"min_label":8.0,"label":"Alesayqin Ha","wikidataid":"Q4701734","name_ar":"أليسايكن ها","name_bn":"আলসেকুইন হা","name_de":"Aksai Chin","name_en":"Aksai Chin","name_es":"Alesayqin Ha","name_fr":"Alesayqin Ha","name_el":"Αλεσαϊκιν Χα","name_hi":"अक्साई चिन झील","name_hu":"Alesayqin Ha","name_id":"Alesayqin Ha","name_it":"Alesayqin Ha","name_ja":"アクサイチン湖","name_ko":"알레사이친 하","name_nl":"Aksai Chin","name_pl":"Alesayqin Ha","name_pt":"Alesayqin Ha","name_ru":null,"name_sv":"Aksayqin Hu","name_tr":"Alesayqin Ha","name_vi":"Hồ Alesayqin Ha","name_zh":"阿克赛钦湖","ne_id":1159120483,"name_fa":"السایقین ها","name_he":"אגם אלסייקין","name_uk":"Алесайквін Ха","name_ur":"الایسےقن ہا","name_zht":"阿克赛钦湖","historical_claim":false,"geometry_status":"modern_physical_reference","source_id":"source.natural_earth.lakes.10m"},"geometry":{"type":"Polygon","coordinates":[[[79.895873851763852,35.248746181453825],[79.910003329866129,35.223136502393331],[79.905293503832013,35.192228269044541],[79.888809112712636,35.165735497602668],[79.867614895559214,35.153666568390285],[79.852602325075452,35.1548440248988],[79.83170247204913,35.158376394424394],[79.813451896166953,35.164263676967025],[79.805504064734421,35.17073968776392],[79.804326608225892,35.175743877925171],[79.801382966954591,35.181042432213523],[79.799028053937491,35.187224078883318],[79.798733689810376,35.19517191031585],[79.801677331081692,35.201059192858466],[79.811391347277052,35.209007024291026],[79.812274439658438,35.214894306833706],[79.795495684411961,35.229906877317376],[79.767236728207308,35.242564534784051],[79.749280516452245,35.258754561776314],[79.764587451063107,35.28377551258248],[79.794318227903389,35.295844441794927],[79.835234841574675,35.300259903701864],[79.875562726991745,35.296433170049134],[79.901761134306469,35.28377551258248],[79.887042927949906,35.278182594166978],[79.88056691715299,35.277005137658435],[79.884099286678577,35.268468577971646],[79.895873851763852,35.248746181453825]]]}},
{"type":"Feature","properties":{"featurecla":"Reservoir","scalerank":5,"name":"Toktogul Suu Saktagychy","name_abb":"Toktogul Suu Saktagychy","name_alt":"Toktogul Reservoir","note":null,"delta":null,"dam_name":null,"year":1978,"admin":null,"min_zoom":4.7,"min_label":6.0,"label":"Toktogul Suu Saktagychy","wikidataid":"Q16508570","name_ar":"توجتوجول سو ساكاتجيتشي","name_bn":"টকটোগুল সু সাক্তাগাইচি","name_de":"Toktogul Reservoir","name_en":"Toktogul","name_es":"Toktogul","name_fr":"Toktogoul","name_el":"Τοκτογκούλ Σου Σακταγκούτσι","name_hi":"टोकतोगुल सू सक्ताग्यच्य","name_hu":"Toktogul Suu Saktagychy","name_id":"Toktogul Suu Saktagychy","name_it":"Toktogoul","name_ja":"トクトグル貯水ダム","name_ko":"톡토굴 수 삭타기치","name_nl":"Toktogul Reservoir","name_pl":"Zbiornik Toktogul","name_pt":"Represa de Toktogul","name_ru":"Токтогульское водохранилище","name_sv":"Toktogul Suu Saktagychy","name_tr":"Toktogul Suu Saktagychy","name_vi":"Hồ Toktogul Suu Saktagychy","name_zh":"托克托古尔水库","ne_id":1159125107,"name_fa":"توکتوگول سو ساکتاگیچی","name_he":"טוקטוגול סואו סאקטאגיצ'י","name_uk":"Токтогул Суу Сактагичи","name_ur":"ٹوکٹوگل سو ساکتاگیچی","name_zht":"托克托古水庫","historical_claim":false,"geometry_status":"modern_physical_reference","source_id":"source.natural_earth.lakes.10m"},"geometry":{"type":"Polygon","coordinates":[[[73.304472317031482,41.773621423454401],[73.310948327828385,41.772443966945858],[73.310359599574113,41.770089053928814],[73.300351219251652,41.75978630947921],[73.290342838929149,41.755665211699387],[73.249131861130749,41.755959575826495],[73.174363372839281,41.735354086927266],[73.156407161084246,41.739475184707118],[73.114901819158703,41.755959575826495],[73.105482167090472,41.757725760589317],[73.093118873750939,41.761552494242011],[73.043665700392808,41.783924167904004],[73.033657320070361,41.783041075522611],[73.0,41.772560067956853],[73.0,41.860657770470553],[73.052496624206796,41.858692656195444],[73.071630292470346,41.852216645398556],[73.073985205487389,41.844563178093118],[73.073396477233118,41.821014047922603],[73.077223210885833,41.811300031727271],[73.086642862954065,41.806884569820276],[73.149342422033115,41.803646564421818],[73.200561780154004,41.790988906955143],[73.27533026844543,41.786867809175334],[73.29299211607335,41.78068616250556],[73.304472317031482,41.773621423454401]]]}},
{"type":"Feature","properties":{"featurecla":"Alkaline Lake","scalerank":2,"name":"Issyk-Kul","name_abb":"Issyk-Kul","name_alt":"Ysyk Köl","note":null,"delta":null,"dam_name":null,"year":-99,"admin":null,"min_zoom":2.0,"min_label":3.7,"label":"Issyk-Kul","wikidataid":"Q42191","name_ar":"بحيرة إيسيك كول","name_bn":"ইসস্যক-কুল","name_de":"Yssykköl","name_en":"Issyk-Kul","name_es":"Issyk-Kul","name_fr":"Yssyk Koul","name_el":"Ισσύκ-Κουλ","name_hi":"इसिक कुल","name_hu":"Iszik-köl","name_id":"Issyk Kul","name_it":"Ysykköl","name_ja":"イシク・クル","name_ko":"이식쿨호","name_nl":"Issyk Koelmeer","name_pl":"Issyk-kul","name_pt":"Issyk-Kul","name_ru":"Иссык-Куль","name_sv":"Issyk-Kul","name_tr":"Issık Göl","name_vi":"Issyk Kul","name_zh":"伊塞克湖","ne_id":1159126655,"name_fa":"دریاچه ایسیک کول","name_he":"איסיק קול","name_uk":"Іссик-Куль","name_ur":"اسیک کول","name_zht":"伊塞克湖","historical_claim":false,"geometry_status":"modern_physical_reference","source_id":"source.natural_earth.lakes.10m"},"geometry":{"type":"Polygon","coordinates":[[[78.30630756525278,42.602550805457192],[78.327501782406273,42.595191702278889],[78.320142679227999,42.57164257210836],[78.300420282710149,42.563400376548657],[78.172960615662134,42.575174941633946],[78.150883306127312,42.573997485125389],[78.128217268338119,42.565460925438614],[78.107611779438912,42.551037083209174],[78.055803693063751,42.493341714291311],[78.028722193367628,42.475091138409176],[77.995753411128888,42.465671486340959],[77.925400384744421,42.461844752688243],[77.900673798065398,42.458018019035528],[77.829437679299474,42.434763252992106],[77.812364559925868,42.420928139016944],[77.8226673043755,42.402677563134766],[77.892725966632838,42.391786090430912],[77.914803276167675,42.373829878675899],[77.879479580911891,42.372652422167342],[77.851809352961496,42.361466585336323],[77.83002640755376,42.342627281199924],[77.792053435153775,42.293762836096064],[77.687259805894882,42.214578885897652],[77.656940300800329,42.203098684939476],[77.622205333798831,42.196622674142617],[77.583054904890275,42.194856489379809],[77.553029763922837,42.185731201438728],[77.515351155650023,42.168952446192243],[77.481204916902769,42.161887707141055],[77.462954341020591,42.18131573953174],[77.427041917510508,42.170129902700751],[77.389952037491923,42.169835538573622],[77.31871591872607,42.181315739531762],[77.289279506012861,42.181021375404633],[77.174771860558678,42.166008804920928],[77.15122273038817,42.160121522378262],[77.136798888158694,42.153351147454266],[77.129145420853277,42.15511733221701],[77.121491953547832,42.15923842999689],[77.113544122115286,42.160710250632548],[77.048195285892064,42.160710250632548],[77.018464509051753,42.168658082065086],[76.987850639830071,42.182198831913141],[76.960769140133948,42.186614293820121],[76.942224200124656,42.167186261429443],[76.935453825200639,42.167186261429443],[76.926622901386679,42.18425938080307],[76.907489233123101,42.197505766523996],[76.88364573882545,42.205747962083656],[76.840668576264221,42.211929608753451],[76.819768723237885,42.220466168440304],[76.765311359718524,42.256672956077466],[76.755008615268906,42.261971510365839],[76.743528414310759,42.263737695128633],[76.72939893620844,42.25991096147591],[76.717918735250322,42.253434950679001],[76.706438534292175,42.251080037661993],[76.692014692062742,42.260205325603046],[76.675824665070493,42.266681336399962],[76.606354731067427,42.270802434179799],[76.561905747870526,42.280222086247988],[76.396767472549683,42.345570922471239],[76.371746521743461,42.347337107234011],[76.349374848081467,42.335856906275907],[76.332890456962105,42.322904884682075],[76.314051152825684,42.315545781503801],[76.29315129979932,42.313779596741],[76.270485262010169,42.318489422775123],[76.258710696924908,42.322904884682082],[76.247819224221061,42.328792167224698],[76.239577028661373,42.337328726911529],[76.23310101786447,42.364410226607646],[76.225741914686154,42.373241150421634],[76.216616626745093,42.381188981854173],[76.208374431185405,42.39296354693942],[76.212495528965235,42.394729731702235],[76.222798273414838,42.400322650117715],[76.219560268016409,42.404149383770438],[76.216322262617965,42.405621204406074],[76.208374431185405,42.407093025041746],[76.215439170236564,42.407093025041746],[76.201898420388488,42.418573225999872],[76.196011137845872,42.439767443153357],[76.202487148642774,42.460078567925422],[76.225741914686154,42.469203855866539],[76.304631500757466,42.482155877460315],[76.332596092834962,42.482744605714593],[76.443277004636457,42.467732035230874],[76.456229026230261,42.468320763485146],[76.465648678298464,42.472736225392119],[76.488020351960472,42.502761366359522],[76.497145639901561,42.510120469537831],[76.520400405944983,42.514830295571961],[76.575152133591445,42.509237377156438],[76.59958435614341,42.513652839063397],[76.61989548091546,42.527193588911501],[76.653158627281357,42.555746909243261],[76.674647208561964,42.565460925438614],[76.976370438871925,42.60961554450833],[76.981668993160312,42.614031006415289],[76.994032286499831,42.612264821652509],[77.014049047144766,42.6063775391099],[77.027001068738571,42.609909908635458],[77.047312193510663,42.6278661203905],[77.058203666214538,42.634342131187353],[77.08381334527499,42.639640685475769],[77.135915795777308,42.64346741912847],[77.173888768177278,42.653475799450952],[77.184780240881139,42.652003978815287],[77.195377349457885,42.649060337543965],[77.206268822161761,42.647294152781178],[77.219515207882694,42.648765973416864],[77.229817952332283,42.652592707069573],[77.238943240273386,42.657008168976553],[77.325486293650101,42.679674206765675],[77.349624152074853,42.681734755655604],[77.373467646372561,42.677908022002896],[77.435578477197353,42.653475799450931],[77.528008813116685,42.647294152781193],[77.537722829312031,42.650237794052508],[77.549497394397292,42.657008168976553],[77.569219790915099,42.671432011205965],[77.57922817123756,42.676141837240095],[77.620439149036031,42.681734755655604],[77.704332925268545,42.705578249953277],[77.74554390306696,42.710876804241614],[77.771447946254554,42.720002092182739],[77.784399967848344,42.722651369326925],[77.797646353569291,42.722651369326904],[77.832675684697961,42.716175358529988],[77.917158189184761,42.726772467106741],[77.956014253966146,42.71411480964008],[77.983095753662212,42.71323171725868],[78.011649073994036,42.715880994402859],[78.033137655274643,42.720296456309846],[78.082885192759889,42.722357005199761],[78.103785045786196,42.725595010598212],[78.117620159761429,42.732954113776522],[78.137342556279236,42.740313216954803],[78.204751941392388,42.746200499497455],[78.223885609655937,42.742962494098968],[78.235954538868327,42.746494863624577],[78.306307565252794,42.742962494098961],[78.30630756525278,42.736192119174945],[78.282758435082258,42.732954113776522],[78.249789652843504,42.719413363928453],[78.233599625851312,42.716175358529988],[78.211816680443519,42.721473912818361],[78.201513935993958,42.721179548691239],[78.193271740434227,42.703517701063326],[78.175021164552106,42.680262935019961],[78.16913388200949,42.674670016604445],[78.157948045178458,42.671726375333108],[78.132338366118006,42.671137647078844],[78.120858165159859,42.667899641680414],[78.111144148964513,42.659068717866454],[78.089949931811034,42.63257594642463],[78.083473921014104,42.6269830280091],[78.08170773625136,42.622861930229263],[78.088772475302505,42.613147914033931],[78.099663948006366,42.604022626092849],[78.110849784837413,42.599607164185883],[78.254793843004791,42.599607164185862],[78.30630756525278,42.602550805457192]]]}},
{"type":"Feature","properties":{"featurecla":"Reservoir","scalerank":7,"name":"Kapchagay Reservoir","name_abb":"Kapchagay Res.","name_alt":"Qapshaghay Bgeni Reservoir","note":null,"delta":null,"dam_name":null,"year":1970,"admin":null,"min_zoom":5.7,"min_label":6.7,"label":"Kapchagay Reservoir","wikidataid":"Q1112158","name_ar":"بحيرة كابشغاي","name_bn":"কাপচাগে রিজার্ভার","name_de":"Kaptschagai-Stausee","name_en":"Kapchagay","name_es":"Kapchagay","name_fr":"Kapchagaï","name_el":"Τεχνητή Λίμνη Καπτσαγκάι","name_hi":"कपचागे जलाशय","name_hu":"Kapsagáji-víztározó","name_id":"Reservoir Kapchagay","name_it":"Kapchagay","name_ja":"カプチャガイ貯水池","name_ko":"캅차가이 레저보어","name_nl":"Kapchagay Reservoir","name_pl":"Zbiornik Kapszagajski","name_pt":"Represa de Kapchagay","name_ru":"Капчагайское водохранилище","name_sv":"Kaptjagaj-reservoaren","name_tr":"Kapçagay Göleti","name_vi":"Hồ Kapchagay","name_zh":"卡普恰盖水库","ne_id":1159125523,"name_fa":"مخزن سد کاپچاگای","name_he":"מאגר קפצ'גאי","name_uk":"Капчагайське водосховище","name_ur":"کیپچاگے ریزروائر","name_zht":"卡普恰盖水库","historical_claim":false,"geometry_status":"modern_physical_reference","source_id":"source.natural_earth.lakes.10m"},"geometry":{"type":"Polygon","coordinates":[[[78.00458433494282,43.77882985747533],[77.997225231764574,43.770882026042798],[78.00134632954439,43.771176390169899],[78.005761791451405,43.766172200008633],[78.008411068595535,43.759696189211787],[78.00782234034132,43.7543976349234],[77.990454856840529,43.743506162219525],[77.894197787268467,43.740562520948203],[77.885955591708822,43.761462373974538],[77.865938831063829,43.768232748898576],[77.819134934849899,43.764700379373025],[77.742011533541429,43.776769308585394],[77.726998963057667,43.774708759695478],[77.707276566539875,43.766760928262926],[77.680783795098023,43.770587661915648],[77.634862991265507,43.784422775890839],[77.507992052471707,43.779418585729587],[77.361104353032999,43.804733900662924],[77.342853777150879,43.815625373366828],[77.3225426523788,43.822690112417931],[77.293400603792747,43.820629563528023],[77.250129077104376,43.811798639714077],[77.23393905011217,43.814153552731113],[77.207151914543147,43.823278840672209],[77.19243370818657,43.825633753689232],[77.177715501830008,43.822395748290816],[77.155343828167986,43.808854998442747],[77.14150871419281,43.80561699304431],[77.150045273879584,43.827399938452089],[77.138859437048609,43.843589965444295],[77.122080681802089,43.857425079419528],[77.113544122115286,43.870671465140404],[77.116782127513716,43.878324932445828],[77.132089062124578,43.902757154997772],[77.137681980540094,43.908055709286153],[77.15151709451527,43.906878252777616],[77.175654952940079,43.902168426743472],[77.18919570278814,43.901285334362115],[77.235410870747785,43.905112068014802],[77.258371272664078,43.910116258176053],[77.27426693552917,43.918652817862856],[77.289279506012861,43.929249926439603],[77.311651179674868,43.939847035016356],[77.334905945718276,43.947794866448902],[77.353156521600468,43.949561051211681],[77.3619874454144,43.946323045813266],[77.377000015898147,43.93425411660084],[77.387302760347737,43.929249926439603],[77.428219374019037,43.929249926439596],[77.449413591172515,43.918652817862856],[77.669892322394162,43.874203834665984],[77.896847064412668,43.856541987038092],[77.95630861809326,43.86713909561486],[78.011649073994022,43.886272763878388],[78.037847481308745,43.890982589912497],[78.066106437513383,43.88745022038691],[78.104668138167611,43.875675655301627],[78.120858165159873,43.874498198793141],[78.149705849618783,43.878324932445828],[78.162363507085445,43.876558747683042],[78.17590425693345,43.867139095614831],[78.158831137559829,43.862723633707837],[78.139991833423451,43.853892709893877],[78.107317415311798,43.832404128613284],[78.093482301336621,43.840351960045837],[78.082002100378489,43.837702682901643],[78.053743144173851,43.813859188603999],[78.049916410521121,43.81238736796832],[78.041674214961475,43.811798639714077],[78.037847481308745,43.808854998442747],[78.034315111783144,43.795314248594721],[78.031960198766129,43.791193150814848],[78.011060345739736,43.782362227000903],[78.00458433494282,43.77882985747533]]]}},
{"type":"Feature","properties":{"featurecla":"Lake","scalerank":9,"name":"Ebinur Hu","name_abb":"Ebinur Hu","name_alt":null,"note":null,"delta":null,"dam_name":null,"year":-99,"admin":null,"min_zoom":7.0,"min_label":8.0,"label":"Ebinur Hu","wikidataid":"Q31845317","name_ar":"بيحبرة إبينور","name_bn":"এবিনুর হু","name_de":"Ebinur-See","name_en":"Lake Ebinur","name_es":"Ebinur Hu","name_fr":"Ebinur Hu","name_el":"Εμπινούρ Χου","name_hi":"एबिनूर हु","name_hu":"Ebinur Hu","name_id":"Danau Ebinur","name_it":"Ebinur Hu","name_ja":"エビ湖","name_ko":"에비누르 후","name_nl":"Ebi Lake","name_pl":"Jezioro Ebinur","name_pt":"Lago Ebinur","name_ru":"озеро Эбинур","name_sv":"Ebinur Hu","name_tr":"Ebinur Hu","name_vi":"Hồ Ebi","name_zh":"艾比湖","ne_id":1159118103,"name_fa":"ابینورهو","name_he":"אבינור","name_uk":"Ебінур","name_ur":"ایبینور ہو","name_zht":"艾比湖","historical_claim":false,"geometry_status":"modern_physical_reference","source_id":"source.natural_earth.lakes.10m"},"geometry":{"type":"Polygon","coordinates":[[[83.153896010857125,44.878279872312106],[83.164493119433871,44.840306899912122],[83.14859745656878,44.802333927512151],[83.11503994607574,44.772308786544706],[83.072062783514539,44.754352574789692],[83.02731943619051,44.751703297645484],[83.006419583164188,44.757590580188129],[82.973450800925434,44.774663699561756],[82.955200225043257,44.77819606908735],[82.932828551381249,44.785555172265632],[82.89044011707432,44.820584503394301],[82.869540264047941,44.833536524988077],[82.766512819551849,44.843544905310601],[82.755326982720888,44.853553285633062],[82.701752711582913,44.875336231040791],[82.68467959220925,44.887993888507459],[82.707934358252658,44.908893741533824],[82.757093167483688,44.937447061865562],[82.777404292255724,44.953048360603582],[82.788295764959628,44.966883474578736],[82.794477411629373,44.977480583155462],[82.803013971316204,44.985428414588043],[82.821264547198325,44.991021333003545],[82.834805297046387,44.992787517766352],[82.876899367226272,44.99131569713068],[82.895149943108379,44.986017142842307],[82.972862072671163,44.973653849502767],[83.041154550165686,44.943334344408221],[83.080010614947071,44.929204866305902],[83.121515956872656,44.907716285025259],[83.153896010857125,44.878279872312106]]]}},
{"type":"Feature","properties":{"featurecla":"Lake","scalerank":9,"name":"Gas Hu","name_abb":"Gas Hu","name_alt":null,"note":null,"delta":null,"dam_name":null,"year":-99,"admin":null,"min_zoom":7.0,"min_label":8.0,"label":"Gas Hu","wikidataid":"Q28794395","name_ar":"غاز هو","name_bn":"গ্যাস হু","name_de":"Gas Hu","name_en":"Gas Hure Hu","name_es":"Gas Hu","name_fr":"Gas Hu","name_el":"Γκαζ Χου","name_hi":"गैस हू","name_hu":"Gas Hu","name_id":"Gas Hu","name_it":"Gas Hu","name_ja":"ガス・フー湖","name_ko":"가스 후","name_nl":"Gas Lake","name_pl":"Jezioro Gas","name_pt":"Lago Gas","name_ru":null,"name_sv":"Gas Hure Hu","name_tr":"Gas Hu","name_vi":"Hồ Tư Khố Lặc","name_zh":"尕斯库乐湖","ne_id":1159119929,"name_fa":"گاس هو","name_he":"גז הו","name_uk":"озеро Гес","name_ur":"گیس ہو","name_zht":"尕斯库乐湖","historical_claim":false,"geometry_status":"modern_physical_reference","source_id":"source.natural_earth.lakes.10m"},"geometry":{"type":"Polygon","coordinates":[[[90.825613892162721,38.159124306404635],[90.899499288072775,38.122034426386051],[90.953662287464965,38.112614774317798],[90.985747977322319,38.100251480978294],[91.007236558602926,38.081117812714716],[91.003704189077382,38.05609686190855],[91.020188580196759,38.050209579365912],[91.009002743365727,38.048737758730255],[90.976328325254144,38.049326486984519],[90.972501591601429,38.044027932696132],[90.972207227474271,38.027837905703898],[90.969852314457228,38.021361894907038],[90.961315754770396,38.016652068872908],[90.939827173489789,38.009292965694605],[90.932468070311529,38.004288775533375],[90.914217494429352,37.996635308227944],[90.899499288072775,38.008998601567441],[90.880954348063483,38.042556112060481],[90.86888541885105,38.052564492382977],[90.850929207096044,38.061395416196923],[90.831501174705352,38.067577062866704],[90.815311147713103,38.069931975883726],[90.799709848975112,38.074641801917835],[90.780576180711606,38.084061453986074],[90.761148148320913,38.090537464782955],[90.73848211053172,38.085533274621689],[90.725824453065059,38.087299459384496],[90.714049887979797,38.090831828910083],[90.709045697818567,38.09406983430852],[90.708162605437181,38.104078214631002],[90.706690784801538,38.111731681936412],[90.706102056547252,38.119679513368993],[90.709045697818567,38.131159714327111],[90.728768094336374,38.153237023862005],[90.763503061337929,38.167366501964338],[90.801770397865027,38.170310143235618],[90.825613892162721,38.159124306404635]]]}},
{"type":"Feature","properties":{"featurecla":"Lake","scalerank":7,"name":"Ulansuhai Nur","name_abb":"Ulansuhai Nur","name_alt":null,"note":null,"delta":null,"dam_name":null,"year":-99,"admin":null,"min_zoom":5.7,"min_label":6.7,"label":"Ulansuhai Nur","wikidataid":"Q7374641","name_ar":"بحيرة أولانسوهاي","name_bn":"উলানসুহাই নূর","name_de":"Ulansuhai Nur","name_en":"Ulansuhai Nur","name_es":"Ulansuhai Nur","name_fr":"Ulansuhai Nur","name_el":"Ουλανσουάι Νουρ","name_hi":"उलानसुहाई नूर","name_hu":"Ulansuhai Nur","name_id":"Ulansuhai Nur","name_it":"Ulansuhai Nur","name_ja":"烏梁素海","name_ko":"울란수하이 누르","name_nl":"Ulansu Lake","name_pl":"Ulansuhai Nur","name_pt":"Lago Ulansu","name_ru":"озеро Улансу","name_sv":"Ulansu Hai","name_tr":"Ulansuhai Nur","name_vi":"Hồ Ô Lương Tố Hải","name_zh":"烏梁素海","ne_id":1159116335,"name_fa":"اولانسوهای نور","name_he":"אגם אולנסוהאי","name_uk":"Улансухай-нур","name_ur":"اولانسوہائی نور","name_zht":"烏梁素海","historical_claim":false,"geometry_status":"modern_physical_reference","source_id":"source.natural_earth.lakes.10m"},"geometry":{"type":"Polygon","coordinates":[[[108.951085020295238,40.994145214809748],[108.944903373625493,40.971773541147741],[108.926358433616215,40.952934237011306],[108.903398031699908,40.934389297002014],[108.897510749157277,40.927030193823732],[108.883086906927815,40.912017623340013],[108.876316532003841,40.908190889687276],[108.877199624385185,40.906130340797375],[108.852178673579033,40.891412134440806],[108.838637923730971,40.876105199829944],[108.816854978323192,40.860209536964817],[108.768873625600747,40.837249135048545],[108.729723196692248,40.804280352809791],[108.714121897954271,40.801042347411361],[108.708234615411641,40.811933820115222],[108.717654267479816,40.838720955684231],[108.727368283675162,40.855205346803594],[108.730017560819363,40.861975721727624],[108.732078109709278,40.872278466177214],[108.731489381455049,40.883169938881124],[108.728251376056576,40.895238868093493],[108.717654267479816,40.920554183026823],[108.729723196692248,40.921437275408231],[108.740320305268995,40.917904905882637],[108.747973772574426,40.91084016683147],[108.751800506227141,40.899654330000452],[108.766813076710847,40.910840166831463],[108.782414375448809,40.926735829696582],[108.800370587203815,40.939099123036144],[108.814500065306163,40.941159671926066],[108.836283010713885,40.934389297002014],[108.861598325647222,40.931740019857827],[108.861598325647222,40.948813139231447],[108.858949048503064,40.967063715113625],[108.852178673579033,40.975305910673342],[108.831278820552654,40.985019926868638],[108.82185916848448,41.005919779895002],[108.829218271662739,41.027113997048467],[108.858654684375892,41.036828013243827],[108.863953238664294,41.034473100226798],[108.869840521206925,41.029174545938403],[108.873961618986755,41.023581627522894],[108.876022167876684,41.020049257997329],[108.8801432656565,41.013867611327541],[108.888974189470503,41.018577437361678],[108.896627656775877,41.026525268794217],[108.897805113284448,41.030352002446904],[108.921354243454971,41.033001279591105],[108.932834444413118,41.030646366574082],[108.944903373625493,41.023581627522894],[108.951085020295238,40.994145214809748]]]}},
{"type":"Feature","properties":{"featurecla":"Alkaline Lake","scalerank":7,"name":"Har Nuur","name_abb":"Har Nuur","name_alt":"Khar Lake","note":null,"delta":null,"dam_name":null,"year":-99,"admin":null,"min_zoom":5.7,"min_label":6.7,"label":"Har Nuur","wikidataid":"Q1445991","name_ar":"بحيرة هار","name_bn":"হার নুর","name_de":"Char Nuur","name_en":"Khar","name_es":"Khar Nuur","name_fr":"Lac de Khar","name_el":"Χαρ Νουρ","name_hi":"हर नूर","name_hu":"Har Nuur","name_id":"Har Nuur","name_it":"Har Nuur","name_ja":"ハル・ヌール","name_ko":"하르 누르","name_nl":"Khar Lake","name_pl":"Char nuur","name_pt":"Khar","name_ru":"Хар-Нуур","name_sv":"Har Nuur","name_tr":"Khar","name_vi":"Khar Nuur","name_zh":"哈尔湖","ne_id":1159126941,"name_fa":"هار نور","name_he":"אגם האר נור","name_uk":"Хара-Нур","name_ur":"ہار نور","name_zht":"哈爾湖","historical_claim":false,"geometry_status":"modern_physical_reference","source_id":"source.natural_earth.lakes.10m"},"geometry":{"type":"Polygon","coordinates":[[[93.597640877361641,47.683570003876916],[93.613536540226733,47.67503344419012],[93.607060529429873,47.655605411799435],[93.580273393860864,47.622342265433538],[93.541122964952365,47.594377673356043],[93.490786699212833,47.576127097473879],[93.437212428074872,47.576127097473879],[93.388053618843912,47.601736776534302],[93.397767635039258,47.62263662956066],[93.38010578741131,47.645891395604096],[93.352729923588072,47.669734889901726],[93.333890619451665,47.691223471182361],[93.329475157544664,47.702114943886194],[93.327708972781934,47.713595144844341],[93.329769521671835,47.724486617548216],[93.346253912791212,47.74980193248151],[93.343898999774126,47.760987769312536],[93.337717353104381,47.771584877889303],[93.333890619451665,47.783653807101679],[93.322999146747804,47.804848024255158],[93.297978195941596,47.828397154425716],[93.269424875609843,47.847236458562122],[93.24823065845635,47.855184289994696],[93.243520832422234,47.857833567138869],[93.230863174955573,47.872257409368331],[93.234395544481174,47.880205240800869],[93.24234337591372,47.882560153817892],[93.251763027981951,47.884326338580706],[93.258239038778811,47.889624892869108],[93.256767218143182,47.896689631920239],[93.24970247909198,47.901105093827205],[93.244698288930749,47.906109283988435],[93.24823065845635,47.913762751293874],[93.259416495287326,47.923182403362127],[93.262948864812927,47.929069685904743],[93.265598141957142,47.938194973845825],[93.189946561284273,47.938194973845818],[93.200249305733905,47.948792082422585],[93.216733696853282,47.954385000838087],[93.235573000989689,47.958800462745046],[93.252057392109066,47.964982109414798],[93.232334995591273,47.978228495135738],[93.207608408912165,47.981760864661318],[93.102814779653329,47.981172136407068],[93.082209290754065,47.987059418949677],[93.038643399938621,48.012080369755857],[93.023630829454873,48.024149298968268],[93.014799905640928,48.040044961833388],[93.011856264369612,48.064182820258182],[93.012739356751013,48.087143222174461],[93.017449182785128,48.113341629489149],[93.027751927234704,48.136302031405386],[93.046002503116895,48.149842781253483],[93.057482704075028,48.139834400931043],[93.076616372338606,48.128648564100025],[93.096927497110698,48.122466917430252],[93.111056975212989,48.126293651082968],[93.118416078391306,48.131592205371327],[93.137255382527712,48.139245672676765],[93.141965208561828,48.143661134583738],[93.141965208561828,48.153669514906213],[93.136961018400598,48.162206074593051],[93.131073735857967,48.168682085389904],[93.128424458713766,48.173980639678312],[93.144614485706029,48.214897253349598],[93.183470550487357,48.222550720655043],[93.272368516881158,48.211953612078268],[93.399239455674888,48.211953612078268],[93.422199857591181,48.199001590484478],[93.41955058044698,48.169859541898447],[93.406304194726033,48.139245672676772],[93.396001450276458,48.122466917430259],[93.374807233122979,48.102155792658159],[93.324470967383448,48.068598282165141],[93.303276750229998,48.05034770628297],[93.279138891805189,48.034157679290765],[93.254706669253267,48.022971842459718],[93.250585571473394,48.015907103408587],[93.286203630856335,48.012669098010129],[93.260593951795897,47.992063609110936],[93.258239038778811,47.985293234186877],[93.265303777830013,47.979111587517096],[93.277372707042403,47.979994679898503],[93.303276750229998,47.985293234186884],[93.317994956586574,47.982349592915575],[93.317406228332288,47.975284853864387],[93.306514755628427,47.961449739889218],[93.304748570865627,47.957917370363639],[93.282671261330734,47.881971425563677],[93.282965625457905,47.858422295393126],[93.296506375305967,47.848119550943508],[93.301804929594311,47.845175909672214],[93.314756951188087,47.831340795697024],[93.374807233122979,47.813973312196232],[93.390997260115228,47.800138198221084],[93.422199857591181,47.766286323600887],[93.456640460465565,47.754511758515662],[93.493730340484149,47.729785171836596],[93.577918480843834,47.687691101656789],[93.597640877361641,47.683570003876916]]]}},
{"type":"Feature","properties":{"featurecla":"Lake","scalerank":4,"name":"Har Us Nuur","name_abb":"Har Us Nuur","name_alt":null,"note":null,"delta":null,"dam_name":null,"year":-99,"admin":null,"min_zoom":4.0,"min_label":5.0,"label":"Har Us Nuur","wikidataid":"Q1323267","name_ar":"بحيرة خار-أس","name_bn":"হার উস নুর","name_de":"Khar-Us-Nuur","name_en":"Khar-Us","name_es":"Khar-Us","name_fr":"Khar-Us","name_el":"Χαρ Ους Νουρ","name_hi":"हर उस नूर","name_hu":"Har-Usz-tó","name_id":"Har Us Nuur","name_it":"Har-Us nuur","name_ja":"ハル・ウス・ヌール","name_ko":"하 우스 누르","name_nl":"Khar-Us","name_pl":"Char Us nuur","name_pt":"Khar-Us","name_ru":"Хар-Ус-Нуур","name_sv":"Har Us Nuur","name_tr":"Khar-Us","name_vi":"Khar-Us","name_zh":"哈尔乌苏湖","ne_id":1159114107,"name_fa":"هار آس نور","name_he":"האר אוס","name_uk":"Хара-Ус-Нур","name_ur":"ہار اس نور","name_zht":"哈爾烏蘇湖","historical_claim":false,"geometry_status":"modern_physical_reference","source_id":"source.natural_earth.lakes.10m"},"geometry":{"type":"Polygon","coordinates":[[[92.823463223005376,48.228732367324753],[92.82758432078522,48.207832514298431],[92.81698721220846,48.187815753653481],[92.69570919183019,48.088026314555805],[92.679813528965099,48.081550303758952],[92.544111666357367,48.096857238369786],[92.532042737144991,48.095091053607014],[92.524094905712445,48.088909406937219],[92.514380889517099,48.070953195182192],[92.508199242847354,48.067420825656619],[92.489065574583776,48.061827907241089],[92.473464275845799,48.048875885647341],[92.458746069489223,48.033274586909393],[92.44255604249696,48.020028201188424],[92.428132200267498,48.012669098010129],[92.364255184679962,47.992063609110936],[92.351303163086129,47.985293234186877],[92.322749842754376,47.951735723693872],[92.300672533219497,47.919355669709411],[92.282716321464477,47.883737610326442],[92.268586843362129,47.865781398571443],[92.26122774018387,47.846647730307858],[92.264760109709414,47.823392964264464],[92.270647392252116,47.801610018856735],[92.272119212887731,47.787480540754402],[92.255634821768354,47.773351062652097],[92.227964593818001,47.763931410583858],[92.199116909359077,47.761576497566807],[92.157317203306377,47.776294703923398],[92.098444377880071,47.759515948676878],[92.073129062946748,47.759515948676871],[92.059293948971515,47.771584877889303],[92.05399539468317,47.788952361390088],[92.050463025157569,47.807791665526466],[92.041926465470794,47.824570420773007],[92.028680079749847,47.842820996655142],[92.004542221325039,47.903460006844277],[91.96215378701811,47.979994679898503],[91.965686156543654,48.012374733882979],[92.011018232121955,48.033863315163615],[92.155256654416462,48.061239178986838],[92.19175780618076,48.062122271368239],[92.209714017935823,48.068303918038026],[92.217367485241255,48.085377037411661],[92.223549131911,48.092736140589942],[92.237678610013347,48.099212151386837],[92.251808088115638,48.10922053170929],[92.260639011929584,48.135124574896906],[92.266526294472214,48.139834400931043],[92.273296669396245,48.143955498710852],[92.278006495430361,48.149842781253483],[92.281244500828791,48.158673705067415],[92.284776870354392,48.184577748255045],[92.283893777972992,48.193114307941826],[92.280655772574562,48.20135650350155],[92.278595223684647,48.208421242552696],[92.281538864955962,48.214897253349605],[92.289192332261393,48.222256356527907],[92.296257071312539,48.230498552087575],[92.299200712583854,48.239623840028649],[92.295079614804038,48.249043492096838],[92.265643202090814,48.28878264925963],[92.252102452242752,48.299968486090634],[92.207359104918737,48.322928888006913],[92.196761996342062,48.335292181346446],[92.212657659207139,48.344417469287535],[92.237089881759061,48.362668045169706],[92.252102452242752,48.368849691839451],[92.273591033523417,48.368555327712329],[92.302733082109398,48.347361110558843],[92.340117326255154,48.336764001982068],[92.349242614196214,48.335292181346432],[92.353363711976101,48.338530186744912],[92.348065157687699,48.355897670245668],[92.34659333705207,48.365022958186735],[92.350125706577614,48.368849691839451],[92.402228157079946,48.369732784220844],[92.439318037098545,48.35530894199141],[92.456685520599308,48.348538567067372],[92.469637542193084,48.347949838813079],[92.497602134270608,48.349716023575901],[92.516441438407014,48.341473828016191],[92.540579296831822,48.335880909600711],[92.545583486993053,48.331759811820859],[92.540284932704708,48.322928888006899],[92.527332911110875,48.319985246735627],[92.511142884118669,48.320573974989848],[92.459040433616337,48.327933078168144],[92.449326417420991,48.327933078168122],[92.439612401225645,48.322340159752677],[92.410764716766721,48.290548834022431],[92.393397233266001,48.243744937808486],[92.383094488816369,48.202533960010086],[92.381033939926454,48.139834400931043],[92.391925412630314,48.12776547171859],[92.416946363436523,48.116579634887628],[92.463161531396167,48.101861428531059],[92.483767020295375,48.098917787259722],[92.506433058084554,48.100978336149637],[92.524683633966731,48.109514895836433],[92.532042737144991,48.126293651082982],[92.541756753340337,48.136007667278292],[92.637130730530998,48.189876302543404],[92.641840556565114,48.194586128577498],[92.643312377200743,48.205477601281373],[92.648022203234859,48.216369073985263],[92.654498214031776,48.225788726053437],[92.662151681337207,48.232264736850368],[92.690116273414731,48.210481791442618],[92.706011936279836,48.201945231755779],[92.724262512161999,48.198118498103078],[92.635070181641083,48.269060252741781],[92.594447932096898,48.311154322921624],[92.600923942893814,48.341768192143363],[92.615053420996105,48.344123105160392],[92.662151681337207,48.335292181346432],[92.714254131839482,48.336764001982068],[92.731327251213145,48.335292181346468],[92.756936930273582,48.325283801023971],[92.782840973461191,48.30762195339608],[92.805212647123199,48.28642773624258],[92.820519581734061,48.266410975597637],[92.81698721220846,48.249337856223988],[92.823463223005376,48.228732367324753]]]}},
{"type":"Feature","properties":{"featurecla":"Lake","scalerank":9,"name":"Telmen Nuur","name_abb":"Telmen Nuur","name_alt":null,"note":null,"delta":null,"dam_name":null,"year":-99,"admin":null,"min_zoom":7.0,"min_label":8.0,"label":"Telmen Nuur","wikidataid":"Q2570858","name_ar":"بحيرة تلمن","name_bn":"টেলমেন নুর","name_de":"Telmen Nuur","name_en":"Telmen","name_es":"Telmen Nuur","name_fr":"Telmen Nuur","name_el":"Τέλμεν Νουρ","name_hi":"तेलमेन नूर","name_hu":"Telmen Nuur","name_id":"Telmen Nuur","name_it":"Tėlmėn nuur","name_ja":"テルメン湖","name_ko":"텔멘 누르","name_nl":"Telmen","name_pl":"Telmen nuur","name_pt":"Lago Telmen","name_ru":"Тэлмэн-Нуур","name_sv":"Telmen Nuur","name_tr":"Telmen","name_vi":"Hồ Telmen Nuur","name_zh":"台尔明湖","ne_id":1159119433,"name_fa":"تلمن نور","name_he":"אגם טלמן","name_uk":"Телмен Нуур","name_ur":"تیلمین نور","name_zht":"台爾明湖","historical_claim":false,"geometry_status":"modern_physical_reference","source_id":"source.natural_earth.lakes.10m"},"geometry":{"type":"Polygon","coordinates":[[[97.493255735822174,48.835711197470303],[97.513861224721381,48.817166257460997],[97.51032885519578,48.805391692375686],[97.492078279313603,48.804508599994328],[97.469117877397366,48.818049349842347],[97.447334931989587,48.825408453020692],[97.419075975784949,48.820404262859419],[97.330178009391204,48.786258024112165],[97.326056911611374,48.783608746968],[97.321641449704373,48.781253833950927],[97.314871074780342,48.780370741569541],[97.308983792237711,48.782725654586564],[97.305451422712167,48.787435480620687],[97.300447232550937,48.791850942527681],[97.291910672864105,48.794205855544725],[97.269244635074941,48.790379121892016],[97.246872961412919,48.782431290459449],[97.223618195369568,48.777427100298191],[97.198891608690474,48.78037074156952],[97.180935396935467,48.792145306654788],[97.16768901121452,48.810395882536966],[97.160035543909103,48.831590099690438],[97.157091902637774,48.852784316843916],[97.162096092799004,48.85955469176794],[97.172987565502922,48.857494142877975],[97.185939587096698,48.852195588589694],[97.20036342932616,48.848074490809822],[97.209783081394335,48.843070300648591],[97.215964728064137,48.841892844140034],[97.219202733462566,48.844836485411342],[97.219791461716852,48.851312496208266],[97.220968918225367,48.85837723525939],[97.226856200767998,48.862498333039262],[97.246872961412919,48.863087061293534],[97.259824983006752,48.861320876530733],[97.270716455710613,48.862498333039269],[97.298092319533851,48.881926365429955],[97.344013123366381,48.894289658769459],[97.386990285927595,48.886636191464007],[97.424080165946236,48.873095441616002],[97.493255735822174,48.835711197470303]]]}},
{"type":"Feature","properties":{"featurecla":"Alkaline Lake","scalerank":9,"name":"Airag Lake","name_abb":"Airag L.","name_alt":null,"note":null,"delta":null,"dam_name":null,"year":-99,"admin":null,"min_zoom":7.0,"min_label":8.0,"label":"Airag Lake","wikidataid":"Q2426550","name_ar":"بحيرة أيراج","name_bn":"আইর‍্যাগ লেক","name_de":"Airag Lake","name_en":"Airag","name_es":"Airag","name_fr":"Airag","name_el":"Λίμνη Άιραγκ","name_hi":"ऐराग झील","name_hu":"Airag-tó","name_id":"Danau Airag","name_it":"Ajrag nuur","name_ja":"アイラグ・ヌール","name_ko":"아이라그 레이크","name_nl":"Airag","name_pl":"Ajrag nuur","name_pt":"Airag","name_ru":"Айраг-Нуур","name_sv":"Airag","name_tr":"Airag","name_vi":"Hồ Airag","name_zh":"艾拉格湖","ne_id":1159127061,"name_fa":"دریاچه آیرگ","name_he":"אגם איראג","name_uk":"Айраг-Нур","name_ur":"ایراگ","name_zht":"艾拉格湖","historical_claim":false,"geometry_status":"modern_physical_reference","source_id":"source.natural_earth.lakes.10m"},"geometry":{"type":"Polygon","coordinates":[[[93.539356780189564,48.923726071482648],[93.54082860082525,48.915189511795838],[93.537001867172535,48.875155990505931],[93.530820220502733,48.863675789547798],[93.519928747798886,48.856022322242353],[93.505210541442295,48.849251947318358],[93.46458829189811,48.837477382233061],[93.431325145532242,48.840421023504376],[93.401594368691988,48.855433593988096],[93.371569227724535,48.879865816540018],[93.357734113749302,48.88751928384545],[93.345665184536927,48.891934745752408],[93.341249722629982,48.898999484803582],[93.351258102952457,48.914306419414423],[93.362738303910589,48.924903527991155],[93.375395961377251,48.932262631169444],[93.389819803606656,48.936678093076431],[93.406598558853204,48.937855549584967],[93.425732227116725,48.939033006093453],[93.442216618236102,48.941976647364818],[93.470475574440741,48.951690663560157],[93.480189590636087,48.957283581975695],[93.499028894772565,48.965231413408212],[93.517573834781842,48.965525777535355],[93.525521666214388,48.948158294034577],[93.536413138918249,48.931085174660957],[93.539356780189564,48.923726071482648]]]}},
{"type":"Feature","properties":{"featurecla":"Alkaline Lake","scalerank":5,"name":"Khyargas Nuur","name_abb":"Khyargas Nuur","name_alt":"Khyargas Lake","note":null,"delta":null,"dam_name":null,"year":-99,"admin":null,"min_zoom":4.7,"min_label":6.0,"label":"Khyargas Nuur","wikidataid":"Q1125601","name_ar":"بحيرة خيارجاس","name_bn":"খ্যারগাস নূর","name_de":"Chjargas Nuur","name_en":"Khyargas Nuur","name_es":"Khyargas","name_fr":"Khyargas","name_el":"Χουάγκας Νουρ","name_hi":"ख्यारगस नूउर","name_hu":"Hjargasz-tó","name_id":"Khyargas Nuur","name_it":"Hjargas nuur","name_ja":"ヒャルガス湖","name_ko":"캬르가스 누르","name_nl":"Khyargas Nuur","name_pl":"Chjargas nuur","name_pt":"Khyargas","name_ru":"Хяргас-Нуур","name_sv":"Khyargas Nuur","name_tr":"Khyargas Nuur","name_vi":"Khyargas","name_zh":"吉爾吉斯湖","ne_id":1159126887,"name_fa":"خیارگاس نور","name_he":"אגם חיארגאס","name_uk":"Хярґас-Нур","name_ur":"کھائراگاس نور","name_zht":"吉爾吉斯湖","historical_claim":false,"geometry_status":"modern_physical_reference","source_id":"source.natural_earth.lakes.10m"},"geometry":{"type":"MultiPolygon","coordinates":[[[[92.915599194797494,49.329065474543007],[92.916482287178951,49.329065474542993],[92.916527573967869,49.329042831148676],[92.915599194797494,49.329065474543007]]],[[[93.806639407625255,49.157156824298092],[93.8119379619136,49.121538764915172],[93.786328282853162,49.102110732524451],[93.699196501222104,49.082682700133759],[93.656513702787947,49.06178284710748],[93.580273393860921,49.033818255029871],[93.553486258292025,49.042943542970995],[93.515807650019156,49.043237907098188],[93.478717770000515,49.036173168047],[93.453696819194306,49.024104238834589],[93.435446243312128,49.012329673749356],[93.429558960769384,49.006442391206768],[93.428087140133925,49.000555108664066],[93.430736417278069,48.984659445798997],[93.429558960769384,48.979066527383431],[93.416312575048664,48.969058147060935],[93.383049428682625,48.958461038484288],[93.368036858198991,48.951690663560171],[93.334773711833122,48.983481989290333],[93.32270478262069,49.022632418198903],[93.315934407696716,49.062665939488916],[93.299744380704396,49.095634721727563],[93.281199440695161,49.109469835702662],[93.264420685448613,49.110352928084133],[93.244698288930749,49.105643102050074],[93.217028060980397,49.102699460778695],[93.163159425715435,49.102993824905901],[93.13666665427354,49.106820558558546],[93.114000616484304,49.11565148237262],[93.102520415526271,49.128897868093567],[93.092806399330925,49.14744280810276],[93.080737470118436,49.163632835095079],[93.063075622490672,49.170697574146075],[92.869972755092192,49.210436731308889],[92.826701228403806,49.23310276909816],[92.806390103631827,49.266954643718215],[92.815221027445716,49.294624871668532],[92.842596891268897,49.31493599644066],[92.879098043033309,49.327004925653107],[92.917071015433194,49.328771110415865],[92.916527573967869,49.329042831148676],[92.927668124009998,49.328771110415865],[92.951805982434735,49.325238740890256],[92.976826933240886,49.318174001839218],[92.990662047216063,49.308165621516729],[93.015388633895213,49.322000735491905],[93.086624752661194,49.320234550728962],[93.135783561892083,49.339662583119654],[93.151973588884402,49.332009115814394],[93.176405811436155,49.308165621516729],[93.192301474301416,49.301100882465526],[93.207902773039336,49.299923425957047],[93.238222278134003,49.30168961071972],[93.299450016577396,49.293741779287288],[93.368919950580448,49.272841926260931],[93.423966042354095,49.237223866877962],[93.44309971061756,49.184532688121237],[93.449870085541534,49.184532688121237],[93.458701009355593,49.211025459563295],[93.485782509051717,49.219562019249949],[93.521106204307443,49.217795834487283],[93.588515589420581,49.206021269402008],[93.604411252285672,49.199545258605099],[93.618246366260848,49.188359421774052],[93.645033501829914,49.150680813501211],[93.656513702787947,49.143616074449994],[93.651215148499659,49.158039916679535],[93.64238422468577,49.173935579544661],[93.635319485634568,49.18983124240976],[93.635613849761626,49.205726905274823],[93.645033501829914,49.218090198614334],[93.658574251677862,49.218678926868712],[93.690071213281044,49.205726905274844],[93.78750573936162,49.170991938273282],[93.806639407625255,49.157156824298092]]]]}},
{"type":"Feature","properties":{"featurecla":"Lake","scalerank":9,"name":"Sangiyn Dalay Nuur","name_abb":"Sangiyn Dalay Nuur","name_alt":null,"note":null,"delta":null,"dam_name":null,"year":-99,"admin":null,"min_zoom":7.0,"min_label":8.0,"label":"Sangiyn Dalay Nuur","wikidataid":"Q2721984","name_ar":"بحيرة سانجين دالاي","name_bn":"সাংগিন দালয় নূর","name_de":"Sangiyn Dalay Nuur","name_en":"Sangiin Dalai","name_es":"Sangiyn Dalay Nuur","name_fr":"Lac Sangin Dalai","name_el":"Σάνγκιιν Νταλάι Νουρ","name_hi":"संगिन डेले नूर","name_hu":"Sangiyn Dalay Nuur","name_id":"Sangiyn Dalay Nuur","name_it":"Sangijn Dalaj nuur","name_ja":"サンギンダライ湖","name_ko":"산긴 달레이 누르","name_nl":"Sangiin Dalai","name_pl":"Sangijn Dalaj nuur","name_pt":"Lago Sangiyn Dalay","name_ru":"Сангийн-Далай-Нур","name_sv":"Sangiyn Dalay Nuur","name_tr":"Sangiin Dalai","name_vi":"Sangiin Dalai","name_zh":"桑根达来湖","ne_id":1159119451,"name_fa":"سانگین دالای نور","name_he":"אגם סאנגיאין דאלאי","name_uk":"Сангійн-Далай-Нур","name_ur":"سانگین ڈالے نور","name_zht":"桑根達來湖","historical_claim":false,"geometry_status":"modern_physical_reference","source_id":"source.natural_earth.lakes.10m"},"geometry":{"type":"Polygon","coordinates":[[[99.141400483632367,49.253413893870103],[99.254730672578091,49.238990051640641],[99.228237901136197,49.223094388775571],[99.157001782370344,49.231630948462367],[99.137868114106766,49.212497280198818],[99.139634298869566,49.200428350986385],[99.146404673793597,49.190419970663982],[99.152291956336228,49.17952849796005],[99.151703228081999,49.163927199222108],[99.142283576013767,49.149208992865525],[99.12992028267422,49.144793530958552],[99.115496440444758,49.149208992865525],[99.100189505833953,49.16068919382365],[99.073108006137829,49.167753932874788],[99.031897028339415,49.171580666527539],[99.001283159117691,49.180411590341457],[99.004226800389006,49.201900171622079],[99.017473186109953,49.207787454164709],[99.054563066128537,49.214557829088712],[99.062216533433968,49.222505660521307],[99.054857430255652,49.231336584335281],[99.007464805787436,49.253413893870103],[98.984210039744084,49.246643518946065],[98.947414523852615,49.244582970056172],[98.913268285105346,49.247526611327501],[98.898550078748769,49.256946263395704],[98.885892421282108,49.274902475150732],[98.827608324110031,49.288148860871644],[98.809063384100739,49.301689610719698],[98.838499796813892,49.305810708499571],[98.926220306699122,49.301689610719698],[99.010997175313037,49.301689610719698],[99.023654832779698,49.299040333575533],[99.031013935958015,49.292564322778645],[99.036018126119245,49.285205219600343],[99.041611044534775,49.280201029439098],[99.055740522637052,49.274608111023603],[99.066043267086684,49.271958833879403],[99.074579826773459,49.268426464353851],[99.082527658206061,49.260184268794148],[99.077229103917659,49.259006812285627],[99.076051647409145,49.244877334183336],[99.081055837570375,49.232514040843753],[99.093419130909922,49.236046410369305],[99.103721875359497,49.244288605929],[99.115202076317644,49.249587160217409],[99.127859733784305,49.25253080148871],[99.141400483632367,49.253413893870103]]]}},
{"type":"Feature","properties":{"featurecla":"Lake","scalerank":9,"name":"Achit Nuur","name_abb":"Achit Nuur","name_alt":null,"note":null,"delta":null,"dam_name":null,"year":-99,"admin":null,"min_zoom":7.0,"min_label":8.0,"label":"Achit Nuur","wikidataid":"Q968728","name_ar":"بحيرة أكيت","name_bn":"আকিত নুর","name_de":"Atschit Nuur","name_en":"Achit","name_es":"Achit Nuur","name_fr":"Achit","name_el":"Αχίτ Νουρ","name_hi":"अचित नूर","name_hu":"Achit-Nuur","name_id":"Achit Nuur","name_it":"Ačit Nuur","name_ja":"アチット・ヌール","name_ko":"아칫 누르","name_nl":"Achit","name_pl":"Aczit nuur","name_pt":"Lago Achit","name_ru":"Ачит-Нуур","name_sv":"Achit Nuur","name_tr":"Achit","name_vi":"Achit","name_zh":"阿奇特湖","ne_id":1159118491,"name_fa":"آچیت نور","name_he":"אגם אצ'יט","name_uk":"Ачіт-нуур","name_ur":"اچیت نور","name_zht":"阿奇特湖","historical_claim":false,"geometry_status":"modern_physical_reference","source_id":"source.natural_earth.lakes.10m"},"geometry":{"type":"Polygon","coordinates":[[[90.623680100950367,49.522168341941317],[90.613377356500806,49.503329037804917],[90.619853367297665,49.483901005414211],[90.653705241917805,49.461529331752224],[90.667245991765867,49.445044940632847],[90.672544546054269,49.425911272369284],[90.672838910181397,49.405600147597198],[90.667834720020153,49.387055207587927],[90.657531975570535,49.373220093612701],[90.645168682230974,49.369393359959986],[90.636632122544199,49.375869370756881],[90.633394117145713,49.384994658697963],[90.636632122544199,49.389998848859214],[90.64340249746823,49.393236854257658],[90.650172872392261,49.400890321563089],[90.653116513663576,49.410015609504192],[90.64752359524806,49.417374712682459],[90.638692671434114,49.415019799665416],[90.606606981576761,49.400301593308818],[90.592771867601584,49.396769223783245],[90.540080688844967,49.410015609504192],[90.531544129158192,49.414136707284023],[90.515648466293044,49.430326734276235],[90.445589804035706,49.434153467928958],[90.428811048789214,49.457702598099516],[90.429105412916329,49.471537712074685],[90.427044864026428,49.484489733668468],[90.422040673865183,49.496558662880865],[90.414092842432638,49.50656704320334],[90.430282869424914,49.517164151780094],[90.470905118969029,49.533059814645199],[90.494748613266722,49.550132934018862],[90.517709015182959,49.558963857832779],[90.527717395505491,49.56514550450256],[90.558625628854259,49.589283362927318],[90.600425334906959,49.598114286741293],[90.658415067951935,49.594581917215713],[90.700803502258907,49.576331341333592],[90.695210583843391,49.540713281950623],[90.674899459071298,49.531882358136656],[90.647523595248074,49.528644352738233],[90.623680100950367,49.522168341941317]]]}},
{"type":"Feature","properties":{"featurecla":"Lake","scalerank":6,"name":"Reg Nuur","name_abb":"Reg Nuur","name_alt":null,"note":null,"delta":null,"dam_name":null,"year":-99,"admin":null,"min_zoom":5.0,"min_label":6.5,"label":"Reg Nuur","wikidataid":"Q978800","name_ar":"بحيرة ريج","name_bn":"রেগ নুর","name_de":"Reg Nuur","name_en":"Üüreg","name_es":"Üüreg","name_fr":"Üüreg","name_el":"Ρεγκ Νουρ","name_hi":"रेग नुउर","name_hu":"Reg Nuur","name_id":"Reg Nuur","name_it":"Ùùrėg nuur","name_ja":"ウウレグ・ヌール","name_ko":"레그 누르","name_nl":"Üüreg","name_pl":"Üüreg nuur","name_pt":"Lago Reg","name_ru":"Уурэг-Нуур","name_sv":"Reg Nuur","name_tr":"Üüreg","name_vi":"Uureg","name_zh":"烏雷格湖","ne_id":1159115657,"name_fa":"رگ نور","name_he":"אגם רג","name_uk":"Урег-нур","name_ur":"ریگ نور","name_zht":"烏雷格湖","historical_claim":false,"geometry_status":"modern_physical_reference","source_id":"source.natural_earth.lakes.10m"},"geometry":{"type":"Polygon","coordinates":[[[90.909507668395236,50.112074052713233],[90.86888541885105,50.122965525417065],[90.874183973139452,50.135917547010891],[90.90479784236112,50.161527226071279],[90.929230064913042,50.19243545942016],[90.933056798565758,50.203621296251178],[90.933939890947158,50.214218404827875],[90.939532809362689,50.220694415624791],[90.95660592873628,50.219811323243398],[90.975445232872758,50.214218404827854],[91.051685541799827,50.219811323243398],[91.070230481809119,50.216278953717811],[91.089658514199812,50.209802942920888],[91.107614725954875,50.201855111488364],[91.120566747548651,50.192435459420153],[91.128808943108311,50.180366530207735],[91.136756774540856,50.162999046706965],[91.141466600574972,50.142982286062029],[91.140877872320743,50.123554253671351],[91.130575127871111,50.103243128899251],[91.11291328024322,50.093234748576783],[91.090541606581226,50.089702379051197],[91.065815019902175,50.089408014924061],[90.966319944931627,50.082637640000065],[90.946008820159534,50.087936194288417],[90.909507668395236,50.112074052713233]]]}},
{"type":"Feature","properties":{"featurecla":"Lake","scalerank":9,"name":"Aqqikkol Hu","name_abb":"Aqqikkol Hu","name_alt":null,"note":null,"delta":null,"dam_name":null,"year":-99,"admin":null,"min_zoom":7.0,"min_label":8.0,"label":"Aqqikkol Hu","wikidataid":"Q16936775","name_ar":"بحيرة آقيقكول","name_bn":"আক্কুিইকোল হু","name_de":"Aqqikkol Hu","name_en":"Aqqikkol Hu","name_es":"Aqqikkol Hu","name_fr":"Lake Aqqikkol","name_el":"Ακκικόλ Χου","name_hi":"अक्किक्कोल हु","name_hu":"Aqqikkol-tó","name_id":"Danau Aqqikkol","name_it":"Lago Aqqikkol","name_ja":"アクキコル湖","name_ko":"아퀴콜 후","name_nl":"Lake Aqqikkol","name_pl":"Jezioro Aqqikkol","name_pt":"Lago Aqqikkol","name_ru":"Аккикколь","name_sv":"Aqqikkol Hu","name_tr":"Aqqikkol Hu","name_vi":"Hồ Aqqikkol","name_zh":"阿其克庫勒湖","ne_id":1159119895,"name_fa":"آکیکول هو","name_he":"אגם אקיקול","name_uk":"Аккиколь","name_ur":"اقیکول ہو","name_zht":"阿其克庫勒湖","historical_claim":false,"geometry_status":"modern_physical_reference","source_id":"source.natural_earth.lakes.10m"},"geometry":{"type":"Polygon","coordinates":[[[88.359431235053592,36.996091640107423],[88.334704648374498,37.014930944243837],[88.308506241059831,37.024644960439161],[88.288489480414853,37.050549003626777],[88.276420551202477,37.060263019822109],[88.342358115679929,37.143568067800359],[88.372088892520253,37.16329046431818],[88.415654783335754,37.173298844640684],[88.466579777329528,37.173593208767791],[88.514855494179145,37.165351013208124],[88.550179189434914,37.148866622088732],[88.55577210785043,37.127083676681011],[88.557538292613174,37.089993796662426],[88.551651010070543,37.0546701014066],[88.540170809112453,37.039068802668616],[88.52545260275582,37.043484264575596],[88.52221459735739,37.052903916643821],[88.517799135450446,37.062323568712053],[88.498959831313982,37.066444666491854],[88.470995239236458,37.067622123000419],[88.465991049075228,37.059968655694959],[88.455393940498482,37.009926754082571],[88.450684114464423,37.000801466141503],[88.440381370014791,36.991970542327557],[88.420364609369813,36.983433982640754],[88.404763310631836,36.984317075022155],[88.359431235053592,36.996091640107423]]]}},
{"type":"Feature","properties":{"featurecla":"Lake","scalerank":5,"name":"Ayakkum Hu","name_abb":"Ayakkum Hu","name_alt":null,"note":null,"delta":null,"dam_name":null,"year":-99,"admin":null,"min_zoom":4.7,"min_label":6.0,"label":"Ayakkum Hu","wikidataid":"Q631714","name_ar":"بحيرة أياكوم","name_bn":"আয়াক্কুম হু","name_de":"Ayakkum Hu","name_en":"Ayakum","name_es":"Ayakum","name_fr":"Lake Ayakum","name_el":"Αιακούμ Χου","name_hi":"अयाक्कुम हु","name_hu":"Ayakkum-tó","name_id":"Danau Ayakkum","name_it":"Ayakum","name_ja":"アヤクム湖","name_ko":"아야쿰 후","name_nl":"Lake Ayakum","name_pl":"Jezioro Ayakkum","name_pt":"Lago Ayakum","name_ru":"Аяккумкёль","name_sv":"Ayakkum Hu","name_tr":"Ayakum Gölü","name_vi":"Ayakum","name_zh":"阿雅克库木湖","ne_id":1159114215,"name_fa":"آیاکوم هو","name_he":"אגם איאקום","name_uk":"Аякум","name_ur":"آیاکم ہو","name_zht":"阿雅克庫木湖","historical_claim":false,"geometry_status":"modern_physical_reference","source_id":"source.natural_earth.lakes.10m"},"geometry":{"type":"Polygon","coordinates":[[[89.670234693170926,37.499748661629695],[89.647274291254632,37.498865569248288],[89.619015335049994,37.50092611813821],[89.598704210277916,37.498571205121138],[89.608712590600362,37.49297828670565],[89.612833688380249,37.49150646607],[89.612833688380249,37.484147362891726],[89.594288748370957,37.484147362891726],[89.586635281065526,37.486207911781626],[89.579276177887209,37.49150646607],[89.550428493428342,37.474727710823466],[89.497148586417495,37.471489705425078],[89.440041945753933,37.476199531459145],[89.400008424464033,37.484147362891726],[89.28196840948425,37.531834351487042],[89.235458877397434,37.533306172122693],[89.188654981183504,37.524769612435875],[89.164517122758696,37.525652704817276],[89.12389487321451,37.544786373080825],[89.097990830026959,37.551851112131985],[89.076796612873466,37.563920041344396],[89.071498058585064,37.587763535642075],[89.084450080178897,37.603364834380059],[89.108293574476534,37.606602839778496],[89.156863655453265,37.601598649617245],[89.166577671648611,37.599243736600172],[89.182178970386587,37.590118448659105],[89.194542263726134,37.587763535642075],[89.249882719626896,37.601598649617245],[89.289916240916796,37.623675959152102],[89.311699186324518,37.626913964550575],[89.341724327291956,37.641632170907158],[89.54424684675854,37.62573650804206],[89.571328346454663,37.615728127719571],[89.578393085505809,37.609840845176919],[89.601942215676331,37.598949372473079],[89.626080074101139,37.591001541040498],[89.643447557601917,37.587763535642054],[89.654339030305778,37.582759345480802],[89.657282671577093,37.571573508649813],[89.654927758560063,37.558621487056044],[89.649923568398833,37.550084927369198],[89.639032095694972,37.546552557843626],[89.619309699177109,37.560093307691695],[89.609301318854648,37.556855302293251],[89.611067503617448,37.542431460063803],[89.633439177279456,37.530068166724256],[89.659931948721294,37.520059786401788],[89.674355790950756,37.512111954969228],[89.670234693170926,37.499748661629695]]]}},
{"type":"Feature","properties":{"featurecla":"Lake","scalerank":4,"name":"Bosten Hu","name_abb":"Bosten Hu","name_alt":null,"note":null,"delta":null,"dam_name":null,"year":-99,"admin":null,"min_zoom":4.0,"min_label":5.0,"label":"Bosten Hu","wikidataid":"Q611206","name_ar":"بحيرة بوستن","name_bn":"বোস্টেন হু","name_de":"Bosten","name_en":"Bosten","name_es":"Bosten","name_fr":"Bosten","name_el":"Μπόστεν Χου","name_hi":"बोस्तेन झील","name_hu":"Boszten-tó","name_id":"Bosten","name_it":"Bosten","name_ja":"ボステン湖","name_ko":"보스텅 호수","name_nl":"Bosten","name_pl":"Bosten Hu","name_pt":"Lago Bosten","name_ru":"Баграшкёль","name_sv":"Bosten","name_tr":"Bosten","name_vi":"Bosten","name_zh":"博斯腾湖","ne_id":1159113927,"name_fa":"بوستن هو","name_he":"בוסטן","name_uk":"Баграшкьоль","name_ur":"بوسٹن ہو","name_zht":"博斯騰湖","historical_claim":false,"geometry_status":"modern_physical_reference","source_id":"source.natural_earth.lakes.10m"},"geometry":{"type":"Polygon","coordinates":[[[87.416877299977955,41.839264623804759],[87.378315599323741,41.844563178093118],[87.310023121829204,41.866051759373718],[87.312672398973348,41.870172857153598],[87.316499132626063,41.872822134297756],[87.307079480557888,41.884007971128753],[87.296482371981142,41.893427623196999],[87.281469801497394,41.884302335255924],[87.24908974751294,41.89283889494267],[87.212294231621456,41.906674008917939],[87.133993373804458,41.921980943528759],[87.049510869317658,41.911972563206305],[86.914692099091326,41.876354503823372],[86.874952941928598,41.87282213429777],[86.844339072706873,41.865757395246618],[86.786643703789082,41.834554797770629],[86.753380557423213,41.825429509829583],[86.737484894558065,41.833966069516386],[86.698334465649566,41.833377341262107],[86.680083889767388,41.845446270474525],[86.72541596534569,41.855160286669879],[86.734246889159635,41.858987020322573],[86.73542434566815,41.864285574610967],[86.734835617413921,41.871055949534984],[86.733069432651121,41.876943232077615],[86.730714519634034,41.879592509221801],[86.721589231692974,41.882536150493117],[86.721294867565859,41.889600889544262],[86.72718215010849,41.904024731773752],[86.73042015550692,41.909028921934976],[86.745138361863496,41.924630220672974],[86.748376367261983,41.931106231469862],[86.750142552024727,41.945824437826438],[86.754852378058843,41.960248280055872],[86.763094573618574,41.972611573395397],[86.775163502830949,41.982619953717887],[86.802833730781288,41.991450877531818],[86.827265953333267,41.993217062294633],[86.844339072706873,42.002636714362822],[86.85081508350379,42.034133675965919],[86.845810893342559,42.037960409618655],[86.836096877147213,42.048851882322502],[86.829620866350311,42.060037719153506],[86.833741964130127,42.065336273441872],[86.837568697782842,42.069163007094602],[86.830503958731697,42.077993930908534],[86.81872939364645,42.087413582976737],[86.809898469832504,42.09241777313801],[86.81401956761232,42.100659968697656],[86.814313931739434,42.106547251240322],[86.81078156221389,42.11243453378296],[86.803128094908459,42.119793636961255],[86.816668844756521,42.133628750936424],[86.834919420638656,42.121265457596877],[86.85758545842782,42.115378175054261],[86.934120131482018,42.110079620765909],[87.07394309186958,42.060920811534899],[87.169905797314527,42.047968789941109],[87.187273280815248,42.051501159466696],[87.196398568756379,42.047380061686837],[87.253210845292756,42.035016768347333],[87.311789306591947,42.032073127076032],[87.337398985652456,42.023536567389193],[87.354472105026048,42.002931078489972],[87.357415746297363,41.974966486412455],[87.351234099627618,41.913738747969049],[87.364186121221394,41.917859845748914],[87.377432506942341,41.913150019714834],[87.388029615519088,41.902847275265216],[87.391856349171803,41.890189617798555],[87.398332359968663,41.881358693984573],[87.427180044427587,41.858692656195437],[87.433656055224503,41.848978640000098],[87.416877299977955,41.839264623804759]]]}},
{"type":"Feature","properties":{"featurecla":"Lake","scalerank":4,"name":null,"name_abb":null,"name_alt":null,"note":"_untitled_4","delta":null,"dam_name":null,"year":-99,"admin":null,"min_zoom":4.0,"min_label":5.1,"label":null,"wikidataid":null,"name_ar":null,"name_bn":null,"name_de":null,"name_en":null,"name_es":null,"name_fr":null,"name_el":null,"name_hi":null,"name_hu":null,"name_id":null,"name_it":null,"name_ja":null,"name_ko":null,"name_nl":null,"name_pl":null,"name_pt":null,"name_ru":null,"name_sv":null,"name_tr":null,"name_vi":null,"name_zh":null,"ne_id":1159113939,"name_fa":null,"name_he":null,"name_uk":null,"name_ur":null,"name_zht":null,"historical_claim":false,"geometry_status":"modern_physical_reference","source_id":"source.natural_earth.lakes.10m"},"geometry":{"type":"Polygon","coordinates":[[[84.213018140276873,47.732140084853683],[84.22067160758229,47.729196443582353],[84.22655889012492,47.724780981675366],[84.213018140276873,47.732140084853683]]]}},
{"type":"Feature","properties":{"featurecla":"Lake","scalerank":9,"name":null,"name_abb":null,"name_alt":null,"note":"_untitled_307","delta":null,"dam_name":null,"year":-99,"admin":null,"min_zoom":7.0,"min_label":8.0,"label":null,"wikidataid":null,"name_ar":null,"name_bn":null,"name_de":null,"name_en":null,"name_es":null,"name_fr":null,"name_el":null,"name_hi":null,"name_hu":null,"name_id":null,"name_it":null,"name_ja":null,"name_ko":null,"name_nl":null,"name_pl":null,"name_pt":null,"name_ru":null,"name_sv":null,"name_tr":null,"name_vi":null,"name_zh":null,"ne_id":1159118473,"name_fa":null,"name_he":null,"name_uk":null,"name_ur":null,"name_zht":null,"historical_claim":false,"geometry_status":"modern_physical_reference","source_id":"source.natural_earth.lakes.10m"},"geometry":{"type":"Polygon","coordinates":[[[88.56401430341009,48.522213402075032],[88.550767917689143,48.522507766202189],[88.530162428789936,48.527217592236305],[88.495721825915552,48.539875249702966],[88.448623565574451,48.58756223829829],[88.464224864312484,48.590800243696734],[88.477471250033375,48.584618597026953],[88.489540179245807,48.574610216704471],[88.502492200839583,48.566368021144804],[88.521625869103104,48.561658195110695],[88.537815896095367,48.563130015746381],[88.570784678334121,48.574021488450221],[88.608757650734105,48.578436950357201],[88.675578307593014,48.567545477653333],[88.708547089831768,48.566368021144804],[88.680876861881359,48.54164143446571],[88.644670074244175,48.534282331287443],[88.60404782469999,48.531927418270392],[88.56401430341009,48.522213402075032]]]}},
{"type":"Feature","properties":{"featurecla":"Reservoir","scalerank":3,"name":"Lake Zaysan","name_abb":"L. Zaysan","name_alt":null,"note":null,"delta":null,"dam_name":"Bukhtarma","year":1960,"admin":null,"min_zoom":3.0,"min_label":5.0,"label":"Lake Zaysan","wikidataid":"Q216621","name_ar":"بحيرة زيسان","name_bn":"লেক জেসান","name_de":"Saissansee","name_en":"Zaysan","name_es":"Zaysan","name_fr":"Zaïssan","name_el":"Λίμνη Ζαϊσάν","name_hi":"ज़ायसान झील","name_hu":"Zaysan-tó","name_id":"Zaysan","name_it":"Zajsan","name_ja":"ザイサン湖","name_ko":"자이산호","name_nl":"Zaysanmeer","name_pl":"Zajsan","name_pt":"Zaysan","name_ru":"Зайсан","name_sv":"Zajsan","name_tr":"Zaysan","name_vi":"Zaysan","name_zh":"斋桑泊","ne_id":1159123091,"name_fa":"دریاچه زایسان","name_he":"אגם זייסאן","name_uk":"Зайсан","name_ur":"جھیل زیسان","name_zht":"齋桑泊","historical_claim":false,"geometry_status":"modern_physical_reference","source_id":"source.natural_earth.lakes.10m"},"geometry":{"type":"Polygon","coordinates":[[[84.543883419172872,47.946142805278377],[84.562133995055035,47.930835870667529],[84.506499175027159,47.912585294785373],[84.475885305805505,47.909641653514065],[84.464699468974459,47.906698012242728],[84.456457273414799,47.901399457954369],[84.453219268016312,47.893157262394681],[84.452041811507797,47.884326338580728],[84.447331985473681,47.87402359413111],[84.446448893092295,47.865781398571443],[84.437912333405507,47.853418105231889],[84.419073029269043,47.846059002053615],[84.398173176242722,47.840760447765234],[84.384043698140374,47.834578801095461],[84.374329681945028,47.81897750235747],[84.375212774326442,47.804848024255172],[84.390814073064405,47.773056698524947],[84.37962823623343,47.772762334397811],[84.371974768927998,47.768346872490888],[84.365204394003968,47.762753954075365],[84.356667834317136,47.759515948676878],[84.34459890510476,47.759221584549771],[84.293673911110943,47.767758144236559],[84.285431715551283,47.771290513762153],[84.278072612372966,47.776589068050527],[84.269830416813306,47.778649616940477],[84.245398194261384,47.77364542677919],[84.233917993303237,47.773056698524933],[84.237744726955953,47.763637046456751],[84.243926373625698,47.762459589948215],[84.251874205058229,47.763342682329629],[84.260705128872189,47.759515948676878],[84.263648770143504,47.753628666134261],[84.267475503796234,47.744503378193158],[84.272185329830336,47.735966818506355],[84.278072612372966,47.732140084853661],[84.34607072574039,47.738321731523428],[84.363732573368281,47.732140084853668],[84.328408878112498,47.71977679151415],[84.292496454602428,47.71477260135287],[84.256584031092359,47.718010606751356],[84.22067160758229,47.729196443582353],[84.205953401225727,47.746563927083123],[84.198594298047453,47.75245120962574],[84.191235194869137,47.755983579151341],[84.173278983114145,47.761576497566807],[84.164448059300184,47.765697595346666],[84.145903119290892,47.778943981067577],[84.112934337052138,47.809263486162131],[84.096155581805604,47.820743687120284],[84.075550092906383,47.828397154425716],[84.006963251284731,47.841937904273777],[83.92542438806926,47.869313768097015],[83.855660089939022,47.874906686512524],[83.83623205754833,47.882854517945077],[83.817687117539037,47.899927637318712],[83.800025269911146,47.935251332574502],[83.788250704825884,47.951146995439572],[83.767939580053792,47.962921560524876],[83.720841319712747,47.971458120211729],[83.698764010177854,47.979111587517096],[83.666383956193386,48.009725456738799],[83.649605200946894,48.019439472934152],[83.630471532683316,48.012669098010129],[83.609571679656938,48.021794385951189],[83.583373272342271,48.025621119603919],[83.530976457712825,48.026209847858183],[83.522439898025993,48.028564760875227],[83.50831041992366,48.038278777070573],[83.49624149071127,48.04063369008766],[83.470337447523661,48.042105510723317],[83.445022132590353,48.046815336757398],[83.417940632894272,48.059178630096937],[83.410875893843084,48.061239178986838],[83.394685866850864,48.05917863009698],[83.367898731281855,48.04917024977447],[83.352591796670993,48.046815336757405],[83.325804661102055,48.048581521520184],[83.306670992838463,48.053880075808578],[83.211885743902087,48.099506515514015],[83.195695716909839,48.111869808853491],[83.168025488959472,48.139834400931051],[83.157134016255611,48.147782232363554],[83.148008728314494,48.147782232363554],[83.137705983864933,48.144544226965131],[83.123576505762571,48.143661134583738],[83.085014805108301,48.155435699668992],[83.044098191437016,48.1795735580938],[83.012012501579648,48.209598699061189],[82.999943572367272,48.239918204155771],[83.007597039672703,48.259051872419363],[83.023492702537794,48.266705339724751],[83.042037642547086,48.264939154961979],[83.058227669539349,48.256108231148005],[83.087075353998273,48.235208378121669],[83.092668272413732,48.232264736850368],[83.097966826702134,48.230498552087575],[83.10267665273625,48.226966182561988],[83.107386478770309,48.22519999779918],[83.11680613083854,48.231676008596089],[83.129463788305202,48.23844638352012],[83.142415809898992,48.242861845427072],[83.155662195619925,48.256108231148026],[83.161255114035441,48.259051872419384],[83.209236466757886,48.259051872419363],[83.221305395970333,48.261406785436385],[83.245443254395084,48.271120801631739],[83.256923455353231,48.27347571464874],[83.298723161405917,48.273475714648775],[83.318739922050909,48.271120801631717],[83.359950899849309,48.2614067854364],[83.436191208776393,48.258463144165063],[83.460329067201215,48.262584241944914],[83.479168371337622,48.27347571464874],[83.482406376736108,48.279362997191399],[83.49300348531284,48.307621953396072],[83.507132963415145,48.335292181346432],[83.524794811043023,48.347949838813079],[83.547166484705031,48.356486398499939],[83.595736565681761,48.368849691839451],[83.566300152968608,48.386511539467378],[83.547755212959331,48.393870642645645],[83.510959697067861,48.398874832806889],[83.476224730066292,48.408000120747964],[83.462095251964001,48.409766305510743],[83.431481382742277,48.427428153138678],[83.401750605902023,48.465989853792912],[83.384088758274117,48.505729010955704],[83.390564769070977,48.526628863982054],[83.369370551917541,48.560775102729295],[83.397629508122179,48.569017298289012],[83.425005371945431,48.588739694806797],[83.441784127191909,48.61376064561302],[83.438251757666308,48.636426683402142],[83.44943759449734,48.651439253885847],[83.44619958909891,48.674105291674991],[83.434425024013606,48.697948785972635],[83.421178638292702,48.715610633600562],[83.414996991622971,48.732978117101318],[83.416468812258586,48.757410339653262],[83.434425024013606,48.834533740961753],[83.448848866243068,48.865441974310599],[83.471809268159348,48.891640381625308],[83.572187435511239,48.968763782933792],[83.584256364723615,48.973473608967936],[83.614575869818225,48.971118695950857],[83.626939163157715,48.97553415785783],[83.638124999988761,48.984365081671761],[83.705828749228999,49.020571869308995],[83.735265161942223,49.031168977885677],[83.743507357501869,49.037350624555458],[83.764995938782477,49.046475912496554],[83.96840155063046,49.07385177631982],[84.156500227867596,49.134785150636041],[84.18152117867379,49.161572286205022],[84.171807162478444,49.205726905274787],[84.156794591994753,49.23221967671666],[84.150612945324951,49.23899005164062],[84.115877978323454,49.258123719904241],[84.109990695780823,49.256946263395704],[84.101748500221106,49.271075741498002],[84.020209637005635,49.342900588518134],[83.986652126512638,49.358207523128982],[83.967812822376231,49.372631365358451],[83.958393170308014,49.375575006629752],[83.935138404264592,49.37616373488401],[83.92159765441653,49.379990468536739],[83.91247236647547,49.389410120604978],[83.897459795991722,49.411193066012693],[83.870378296295598,49.427088728877784],[83.835643329294101,49.436802745073159],[83.702296379703455,49.452109679683979],[83.683457075566992,49.449460402539806],[83.675214880007331,49.441806935234403],[83.669327597464701,49.4309154625305],[83.65755303237944,49.417374712682452],[83.645189739039893,49.430326734276235],[83.636947543480233,49.442984391742918],[83.632237717446117,49.457408233972352],[83.630471532683316,49.47624753810878],[83.624289886013571,49.485078461922754],[83.582195815833714,49.520990885432809],[83.566888881222894,49.525995075594032],[83.551287582484917,49.528644352738254],[83.539218653272485,49.53512036353515],[83.534508827238369,49.551604754654527],[83.526266631678709,49.557786401324257],[83.508016055796531,49.548661113383197],[83.479168371337607,49.52717253210259],[83.470043083396547,49.539535825442073],[83.457679790057,49.539241461314958],[83.44443340433611,49.536003455916521],[83.431481382742277,49.540713281950637],[83.431187018615162,49.546306200366118],[83.433247567505077,49.571032787045176],[83.431481382742277,49.58162989562193],[83.417351904639986,49.598114286741293],[83.377024019222986,49.623429601674601],[83.363777633502025,49.643740726446744],[83.381733845257031,49.6416801775568],[83.428537741470961,49.630199976598668],[83.445022132590339,49.623429601674623],[83.450615051005855,49.616070498496327],[83.452969964022955,49.606945210555246],[83.457385425929886,49.599291743249836],[83.469159991015147,49.596053737851371],[83.494769670075584,49.596936830232778],[83.506544235160902,49.600174835631258],[83.517141343737592,49.606650846428124],[83.535391919619769,49.612832493097898],[83.613398413309653,49.616659226750627],[83.62164060886937,49.614893041987813],[83.651077021582523,49.603412841029666],[83.671093782227516,49.598703014995593],[83.736736982577838,49.596053737851371],[83.743801721628984,49.600469199758365],[83.747334091154585,49.610477580080861],[83.7493946400445,49.621957781038986],[83.75351573782433,49.630788704852932],[83.775004319104951,49.641091449302543],[83.805029460072376,49.649039280735067],[83.831522231514214,49.660519481693228],[83.851833356286306,49.701436095364528],[83.872438845185584,49.715271209339669],[83.897459795991722,49.72380776902655],[83.965457909359145,49.730578143950559],[83.985180305876952,49.737054154747476],[84.006963251284731,49.746768170942815],[84.01432235446299,49.732638692840474],[83.985180305876952,49.707912106161423],[83.96810718650336,49.696431905203255],[83.948384789985539,49.691722079169196],[83.904230170915753,49.687012253135059],[83.882447225508031,49.680830606465314],[83.863607921371567,49.671705318524204],[83.801202726419675,49.626961971200238],[83.799436541656917,49.622840873420387],[83.794726715622801,49.616953590877714],[83.790311253715799,49.609300123572289],[83.788250704825884,49.599880471504072],[83.790605617842928,49.589283362927318],[83.808856193725092,49.561907499104102],[83.785895791808855,49.556608944815736],[83.732321520670894,49.566911689265346],[83.705828749228999,49.568089145773897],[83.724079325111177,49.544540015603353],[83.727022966382492,49.537769640679315],[83.723490596856891,49.52776126035684],[83.714659673042945,49.526878167975447],[83.703179472084855,49.528644352738233],[83.691404906999594,49.52717253210259],[83.674626151753046,49.517164151780094],[83.67227123873603,49.510393776856048],[83.681690890804262,49.505095222567675],[83.698764010177854,49.499796668279309],[83.731732792416608,49.494203749863807],[83.798259085148345,49.48978828795687],[83.829461682624299,49.480074271761495],[83.82475185659024,49.476541902235923],[83.815626568649122,49.465650429532047],[83.861253008354552,49.469182799057599],[83.885390866779346,49.467122250167712],[83.905113263297167,49.458880054608017],[83.916004736001014,49.442984391742918],[83.92042019790803,49.425028179987869],[83.928073665213461,49.4103099736313],[83.986652126512638,49.394119946639059],[83.993128137309554,49.393236854257658],[83.997543599216499,49.386172115206506],[84.017854723988592,49.366744082815778],[84.024330734785508,49.362622985035991],[84.026685647802537,49.360268072018933],[84.058476973532777,49.345844229789456],[84.08879647862733,49.31493599644066],[84.21419559678543,49.251353344980195],[84.233917993303251,49.229276035445295],[84.243926373625698,49.221622568139907],[84.290435905712513,49.202194535749186],[84.328997606366798,49.191891791299597],[84.341655263833445,49.190125606536817],[84.353429828918706,49.195129796698055],[84.364615665749682,49.201311443367814],[84.379039507979144,49.204549448766258],[84.393463350208606,49.203666356384858],[84.404649187039581,49.198073437969356],[84.422605398794644,49.205138177020523],[84.443799615948151,49.203371992257715],[84.464699468974459,49.195718524952341],[84.480300767712436,49.184532688121344],[84.43379123562562,49.173935579544548],[84.387576067665989,49.170697574146125],[84.334296160655128,49.133018965873276],[84.316045584772951,49.123010585550773],[84.109990695780823,49.074734868701199],[84.054650239880061,49.069141950285676],[84.01020125668316,49.056778656946165],[83.996660506835113,49.054718108056214],[83.985474670004123,49.047359004877954],[83.951328431256854,49.011446581367906],[83.931606034738991,49.000260744536874],[83.819158938174738,48.992607277231443],[83.796492900385601,48.988486179451627],[83.727022966382492,48.959344130865588],[83.627822255539115,48.939327370220653],[83.582195815833714,48.924314799736912],[83.547460848832202,48.896644571786545],[83.54628339232363,48.892229109879572],[83.548343941213602,48.881043273048547],[83.547460848832216,48.876627811141574],[83.543045386925201,48.87191798510748],[83.532742642475625,48.866913794946214],[83.515375158974848,48.852195588589694],[83.509487876432217,48.846013941919871],[83.507132963415131,48.83894920286874],[83.503011865635301,48.829823914927644],[83.476224730066306,48.804508599994328],[83.469454355142261,48.794205855544725],[83.451792507514384,48.73444993773699],[83.452969964022941,48.71767118249047],[83.460917795455487,48.703836068515308],[83.476224730066292,48.687940405650174],[83.513314610084933,48.657326536428464],[83.528327180568624,48.639370324673472],[83.534508827238369,48.615821194502942],[83.532448278348454,48.605518450053339],[83.523028626280279,48.586384781789747],[83.520673713263193,48.574904580831635],[83.530976457712825,48.559303282093651],[83.535097555492669,48.54782308113554],[83.530976457712825,48.537225972558751],[83.52803281644151,48.52044721731226],[83.538041196763984,48.498075543650259],[83.561884691061607,48.465106761411512],[83.601329484097292,48.430371794409965],[83.654609391108124,48.403290294713877],[83.712893488280201,48.390338273120037],[83.767350851799563,48.396814283916967],[83.781774694028968,48.405056479476649],[83.790605617842914,48.413593039163452],[83.799730905784045,48.420657778214618],[83.815626568649122,48.424190147740227],[83.832110959768499,48.423012691231705],[83.870967024549898,48.409766305510743],[83.922775110925059,48.411238126146401],[83.949562246494054,48.409177577256479],[83.96575227348626,48.396814283916967],[83.948679154112668,48.379741164543347],[83.93072294235759,48.370910240729394],[83.884507774397946,48.362668045169706],[83.817392753411923,48.36178495278827],[83.801202726419675,48.35530894199141],[83.776476139740623,48.367672235330936],[83.717014586060031,48.366789142949521],[83.691404906999594,48.376503159144882],[83.543339751052315,48.305561404506143],[83.503894958016701,48.27641935592009],[83.510665332940732,48.265233519089101],[83.530387729458539,48.253164589876704],[83.553936859629061,48.243744937808486],[83.572187435511239,48.239918204155757],[83.595736565681776,48.238446383520106],[83.717014586060031,48.214308525095326],[83.882447225508031,48.15102023776204],[83.969284643011861,48.130414748862798],[84.05200096273586,48.095974145988393],[84.073489544016468,48.082139032013202],[84.082614831957528,48.064182820258182],[84.08967957100873,48.039750597706245],[84.106458326255222,48.042399874850453],[84.143842570400921,48.067420825656633],[84.156794591994768,48.068892646292291],[84.171807162478444,48.067715189783769],[84.185642276453635,48.063888456131039],[84.195650656776138,48.057706809461266],[84.207425221861399,48.047109700884555],[84.218022330438146,48.043282967231839],[84.34872000288459,48.033274586909357],[84.374329681945028,48.023266206586882],[84.435851784515535,47.985293234186884],[84.456457273414799,47.968220114813263],[84.481183860093836,47.956739913855074],[84.543883419172872,47.946142805278377]]]}},
{"type":"Feature","properties":{"featurecla":"Lake","scalerank":9,"name":"Marqakol","name_abb":"Marqakl","name_alt":null,"note":null,"delta":null,"dam_name":null,"year":-99,"admin":null,"min_zoom":7.0,"min_label":8.0,"label":"Marqakol","wikidataid":"Q1299817","name_ar":"ماركاكول","name_bn":"মারকাকোল","name_de":"Markakol","name_en":"Markakol","name_es":"Markakol","name_fr":"Markakol","name_el":"Μαρκακόλ","name_hi":"मरकाकोल","name_hu":"Marqakol","name_id":"Marqakol","name_it":"Marqakol","name_ja":"マルカコル湖","name_ko":"마르카콜","name_nl":"Marqakol","name_pl":"Markaköl","name_pt":"Markakol","name_ru":"Маркаколь","name_sv":"Marqakol","name_tr":"Markakol","name_vi":"Hồ Marqakol","name_zh":"马尔卡湖","ne_id":1159118445,"name_fa":"مارکاکول","name_he":"איי מרקסאס","name_uk":"Маркаколь","name_ur":"مارقاکول","name_zht":"马尔卡湖","historical_claim":false,"geometry_status":"modern_physical_reference","source_id":"source.natural_earth.lakes.10m"},"geometry":{"type":"Polygon","coordinates":[[[86.001868940856014,48.827174637783465],[86.022180065628106,48.811867703172602],[86.020119516738191,48.788907301256337],[86.002752033237414,48.768007448230037],[85.977436718304091,48.758882160288927],[85.953004495752182,48.753289241873389],[85.932987735107247,48.73974849202537],[85.898841496359978,48.704130432642415],[85.855864333798706,48.677343297073442],[85.805822432186346,48.662919454844001],[85.753719981684071,48.662036362462587],[85.713686460394129,48.669984193895139],[85.674830395612744,48.679403845963378],[85.570036766353894,48.688234769777296],[85.535596163479454,48.710312079312196],[85.530886337445409,48.734744301864097],[85.5441327231663,48.752994877746275],[85.561500206667063,48.766241263467201],[85.570331130481009,48.776544007916804],[85.580928239057755,48.796855132688904],[85.606243553991092,48.804508599994328],[85.65834600449341,48.806569148884257],[85.728699030877863,48.830412643181916],[85.758135443591016,48.833945012707488],[85.780801481380138,48.828940822546265],[85.831726475373955,48.808924061901301],[85.850271415383247,48.806569148884236],[85.859985431578593,48.812162067299745],[85.87058254015534,48.828940822546265],[85.878236007460714,48.833945012707488],[85.888244387783232,48.832767556198981],[85.899430224614207,48.826291545402057],[85.908555512555324,48.81775498571524],[85.91238224620804,48.810101518409823],[85.925039903674701,48.807746605392765],[86.001868940856014,48.827174637783465]]]}},
{"type":"Feature","properties":{"featurecla":"Lake","scalerank":9,"name":null,"name_abb":null,"name_alt":null,"note":"_untitled_305","delta":null,"dam_name":null,"year":-99,"admin":null,"min_zoom":7.0,"min_label":8.0,"label":null,"wikidataid":null,"name_ar":null,"name_bn":null,"name_de":null,"name_en":null,"name_es":null,"name_fr":null,"name_el":null,"name_hi":null,"name_hu":null,"name_id":null,"name_it":null,"name_ja":null,"name_ko":null,"name_nl":null,"name_pl":null,"name_pt":null,"name_ru":null,"name_sv":null,"name_tr":null,"name_vi":null,"name_zh":null,"ne_id":1159118507,"name_fa":null,"name_he":null,"name_uk":null,"name_ur":null,"name_zht":null,"historical_claim":false,"geometry_status":"modern_physical_reference","source_id":"source.natural_earth.lakes.10m"},"geometry":{"type":"Polygon","coordinates":[[[89.736466621775548,50.495336146238614],[89.771201588777046,50.473553200830821],[89.747946822733638,50.45971808685568],[89.7185104100205,50.461484271618495],[89.667585416026725,50.473553200830871],[89.656399579195693,50.504461434179724],[89.688779633180218,50.50887689608669],[89.736466621775548,50.495336146238614]]]}},
{"type":"Feature","properties":{"featurecla":"Lake","scalerank":7,"name":"Ozero Teletskoye","name_abb":"O. Teletskoye","name_alt":"Lake Teletskoye","note":null,"delta":null,"dam_name":null,"year":-99,"admin":null,"min_zoom":5.7,"min_label":6.7,"label":"Ozero Teletskoye","wikidataid":"Q217109","name_ar":"بحيرة تيليتسكوي","name_bn":"ওজেরো তেলেতস্কোয়ে","name_de":"Telezker","name_en":"Teletskoe","name_es":"Teletskoye","name_fr":"Teletskoïe","name_el":"Οζέρο Τελέτσκογιε","name_hi":"तेलेत्स्कोये झील","name_hu":"Tyeleckoje-tó","name_id":"Danau Teletskoye","name_it":"Teleckoe","name_ja":"テレツコイェ湖","name_ko":"텔레츠코예호","name_nl":"Teletskojemeer","name_pl":"Jezioro Teleckie","name_pt":"Lago Teletskoye","name_ru":"Телецкое озеро","name_sv":"Ozero Teletskoje","name_tr":"Ozero Teletskoye","name_vi":"Hồ Teletskoye","name_zh":"捷列茨科耶湖","ne_id":1159116449,"name_fa":"اوزرو تلتسکویه","name_he":"אגם טלצקויה","name_uk":"Телецьке озеро","name_ur":"اوزیرو ٹیلٹسکوئے","name_zht":"捷列茨科耶湖","historical_claim":false,"geometry_status":"modern_physical_reference","source_id":"source.natural_earth.lakes.10m"},"geometry":{"type":"Polygon","coordinates":[[[87.838995458284785,51.366065234294105],[87.844588376700301,51.357528674607273],[87.836346181140584,51.346637201903448],[87.820156154148378,51.344282288886383],[87.802494306520487,51.346931566030577],[87.777767719841393,51.353996305081729],[87.764226969993331,51.360177951751453],[87.751274948399555,51.368125783184048],[87.742149660458495,51.377545435252273],[87.738028562678608,51.388731272083255],[87.735673649661578,51.413457858762314],[87.728020182356147,51.428764793373176],[87.708886514092569,51.462322303866166],[87.697700677261594,51.477040510222785],[87.684454291540646,51.487048890545239],[87.681216286142217,51.492936173087834],[87.680038829633702,51.504710738173102],[87.681805014396517,51.515307846749856],[87.684454291540646,51.524727498818088],[87.684159927413532,51.534147150886305],[87.677095188362387,51.545921715971566],[87.661199525497253,51.565055384235102],[87.652368601683293,51.581245411227357],[87.648247503903463,51.599201622982392],[87.645009498505033,51.667788464604079],[87.641477128979446,51.689865774138944],[87.6320574769112,51.70635016525835],[87.639122215962402,51.718713458597854],[87.628230743258541,51.724600741140456],[87.418937848867884,51.746972414802478],[87.391856349171803,51.761690621159062],[87.416288571723726,51.760218800523404],[87.46250373968337,51.762868077667612],[87.488407782870979,51.761690621159083],[87.520199108601219,51.755508974489317],[87.545808787661656,51.755508974489324],[87.647364411522062,51.76993281671875],[87.66620371565854,51.775231371007131],[87.705354144567025,51.795542495779216],[87.725959633466232,51.801135414194739],[87.728314546483261,51.788183392600942],[87.722427263940645,51.784356658948212],[87.698878133770123,51.776114463388524],[87.690930302337563,51.771699001481537],[87.683865563286417,51.763162441794726],[87.683865563286417,51.757863887506382],[87.686220476303447,51.751682240836615],[87.688281025193376,51.707527621766786],[87.694462671863164,51.672203926511045],[87.696228856625922,51.633936589983939],[87.692990851227478,51.605677633779322],[87.697406313134479,51.581539775354493],[87.721544171559231,51.55563573216692],[87.729197638864676,51.529437324852161],[87.80426049128323,51.398445288278609],[87.838995458284785,51.366065234294105]]]}},
{"type":"Feature","properties":{"featurecla":"Lake","scalerank":0,"name":"Lake Balkhash","name_abb":"L. Balkhash","name_alt":"Balqash Kli","note":null,"delta":null,"dam_name":null,"year":-99,"admin":null,"min_zoom":1.0,"min_label":3.0,"label":"Lake Balkhash","wikidataid":"Q134485","name_ar":"بحيرة بالكاش","name_bn":"লেক বালখাশ","name_de":"Balchaschsee","name_en":"Balkhash","name_es":"Baljash","name_fr":"Balkhach","name_el":"Λίμνη Μπαλκάς","name_hi":"बलख़श झील","name_hu":"Balkas-tó","name_id":"Balkhash","name_it":"Balqaš","name_ja":"バルハシ湖","name_ko":"발하시호","name_nl":"Balkasjmeer","name_pl":"Bałchasz","name_pt":"Balkhash","name_ru":"Балхаш","name_sv":"Balchasjsjön","name_tr":"Balkaş","name_vi":"Balkhash","name_zh":"巴尔喀什湖","ne_id":1159113111,"name_fa":"دریاچه بالخاش","name_he":"ימת בלחש","name_uk":"Балхаш","name_ur":"جھیل بالخاش","name_zht":"巴爾喀什湖","historical_claim":false,"geometry_status":"modern_physical_reference","source_id":"source.natural_earth.lakes.10m"},"geometry":{"type":"Polygon","coordinates":[[[79.025733491962626,46.433699920075853],[78.9921759814696,46.407207148633987],[78.953025552561101,46.385129839099164],[78.908576569364186,46.368351083852609],[78.884144346812263,46.365113078454179],[78.794657652164247,46.377770735920841],[78.731075000703811,46.396315675930147],[78.711352604186004,46.394549491167332],[78.675440180675935,46.379831284810763],[78.655129055903842,46.374827094649547],[78.638939028911594,46.373649638140996],[78.622749001919374,46.37453273052239],[78.607736431435626,46.377476371793698],[78.593901317460464,46.382186197827806],[78.546803057119405,46.4060296921255],[78.525314475838755,46.409267697523902],[78.472034568827951,46.406912784506893],[78.456138905962803,46.402497322599892],[78.440831971351997,46.395138219421604],[78.426113764995421,46.383363654336343],[78.417871569435704,46.367467991471251],[78.421698303088419,46.348039959080538],[78.434355960555095,46.338031578758063],[78.467619106920949,46.329200654944124],[78.477038758989181,46.320075367003035],[78.471151476446565,46.294465687942605],[78.440831971351997,46.287400948891403],[78.404625183714757,46.295054416196862],[78.380192961162834,46.31330499207899],[78.387846428468265,46.31330499207899],[78.366946575441943,46.339797763520842],[78.338098890983034,46.356576518767362],[78.306896293507066,46.362169437182857],[78.278931701429542,46.35422160575029],[78.292178087150504,46.348039959080538],[78.261858582055936,46.33096683970691],[78.147939664855997,46.345979410190608],[78.107317415311798,46.341269584156493],[78.107317415311798,46.333616116851083],[78.117031431507144,46.332438660342589],[78.126156719448204,46.33302738859684],[78.13498764326215,46.335971029868134],[78.142641110567581,46.341269584156493],[78.150588942000127,46.333910480978211],[78.160302958195487,46.329495019071253],[78.170605702645105,46.327434470181323],[78.182380267730366,46.327434470181323],[78.16442405597536,46.312421899697618],[78.132044001990835,46.311538807316225],[78.042851671469975,46.324785193037137],[78.020479997807982,46.336854122249541],[77.976914106992481,46.368351083852602],[77.871237385352188,46.425752088643279],[77.811481467544482,46.438704110237083],[77.757612832279392,46.423102811499128],[77.757612832279392,46.415449344193703],[77.777335228797213,46.421630990863456],[77.799118174204921,46.423985903880549],[77.820606755485542,46.42221971911772],[77.839151695494834,46.415449344193689],[77.8226673043755,46.409562061651044],[77.800884358967721,46.405440963871207],[77.761439565932108,46.402497322599928],[77.743777718304159,46.396021311802997],[77.728765147820482,46.383658018463471],[77.713752577336777,46.37541582290379],[77.695502001454599,46.382186197827821],[77.705216017649946,46.390722757514617],[77.737301707507314,46.409267697523916],[77.595123834102722,46.419570441973562],[77.48503165055547,46.460487055644876],[77.45147414006243,46.488157283595235],[77.433223564180267,46.499343120426211],[77.411734982899645,46.506113495350242],[77.387302760347723,46.506407859477385],[77.3643423584315,46.499048756299082],[77.31606664158187,46.47579399025566],[77.283097859343115,46.46784615882315],[77.264552919333823,46.454011044847945],[77.253661446629977,46.451067403576609],[77.243947430434616,46.453422316593695],[77.236882691383485,46.458720870882054],[77.230701044713669,46.465491245806071],[77.222753213281123,46.470789800094437],[77.203325180890431,46.478148903272761],[77.179776050719909,46.483741821688248],[77.156521284676501,46.483741821688263],[77.137681980540094,46.474616533747167],[77.118253948149402,46.45960396326344],[77.097059730995909,46.451950495957995],[77.073216236698244,46.449595582940965],[77.044662916366462,46.451067403576609],[76.928977814403751,46.478443267399875],[76.927800357895194,46.457249050246411],[76.912493423284374,46.45783777850064],[76.79209849528749,46.519359881071175],[76.752064973997605,46.532606266792101],[76.397356200803927,46.540848462351789],[76.379399989048892,46.545263924258784],[76.30404277250318,46.575583429353308],[76.28108237058693,46.57911579887891],[76.263126158831881,46.573817244590558],[76.277550001061343,46.567635597920756],[76.284320375985374,46.566458141412262],[76.284320375985374,46.560276494742482],[76.264009251213281,46.563220136013797],[76.25694451216215,46.566458141412241],[76.257827604543508,46.545263924258784],[76.246347403585389,46.544380831877369],[76.228096827703226,46.5511512068014],[76.208374431185405,46.553506119818437],[76.21455607785515,46.532311902664958],[76.199249143244316,46.527307712503735],[76.124186290825747,46.535255543936266],[76.084741497790105,46.544969560131634],[76.061781095873826,46.547324473148677],[76.057365633966839,46.54290901124169],[76.061781095873826,46.533194995046358],[76.069434563179243,46.523775342978148],[76.075616209849017,46.519359881071153],[76.079737307628847,46.517299332181238],[76.078265486993189,46.512883870274273],[76.073850025086216,46.508174044240178],[76.068551470797857,46.506407859477363],[76.062075460000969,46.507290951858785],[76.049417802534293,46.511412049638608],[76.044707976500177,46.512295142020015],[75.941680532004114,46.506407859477385],[75.941680532004114,46.512295142020001],[75.94933399930953,46.513178234401373],[75.969350759954494,46.519359881071175],[75.960814200267663,46.5314288102836],[75.951983276453717,46.534961179809159],[75.924607412630493,46.532900630919229],[75.892227358645982,46.544969560131634],[75.873976782763847,46.547618837275827],[75.859552940534371,46.526130255995234],[75.84395164179638,46.521126065833961],[75.808039218286325,46.519359881071196],[75.800974479235194,46.517299332181238],[75.783901359861517,46.507879680113057],[75.777130984937514,46.506407859477385],[75.77124370239487,46.509645864875829],[75.767416968742168,46.51641623979986],[75.762707142708066,46.522597886469612],[75.752993126512692,46.525541527740941],[75.724734170308068,46.530251353775057],[75.710015963951506,46.5308400820293],[75.695297757594886,46.525541527740941],[75.686172469653826,46.51465005503708],[75.677930274094152,46.490806560739394],[75.667333165517391,46.484624914069634],[75.657619149322059,46.485213642323906],[75.654381143923587,46.490512196612258],[75.651731866779414,46.496105115027767],[75.643195307092597,46.498754392171961],[75.636130568041438,46.496988207409174],[75.611992709616629,46.484624914069613],[75.594036497861609,46.478148903272732],[75.576669014360846,46.474027805492938],[75.537518585452318,46.470789800094437],[75.548115694029065,46.484624914069634],[75.579023927377875,46.501992397570405],[75.585205574047649,46.515827511545602],[75.576374650233703,46.526130255995234],[75.520739830205841,46.556744125216909],[75.475996482881811,46.603842385557932],[75.468637379703523,46.615028222388958],[75.470697928593438,46.626802787474261],[75.478351395898883,46.632395705889742],[75.486004863204272,46.635339347161079],[75.489537232729873,46.638871716686623],[75.490714689238388,46.648585732881969],[75.493952694636846,46.655356107805972],[75.500428705433748,46.660065933840102],[75.51014272162908,46.66271521098431],[75.513969455281796,46.649763189390512],[75.516913096553111,46.642109722085081],[75.515735640044582,46.626802787474247],[75.533103123545359,46.620915504931581],[75.556357889588753,46.624153510330032],[75.571664824199587,46.635339347161079],[75.561067715622869,46.641520993830831],[75.563422628639913,46.647997004627712],[75.573136644835259,46.653001194788949],[75.585205574047649,46.655944836060243],[75.573136644835259,46.670957406543977],[75.552531155936052,46.676844689086586],[75.491597781619802,46.6756672325781],[75.479234488280241,46.673312319561042],[75.468048651449251,46.668896857654055],[75.455685358109719,46.662715210984295],[75.427132037777938,46.63887171668663],[75.417418021582591,46.635339347161079],[75.401522358717514,46.62621405921994],[75.402405451098915,46.605019842066504],[75.411530739039975,46.581765076023103],[75.420950391108192,46.566458141412262],[75.427720766032223,46.560570858869589],[75.434491140956226,46.55644976108978],[75.439789695244613,46.549679386165728],[75.441850244134542,46.536433000444816],[75.445088249532972,46.524952799486677],[75.453330445092661,46.517299332181238],[75.475996482881811,46.506407859477385],[75.475702118754668,46.503464218206069],[75.475113390500411,46.501403669316154],[75.474230298119011,46.49993184868049],[75.472464113356224,46.499343120426211],[75.460100820016692,46.494044566137866],[75.445971341914372,46.496693843282031],[75.435668597464769,46.495222022646381],[75.434491140956226,46.478443267399889],[75.430075679049267,46.483741821688248],[75.418889842218263,46.493455837883552],[75.414180016184176,46.498754392171939],[75.402699815226015,46.482270001052569],[75.388570337123696,46.466079974060342],[75.371497217750075,46.455482865483596],[75.352657913613626,46.457249050246411],[75.354718462503584,46.46048705564484],[75.356779011393485,46.467551794696],[75.3588395602834,46.470789800094437],[75.340883348528365,46.474616533747167],[75.332641152968677,46.48933474010375],[75.332935517095819,46.504936038841706],[75.34206080503688,46.512295142019994],[75.356779011393485,46.515827511545602],[75.352363549486526,46.522892250596769],[75.336762250748535,46.529956989647893],[75.318217310739243,46.532900630919229],[75.278478153576458,46.529073897266521],[75.262582490711353,46.522303522342497],[75.256400844041565,46.509351500748693],[75.26081630594858,46.505230402968856],[75.279949974212116,46.49639947915491],[75.283482343737688,46.49198401724793],[75.277300697067915,46.486391098832428],[75.242565730066403,46.478443267399875],[75.266997952618311,46.460487055644855],[75.2761232405594,46.449006854686687],[75.266703588491197,46.443413936271234],[75.251691018007477,46.438704110237083],[75.227258795455569,46.41868734959214],[75.20841949131912,46.415449344193689],[75.214601137988893,46.423102811499135],[75.200471659886588,46.422808447371985],[75.176922529716038,46.417215528956476],[75.163381779867962,46.415449344193703],[75.153373399545501,46.419864806100684],[75.146308660494327,46.426635181024693],[75.139832649697453,46.428107001660351],[75.132767910646265,46.415449344193689],[75.122759530323805,46.424280268007657],[75.111573693492801,46.430756278804544],[75.099210400153254,46.434877376584382],[75.084492193796677,46.437526653728582],[75.084492193796677,46.443413936271234],[75.101859677297469,46.454011044847917],[75.127174992230792,46.479031995654125],[75.14660302462147,46.484624914069613],[75.132767910646265,46.498460028044846],[75.110984965238558,46.490806560739401],[75.074483813474217,46.460781419771962],[75.058588150609097,46.439881566745605],[75.049462862668022,46.419570441973548],[75.03798266170989,46.401908594345635],[75.016199716302154,46.388956572751859],[74.995005499148661,46.385129839099129],[74.972045097232382,46.386896023861937],[74.949673423570388,46.393666398785946],[74.931128483561082,46.4060296921255],[74.910228630534746,46.415154980066589],[74.896393516559556,46.403969143235571],[74.866074011464974,46.331555567961168],[74.861069821303744,46.313599356206154],[74.859009272413843,46.290050226035589],[74.853416353998327,46.267678552373617],[74.839581240023151,46.249133612364268],[74.79277734380922,46.20497899329456],[74.785123876503789,46.191438243446491],[74.78630133301229,46.176720037089915],[74.800725175241766,46.159352553589144],[74.811616647945627,46.139041428817059],[74.801313903496009,46.120496488807767],[74.781297142851074,46.105483918324026],[74.763046566968924,46.094592445620201],[74.70829483932242,46.073692592593844],[74.691221719948786,46.090765711967485],[74.655898024692959,46.082523516407782],[74.628227796742607,46.059563114491496],[74.63264325864958,46.032775978922537],[74.560524047502298,46.008638120497729],[74.551104395434095,46.013347946531844],[74.543745292255807,46.009226848751986],[74.533148183679074,45.99480300652251],[74.521079254466656,45.989210088107022],[74.511365238271324,45.99215372937833],[74.495469575406233,46.005400115099285],[74.459262787769006,46.028949245269828],[74.443661489031044,46.036013984320952],[74.423939092513223,46.038663261465146],[74.3986237775799,46.035719620193852],[74.353291702001641,46.02129577796439],[74.331508756593877,46.018352136693089],[74.302366708007838,46.020412685582968],[74.29000341466832,46.018352136693089],[74.279995034345831,46.013936674786109],[74.258506453065223,46.000690289065183],[74.2314249533691,45.988621359852765],[74.230247496860585,45.967721506826436],[74.239667148928802,45.944761104910135],[74.249675529251292,45.929748534426423],[74.266159920370654,45.909731773781495],[74.27911194196443,45.890303741390795],[74.28705977339699,45.869109524237317],[74.290003414668334,45.843794209303972],[74.293241420066749,45.834374557235812],[74.308253990550469,45.815240888972227],[74.311786360076042,45.809942334683839],[74.313552544838842,45.804055052141187],[74.322089104525645,45.794929764200141],[74.324149653415589,45.789042481657496],[74.322383468652788,45.785804476259052],[74.318262370872958,45.78315519911488],[74.314141273093114,45.780800286097836],[74.311786360076042,45.778739737207886],[74.305310349279168,45.767848264504032],[74.296773789592336,45.759311704817193],[74.287059773397004,45.75342442227457],[74.276168300693129,45.751658237511769],[74.281466854981502,45.762255346088509],[74.277640121328773,45.769908813393961],[74.268220469260584,45.77491300355517],[74.256445904175308,45.778739737207879],[74.245848795598562,45.774618639428063],[74.23731223591173,45.767553900376889],[74.231719317496243,45.7593117048172],[74.228481312097784,45.751658237511784],[74.230541860987714,45.731641476866827],[74.239667148928788,45.721044368290087],[74.255268447666765,45.72075000416298],[74.276168300693115,45.731641476866827],[74.327387658814018,45.701910700026552],[74.339162223899308,45.690724863195527],[74.331508756593905,45.683071395890082],[74.339162223899322,45.676301020966079],[74.322972196907045,45.660110993973824],[74.299717430863666,45.662465906990882],[74.249675529251277,45.683071395890103],[74.261450094336539,45.666881368897847],[74.270869746404742,45.650102613651349],[74.270869746404742,45.630674581260671],[74.256445904175308,45.60800854347152],[74.235840415276073,45.595350886004859],[74.159600106349004,45.580927043775375],[74.120449677440476,45.562087739639011],[74.084537253930392,45.539127337722711],[74.071585232336602,45.520876761840569],[74.070407775828073,45.504686734848313],[74.079827427896319,45.489968528491701],[74.098078003778454,45.477016506897947],[74.070113411700959,45.426385877031301],[74.073940145353674,45.411667670674703],[74.089541444091651,45.39047345352121],[74.091307628854423,45.374872154783247],[74.085420346311807,45.363391953825101],[74.076589422497861,45.356915943028199],[74.072762688845145,45.349851203977039],[74.08100488440482,45.337193546510392],[74.095134362507153,45.328362622696432],[74.113090574262174,45.324830253170859],[74.131046786017208,45.326302073806517],[74.145764992373785,45.333955541111948],[74.140760802212554,45.340431551908843],[74.142232622848212,45.346318834451445],[74.148708633645114,45.351323024612689],[74.159600106349004,45.354266665883998],[74.167842301908678,45.318648606501071],[74.160777562857504,45.287446009025118],[74.148119905390857,45.256537775676321],[74.139583345704025,45.22386335756471],[74.139877709831168,45.205024053428268],[74.148708633645114,45.133787934662401],[74.173729584451308,45.087278402575606],[74.159305742221846,45.07314892447328],[74.140172073958297,45.062551815896548],[74.116917307914918,45.055487076845388],[74.087775259328865,45.053132163828337],[74.074823237735046,45.050188522557022],[74.069819047573816,45.042829419378748],[74.072173960590874,45.032526674929116],[74.08100488440482,45.021635202225255],[74.118977856804818,45.036353408581817],[74.132224242525737,45.039002685726004],[74.116328579660632,45.015453555555474],[74.111913117753673,45.0048564469787],[74.12780878061875,44.99896916443609],[74.140172073958297,44.984839686333778],[74.144293171738141,44.970415844104323],[74.136050976178439,44.963939833307414],[74.126042595855992,44.966589110451622],[74.098078003778454,44.991021333003545],[74.080710520277691,44.986017142842307],[74.001820934206407,44.99808607205474],[74.006530760240523,45.007211359995779],[74.009474401511838,45.011038093648466],[74.004175847223465,45.013981734919795],[73.993873102773847,45.021929566352398],[73.988280184358359,45.024578843496556],[73.99917165706222,45.031937946674859],[74.029196798029659,45.045773060650056],[74.03596717295369,45.053132163828337],[74.031551711046689,45.06049126700664],[73.998877292935077,45.083746033050048],[73.991812553883932,45.094637505753909],[73.988574548485474,45.105528978457755],[73.988280184358359,45.131433021645371],[73.99416746690099,45.137614668315116],[74.024486971995557,45.139969581332181],[74.03596717295369,45.142030130222068],[74.025664428504072,45.145562499747683],[74.015656048181597,45.151449782290328],[74.007413852621909,45.159397613722838],[74.001820934206393,45.169111629918191],[74.008002580876166,45.177942553732137],[74.004470211350593,45.186479113418962],[73.994461831028104,45.193249488343042],[73.981509809434343,45.196487493741444],[73.981509809434343,45.20296350453836],[73.999760385316492,45.201491683902681],[74.007119488494766,45.207084602318197],[74.00329275484205,45.215915526132143],[73.988280184358359,45.22386335756471],[73.957666315136663,45.213854977242221],[73.925874989406438,45.212677520733685],[73.896144212566142,45.22062535216623],[73.872300718268477,45.237404107412736],[73.86876834874289,45.242702661701109],[73.863469794454531,45.252711042023591],[73.858465604293286,45.258009596311986],[73.853755778259185,45.260658873456144],[73.844630490318096,45.262425058218959],[73.838154479521208,45.26477997123601],[73.824319365546003,45.272139074414312],[73.813133528715014,45.281264362355351],[73.811367343952227,45.292450199186376],[73.824319365546017,45.30657967728871],[73.801947691883996,45.320414791263893],[73.728356660101085,45.354266665884012],[73.742486138203404,45.358387763663863],[73.747784692491777,45.357799035409592],[73.756026888051451,45.354266665884012],[73.762502898848382,45.36103704080805],[73.739542496932074,45.368101779859231],[73.71746518739721,45.380465073198756],[73.697448426752274,45.396655100190998],[73.680375307378625,45.415788768454526],[73.668600742293364,45.436394257353768],[73.648878345775543,45.48260942531342],[73.635631960054624,45.501448729449855],[73.617087020045318,45.514989479297945],[73.537903069846905,45.557083549477738],[73.519063765710456,45.563559560274655],[73.471082412988011,45.566503201545977],[73.455186750122891,45.572684848215687],[73.436641810113599,45.588286146953706],[73.425161609155452,45.607419815217263],[73.429871435189568,45.624787298718019],[73.433698168842298,45.6327351301506],[73.434286897096541,45.64392096698159],[73.433403804715127,45.665703912389318],[73.437230538367857,45.676301020966086],[73.446650190436088,45.67895029811028],[73.491393537760089,45.6748292003304],[73.50611174411668,45.67541792858465],[73.513765211422083,45.68572067303429],[73.516708852693398,45.724871101942803],[73.520829950473271,45.73223020512107],[73.527894689524402,45.736056938773785],[73.539669254609692,45.737234395282321],[73.552326912076353,45.741649857189323],[73.559391651127498,45.75018641687614],[73.557919830491855,45.755779335291628],[73.543201624135264,45.751658237511769],[73.523184863490314,45.767259536249746],[73.466372586953895,45.772263726410998],[73.443706549164759,45.782272106733487],[73.424278516774095,45.795518492454384],[73.423101060265552,45.801700139124151],[73.433403804715127,45.813474704209447],[73.439291087257772,45.816418345480741],[73.46813877171671,45.826721089930338],[73.47137677711514,45.831430915964482],[73.472554233623669,45.837318198507077],[73.476380967276398,45.842911116922622],[73.487861168234517,45.847032214702473],[73.514942667930626,45.81936198675205],[73.522596135236057,45.813474704209433],[73.567339482560087,45.811414155319497],[73.574109857484075,45.809942334683839],[73.587356243205036,45.822305628023379],[73.590005520349195,45.829664731201667],[73.591182976857738,45.857334959152034],[73.593537889874781,45.867637703601652],[73.599719536544541,45.873819350271418],[73.612082829884073,45.874996806779947],[73.60972791686703,45.879706632814063],[73.606784275595729,45.890892469645046],[73.604723726705785,45.895602295679147],[73.627389764494922,45.897368480441969],[73.645934704504214,45.90855431727298],[73.652116351173987,45.9256274366466],[73.638869965453083,45.943878012528771],[73.664774008640649,45.962717316665191],[73.672721840073194,45.973314425241931],[73.663302188005005,45.978024251276032],[73.653588171809659,45.981556620801634],[73.665657101022049,45.988621359852765],[73.688028774684071,45.995686098903967],[73.70745680707472,45.998041011920961],[73.705690622311948,45.993331185886866],[73.702746981040633,45.982439713183005],[73.700980796277847,45.978024251276018],[73.729828480736728,45.973020061114795],[73.742780502330532,45.972725696987652],[73.756026888051451,45.978024251276047],[73.738070676296402,45.985677718581478],[73.735421399152244,45.994214278268288],[73.737776312169302,46.004811386844992],[73.735127035025101,46.018352136693089],[73.727179203592556,46.026594332252749],[73.714521546125894,46.03424779955818],[73.66065291086079,46.058385657982953],[73.64063615021584,46.073103864339572],[73.637398144817382,46.091648804348871],[73.65976981847939,46.115197934519387],[73.649761438156929,46.117847211663594],[73.641224878470098,46.122262673570553],[73.635043231800353,46.12903304849457],[73.632688318783295,46.13874706468993],[73.636809416563125,46.141690705961253],[73.646229068631371,46.143162526596917],[73.65564872069956,46.147577988503883],[73.668600742293364,46.179369314234108],[73.689206231192571,46.18849460217519],[73.714227181998766,46.189083330429433],[73.735127035025101,46.183490412013967],[73.739248132804974,46.207333906311632],[73.753671975034393,46.224701389812388],[73.769273273772384,46.23088303648214],[73.776632376950701,46.220874656159644],[73.783402751874732,46.204684629167403],[73.831089740470063,46.162296194860431],[73.847574131589411,46.192321335827891],[73.858171240166158,46.199386074879001],[73.879071093192493,46.204684629167403],[73.897616033201786,46.207039542184489],[73.913806060194034,46.206745178057339],[73.929996087186282,46.203507172658909],[73.973561978001754,46.184667868522482],[73.984747814832758,46.184373504395339],[74.001820934206407,46.190260786937969],[74.032140439300989,46.207922634565875],[74.04509246089475,46.219402835523994],[74.050391015183123,46.231177400609283],[74.04097136311492,46.222935205049602],[74.030962982792431,46.221169020286794],[74.005647667859122,46.223818297430974],[73.995933651663762,46.227350666956568],[73.995344923409519,46.236181590770506],[74.001820934206393,46.255609623161199],[73.997111108172305,46.265029275229416],[73.985630907214173,46.263851818720887],[73.971795793238982,46.259436356813936],[73.960904320535093,46.259141992686779],[73.954722673865362,46.266795459992217],[73.948835391322703,46.28887276952706],[73.940593195763043,46.299469878103828],[73.95560576624672,46.310066986680567],[73.972973249747511,46.315071176841776],[73.982392901815714,46.322724644147236],[73.974739434510298,46.341269584156493],[74.070113411700959,46.415449344193689],[74.101316009176912,46.433405555948724],[74.133990427288538,46.441353387381255],[74.167253573654392,46.440175930872762],[74.201399812401675,46.429873186423137],[74.218472931775324,46.440175930872762],[74.232896774004757,46.456365957864968],[74.249381165124134,46.471672892475844],[74.272930295294657,46.478443267399889],[74.299717430863666,46.482270001052541],[74.351231153111684,46.497576935663425],[74.379195745189207,46.498754392171961],[74.377723924553564,46.50994022900295],[74.390675946147326,46.533783723300651],[74.394208315672927,46.550268114419985],[74.399801234088429,46.563220136013797],[74.413930712190748,46.571462331573493],[74.499885037313206,46.591479092218435],[74.512542694779853,46.59795510301533],[74.519901797958141,46.600015651905252],[74.527849629390687,46.597660738888209],[74.534325640187618,46.597072010633923],[74.536974917331776,46.604431113812225],[74.536091824950375,46.627980243982762],[74.559935319248041,46.722176764664887],[74.571121156079059,46.738955519911407],[74.587605547198422,46.748080807852503],[74.597319563393782,46.746903351343946],[74.606739215461985,46.742193525309851],[74.622340514199976,46.738955519911407],[74.637941812937953,46.743076617691223],[74.633231986903851,46.752790633886583],[74.611449041496101,46.772513030404419],[74.763046566968924,46.779872133582685],[74.807789914292925,46.772513030404404],[74.849000892091354,46.772513030404404],[74.861069821303744,46.778694677074199],[74.875199299406063,46.809014182168745],[74.886385136237081,46.821083111381128],[74.928184842289767,46.804598720261772],[74.947024146426202,46.804009992007515],[74.964685994054093,46.830502763449331],[74.983230934063386,46.834918225356311],[74.998243504547105,46.827853486305166],[74.995594227402933,46.806659269151673],[74.987057667716101,46.800771986609043],[74.976166195012254,46.798122709464891],[74.969984548342467,46.793118519303611],[74.97528310263084,46.779872133582707],[74.986174575334701,46.771924302150161],[74.998832232801362,46.772218666277254],[75.010606797886638,46.776928492311377],[75.019437721700612,46.783110138981151],[75.033567199802931,46.799300165973399],[75.041220667108334,46.804598720261737],[75.069773987440101,46.810780366931546],[75.069773987440101,46.820494383126871],[75.064181069024585,46.831974584084989],[75.064475433151728,46.840805507898956],[75.08478655792382,46.849930795840031],[75.093028753483509,46.83197458408501],[75.098032943644739,46.806364905024573],[75.1089244163486,46.793707247557883],[75.122759530323805,46.78870305739666],[75.18045489924161,46.758972280556343],[75.246392463719104,46.741899161182715],[75.266703588491211,46.728064047207532],[75.285837256754746,46.721293672283515],[75.312624392323727,46.723354221173416],[75.358839560283386,46.731596416733133],[75.489537232729887,46.734245693877277],[75.589621035954622,46.76368210659048],[75.609049068345314,46.765742655480373],[75.628477100736021,46.770158117387354],[75.669982442661563,46.789291785650917],[75.684700649018168,46.793707247557883],[75.692942844577857,46.792529791049368],[75.70707232268019,46.787231236760967],[75.712076512841406,46.786348144379602],[75.72237925729101,46.788114329142388],[75.740041104918916,46.797239617083498],[75.749755121114248,46.8004776224819],[75.769771881759198,46.799888894227649],[75.804801212887867,46.788997421523781],[75.821874332261501,46.786348144379602],[75.854254386246012,46.798122709464856],[75.888400624993267,46.821083111381128],[75.924607412630493,46.835212589483476],[75.961991656776192,46.821083111381128],[75.939619983114184,46.810191638677253],[75.946095993911086,46.796945252956341],[75.95728183074209,46.783404503108287],[75.949039635182416,46.772513030404419],[75.949039635182416,46.765742655480388],[75.97023385233588,46.766625747861781],[75.987895699963801,46.76927502500596],[76.00320263457462,46.773690486912905],[76.017332112676939,46.779872133582707],[76.028517949507957,46.787525600888145],[76.035582688559131,46.79400161168499],[76.04382488411882,46.79871143771912],[76.058248726348253,46.800477622481921],[76.069434563179243,46.786053780252466],[76.076499302230431,46.78134395421835],[76.079442943501732,46.789880513905189],[76.100637160655211,46.803715627880351],[76.148618513377684,46.801949443117557],[76.228979920084612,46.786348144379581],[76.328769359182246,46.744548438326909],[76.362915597929515,46.738955519911421],[76.371452157616361,46.730418960224569],[76.374101434760533,46.710696563706747],[76.372923978252004,46.673312319561042],[76.378516896667492,46.658888477331594],[76.390291461752795,46.646230819864904],[76.402066026838042,46.644758999229246],[76.407070216999273,46.662715210984295],[76.490375264977544,46.629157700491291],[76.51039202562248,46.615322586516108],[76.520400405944983,46.613556401753279],[76.524521503724813,46.625330966838547],[76.524521503724799,46.639460444940916],[76.525993324360456,46.646230819864918],[76.530114422140329,46.650351917644763],[76.538062253572861,46.655944836060243],[76.548070633895364,46.660949026221516],[76.597229443126338,46.6756672325781],[76.609592736465856,46.675078504323821],[76.660517730459645,46.665953216382754],[76.682006311740253,46.665953216382739],[76.701728708258102,46.671251770671127],[76.722334197157295,46.683909428137781],[76.72822147969994,46.675372868450964],[76.72998766446274,46.665658852255582],[76.726455294937125,46.6562392001874],[76.715563822233264,46.649468825263369],[76.729987664462726,46.631512613508328],[76.757363528285964,46.617971863660273],[76.85067695658671,46.591479092218421],[76.907489233123101,46.567929962047913],[76.935453825200625,46.560276494742482],[76.909844146140159,46.585297445548669],[76.868338804214616,46.617971863660273],[76.832720744831676,46.652706830661842],[76.825361641653402,46.683909428137781],[76.840079848009964,46.690974167188926],[76.861568429290585,46.681848879247873],[76.911315966775817,46.640637901449423],[76.92044125471692,46.636811167796729],[76.932215819802167,46.635339347161079],[76.943990384887442,46.635928075415308],[76.969305699820751,46.642109722085081],[77.019347601433154,46.646819548119176],[77.062619128121511,46.6356337112882],[77.100886464648624,46.610612760481978],[77.133855246887379,46.573817244590543],[77.135621431650179,46.566163777285126],[77.132677790378864,46.559982130615332],[77.134149611014507,46.554094848072729],[77.148279089116841,46.547324473148677],[77.159759290074931,46.546735744894427],[77.227757403442354,46.558510309979674],[77.240415060909015,46.57116796744635],[77.250423441231547,46.586769266184305],[77.263669826952437,46.601193108413767],[77.28339222347023,46.611790216990542],[77.306941353640823,46.617971863660273],[77.389068945110523,46.623564782075789],[77.462954341020577,46.642109722085053],[77.619261692527502,46.631806977635485],[77.647815012859269,46.642109722085081],[77.628092616341462,46.646819548119197],[77.6145518664934,46.656533564314557],[77.614257502366243,46.665953216382739],[77.634862991265507,46.670074314162576],[77.642222094443753,46.668013765272647],[77.660178306198816,46.658299749077301],[77.669009230012776,46.655944836060243],[77.678428882080937,46.657416656695929],[77.709925843684076,46.670074314162548],[77.729942604328983,46.655356107805986],[77.767032484347567,46.648585732881969],[77.83915169549482,46.649468825263369],[77.87683030376769,46.658005384950201],[77.893609059014196,46.657711020823037],[77.958957895237447,46.627097151601362],[78.038436209562974,46.601193108413781],[78.058452970207952,46.59707201063393],[78.072288084183128,46.59824946714248],[78.118503252142787,46.611201488736235],[78.134398915007935,46.611790216990542],[78.149117121364512,46.606786026829255],[78.162363507085445,46.594422733489743],[78.182380267730366,46.560276494742482],[78.196509745832728,46.5511512068014],[78.217115234731921,46.560276494742482],[78.231833441088497,46.545263924258784],[78.244196734428058,46.499048756299075],[78.258031848403235,46.478443267399875],[78.267451500471452,46.472555984857273],[78.298359733820234,46.45960396326344],[78.309545570651252,46.457249050246411],[78.326618690024873,46.461664512153362],[78.331034151931874,46.47285034898438],[78.326618690024873,46.502581125824662],[78.332505972567517,46.509057136621557],[78.359293108136512,46.522892250596769],[78.367240939569072,46.532900630919229],[78.365474754806257,46.544086467750226],[78.349873456068281,46.567341233793627],[78.346046722415565,46.577349614116095],[78.347812907178366,46.632690070016906],[78.353700189720996,46.663009575111438],[78.367240939569072,46.683909428137781],[78.380487325290005,46.67095740654397],[78.387846428468265,46.653001194788949],[78.388140792595451,46.632984434143999],[78.380192961162834,46.615028222388958],[78.402564634824842,46.604136749685075],[78.410806830384558,46.617971863660273],[78.413456107528759,46.641226629703702],[78.418754661817118,46.659182841458716],[78.427879949758164,46.667425037018404],[78.437299601826396,46.672723591306756],[78.447602346276042,46.675372868450964],[78.459671275488404,46.676255960832364],[78.464086737395405,46.671840498925384],[78.455255813581417,46.660949026221495],[78.435533417063596,46.642109722085053],[78.43641650944501,46.632984434143985],[78.441420699606226,46.620032412550202],[78.448485438657428,46.607669119210669],[78.456138905962803,46.601193108413746],[78.461437460251204,46.60501984206654],[78.475272574226381,46.624447874457211],[78.480571128514782,46.629157700491291],[78.488518959947328,46.6338675265254],[78.490579508837257,46.644758999229239],[78.490579508837243,46.657122292568808],[78.493817514235673,46.66654194463699],[78.510890633609336,46.681848879247866],[78.531496122508557,46.697450177985857],[78.573295828561257,46.717172574503657],[78.580949295866688,46.72776968308041],[78.585070393646504,46.738955519911407],[78.590957676189149,46.748375171979582],[78.60390969778291,46.75190754150519],[78.627458827953433,46.748963900233896],[78.689569658778225,46.731596416733119],[78.703699136880573,46.732185144987355],[78.730486272449525,46.738366791657128],[78.744027022297587,46.738955519911407],[78.755212859128619,46.734540058004434],[78.771991614375111,46.720410579902108],[78.782588722951857,46.717172574503657],[78.792891467401432,46.708341650689697],[78.80702094550378,46.686853069409096],[78.817912418207655,46.662126482730002],[78.819678602970441,46.642109722085081],[78.815851869317711,46.638577352559537],[78.808492766139409,46.634750618906786],[78.792597103274318,46.629157700491291],[78.792597103274332,46.62179859731296],[78.923000411593648,46.630040792872684],[78.93242006366188,46.635928075415308],[78.919173677940933,46.652706830661828],[78.903278015075841,46.660949026221516],[78.864127586167342,46.670074314162576],[78.847643195047965,46.676255960832364],[78.798484385816948,46.730418960224583],[78.76845924484951,46.747492079598246],[78.769047973103795,46.766331383734631],[78.779645081680542,46.785170687871066],[78.795835108672762,46.793707247557869],[78.81997296709757,46.796062160574927],[78.866188135057257,46.805776176770259],[78.887971080464979,46.806659269151695],[78.924177868102163,46.793118519303611],[78.954203009069602,46.769863753260218],[78.987171791308356,46.749552628488161],[79.031915138632399,46.745137166581166],[79.02749967672537,46.753673726268005],[79.026616584344026,46.763093378336208],[79.026616584344026,46.773690486912905],[79.025144763708354,46.786348144379581],[79.016608204021509,46.80489308438888],[79.018668752911438,46.811957823440011],[79.031915138632385,46.821083111381128],[79.049576986260249,46.821671839635421],[79.118752556136187,46.816078921219912],[79.138474952653993,46.809897274550146],[79.169383186002847,46.786348144379602],[79.179685930452479,46.776339764057163],[79.191166131410625,46.757206095793542],[79.197936506334656,46.748669536106753],[79.225606734285023,46.73601187864007],[79.237675663497384,46.713934569105234],[79.258575516523777,46.662715210984295],[79.240030576514471,46.622976053821532],[79.222074364759408,46.604136749685111],[79.199997055224586,46.611201488736235],[79.183218299978023,46.6126733093719],[79.093437241202878,46.601193108413781],[79.079013398973416,46.596483282379666],[79.075481029447872,46.593834005235522],[79.075775393575,46.587946722692855],[79.068121926269555,46.554977940454101],[79.065472649125354,46.494927658519288],[79.061351551345524,46.479620723908411],[79.052520627531578,46.464019425170427],[79.025733491962626,46.433699920075853]]]}},
{"type":"Feature","properties":{"featurecla":"Lake","scalerank":4,"name":null,"name_abb":null,"name_alt":null,"note":"_untitled_14","delta":null,"dam_name":null,"year":-99,"admin":null,"min_zoom":4.0,"min_label":5.0,"label":null,"wikidataid":null,"name_ar":null,"name_bn":null,"name_de":null,"name_en":null,"name_es":null,"name_fr":null,"name_el":null,"name_hi":null,"name_hu":null,"name_id":null,"name_it":null,"name_ja":null,"name_ko":null,"name_nl":null,"name_pl":null,"name_pt":null,"name_ru":null,"name_sv":null,"name_tr":null,"name_vi":null,"name_zh":null,"ne_id":1159113813,"name_fa":null,"name_he":null,"name_uk":null,"name_ur":null,"name_zht":null,"historical_claim":false,"geometry_status":"modern_physical_reference","source_id":"source.natural_earth.lakes.10m"},"geometry":{"type":"Polygon","coordinates":[[[81.375642318854716,46.093414989111658],[81.376819775363231,46.090471347840321],[81.375936682981845,46.088116434823291],[81.375642318854716,46.087233342441891],[81.368871943930685,46.101657184671353],[81.371815585202,46.099007907527124],[81.374170498219087,46.096358630382937],[81.375642318854716,46.093414989111658]]]}},
{"type":"Feature","properties":{"featurecla":"Alkaline Lake","scalerank":4,"name":"Alakol","name_abb":"Alakol","name_alt":"Alakol Lake","note":null,"delta":null,"dam_name":null,"year":-99,"admin":null,"min_zoom":4.0,"min_label":5.0,"label":"Alakol","wikidataid":"Q310547","name_ar":"بحيرة الأكول","name_bn":"আলাকোল","name_de":"Alakölsee","name_en":"Alakol","name_es":"Alakol","name_fr":"Alakol","name_el":"Λίμνη Αλακόλ","name_hi":"अलाकोल","name_hu":"Alakol-tó","name_id":"Alakol","name_it":"Alakol","name_ja":"アラコル湖","name_ko":"알라콜","name_nl":"Alakol","name_pl":"Ała-kol","name_pt":"Alakol","name_ru":"Алаколь","name_sv":"Alakol","name_tr":"Alagöl","name_vi":"Hồ Alakol","name_zh":"阿拉湖","ne_id":1159126789,"name_fa":"آلاکول","name_he":"אגם אלאקול","name_uk":"Алаколь","name_ur":"ایلاکول","name_zht":"阿拉湖","historical_claim":false,"geometry_status":"modern_physical_reference","source_id":"source.natural_earth.lakes.10m"},"geometry":{"type":"Polygon","coordinates":[[[82.136573587490091,45.780505921970658],[82.143932690668407,45.771674998156726],[82.143343962414136,45.759017340690065],[82.116556826845112,45.750480781003262],[82.074168392538184,45.776679188317964],[82.005581550916474,45.834080193108655],[81.957894562321144,45.846149122321044],[81.90844138896307,45.846443486448152],[81.772445162228223,45.819361986752064],[81.749190396184815,45.820245079133436],[81.738887651735197,45.830253459455953],[81.729762363794137,45.844088573431094],[81.70915687489493,45.854391317880733],[81.67059517424066,45.868226431855923],[81.659114973282513,45.882355909958235],[81.651167141849953,45.900606485840406],[81.641747489781778,45.916796512832619],[81.626146191043816,45.923272523629556],[81.61672653897557,45.929159806172194],[81.554321344023663,45.989798816361301],[81.537836952904286,46.000690289065155],[81.519586377022108,46.005400115099292],[81.480435948113623,46.009226848751972],[81.407728008712084,46.029537973524079],[81.393598530609779,46.037485804956638],[81.379174688380317,46.049849098296171],[81.37652541123613,46.056913837347288],[81.378291595998917,46.078696782755067],[81.376819775363231,46.090471347840321],[81.386828155685748,46.111076836739542],[81.389771796957064,46.12196830944341],[81.381823965524461,46.145811803741097],[81.393598530609779,46.1552314558093],[81.411260378237671,46.162590558987631],[81.424212399831447,46.169949662165891],[81.411554742364785,46.18731714566664],[81.423623671577161,46.22911685171934],[81.416558932526016,46.251782889508526],[81.408316736966356,46.254726530779799],[81.396542171881094,46.254726530779777],[81.386533791558577,46.256787079669735],[81.382707057905861,46.265912367610809],[81.386828155685762,46.270622193644918],[81.396542171881094,46.274154563170455],[81.416558932526016,46.279158753331728],[81.388888704575663,46.295643144451098],[81.387416883939977,46.315954269223226],[81.397130900135323,46.339209035266599],[81.405667459822155,46.376593279412297],[81.411260378237671,46.385129839099164],[81.432748959518293,46.403380414981271],[81.439813698569438,46.406618420379729],[81.447467165874855,46.408678969269687],[81.454826269053115,46.40926769752393],[81.461302279850031,46.412211338795267],[81.465717741757032,46.418687349592162],[81.468661383028348,46.425457724516171],[81.471899388426777,46.429873186423137],[81.513404730352363,46.444591392779742],[81.526651116073253,46.45106740357663],[81.549905882116661,46.474322169620017],[81.562563539583323,46.482564365179712],[81.568156457998853,46.474616533747152],[81.572277555778683,46.459015235009204],[81.582580300228315,46.456954686119246],[81.639392576764692,46.470789800094437],[81.643219310417422,46.467551794695993],[81.642336218036021,46.46048705564484],[81.639686940891806,46.456071593737875],[81.635271478984876,46.453127952466559],[81.629678560569346,46.451067403576616],[81.62967856056936,46.443413936271213],[81.694144304411182,46.443413936271234],[81.710923059657731,46.450478675322366],[81.720931439980191,46.452539224212266],[81.725052537760007,46.447240669923936],[81.725935630141407,46.439292838491355],[81.728879271412723,46.433699920075874],[81.734177825701124,46.430756278804544],[81.74212565713367,46.429873186423137],[81.765674787304192,46.43105064293168],[81.773033890482452,46.429873186423137],[81.780392993660769,46.426635181024714],[81.793345015254545,46.415449344193703],[81.823370156221998,46.403086050854164],[81.83897145495996,46.40249732259992],[81.855455846079337,46.409267697523916],[81.862226221003354,46.402497322599928],[81.854867117825108,46.387779116243308],[81.914623035632815,46.361286344801464],[81.91756667690413,46.333616116851076],[81.941410171201767,46.332438660342582],[81.958483290575444,46.326257013672787],[81.968786035025062,46.31330499207899],[81.973790225186292,46.265618003483681],[81.979971871856037,46.249427976491418],[81.992629529322699,46.237359047279043],[82.012940654094805,46.223818297430952],[82.023832126798652,46.219402835523994],[82.032957414739769,46.217342286634093],[82.040905246172315,46.213809917108513],[82.047381256969175,46.204684629167403],[82.049147441731989,46.19291006408217],[82.046792528714946,46.180841134869745],[82.04296579506223,46.169360933911591],[82.031779958231198,46.093120624984529],[82.026775768069967,46.080462967517846],[82.041493974426544,46.040429446227961],[82.050030534113375,45.953592028724067],[82.06092200681725,45.909731773781466],[82.092418968420361,45.848209671210988],[82.105959718268423,45.830253459455953],[82.122738473514914,45.796107220708642],[82.12744829954903,45.787865025148974],[82.136573587490091,45.780505921970658]]]}},
{"type":"Feature","properties":{"featurecla":"Lake","scalerank":7,"name":"Lake Sasykkol","name_abb":"Sasyqkl","name_alt":null,"note":null,"delta":null,"dam_name":null,"year":-99,"admin":null,"min_zoom":5.7,"min_label":6.7,"label":"Sasykkol","wikidataid":"Q2039551","name_ar":"بحيرة ساسيكول","name_bn":"লেক সাসিক্কোল","name_de":"Sassykkölsee","name_en":"Sasykkol","name_es":"Sasykkol","name_fr":"Sasykkol","name_el":"Λίμνη Σασικόλ","name_hi":"ससिककोल झील","name_hu":"Sasykkol-tó","name_id":"Danau Sasykkol","name_it":"Sasykkol","name_ja":"サスイクコリ湖","name_ko":"레이크사식콜","name_nl":"Sasykkol","name_pl":"Sasykköl","name_pt":"Lago Sasykkol","name_ru":"Сасыкколь","name_sv":"Sasykkol","name_tr":"Sasıkgöl","name_vi":"Hồ Sasykkol","name_zh":"萨瑟克湖","ne_id":1159116577,"name_fa":"دریاچه ساسیکول","name_he":"אגם סאסיקול","name_uk":"Сасикколь","name_ur":"جھیل ساسیکول","name_zht":"薩瑟克湖","historical_claim":false,"geometry_status":"modern_physical_reference","source_id":"source.natural_earth.lakes.10m"},"geometry":{"type":"Polygon","coordinates":[[[81.002388605651788,46.486391098832449],[80.985904214532411,46.496399479154924],[80.945281964988226,46.504936038841706],[80.933801764030079,46.506407859477385],[80.918789193546402,46.504641674714563],[80.882288041782033,46.49198401724793],[80.862860009391341,46.489629104230893],[80.847553074780549,46.492572745502187],[80.833423596678202,46.501109305189004],[80.759243836641019,46.566458141412262],[80.741287624885956,46.592362184599843],[80.730101788054995,46.599132559523852],[80.68800771787518,46.602664929049446],[80.668874049611603,46.607374755083519],[80.652978386746497,46.615911314770386],[80.642675642296879,46.629157700491291],[80.639143272771264,46.625625330965704],[80.618537783872057,46.651235010026177],[80.61088431656664,46.666541944636975],[80.608529403549596,46.683909428137781],[80.61588850672787,46.70039381925713],[80.632078533720119,46.703631824655602],[80.673289511518533,46.697450177985857],[80.759538200768134,46.694212172587385],[80.802220999202234,46.686264341154846],[80.841960156365019,46.670074314162548],[80.849024895416164,46.66418703161996],[80.854323449704509,46.657416656695929],[80.861093824628554,46.651823738280406],[80.871985297332472,46.649468825263369],[80.879344400510718,46.652412466534685],[80.89229642210455,46.665953216382739],[80.902599166554126,46.670074314162576],[80.917906101164988,46.668013765272669],[80.953818524675057,46.653001194788949],[80.975012741828508,46.649468825263355],[81.072152903781969,46.649468825263355],[81.119251164123057,46.657122292568808],[81.156046680014484,46.676255960832364],[81.162228326684271,46.67242922717962],[81.189898554634638,46.662715210984281],[81.202261847974171,46.655650471933143],[81.208737858771087,46.648880097009112],[81.213742048932318,46.641226629703681],[81.237585543229955,46.612084581117664],[81.243178461645471,46.592067820472685],[81.24052918450127,46.572639788082014],[81.231698260687338,46.553506119818437],[81.219923695602077,46.537316092826195],[81.19961257082997,46.516710603926981],[81.175180348278047,46.503169854078926],[81.152808674616054,46.509351500748693],[81.149570669217624,46.514944419164202],[81.139562288895149,46.535255543936266],[81.138973560640864,46.539671005843232],[81.127198995555602,46.536433000444816],[81.122489169521486,46.527896440757992],[81.123372261902901,46.516710603926974],[81.128670816191232,46.506407859477363],[81.136618647623834,46.502286761697547],[81.161933962557157,46.498460028044846],[81.170176158116817,46.49198401724793],[81.171647978752503,46.479620723908411],[81.166643788591216,46.466079974060328],[81.15751850065017,46.457837778500661],[81.146038299692009,46.460781419771962],[81.112480789199026,46.478443267399889],[81.100411859986593,46.481386908671212],[81.077451458070357,46.494927658519273],[81.067148713620725,46.498754392171961],[81.051841779009862,46.49787129979056],[81.026526464076539,46.487568555340935],[81.012396985974249,46.484624914069634],[81.002388605651788,46.486391098832449]]]}},
{"type":"Feature","properties":{"featurecla":"Lake","scalerank":7,"name":"Lake Sasykkol","name_abb":"Sasyqkl","name_alt":null,"note":null,"delta":null,"dam_name":null,"year":-99,"admin":null,"min_zoom":5.7,"min_label":6.7,"label":"Sasykkol","wikidataid":"Q2039551","name_ar":"بحيرة ساسيكول","name_bn":"লেক সাসিক্কোল","name_de":"Sassykkölsee","name_en":"Sasykkol","name_es":"Sasykkol","name_fr":"Sasykkol","name_el":"Λίμνη Σασικόλ","name_hi":"ससिककोल झील","name_hu":"Sasykkol-tó","name_id":"Danau Sasykkol","name_it":"Sasykkol","name_ja":"サスイクコリ湖","name_ko":"레이크사식콜","name_nl":"Sasykkol","name_pl":"Sasykköl","name_pt":"Lago Sasykkol","name_ru":"Сасыкколь","name_sv":"Sasykkol","name_tr":"Sasıkgöl","name_vi":"Hồ Sasykkol","name_zh":"萨瑟克湖","ne_id":1159116559,"name_fa":"دریاچه ساسیکول","name_he":"אגם סאסיקול","name_uk":"Сасикколь","name_ur":"جھیل ساسیکول","name_zht":"薩瑟克湖","historical_claim":false,"geometry_status":"modern_physical_reference","source_id":"source.natural_earth.lakes.10m"},"geometry":{"type":"Polygon","coordinates":[[[80.635316539118548,46.621798597312974],[80.639143272771264,46.625625330965704],[80.642675642296865,46.621798597312974],[80.635316539118548,46.621798597312974]]]}},
{"type":"Feature","properties":{"featurecla":"Lake","scalerank":9,"name":"Qarasor Kli","name_abb":"Qarasor Kli","name_alt":null,"note":null,"delta":null,"dam_name":null,"year":-99,"admin":null,"min_zoom":7.0,"min_label":8.0,"label":null,"wikidataid":null,"name_ar":"كاراسور كلي","name_bn":"কোয়ারাসর কিল","name_de":"Qarasor Köli","name_en":"Qarasor Lake","name_es":"Lago Qarasor","name_fr":"Qarasor Koli","name_el":"Καρασόρ Κλι","name_hi":"करासोर क्ली","name_hu":"Qarasor Kli","name_id":"Qarasor Kli","name_it":"Qarasor Kli","name_ja":"カラソル湖","name_ko":"카라소르 클리","name_nl":"Qarasor Köli","name_pl":"Qarasor Kli","name_pt":"Lago Qarasor","name_ru":"озеро Карасор","name_sv":"Qarasor Kli","name_tr":"Qarasor Kli","name_vi":"Hồ Qarasor Kli","name_zh":"加拉索湖","ne_id":1159121247,"name_fa":"کاراسور کلی","name_he":"אגם קראסור","name_uk":"Кварасор Клі","name_ur":"قاراسار کلی","name_zht":"卡拉索湖","historical_claim":false,"geometry_status":"modern_physical_reference","source_id":"source.natural_earth.lakes.10m"},"geometry":{"type":"Polygon","coordinates":[[[75.583145025157748,49.904841707212491],[75.61699689977786,49.882764397677626],[75.599040688022853,49.842436512260598],[75.577846470869375,49.832428131938116],[75.562539536258541,49.842142148133455],[75.534280580053874,49.880409484660596],[75.513675091154653,49.893655870381501],[75.49012596098413,49.901014973559789],[75.465399374305065,49.902192430068283],[75.441850244134542,49.897776968161345],[75.407704005387245,49.881586941169111],[75.372969038385733,49.85656599036291],[75.368847940605903,49.851561800201651],[75.3597226526648,49.83654922971796],[75.352657913613626,49.828895762412536],[75.345298810435352,49.823597208124177],[75.32292713677333,49.810939550657501],[75.306442745653953,49.806229724623392],[75.289958354534591,49.796810072555175],[75.28024433833923,49.794749523665288],[75.271413414525298,49.795632616046618],[75.255517751660193,49.800342442080769],[75.229613708472584,49.803874811606356],[75.20841949131912,49.810350822403244],[75.18928582305557,49.820064838598583],[75.176922529716038,49.83213376781098],[75.187814002419927,49.840670327497818],[75.277595061195058,49.857154718617188],[75.296434365331507,49.851856164328808],[75.315568033595042,49.849795615438893],[75.338234071384178,49.863630729414069],[75.382977418708208,49.928096473255913],[75.396812532683384,49.938693581832638],[75.460689548270949,49.937221761196959],[75.471581020974838,49.933983755798565],[75.489537232729887,49.924858467857469],[75.583145025157748,49.904841707212491]]]}},
{"type":"Feature","properties":{"featurecla":"Lake","scalerank":9,"name":"Shreksor Kli","name_abb":"Shreksor Kli","name_alt":null,"note":null,"delta":null,"dam_name":null,"year":-99,"admin":null,"min_zoom":7.0,"min_label":8.0,"label":null,"wikidataid":null,"name_ar":"شريكسور كلي","name_bn":"শ্রেক্সর ক্লি","name_de":"Shreksor Köli","name_en":"Shreksor Lake","name_es":"Lago Shreksor","name_fr":"Shreksor Kli","name_el":"Σρεκσόρ Κλι","name_hi":"श्रेकसर क्ली","name_hu":"Shreksor Kli","name_id":"Shreksor Kli","name_it":"Shreksor Kli","name_ja":"シュレクソル湖","name_ko":"슈렉소르 클리","name_nl":"Shreksor Lake","name_pl":"Shreksor Kli","name_pt":"Lago Shreksor","name_ru":"озеро Шурексор","name_sv":"Sjeksor Kli","name_tr":"Shreksor Kli","name_vi":"Hồ Shreksor Kli","name_zh":"史莱克索湖","ne_id":1159121231,"name_fa":"شرکسور کلی","name_he":"אגם שרקסור","name_uk":"Шрексор Клі","name_ur":"شریکسور کلی","name_zht":"什里卡索湖","historical_claim":false,"geometry_status":"modern_physical_reference","source_id":"source.natural_earth.lakes.10m"},"geometry":{"type":"Polygon","coordinates":[[[75.871033141492518,52.267408191571292],[75.873388054509547,52.251512528706158],[75.871916233873904,52.232378860442616],[75.866323315458402,52.22060429535734],[75.842185457033594,52.19676080105971],[75.832765804965391,52.191756610898437],[75.820402511625844,52.190873518517066],[75.806273033523539,52.192639703279838],[75.793026647802606,52.196466436932539],[75.783606995734402,52.200293170585262],[75.740924197300302,52.217071925831753],[75.724439806180925,52.230318311552693],[75.721790529036753,52.248274523307714],[75.752110034131306,52.235616865841024],[75.766533876360782,52.236205594095345],[75.7771309849375,52.248274523307714],[75.763884599216567,52.266819463316999],[75.785373180497189,52.288308044597642],[75.831588348456847,52.319510642073595],[75.825701065914231,52.344531592879761],[75.825406701787117,52.34453159287974],[75.818930690990186,52.365725810033283],[75.817753234481671,52.383387657661132],[75.818930690990186,52.388980576076683],[75.823051788770044,52.391335489093699],[75.831588348456847,52.391629853220842],[75.841891092906494,52.388391847822383],[75.844540370050666,52.38221020115261],[75.843951641796394,52.37396800559295],[75.845423462432066,52.364253989397582],[75.845129098304909,52.357483614473594],[75.842479821160737,52.351007603676706],[75.841891092906479,52.343354136371261],[75.848955831957625,52.333640120175907],[75.855726206881656,52.324220468107704],[75.856314935135927,52.317155729056516],[75.852782565610326,52.309502261751106],[75.871033141492518,52.267408191571292]]]}},
{"type":"Feature","properties":{"featurecla":"Lake","scalerank":9,"name":"Ozero Maraldy","name_abb":"O. Maraldy","name_alt":"Lake Maraldy","note":null,"delta":null,"dam_name":null,"year":-99,"admin":null,"min_zoom":7.0,"min_label":8.0,"label":null,"wikidataid":null,"name_ar":"بحيرة مارالدي","name_bn":"ওজেরো মারালদি","name_de":"Ozero Maraldy","name_en":"Ozero Maraldy","name_es":"Lago Maraldy","name_fr":"Ozero Maraldy","name_el":"Οζέρο Μαράλντι","name_hi":"ओज़ेरो माराल्डी","name_hu":"Maraldi-tó","name_id":"Danau Maraldy","name_it":"Ozero Maraldy","name_ja":"マラルディ湖","name_ko":"오제로 마랄디","name_nl":"Ozero Maraldy","name_pl":"Jezioro Maraldy","name_pt":"Lago Maraldy","name_ru":"озеро Маралды","name_sv":"Ozero Maraldy","name_tr":"Ozero Maraldy","name_vi":"Hồ Maraldy","name_zh":"马拉尔德湖","ne_id":1159120805,"name_fa":"اوزرو مارالدی","name_he":"אגם מרלדי","name_uk":"озеро Маралди","name_ur":"اوزیرو مارالدی","name_zht":"馬拉迪湖","historical_claim":false,"geometry_status":"modern_physical_reference","source_id":"source.natural_earth.lakes.10m"},"geometry":{"type":"Polygon","coordinates":[[[77.815602565324312,52.33599503319298],[77.825905309773944,52.322748647472025],[77.8226673043755,52.285658767453448],[77.78793233737396,52.276239115385238],[77.744955174812731,52.285070039199184],[77.716696218608107,52.303320615081354],[77.723466593532123,52.303320615081354],[77.725232778294867,52.311857174768164],[77.735829886871613,52.326575381124748],[77.761439565932108,52.354245609075129],[77.777040864670084,52.357777978600701],[77.797057625315006,52.34953578304102],[77.815602565324312,52.33599503319298]]]}},
{"type":"Feature","properties":{"featurecla":"Lake","scalerank":9,"name":"Ozero Gorkoye","name_abb":"O. Gorkoye","name_alt":"Lake Gorkoye","note":null,"delta":null,"dam_name":null,"year":-99,"admin":null,"min_zoom":7.0,"min_label":8.0,"label":"Ozero Gorkoye","wikidataid":"Q3565914","name_ar":"بحيرة جوركوي","name_bn":"ওজেরো গোরকোয়ে","name_de":"Ozero Gorkoye","name_en":"Chernokurinskoe","name_es":"Lago Gorkoye","name_fr":"Ozero Gorkoye","name_el":"Οζέρο Γκόρκογιε","name_hi":"ओज़ेरो गोर्कॉय","name_hu":"Gorkoje-tó","name_id":"Danau Gorkoye","name_it":"Ozero Gorkoye","name_ja":"ゴーリコエ湖","name_ko":"오제로 고르코예","name_nl":"Ozero Gor'koye","name_pl":"Jezioro Gorkoye","name_pt":"Lago Gorkoye","name_ru":"Чернокурьинское","name_sv":"Ozero Gorkoje","name_tr":"Ozero Gorkoye","name_vi":"Hồ Gorkoye","name_zh":"切尔诺库利因斯卡埃湖","ne_id":1159120829,"name_fa":"اوزرو گورکویه","name_he":"אגם גורקויה","name_uk":"озеро Гірке","name_ur":"اوزیرو گورکوئے","name_zht":"切爾諾庫利因斯卡埃湖","historical_claim":false,"geometry_status":"modern_physical_reference","source_id":"source.natural_earth.lakes.10m"},"geometry":{"type":"Polygon","coordinates":[[[81.500158344631416,52.558828677431642],[81.369460672184985,52.488475651047168],[81.336786254073331,52.465515249130888],[81.28291761880827,52.441083026578987],[81.276441608011353,52.439316841816158],[81.264372678798964,52.43342955927357],[81.249654472442387,52.420183173552623],[81.236996814975726,52.405464967196032],[81.231698260687324,52.395456586873586],[81.173414163515247,52.361310348126288],[81.159579049540071,52.347475234151091],[81.145449571437794,52.336878125574337],[81.129259544445532,52.330402114777442],[81.10865405554631,52.330107750650377],[81.111597696817626,52.336878125574344],[81.115424430470355,52.341882315735589],[81.120722984758686,52.34541468526119],[81.126021539047102,52.348063962405341],[81.144566479056394,52.363370897016196],[81.191370375270324,52.389569304330927],[81.210504043533831,52.405759331323161],[81.234347537831525,52.445498488485953],[81.248477015933815,52.464337792622359],[81.272614874358624,52.480822183741736],[81.461302279850045,52.551469574253332],[81.478669763350808,52.570308878389753],[81.465129013502761,52.561183590448692],[81.450410807146184,52.553530123143247],[81.434220780153908,52.549114661236295],[81.41655893252603,52.549409025363403],[81.426567312848476,52.55941740568592],[81.437753149679509,52.566187780609951],[81.464245921121346,52.577079253313777],[81.505751263046946,52.604455117137007],[81.519586377022108,52.61151985618821],[81.519586377022108,52.603866388882771],[81.513404730352363,52.599156562848663],[81.513404730352363,52.595918557450226],[81.523118746547709,52.587381997763401],[81.526651116073253,52.580905986966528],[81.523413110674824,52.576490525059555],[81.512816002098077,52.570308878389788],[81.500158344631416,52.558828677431642]]]}},
{"type":"Feature","properties":{"featurecla":"Lake","scalerank":9,"name":"Ozero Kuchukskoye","name_abb":"O. Kuchukskoye","name_alt":"Lake Kuchukskoye","note":null,"delta":null,"dam_name":null,"year":-99,"admin":null,"min_zoom":7.0,"min_label":8.0,"label":"Ozero Kuchukskoye","wikidataid":"Q2642276","name_ar":"بحيرة كوتشوكسكوي","name_bn":"ওজেরো কুচুকস্কোয়ে","name_de":"Kutschuksee","name_en":"Kuchukskoe","name_es":"Lago Kuchukskoye","name_fr":"Koutchouk","name_el":"Οζέρο Κουτσούκσκογιε","name_hi":"ओज़ेरो कुचुकस्कॉय","name_hu":"Kucsukszkoje-tó","name_id":"Danau Kuchukskoye","name_it":"Kuchuk","name_ja":"クチュクスコイェ湖","name_ko":"오제로 쿠척스코예","name_nl":"Ozero Kuchukskoye","name_pl":"Jezioro Kuchukskoye","name_pt":"Lago Kuchukskoye","name_ru":"Кучукское озеро","name_sv":"Ozero Kutjukskoje","name_tr":"Ozero Kuchukskoye","name_vi":"Hồ Kuchukskoye","name_zh":"库丘克湖","ne_id":1159120789,"name_fa":"اوزرو کوچوکسکویه","name_he":"אגם קוצ'וקסקויה","name_uk":"озеро Кучукське","name_ur":"اوزیرو کوچوکسوئے","name_zht":"庫丘克湖","historical_claim":false,"geometry_status":"modern_physical_reference","source_id":"source.natural_earth.lakes.10m"},"geometry":{"type":"Polygon","coordinates":[[[79.711307544052275,52.665682855580414],[79.71454554945069,52.664211034944792],[79.717783554849177,52.659206844783526],[79.71042445167086,52.665977219707564],[79.711307544052275,52.665682855580414]]]}},
{"type":"Feature","properties":{"featurecla":"Lake","scalerank":9,"name":"Ozero Kuchukskoye","name_abb":"O. Kuchukskoye","name_alt":"Lake Kuchukskoye","note":null,"delta":null,"dam_name":null,"year":-99,"admin":null,"min_zoom":7.0,"min_label":8.0,"label":"Ozero Kuchukskoye","wikidataid":"Q2642276","name_ar":"بحيرة كوتشوكسكوي","name_bn":"ওজেরো কুচুকস্কোয়ে","name_de":"Kutschuksee","name_en":"Kuchukskoe","name_es":"Lago Kuchukskoye","name_fr":"Koutchouk","name_el":"Οζέρο Κουτσούκσκογιε","name_hi":"ओज़ेरो कुचुकस्कॉय","name_hu":"Kucsukszkoje-tó","name_id":"Danau Kuchukskoye","name_it":"Kuchuk","name_ja":"クチュクスコエ湖","name_ko":"오제로 쿠척스코예","name_nl":"Ozero Kuchukskoye","name_pl":"Jezioro Kuchukskoye","name_pt":"Lago Kuchukskoye","name_ru":"Кучукское озеро","name_sv":"Ozero Kutjukskoje","name_tr":"Ozero Kuchukskoye","name_vi":"Hồ Kuchukskoye","name_zh":"库丘克湖","ne_id":1159120771,"name_fa":"اوزرو کوچوکسکویه","name_he":"אגם קוצ'וקסקויה","name_uk":"озеро Кучукське","name_ur":"اوزیرو کوچوکسوئے","name_zht":"庫丘克湖","historical_claim":false,"geometry_status":"modern_physical_reference","source_id":"source.natural_earth.lakes.10m"},"geometry":{"type":"Polygon","coordinates":[[[79.731324304697239,52.654497018749375],[79.71454554945069,52.664211034944792],[79.698944250712714,52.689526349878108],[79.692468239915868,52.703950192107534],[79.689818962771653,52.71749094195561],[79.693056968170083,52.729559871168007],[79.707186446272431,52.753992093719944],[79.71042445167086,52.765177930550976],[79.721610288501893,52.771065213093578],[79.792846407267746,52.782545414051711],[79.808447706005722,52.780190501034618],[79.828170102523544,52.77459758261913],[79.847598134914236,52.766061022932305],[79.861727613016569,52.754580821974209],[79.863493797779313,52.748104811177299],[79.862021977143698,52.731326055930786],[79.864965618414999,52.724261316879684],[79.870264172703344,52.71778530608276],[79.876151455245974,52.708365654014521],[79.880566917152976,52.698946001946325],[79.882333101915776,52.690115078132344],[79.879095096517304,52.668626496851722],[79.870852900957644,52.656263203512225],[79.844360129515792,52.635657714612989],[79.83081937966773,52.627121154926179],[79.810802619022752,52.620056415874991],[79.789608401869316,52.616229682222333],[79.772535282495667,52.617407138730854],[79.75693398375769,52.627121154926179],[79.731324304697239,52.654497018749375]]]}},
{"type":"Feature","properties":{"featurecla":"Lake","scalerank":9,"name":"Žalauly Kli","name_abb":"Zhalauly Kli","name_alt":null,"note":null,"delta":null,"dam_name":null,"year":-99,"admin":null,"min_zoom":7.0,"min_label":8.0,"label":"Žalauly Kli","wikidataid":"Q10269944","name_ar":"زالولي كلي","name_bn":"জালাউলি ক্লি","name_de":"Zhalauly Koli","name_en":"Žalauly Lake","name_es":"Lago Žalauly","name_fr":"Zhalauly Koli","name_el":"Ζαλάουλι Κλι","name_hi":"ज़ालौली क्ली","name_hu":"Žalauly Kli","name_id":"Žalauly Kli","name_it":"Žalauly Kli","name_ja":"ザラウイ湖","name_ko":"샬라우리 클리","name_nl":"Zhalaūly Köli","name_pl":"Žalauly Kli","name_pt":"Lago Žalauly","name_ru":"Жалаулы","name_sv":"Zhalaūly Köli","name_tr":"Žalauly Kli","name_vi":"Hồ Žalauly Kli","name_zh":"阿劳利湖","ne_id":1159121215,"name_fa":"زالائولی کلی","name_he":"אגם ז'אלאולי","name_uk":"Залаулі Клі","name_ur":"زالولی کلی","name_zht":"扎勞利湖","historical_claim":false,"geometry_status":"modern_physical_reference","source_id":"source.natural_earth.lakes.10m"},"geometry":{"type":"Polygon","coordinates":[[[74.145764992373785,52.878213755369501],[74.201694176528804,52.816691652798966],[74.179911231121082,52.809038185493563],[74.148119905390843,52.810510006129235],[74.08188797678622,52.825816940740047],[74.06010503137847,52.855547717580372],[74.058338846615712,52.895875602997393],[74.074823237735046,52.931199298253226],[74.108380748228058,52.946506232864039],[74.12368768283892,52.938558401431486],[74.132518606652866,52.919130369040779],[74.145764992373785,52.878213755369501]]]}},
{"type":"Feature","properties":{"featurecla":"Lake","scalerank":5,"name":"Ozero Kulundinskoye","name_abb":"O. Kulundinskoye","name_alt":"Lake Kulundinskoye","note":null,"delta":null,"dam_name":null,"year":-99,"admin":null,"min_zoom":4.7,"min_label":6.0,"label":"Ozero Kulundinskoye","wikidataid":"Q731761","name_ar":"بحيرة كولوندينسكوي","name_bn":"ওজেরো কুলুন্দিনস্কোয়ে","name_de":"Kulundasee","name_en":"Kulundinskoe","name_es":"Kulunda","name_fr":"Koulounda","name_el":"Οζέρο Κουλουντίνσκογιε","name_hi":"ओज़ेरो कुलुंडिनस्कॉय","name_hu":"Kulunda-tó","name_id":"Danau Kulundinskoye","name_it":"Kulunda","name_ja":"クルンジスコエ湖","name_ko":"오제로 쿨룬딘스코예","name_nl":"Koeloendameer","name_pl":"Jezioro Kułundyńskie","name_pt":"Lago Kulundinskoye","name_ru":"Кулундинское озеро","name_sv":"Ozero Kulundinskoje","name_tr":"Kulundin","name_vi":"Hồ Kulundinskoye","name_zh":"庫倫達湖","ne_id":1159114777,"name_fa":"اوزرو کولوندینسکویه","name_he":"אגם קולונדינסקויה","name_uk":"Кулундинське озеро","name_ur":"اوزیرو کولونڈنسکوئے","name_zht":"庫倫達湖","historical_claim":false,"geometry_status":"modern_physical_reference","source_id":"source.natural_earth.lakes.10m"},"geometry":{"type":"Polygon","coordinates":[[[79.798439325683262,53.00567342241748],[79.820222271090984,53.001257960510543],[79.808742070132837,52.972410276051626],[79.780777478055313,52.97152718367024],[79.74545378279953,52.975059553195827],[79.71042445167086,52.960046982712107],[79.720138467866207,52.944151319846988],[79.716606098340662,52.923840195074931],[79.70365407674683,52.888810863946247],[79.71248500056079,52.860846271868745],[79.730146848188667,52.854370261071814],[79.743393233909615,52.86437864139431],[79.738389043748398,52.884984130293553],[79.763115630427436,52.87850811949663],[79.764587451063107,52.857019538215994],[79.75222415772356,52.834353500426893],[79.734562310095683,52.823462027722961],[79.594444985580992,52.830526766774177],[79.545874904604261,52.842595695986589],[79.48906262806787,52.864378641394318],[79.436665813438424,52.894109418234606],[79.40134211818264,52.930610569998962],[79.389273188970208,52.947978053499696],[79.37985353690199,52.967406085890389],[79.377204259757846,52.987128482408217],[79.389273188970208,53.014504346231433],[79.395749199767124,53.053360411012868],[79.400459025801254,53.060425150063999],[79.487590807432184,53.123713437397299],[79.542048170951546,53.13107254057563],[79.66273746307553,53.104874133260893],[79.651257262117383,53.125773986287243],[79.627708131946875,53.133427453592667],[79.573839496681785,53.138431643753925],[79.596799898598022,53.146968203440728],[79.618877208132915,53.145790746932185],[79.665975468473974,53.138431643753925],[79.686286593246052,53.129895084067108],[79.713956821196476,53.092216475794224],[79.734562310095669,53.083679916107421],[79.761643809791806,53.081619367217492],[79.772829646622768,53.074848992293425],[79.774301467258454,53.062191334826792],[79.772535282495667,53.042763302436079],[79.769591641224338,53.03275492211359],[79.766059271698737,53.028928188460924],[79.767236728207322,53.025101454808201],[79.778422565038284,53.015387438612862],[79.78813658123363,53.009500156070253],[79.798439325683262,53.00567342241748]]]}},
{"type":"Feature","properties":{"featurecla":"Lake","scalerank":5,"name":"Siletitengiz Kli","name_abb":"Siletitengiz Kli","name_alt":null,"note":null,"delta":null,"dam_name":null,"year":-99,"admin":null,"min_zoom":4.7,"min_label":6.0,"label":"Siletitengiz Kli","wikidataid":"Q4244492","name_ar":"سايلتينتيتنغز كلي","name_bn":"সাইলেটিটেনিজ ক্লি","name_de":"Siletitengiz Köli","name_en":"Siletiteniz","name_es":"Lago Seletyteniz","name_fr":"Siletitengiz Koli","name_el":"Σιλετιτενγκίζ Κλι","name_hi":"सिलेटिटेंगिज़ क्ली","name_hu":"Siletitengiz Kli","name_id":"Siletitengiz Kli","name_it":"Siletitengiz Kli","name_ja":"セレティテニス湖","name_ko":"실레티텐기즈 클리","name_nl":"Seletyteniz","name_pl":"Siletitengiz Kli","name_pt":"Lago Seletyteniz","name_ru":"Селетытениз","name_sv":"Siletitengiz Köli","name_tr":"Siletiteniz","name_vi":"Hồ Siletitengiz Kli","name_zh":"谢列特田吉兹湖","ne_id":1159114787,"name_fa":"سیلتیتنگیز کلی","name_he":"אגם סילטיטנגיז","name_uk":"Сілетітеніз","name_ur":"سیلےٹیٹینگز کلی","name_zht":"谢列特田吉兹湖","historical_claim":false,"geometry_status":"modern_physical_reference","source_id":"source.natural_earth.lakes.10m"},"geometry":{"type":"Polygon","coordinates":[[[73.432520712333741,53.06807861736943],[73.412798315815934,53.056304052284169],[73.376297164051621,53.05571532402994],[73.349510028482641,53.075732084674861],[73.327432718947776,53.102224856116699],[73.297113213853194,53.128128899304265],[73.292697751946221,53.135193638355453],[73.29210902369195,53.143141469788006],[73.29681884972608,53.151972393601902],[73.169653546805165,53.227329610147677],[73.113135634395888,53.24734637079257],[73.090763960733895,53.261770213022032],[73.082521765174178,53.273250413980207],[73.066331738181972,53.307396652727476],[73.059855727385084,53.336244337186386],[73.050730439443996,53.339776706711923],[73.039544602612978,53.336244337186386],[73.029241858163374,53.330062690516591],[73.0,53.30582272914436],[73.0,53.332689376808197],[73.008930733391281,53.330062690516591],[73.00598709211998,53.337127429567779],[73.001277266085864,53.343014712110417],[73.0,53.34409030460376],[73.0,53.372952272641534],[73.00127726608585,53.375100401967742],[73.014229287679669,53.388935515942933],[73.044254428647108,53.396000254994092],[73.264438795741569,53.402181901663894],[73.317129974498144,53.392762249595634],[73.40543921263766,53.366858206408054],[73.435758717732199,53.340954163220495],[73.440174179639186,53.29650518002358],[73.433992532969413,53.281198245412753],[73.416625049468664,53.251173104445336],[73.412798315815934,53.23851544697866],[73.407499761527561,53.174049703136838],[73.412798315815948,53.151972393601902],[73.43046016344384,53.123419073270199],[73.433403804715141,53.111055779930652],[73.42251233201128,53.116943062473268],[73.412209587561676,53.118120518981833],[73.402201207239187,53.115765605964768],[73.392487191043855,53.111055779930652],[73.381301354212852,53.103696676752342],[73.379535169450065,53.099575578972527],[73.392487191043841,53.091039019285674],[73.426044701536867,53.076909541183362],[73.432520712333741,53.06807861736943]]]}},
{"type":"Feature","properties":{"featurecla":"Lake","scalerank":9,"name":"Iken Zhbolat Lake","name_abb":"Iken Zhbolat L.","name_alt":null,"note":null,"delta":null,"dam_name":null,"year":-99,"admin":null,"min_zoom":7.0,"min_label":8.0,"label":null,"wikidataid":null,"name_ar":"بحيرة زبولات ليك","name_bn":"ইকেন ঝবোলাত","name_de":"Bolschoi Aschbulat","name_en":"Ulken Azhbolat Lake","name_es":"Lago Iken Zhbolat","name_fr":"Lac Iken Zhbolat","name_el":"Λίμνη Ικέν Σμπολάτ","name_hi":"आईकेन ज़्बोलत झील","name_hu":"Iken Zhbolat Lake","name_id":"Danau Iken Zhbolat","name_it":"Iken Zhbolat Lake","name_ja":"イケン・ザボラット湖","name_ko":"이켄 즈볼랏 레이크","name_nl":"Ülken Äzhbolat Lake","name_pl":"Jezioro Iken Zhbolat Lake","name_pt":"Lago Iken Zhbolat","name_ru":"озеро Улькен Ажиболат","name_sv":"Ülken Äzhbolat Köli","name_tr":"Iken Zhbolat Gölü","name_vi":"Hồ Iken Zhbolat","name_zh":"伊肯日波拉特湖","ne_id":1159121307,"name_fa":"دریاچه ایکن ژوبلت","name_he":"איקן זבולאט","name_uk":"Ікен-Жболат","name_ur":"آئیکین ایکسواٹ کلی","name_zht":"伊肯日波拉特湖","historical_claim":false,"geometry_status":"modern_physical_reference","source_id":"source.natural_earth.lakes.10m"},"geometry":{"type":"Polygon","coordinates":[[[77.493862574369416,53.299743185422059],[77.512701878505823,53.25441110984378],[77.482971101665498,53.227329610147656],[77.433517928307438,53.221736691732154],[77.393778771144639,53.242047816504261],[77.40143223845007,53.248229463173985],[77.333139760955532,53.235866169834459],[77.31194554380204,53.24204781650424],[77.31194554380204,53.248229463174006],[77.326958114285731,53.255294202225166],[77.345797418422194,53.260298392386417],[77.413206803535331,53.310340293998784],[77.453240324825231,53.320054310194173],[77.493862574369416,53.299743185422059]]]}},
{"type":"Feature","properties":{"featurecla":"Lake","scalerank":9,"name":"Ozero Bol'shoye Topol'noye","name_abb":"O. Bol'shoye Topol'noye","name_alt":"Lake Bol'shoye Topol'noye","note":null,"delta":null,"dam_name":null,"year":-99,"admin":null,"min_zoom":7.0,"min_label":8.0,"label":"Ozero Bol'shoye Topol'noye","wikidataid":"Q4092460","name_ar":"بحيرة بولشوي توبولنوي","name_bn":"ওজেরো বলশয় তোপোলনোয়ে","name_de":"Ozero Bol'shoye Topol'noye","name_en":"Ozero Bolshoye Topolnoye","name_es":"Lago Bol'shoye Topol'noye","name_fr":"Ozero Bol'shoye Topol'noye","name_el":"Οζέρο Μπολσοιε Τοπολνοϊε","name_hi":"ओज़ेरो बोलशोय टोपोलनोय","name_hu":"Bolsoje Topolnoje-tó","name_id":"Danau Bolshoye Topolnoye","name_it":"Ozero Bol'shoye Topol'noye","name_ja":"ボリショエ・トポリノエ湖","name_ko":"오제로 볼쇼예 토폴노예","name_nl":"Ozero Kharga","name_pl":"Jezioro Bolszoje Topolnoje","name_pt":"Lago Bol'shoye Topol'noye","name_ru":"Большое Топольное озеро","name_sv":"Ozero Bolsjoje Topolnoje","name_tr":"Ozero Bol'shoye Topol'noye","name_vi":"Hồ Bol'shoye Topol'noye","name_zh":"大托波利諾耶湖","ne_id":1159120753,"name_fa":"اوزرو بولشویه توپولنویه","name_he":"אגם בולשויה טופולנויה","name_uk":"озеро Велике Топольне","name_ur":"اوزیرو بول شوئے ٹوپول نوئے","name_zht":"大托波利諾耶湖","historical_claim":false,"geometry_status":"modern_physical_reference","source_id":"source.natural_earth.lakes.10m"},"geometry":{"type":"Polygon","coordinates":[[[78.067578258149013,53.32240922321121],[78.068166986403298,53.291206625735242],[78.062868432114911,53.272072957471643],[78.03902493781726,53.258532207623624],[78.007527976214135,53.253822381589536],[77.975147922229667,53.259120935877895],[77.948949514914958,53.27531096287013],[77.948949514914958,53.268540587946106],[77.939235498719611,53.298565728913537],[77.928638390142865,53.318582489558473],[77.928344026015751,53.337716157822022],[77.948949514914958,53.364797657518167],[77.957780438728904,53.373334217204928],[77.966905726670007,53.379810228001858],[77.979269020009497,53.383931325781695],[77.997813960018803,53.385403146417374],[78.013120894629651,53.382165141018874],[78.039613666071503,53.36803566291659],[78.048738954012606,53.364797657518167],[78.061396611479267,53.351845635924342],[78.067578258149013,53.32240922321121]]]}},
{"type":"Feature","properties":{"featurecla":"Lake","scalerank":9,"name":"Qyzylqaq Kli","name_abb":"Qyzylqaq Kli","name_alt":null,"note":null,"delta":null,"dam_name":null,"year":-99,"admin":null,"min_zoom":7.0,"min_label":8.0,"label":null,"wikidataid":null,"name_ar":"قيزيلقاق كلي","name_bn":"ক্যজিলকাক কিল","name_de":"Qyzylqaq Köli","name_en":"Qyzylqaq Lake","name_es":"Lago Qyzylqaq","name_fr":"Qyzylqaq Koli","name_el":"Κιζιλκακ Κλι","name_hi":"क्यज़िल्क़ाक क्ली","name_hu":"Kyzylkak Kli","name_id":"Qyzylqaq Kli","name_it":"Qyzylqaq Kli","name_ja":"キジルカク湖","name_ko":"키질카크 클리","name_nl":"Qyzylqaq Köli","name_pl":"Qyzylqaq Kli","name_pt":"Lago Qyzylqaq","name_ru":"озеро Кызылкак","name_sv":"Qyzylqaq Kli","name_tr":"Qyzylqaq Kli","name_vi":"Hồ Qyzylqaq Kli","name_zh":"奇普沙克湖","ne_id":1159121201,"name_fa":"کیزیلکاک کلی","name_he":"אגם קיזילקאק","name_uk":"Кузулгаг Клі","name_ur":"قزیلقاق کلی","name_zht":"奇普沙克湖","historical_claim":false,"geometry_status":"modern_physical_reference","source_id":"source.natural_earth.lakes.10m"},"geometry":{"type":"Polygon","coordinates":[[[73.892023114786312,53.467825102014253],[73.901737130981644,53.454284352166212],[73.899970946218858,53.446630884860753],[73.892906207167712,53.439566145809565],[73.887902017006439,53.428085944851482],[73.890256930023511,53.421315569927415],[73.891728750659141,53.412484646113498],[73.892023114786312,53.406302999443703],[73.889373837642097,53.390996064832883],[73.885841468116539,53.38481441816311],[73.879071093192493,53.378338407366222],[73.863469794454531,53.372156760696448],[73.808423702680898,53.365386385772432],[73.76338599122974,53.369507483552255],[73.720408828668525,53.378632771493329],[73.638869965453083,53.406302999443703],[73.664185280386405,53.442509787080915],[73.673604932454595,53.447513977242167],[73.687734410556928,53.45075198264059],[73.699803339769318,53.458994178200278],[73.71834827977861,53.478127846463856],[73.746901600110391,53.494023509328926],[73.776632376950687,53.496084058218905],[73.841686849046766,53.488430590913445],[73.853167050004927,53.486664406150652],[73.86788525636149,53.481660215989443],[73.882309098590952,53.475184205192519],[73.892023114786312,53.467825102014253]]]}},
{"type":"Feature","properties":{"featurecla":"Lake","scalerank":9,"name":"Ozero Teke","name_abb":"O. Teke","name_alt":"Lake Teke","note":null,"delta":null,"dam_name":null,"year":-99,"admin":null,"min_zoom":7.0,"min_label":8.0,"label":"Ozero Teke","wikidataid":"Q2587598","name_ar":"بحيرة تيك","name_bn":"ওজেরো তেকে","name_de":"Ozero Teke","name_en":"Ozero Teke","name_es":"Lago Teke","name_fr":"Ozero Teke","name_el":"Οζέρο Τέκε","name_hi":"ओज़ेरो टेके","name_hu":"Teke-tó","name_id":"Danau Teke","name_it":"Ozero Teke","name_ja":"テケ湖","name_ko":"오제로 테케","name_nl":"Ozero Teke","name_pl":"Teke","name_pt":"Lago Teke","name_ru":"Теке","name_sv":"Teke Köli","name_tr":"Ozero Teke","name_vi":"Hồ Teke","name_zh":"铁克湖","ne_id":1159121185,"name_fa":"اوزرو تکه","name_he":"אגם טקה","name_uk":"озеро Теке","name_ur":"اوزیرو ٹیکے","name_zht":"铁克湖","historical_claim":false,"geometry_status":"modern_physical_reference","source_id":"source.natural_earth.lakes.10m"},"geometry":{"type":"Polygon","coordinates":[[[73.078695031521477,53.826066244733482],[73.08399358580985,53.817235320919529],[73.081344308665692,53.809287489486969],[73.063388096910643,53.783089082172232],[73.046020613409866,53.767782147561405],[73.027475673400573,53.759245587874609],[73.0,53.760984554545516],[73.0,53.905002027547972],[73.049552982935452,53.858151934590822],[73.056617721986612,53.841373179344309],[73.060444455639328,53.836663353310222],[73.078695031521477,53.826066244733482]]]}},
{"type":"Feature","properties":{"featurecla":"Reservoir","scalerank":7,"name":"Novosibirsk Reservoir","name_abb":"Novosibirsk Res.","name_alt":"Ob Sea","note":"Novosibirskoye Reservoir","delta":null,"dam_name":"Novosibirsk","year":1957,"admin":null,"min_zoom":5.7,"min_label":6.7,"label":"Novosibirsk Res.","wikidataid":"Q1542594","name_ar":"خزان نوفوسيبيرسك","name_bn":"নোভোসিবিরস্ক রিজার্ভার","name_de":"Nowosibirsker Stausee","name_en":"Novosibirsk","name_es":"Novosibirsk","name_fr":"Novossibirsk","name_el":"Τεχνητή Λίμνη Νοβοσιμπίρσκ","name_hi":"नोवोसिबिर्स्क जलाशय","name_hu":"Novoszibirszki-víztározó","name_id":"Reservoir Novosibirsk","name_it":"Novosibirsk","name_ja":"ノヴォシビルスク貯水湖","name_ko":"노보시비르스크 레저보어","name_nl":"Stuwmeer van Novosibirsk","name_pl":"Zbiornik Nowosybirski","name_pt":"Novosibirsk","name_ru":"Новосибирское водохранилище","name_sv":"Novosibirsk-reservoaren","name_tr":"Novosibirsk Rezervuarı","name_vi":"Hồ Novosibirsk","name_zh":"新西伯利亚水库","ne_id":1159123075,"name_fa":"مخزن سد نووسیبیرسک","name_he":"מאגר נובוסיבירסק","name_uk":"Новосибірське водосховище","name_ur":"نووبرسک ریزروائر","name_zht":"新西伯利亞水庫","historical_claim":false,"geometry_status":"modern_physical_reference","source_id":"source.natural_earth.lakes.10m"},"geometry":{"type":"MultiPolygon","coordinates":[[[[81.355331194082623,53.995325617834204],[81.346177195674599,54.0],[81.361088664799041,54.0],[81.355331194082623,53.995325617834204]]],[[[81.306761113105892,53.95352591178149],[81.312942759775694,53.929388053356696],[81.32560041724237,53.90642765144041],[81.334136976929145,53.88552779841406],[81.306761113105892,53.895830542863692],[81.295575276274917,53.929388053356696],[81.295280912147803,53.970010302900874],[81.29964304990763,54.0],[81.329327857865863,54.0],[81.306761113105892,53.95352591178149]]],[[[81.28232889055397,53.989732699418703],[81.275264151502824,53.976780677824863],[81.271437417850109,53.921145857796986],[81.268199412451693,53.909665656838854],[81.259662852764848,53.899362912389272],[81.24288409751837,53.887588347303975],[81.236702450848554,53.887293983176889],[81.238468635611355,53.899362912389272],[81.233758809577239,53.905250194931881],[81.231403896560209,53.913198026364491],[81.230815168305924,53.922912042559801],[81.231698260687324,53.934097879390812],[81.228754619416009,53.965300476866751],[81.246766585622609,54.0],[81.296655356481381,54.0],[81.28232889055397,53.989732699418703]]]]}}
]
}
