{
"type": "FeatureCollection",
"name": "commanderies_v0",
"crs": { "type": "name", "properties": { "name": "urn:ogc:def:crs:OGC:1.3:CRS84" } },
"features": [
{"type":"Feature","properties":{"admin_unit_id":"admin.han140.sili.henan","display_name":"河南尹","geometry_status":"synthetic_proxy","historical_claim":false,"confidence":"technical_only"},"geometry":{"type":"Polygon","coordinates":[[[110.29579280649331,32.9908001221239],[110.261143280426907,32.992391666299042],[110.226812486043841,32.996540462631074],[110.193082605684467,33.003212379231663],[109.292826959096089,33.213105458213882],[109.257825159456161,33.222615709341198],[109.224106667633549,33.23481992263774],[109.191983973910141,33.24960511605812],[109.16175526371093,33.266834352770744],[109.133701706699611,33.286347975284919],[109.108084879863057,33.307965047359211],[109.085144346730175,33.331484992023],[109.065095414377225,33.35668941231971],[109.048127089217459,33.38334407971756],[109.034400251731782,33.411201073540724],[109.024046069238779,33.440001053267842],[109.017164664502502,33.469475644140601],[109.013824056412531,33.499349915240316],[109.01405938712557,33.529344928044047],[109.017872447920681,33.559180332483599],[109.025231513589006,33.588576986720767],[109.036071492458234,33.617259576241771],[109.527540062636064,34.706376905429799],[109.53723815745343,34.725534337062797],[110.324414242690906,36.114142026770182],[110.341737938356133,36.140622824790427],[110.362243640480315,36.165678556781835],[110.3857439339546,36.189076623043512],[110.412023016406835,36.210599613250501],[110.440838650279332,36.230047369525757],[110.471924388513813,36.24723889228526],[110.504992053775851,36.262014069042557],[110.539734447663918,36.274235207987481],[110.575828263095545,36.283788360038464],[110.612937170120304,36.290584415188292],[110.650715042846585,36.294559961293743],[110.68880929305044,36.295677895970321],[110.726864274413302,36.293927784906757],[110.764524720251771,36.289325962673431],[113.660479631580671,35.786676024493367],[113.700055647459394,35.777558628910661],[113.738191331618722,35.765231782522754],[113.774465596995213,35.749831795131556],[113.808478597769096,35.731528870812554],[113.839856232698708,35.710525170077375],[113.984738776572598,35.602488007188612],[114.010179491376974,35.581604082005384],[114.033020843756333,35.558936777719097],[114.053064308206544,35.534685366560872],[114.070136456963468,35.509062861899515],[114.084090418473124,35.482294113006716],[114.094807082504829,35.45461380136112],[114.102196044204419,35.426264357397208],[114.106196282306101,35.397493817064948],[114.272954524905131,33.236078849794694],[114.273385081393172,33.205373968190791],[114.270083535194971,33.174783625397907],[114.263086376752568,33.144606964565106],[114.252466037051235,33.115138784143141],[114.238330025818215,33.086666675606445],[114.220819741884895,33.059468242168037],[114.200108972580338,33.033808424342148],[114.176402101230138,33.009936956829272],[114.149932043697746,32.988085979648957],[114.120957936446089,32.968467824747208],[114.089762599844704,32.951272997484615],[114.056649801432812,32.936668370483261],[114.021941344608919,32.924795605296332],[113.985974008785476,32.915769815278388],[113.949096367459774,32.909678480893504],[113.911665510941361,32.906580626509587],[113.874043700669063,32.906506265508369],[110.29579280649331,32.9908001221239]]]}},
{"type":"Feature","properties":{"admin_unit_id":"admin.han140.sili.henei","display_name":"河内郡","geometry_status":"synthetic_proxy","historical_claim":false,"confidence":"technical_only"},"geometry":{"type":"Polygon","coordinates":[[[112.211971596524933,33.214899547683885],[112.178735102288002,33.215952342755699],[112.14573519804739,33.219344721927598],[112.113219634011983,33.225051193133723],[112.081432648911573,33.233028868607022],[110.109276739901759,33.785351973523888],[110.073603797057984,33.796602590336782],[110.039483893671118,33.810651148344732],[110.007253084750147,33.827359534150133],[109.977229426042115,33.846563399822749],[109.949709890107073,33.868073736428066],[109.924967459703453,33.891678688025266],[109.903248425635994,33.917145590501306],[109.884769915471892,33.944223217466643],[109.869717678551623,33.972644213381024],[109.858244151465499,34.002127692124354],[109.850466826603892,34.032381977400256],[109.531050360947859,35.651032968995253],[109.526811332191144,35.682136088351257],[109.526580498838413,35.713416489081645],[109.530365020576113,35.744555149994049],[109.538131022522549,35.775234129740056],[109.549803747706406,35.80513982227874],[109.565268136902333,35.833966182644033],[109.584369837468941,35.861417889102981],[109.606916637783385,35.887213407869012],[109.632680318552744,35.911087927014862],[109.661398906798212,35.93279612713274],[109.69277931275596,35.952114757624308],[109.726500324434667,35.968844989272846],[109.762215929238963,35.982814515950949],[109.799558927034255,35.993879380928654],[109.838144794420629,36.001925506244191],[109.877575755919977,36.006869906946115],[111.623216077319512,36.142882551499561],[111.638702578440601,36.143740874750378],[112.216921912185057,36.165537192013105],[112.254504176240189,36.165467936711757],[112.291906897234028,36.162605047063415],[112.328789605222724,36.156974578337199],[112.364816730067218,36.148627765358633],[112.399660756509789,36.137640540304901],[113.840699374189583,35.607752831803253],[113.874764958477328,35.593275202373057],[113.90684476610258,35.576222512294429],[113.936626463801716,35.556761465274406],[113.963820817200499,35.535082179649052],[113.988164522250756,35.5113962826088],[114.009422751278962,35.485934795290383],[114.027391389283494,35.458945831805529],[114.041898940462502,35.430692136988597],[114.05280808941491,35.401448489018883],[114.060016905938014,35.371498994100186],[114.063459686761803,35.341134301069879],[114.153084466114151,33.533723834265807],[114.152769380433142,33.5040770314939],[114.148963403509015,33.4745889096612],[114.141705052486358,33.445528419025074],[114.131064142595292,33.417160347565343],[114.117141021677128,33.389742924261483],[114.100065539153775,33.363525490724484],[114.079995762923758,33.338746261329462],[114.057116459318593,33.315630190933611],[114.031637352652879,33.294386968083856],[114.003791182064077,33.275209150328322],[113.973831574285015,33.2582704568675],[113.942030751746657,33.243724232326201],[113.908677095994562,33.231702093907913],[113.874072586846083,33.222312772621798],[113.838530138041719,33.215641157661381],[113.802370850375425,33.211747551364731],[113.765921203447647,33.210667140517387],[112.211971596524933,33.214899547683885]]]}},
{"type":"Feature","properties":{"admin_unit_id":"admin.han140.sili.hedong","display_name":"河东郡","geometry_status":"synthetic_proxy","historical_claim":false,"confidence":"technical_only"},"geometry":{"type":"Polygon","coordinates":[[[111.969230360821228,33.050238101234854],[111.94007100925397,33.051570696081917],[109.549610409521208,33.211846563121597],[109.511616854955491,33.215574632396624],[109.474267725981633,33.222365702919497],[109.437934439549366,33.232152206086248],[109.402978652084371,33.244836743246324],[109.369748764984053,33.260293026696388],[109.338576540254238,33.278367101565358],[109.3097738556542,33.298878838127798],[109.283629628368899,33.321623681666459],[109.260406935731865,33.346374644642658],[109.240340360840335,33.372884523635655],[109.22363358999597,33.400888321299277],[109.210457287728673,33.43010585147367],[109.200947273678111,33.460244503601892],[109.195203023781005,33.491002140760827],[109.159360307254914,33.77912655301072],[109.157457530170646,33.814384517821225],[109.160533326665515,33.849587362239824],[109.292819472553674,34.673992304851694],[109.299460742251497,34.703565951797302],[109.309669991253458,34.73248675442931],[109.323354831572985,34.760482146549535],[109.340389736091566,34.787288015227524],[109.81256869700448,35.441868116270214],[109.835163055668914,35.469387512359333],[109.861334475141945,35.49486310504485],[109.890790891953785,35.518007443312328],[109.923202276347439,35.53855914597721],[111.392749971489053,36.355620536435367],[111.427614291526922,36.372569739387622],[111.464552071923364,36.386610486193192],[111.503164877495578,36.397590972936094],[111.543035562452047,36.405392425269014],[111.583732906770805,36.409930425587504],[111.624816430176836,36.411155857666913],[113.740514515061165,36.37103026293579],[113.778169668283397,36.368595939716151],[113.815353437748115,36.363373346609073],[113.851725621536119,36.355410272348919],[113.886953702258992,36.344779563700904],[113.920715982512732,36.331578436486481],[113.952704605009743,36.315927557441434],[113.9826284260253,36.297969906675888],[114.010215712940919,36.277869432759523],[114.035216639196591,36.255809514530434],[114.425514491650645,35.87385613712069],[114.448970938679054,35.84814980121201],[114.468950853885374,35.820697045174505],[114.485248558586122,35.791785590155023],[114.497697564208494,35.76171812724629],[114.506172165168266,35.730809105586339],[114.510588579100471,35.699381410283749],[114.510905629821679,35.667762966593216],[114.507124973959648,35.636283306920426],[114.082477336938112,33.280225838979526],[114.075418840235955,33.250391628367147],[114.064811346332505,33.22125933656779],[114.050759941302118,33.193107284068077],[114.033402206620735,33.166204169697416],[114.012906790292988,33.140806536748059],[113.989471703967425,33.117156362507203],[113.963322365511047,33.095478792463787],[113.934709407930143,33.075980038894258],[113.903906276672586,33.058845461858056],[113.871206638256439,33.044237848866651],[113.836921623872072,33.032295907642187],[113.801376932133692,33.02313298447018],[113.764909815540292,33.016836018687471],[113.727865975476917,33.013464741841673],[113.690596390769414,33.013051128023193],[111.969230360821228,33.050238101234854]]]}},
{"type":"Feature","properties":{"admin_unit_id":"admin.han140.sili.hongnong","display_name":"弘农郡","geometry_status":"synthetic_proxy","historical_claim":false,"confidence":"technical_only"},"geometry":{"type":"Polygon","coordinates":[[[114.4158547366318,33.538328170800746],[114.413080344623168,33.507604692435528],[114.406561186795045,33.477254152037112],[114.396365588525015,33.447575195365182],[114.38259774421347,33.418859564279252],[114.365396546671974,33.391389254066304],[114.344934095125211,33.365433776453386],[114.321413901195157,33.341247553562773],[114.295068814201016,33.319067466490878],[114.266158688736851,33.29911058046185],[114.234967818807675,33.281572066645737],[114.201802163847972,33.266623338761882],[114.166986392751284,33.254410420526078],[114.130860772641384,33.245052557866181],[114.09377792955388,33.238641087637312],[114.056099508501816,33.235238572327184],[114.018192760605046,33.23487820796835],[113.980427085090838,33.237563510173196],[113.94317055404467,33.243268280891705],[110.718301305949097,33.825603933094285],[110.68367124913496,33.832719096232125],[110.650001895907238,33.842385706509617],[110.6175811057131,33.85452115881052],[110.586686420972057,33.869021712530021],[110.557582750354442,33.885763352963821],[110.530520142966182,33.904602822875859],[110.505731670557608,33.925378816626512],[110.483431434606629,33.94791332796278],[110.463812714764742,33.972013141325753],[109.033723318219785,35.864063150436579],[109.015175280677155,35.890757336686249],[109.000041348882831,35.91874733988606],[108.98847043912663,35.947764641286525],[108.980577698693239,35.977530573686408],[108.976443257957186,36.007758969146543],[108.976111302974815,36.038158889789479],[108.979589483365174,36.068437416474318],[108.986848667517194,36.098302469134325],[108.997823054051821,36.127465631780289],[109.012410645022157,36.155644954636195],[109.030474082580056,36.18256770560518],[109.05184184681589,36.207973043287815],[109.076309808244858,36.231614584110226],[109.103643124034008,36.253262836779435],[109.133578462618246,36.272707478280694],[109.165826536924385,36.289759446964595],[109.200074922107078,36.30425282994495],[109.235991129589394,36.316046524022831],[109.27322590539589,36.325025651655274],[109.311416717355243,36.331102716071989],[109.350191392822168,36.334218482474498],[109.389171866199177,36.33434257529197],[113.94057467824922,36.091694038515733],[113.980867351846342,36.087164799200821],[114.020345300277,36.079409670123269],[114.058586501851622,36.068511587414442],[114.095182610454131,36.054587057857475],[114.129743441161636,36.037784872703831],[114.161901230762524,36.018284468174407],[114.342364428962483,35.896352170348898],[114.37032589207152,35.875442240771882],[114.395533495631867,35.852483182398657],[114.4177465501444,35.827696461194719],[114.436753871945228,35.801320959486318],[114.452375745971537,35.773610628805677],[114.464465557532677,35.744832004194137],[114.472911081048522,35.715261605830953],[114.477635417988751,35.685183254611196],[114.47859758040191,35.654885328733847],[114.4158547366318,33.538328170800746]]]}},
{"type":"Feature","properties":{"admin_unit_id":"admin.han140.sili.jingzhao","display_name":"京兆尹","geometry_status":"synthetic_proxy","historical_claim":false,"confidence":"technical_only"},"geometry":{"type":"Polygon","coordinates":[[[111.705625924449549,33.00476368676231],[111.672581303395262,32.991392446380154],[111.638114481299979,32.980682365781156],[111.602546117948606,32.972733038547837],[111.566206767303072,32.967618363344116],[111.529433900130684,32.96538587715591],[111.492568873432333,32.96605632674374],[111.455953870089402,32.969623481698399],[111.419928832191601,32.976054190575965],[111.384828411517745,32.985288679669623],[111.350978960616004,32.997241092056058],[108.778420009448595,33.988381346815061],[108.744502942021185,34.002603106444965],[108.712491484233794,34.019450437011187],[108.682699067026462,34.038758943804496],[108.655418090428924,34.060340100003145],[108.630917082263409,34.083983041584638],[108.609438058822761,34.109456580464631],[108.591194113201126,34.136511418453715],[108.576367255988472,34.164882542637692],[108.565106531807572,34.194291780901963],[108.557526433637236,34.224450494556407],[108.553705634997428,34.255062383396805],[108.553686057847685,34.285826377085556],[108.557472291451006,34.316439585475244],[108.565031374479958,34.346600279459629],[108.576292949290789,34.376010873145788],[108.59114979358975,34.404380877623417],[109.828822500348679,36.412826442723251],[109.847112883831215,36.438501577983544],[109.868456509021428,36.462708433585583],[109.892662922153207,36.485227898200868],[109.919515184341577,36.505855951766335],[109.948771794579102,36.5244055551847],[109.980168861583991,36.540708388487943],[110.013422505071532,36.554616419763221],[110.048231463913183,36.566003288681749],[110.084279885771295,36.574765490237894],[110.121240270216347,36.580823346277128],[110.158776535110292,36.584121754544555],[110.196547174226254,36.584630707291886],[110.234208472718507,36.582345573906544],[112.625902013895882,36.324525338462628],[112.665766511751499,36.318187755008253],[112.704581338036562,36.308689480115547],[112.741934709341479,36.296131366692173],[112.77743087699821,36.280646700862839],[112.81069443061341,36.262399741854495],[112.841374352155967,36.241583926434245],[112.869147773329288,36.21841975983925],[112.893723393855211,36.193152418723201],[112.914844523754823,36.166049094809075],[114.100759682434997,34.406278335490697],[114.11675185992317,34.378702664523665],[114.129282472963467,34.350003915322077],[114.138234353739335,34.320459062184767],[114.143525198988826,34.290352953221372],[114.145108214866355,34.259975544113637],[114.142972409256487,34.229619094031364],[114.137142534850597,34.19957535119368],[114.127678689793754,34.170132755207234],[114.114675585899334,34.14157368269808],[114.098261497289002,34.114171761904508],[114.07859690483744,34.088189280841121],[114.055872853981981,34.063874712400875],[114.030309045311398,34.041460378356973],[114.002151678888794,34.021160272681982],[113.971671074520387,34.003168062939721],[113.939159091180272,33.987655286742019],[111.705625924449549,33.00476368676231]]]}},
{"type":"Feature","properties":{"admin_unit_id":"admin.han140.sili.zuopingyi","display_name":"左冯翊","geometry_status":"synthetic_proxy","historical_claim":false,"confidence":"technical_only"},"geometry":{"type":"Polygon","coordinates":[[[113.116676888009891,33.6418898632121],[113.099908819731226,33.614471288586223],[113.079895503183707,33.588517371732415],[113.05683334415194,33.564279002340164],[113.030947605470544,33.541990288391524],[113.002490177476403,33.521866338765086],[112.971737121126026,33.504101232095614],[112.938986007844889,33.488866189361161],[112.904553080962032,33.476307965733106],[112.868770264174657,33.46654747521508],[112.831982042919122,33.459678659534113],[112.794542244829159,33.455767610637032],[112.756810745666513,33.454851954004106],[112.719150127240269,33.456940497823709],[110.522822292391197,33.646790505327857],[110.488067188015719,33.650775326911265],[110.453902843824167,33.657300770863515],[110.420612047815908,33.666312805656041],[110.388470603369555,33.677736791010432],[109.429652590453017,34.055933276657875],[109.397431819896013,34.070004770735792],[109.367006407237156,34.086463824456416],[109.338649797609847,34.105163050968564],[109.312617439175966,34.12593490251551],[109.289144503202849,34.148593134437775],[109.268443761684694,34.172934436911206],[109.2507036414992,34.198740221469407],[109.236086473402906,34.225778547954214],[109.224726953297946,34.253806176199568],[109.216730832128675,34.282570725497273],[109.212173849467661,34.31181292373337],[109.211100924308553,34.341268927033347],[109.213525614790868,34.37067268983499],[109.219429856530539,34.399758364531891],[109.395806020383887,35.060542425140987],[109.406332518939422,35.091618402091655],[109.420877052610905,35.121659045279131],[109.439286594740295,35.150339078001984],[109.46136564418596,35.17734762513188],[109.486878199918692,35.202391632831279],[109.515550212160136,35.225199105326922],[109.547072487955177,35.245522120534865],[111.348909271983729,36.261786676016975],[111.380703129431708,36.277544924398271],[111.414280131047107,36.290870566000834],[111.449335317582381,36.301642270123018],[111.485549828291582,36.309761914629831],[111.52259388191338,36.315155508925635],[111.560129873552654,36.317773890944785],[111.597815554948554,36.317593190738243],[113.961478892040375,36.196147355919969],[114.001015663201841,36.192167723641639],[114.039834496990764,36.185093658025814],[114.077538433928794,36.17499752218896],[114.11374230923866,36.161982559308321],[114.148076803493908,36.146181802003774],[114.180192305144985,36.127756669509296],[114.209762540666247,36.10689526923732],[114.236487931823405,36.083810422674112],[114.260098643876276,36.058737438559227],[114.280357293295808,36.031931658951613],[114.297061288667109,36.003665806046442],[114.310044783748481,35.97422715945585],[114.319180227040604,35.943914595098327],[114.324379497575762,35.913035517851171],[114.325594621858642,35.881902720721627],[114.322818071887767,35.850831203495254],[114.316082648882173,35.820134983650952],[114.305460961671002,35.79012393181528],[114.291064512631635,35.761100663193467],[113.116676888009891,33.6418898632121]]]}},
{"type":"Feature","properties":{"admin_unit_id":"admin.han140.sili.youfufeng","display_name":"右扶风","geometry_status":"synthetic_proxy","historical_claim":false,"confidence":"technical_only"},"geometry":{"type":"Polygon","coordinates":[[[114.202083776693598,33.228494892085656],[114.183320723191173,33.200869534342743],[114.161218512558335,33.174931653577367],[114.136007245764787,33.150947813216078],[114.107948264645358,33.129164291367452],[114.077331423118764,33.109804603106987],[114.04447210145095,33.093067258492958],[114.009707993842468,33.079123776730725],[113.973395700484716,33.068116974367769],[113.935907155863958,33.060159542782159],[113.897625925543736,33.055332927541443],[113.858943403962726,33.05368651947262],[113.820254945982711,33.055237164509485],[111.453343325822971,33.225004461896027],[111.43852597356458,33.226157079792301],[109.815057140385505,33.367305513902814],[109.778787133103464,33.371639790861188],[109.743189515859285,33.378761447385472],[109.708587961127137,33.388605706479993],[109.675297390858177,33.401083001754337],[109.64362119265617,33.416079768473196],[109.613848523632356,33.433459448028259],[109.586251723394795,33.453063697971324],[109.561083857376246,33.474713798065018],[109.538576411353532,33.498212241162435],[109.518937157534126,33.523344496123691],[109.502348211957823,33.549880928431975],[109.488964302155139,33.577578862690636],[108.989912172916718,34.757124146542012],[108.979639286416614,34.785290440822919],[108.972750973339913,34.814102737270268],[108.969312522238354,34.843303510430594],[108.969358530543985,34.87263149327103],[108.972892459349396,34.901824006625453],[108.979886463958067,34.930619311003859],[108.990281506669433,34.958758959799681],[109.003987755710384,34.985990132563018],[109.020885271457416,35.012067926838547],[109.040824978142197,35.036757587105441],[109.063629916134346,35.059836649618113],[109.089096766693288,35.08109698243878],[110.033594576659411,35.787919337163629],[110.054172396826317,35.802074310920759],[110.224064888720591,35.910695979162121],[110.256410325039937,35.929260320889419],[110.291003369743905,35.945149193326543],[110.327485331164155,35.958197320952578],[110.365477241051565,35.968268903516943],[110.404583890842247,35.975259073836753],[110.444398064217566,35.979095025501721],[110.48450491556747,35.979736796820589],[110.524486441494219,35.977177701463248],[110.563925990902447,35.971444400539816],[110.60241275855951,35.962596615234652],[114.139254493864087,34.930661425294765],[114.173095682405901,34.918664714654085],[114.205339603460146,34.90416136612788],[114.235693115873715,34.88728359125242],[114.263880824425456,34.868185159144048],[114.289647614188851,34.847039957456289],[114.312760975152429,34.824040369305344],[114.333013095422643,34.79939548278896],[114.350222704440725,34.773329151238066],[114.364236650897411,34.746077923614799],[114.374931203362124,34.717888865501003],[114.382213064989656,34.689017291900818],[114.386020096968863,34.659724433615459],[114.386321748577728,34.630275059241796],[114.331522146771889,33.503850017729782],[114.32790813138341,33.471705077092039],[114.320196649765407,33.440036749469357],[114.30847573820698,33.409187044565151],[114.292876328752087,33.379488780730924],[114.202083776693598,33.228494892085656]]]}},
{"type":"Feature","properties":{"admin_unit_id":"admin.han140.yuzhou.yingchuan","display_name":"颍川郡","geometry_status":"synthetic_proxy","historical_claim":false,"confidence":"technical_only"},"geometry":{"type":"Polygon","coordinates":[[[114.375503168906747,32.199171123674262],[114.332055250493539,32.203360394527117],[114.289480871742299,32.211655334263803],[113.004415536712131,32.519576642710362],[112.9680213362427,32.529728411361262],[112.93305861257565,32.542847053528263],[112.899885026678263,32.558798504525193],[112.868840529000778,32.577419673858657],[112.840243944032167,32.59852006935639],[112.814389739133361,32.621883698346586],[112.791545008554124,32.647271228803831],[112.771946702746433,32.674422390835915],[112.755799132034397,32.70305859644094],[112.743271772343888,32.732885753144139],[112.734497398990214,32.76359724494862],[112.729570572429154,32.794877052033407],[112.649658054846725,33.628944268578664],[112.648570909439343,33.659672087834878],[112.651252358722502,33.690335016274176],[112.657680347168849,33.720631764021078],[112.667795835587967,33.75026432861339],[112.681503220091216,33.778940940735147],[112.698671123588795,33.8063789602189],[112.719133557950798,33.832307692720853],[112.742691450596823,33.856471097827665],[112.769114524756546,33.878630360052931],[114.804841049967848,35.37747649498273],[114.835144081953118,35.397026973778466],[114.867777294775252,35.414087841035702],[114.902414197961676,35.428487742973395],[114.938707553889401,35.440081967568723],[114.976292936368779,35.448753942438685],[115.014792489009992,35.454416443783479],[115.053818840637035,35.457012502326123],[115.09297913246651,35.456515995647678],[115.131879109935326,35.452931919960832],[115.170127230994126,35.446296338121947],[115.207338742410201,35.436676004494068],[115.243139676153135,35.424167671075132],[115.277170719254329,35.408897083032699],[115.30909091260024,35.391017675379302],[115.338581136880904,35.370708985920693],[115.806669254879509,35.011679475264522],[115.821621116985753,34.999474009175231],[116.640488281484878,34.283726532534871],[116.664693975511867,34.26002670436327],[116.685850355098296,34.234523628498088],[116.703752626153076,34.207467696360489],[116.718228506615148,34.179124300090606],[116.729139810717911,34.149771190590535],[116.736383675120663,34.119695723274866],[116.920226277125778,33.069567440644391],[116.923563698355451,33.040119289600057],[116.923446607376164,33.010544918234025],[116.919879839720181,32.981112707037006],[116.912899459486425,32.952089484589472],[116.90257229874392,32.923738116806511],[116.888995225811044,32.896315141138196],[116.872294153507681,32.870068466427831],[116.85262280035208,32.845235158247519],[116.830161219299072,32.82203932851175],[116.199163949940541,32.224171551798193],[116.174897862924666,32.203018288261866],[116.148349380875501,32.183823221059065],[116.1197509965846,32.166753516706784],[116.089352553494038,32.151957746682967],[116.057419092384436,32.139564625502764],[116.024228585222758,32.129681919632482],[115.990069573968398,32.122395535525136],[115.955238732357415,32.117768793653475],[115.920038368839371,32.115841893980758],[115.884773888946171,32.116631576858126],[114.375503168906747,32.199171123674262]]]}},
{"type":"Feature","properties":{"admin_unit_id":"admin.han140.yuzhou.runan","display_name":"汝南郡","geometry_status":"synthetic_proxy","historical_claim":false,"confidence":"technical_only"},"geometry":{"type":"Polygon","coordinates":[[[114.241015665018764,31.084198987939065],[114.208560379071017,31.085291600736674],[114.176340524404225,31.088741719125249],[114.144599172349942,31.094523277752632],[113.153555922733261,31.308491418574807],[113.122557200077125,31.316240419887222],[113.092473251229777,31.326194801260112],[113.063528581235857,31.338280291341686],[113.035939468271536,31.35240668775527],[112.558309249246363,31.619450264307584],[112.527342899696876,31.638624378723527],[112.498903858425621,31.660339315600954],[112.473294363315318,31.684365660259211],[112.450787490610665,31.710449397483359],[112.431624227493103,31.738314544742877],[112.416010847087492,31.767666021997382],[112.404116616185604,31.7981927303655],[112.396071863977056,31.829570809503107],[112.391966437638828,31.861467041316004],[112.30703369188852,33.126529897634505],[112.306449628267245,33.142487621876889],[112.297639823955052,34.866049944223548],[112.299436918433059,34.897085777840942],[112.305137562909195,34.927821711125404],[112.314688873329118,34.95794830087641],[112.327998911706644,34.987161907090844],[112.344937445426524,35.015167776886301],[112.365337111576437,35.04168305097663],[112.388994980594205,35.066439660779579],[112.415674508482169,35.089187084898867],[112.445107861695703,35.109694934785431],[112.476998593658877,35.127755340846207],[112.511024646805382,35.143185112135797],[112.546841649202392,35.155827645024054],[113.592669110120084,35.470367823304784],[113.628525646269708,35.479432411036683],[113.665324480866602,35.485736232880214],[113.702723621310383,35.489220700242832],[113.740375298936684,35.489853422115111],[113.77792931393985,35.487628516373476],[115.869136371832255,35.265536252489973],[115.906889115183105,35.259684204179621],[115.943726340945503,35.250919769950514],[115.979288995230078,35.239328418653308],[116.013230868068419,35.225023144301225],[116.045222054061028,35.208143330243558],[116.074952229394071,35.188853350742789],[116.102133709966765,35.167340925600527],[116.126504258693416,35.14381524608303],[116.147829613763633,35.118504892728438],[116.165905713673155,35.09165556764664],[117.019099164820105,33.628091111922693],[117.033774843413184,33.59844763730635],[117.044596164884339,33.567739110111845],[117.051452598922523,33.536291774282546],[117.05427604451144,33.504439368824315],[117.053041358517376,33.472519567942044],[116.899588425637205,31.944382902398427],[116.894760001150217,31.913963331785283],[116.886337285865196,31.884083824041511],[116.874405948552052,31.855034677748485],[116.859085395127465,31.827097860669205],[116.840527482372266,31.800544299682453],[116.818914937357363,31.775631286125655],[116.794459501761978,31.752600020099266],[116.767399821951543,31.731673315714783],[116.737999107066187,31.713053487557058],[115.744966155758888,31.137613497540904],[115.712181537757061,31.120386956649543],[115.677447359091758,31.10609301774501],[115.641136724223571,31.094885069904556],[115.603639102381919,31.086883339738343],[115.565356264349148,31.082173636077769],[115.52669810908543,31.080806455051373],[114.241015665018764,31.084198987939065]]]}},
{"type":"Feature","properties":{"admin_unit_id":"admin.han140.yuzhou.liang","display_name":"梁国","geometry_status":"synthetic_proxy","historical_claim":false,"confidence":"technical_only"},"geometry":{"type":"Polygon","coordinates":[[[113.199732094447683,31.016274910850765],[113.166895235920919,31.003214436602651],[113.132701666665128,30.992894935597072],[113.097475577758175,30.985414264477431],[113.061550619380398,30.980843341080401],[113.025266837163343,30.979225490539392],[112.988967558183631,30.980576046091002],[112.952996251202222,30.984882207848088],[112.917693385792731,30.992103160691318],[112.883393315005023,31.002170450318026],[112.850421206169401,31.01498861437403],[112.819090044359413,31.03043606349642],[112.789697732883624,31.048366205014634],[112.762524314953779,31.068608800008075],[112.737829340356683,31.090971542407111],[112.715849400513306,31.11524184686451],[112.696795854715631,31.141188830225246],[112.680852769556651,31.168565469601877],[112.668175092584448,31.197110918331301],[112.658887079986584,31.226552959466446],[112.653080996621867,31.256610574959819],[112.650816104938627,31.28699660734523],[112.652117957239824,31.317420489538879],[112.656978003363065,31.347591017384243],[112.665353523141761,31.377219138777189],[112.677167890010381,31.406020732649694],[114.415462644944768,34.875877430873054],[114.432337929089456,34.903917979312141],[114.452675432109189,34.930469953818111],[114.476272649679146,34.955264651864667],[114.502893416162209,34.978050921528833],[114.53227022767058,34.998597755899667],[114.564106917552024,35.016696687638586],[114.598081658200712,35.032163956719302],[114.633850258239619,35.044842426638219],[115.401453839304452,35.277832165510695],[115.437838435630141,35.287146278162894],[115.475204866708083,35.293599643063537],[115.513193141225372,35.297130086943582],[115.55143706586658,35.297703590396345],[115.589567896232623,35.295314626716234],[115.627218016566715,35.289986216962333],[115.664024606731758,35.281769700626079],[115.699633255086056,35.270744224487288],[115.733701476759776,35.257015955405009],[115.765902098320282,35.240717025861755],[115.795926471892685,35.222004224011066],[115.823487484414599,35.201057442726224],[115.848322330788577,35.17807790467554],[115.870195023171462,35.15328618271937],[115.888898612424214,35.126920036916417],[115.904257101749721,35.099232091115873],[115.916127036682909,35.070487373490828],[116.45872741488526,33.466393270624707],[116.467202215879581,33.433931509903076],[116.471347631926491,33.400920462116858],[116.471121537712961,33.367737988159945],[116.46653189610106,33.33476348675471],[116.457636421884985,33.302373558998163],[116.149829949331007,32.398137606529197],[116.138880041216353,32.370624924926837],[116.124872555650242,32.344067248435827],[116.10793145191542,32.31869418926815],[116.08820564333584,32.294724934489011],[116.065867641922011,32.272366380404613],[116.041112018033516,32.251811377083278],[116.014153689801461,32.233237096856584],[115.985226057805633,32.216803539513265],[115.954579001106509,32.202652185702583],[113.199732094447683,31.016274910850765]]]}},
{"type":"Feature","properties":{"admin_unit_id":"admin.han140.yuzhou.pei","display_name":"沛国","geometry_status":"synthetic_proxy","historical_claim":false,"confidence":"technical_only"},"geometry":{"type":"Polygon","coordinates":[[[113.505661014765266,31.688014433789267],[113.472879841693242,31.690015618190277],[113.440433133141724,31.694385602768602],[113.408567944419616,31.70109107481575],[113.377527051531359,31.710080909240673],[112.597725235676009,31.964780071764061],[112.562713548688279,31.977796945908491],[112.529477078275576,31.993688860686603],[112.498360113044129,32.012291535746051],[112.469685678412702,32.033412564185554],[112.443752228359912,32.056833354941617],[112.420830556733705,32.082311344973732],[112.401160959240883,32.109582460888788],[112.38495067614204,32.138363807085959],[112.372371644268981,32.168356555074233],[112.36355858521199,32.199249006340544],[112.358607454353461,32.230719799059877],[112.093654597662891,34.930716840920276],[112.092438165426614,34.96057871818072],[112.094848971147172,34.99039421291679],[112.100868677979463,35.019885950686628],[112.110445227773567,35.048779276368833],[112.123493179258503,35.076804824559723],[112.139894367848072,35.103701051091349],[112.159498886038207,35.129216701176738],[112.182126379807769,35.153113189915452],[112.207567652738888,35.175166871388733],[112.235586565803089,35.195171173351341],[112.265922216979291,35.212938575588957],[112.298291381157114,35.228302411354562],[112.332391187209311,35.241118472919013],[112.367902005770205,35.251266404156191],[112.404490518208547,35.258650865212964],[112.44181293460862,35.263202456663883],[114.78732404793972,35.435566022831452],[114.82683699276275,35.43651281582256],[114.866268810485337,35.434306119577698],[114.905214884069096,35.428968567364109],[117.023927676834433,35.030753175977921],[117.060349923784756,35.02204176263114],[117.095521378221918,35.010549425580727],[117.129105239998111,34.996386354063638],[117.16078041712602,34.979688281020252],[117.190244663121035,34.96061514393876],[117.217217507176343,34.939349510445844],[117.241442947058943,34.916094785807722],[117.262691878073909,34.891073221692189],[117.280764235193246,34.86452374745199],[117.295490829393714,34.836699646801875],[117.306734863310623,34.807866104068609],[117.314393115407725,34.778297645186669],[117.318396785908291,34.748275499298281],[117.318712001657204,34.718084907198893],[117.315339980828099,34.688012402961739],[117.308316861900508,34.658343094894903],[116.613267603885134,32.271211004424195],[116.603949341651003,32.243885832862759],[116.591651023137302,32.217372847461988],[116.576477659914275,32.191892415959082],[116.408666244933826,31.938848444538333],[116.388755513228602,31.912023248617924],[116.365682560496595,31.886996579235323],[116.339685087953427,31.864023475254243],[116.311029904725871,31.843337871572633],[116.280010182841622,31.825150265183829],[116.246942477617907,31.809645620752651],[116.212163542822623,31.796981534652467],[116.176026970729524,31.787286673906454],[116.138899687736611,31.780659503891936],[116.101158336603675,31.777167316022744],[114.476427650236715,31.684193514813064],[114.449662360242712,31.68327269487699],[113.862218368687081,31.679006803803279],[113.845370847689125,31.679156502313059],[113.505661014765266,31.688014433789267]]]}},
{"type":"Feature","properties":{"admin_unit_id":"admin.han140.yuzhou.chen","display_name":"陈国","geometry_status":"synthetic_proxy","historical_claim":false,"confidence":"technical_only"},"geometry":{"type":"Polygon","coordinates":[[[114.184458720260125,31.579622028785103],[114.148378525492191,31.579706249446811],[114.112473890643884,31.582668698739923],[114.077075007866327,31.588482095082792],[114.042507574716808,31.597092894891553],[114.009089893342036,31.608421771749441],[113.977130026276569,31.622364326933429],[113.946923031100852,31.63879202564932],[113.918748296042523,31.657553351494137],[113.892866998369016,31.678475169861265],[113.869519707087349,31.701364289237702],[113.848924151015325,31.726009207624937],[113.168520163349115,32.617731372514065],[113.150193159851412,32.644198456463336],[113.13510363950374,32.672005316234049],[113.123399170834475,32.700886124287052],[113.115195365993131,32.730564530935226],[113.11057464789063,32.760756282402959],[113.109585319627286,32.791171924050033],[113.112240950372652,32.821519563846167],[113.118520089290968,32.85150767021895],[113.12836631621056,32.88084787765451],[113.141688634530581,32.909257772924391],[113.158362208369837,32.936463634569293],[113.178229442225657,32.962203098307029],[113.201101397477004,32.986227721367342],[114.080571102508316,33.809663684014446],[114.107617723754657,33.832201997226385],[114.644776419030265,34.233287354135705],[114.672550941197912,34.251992969220773],[114.702401723888698,34.268522067315345],[114.734064763695329,34.282727893834142],[114.76725947847396,34.294484252829228],[114.801691244837912,34.303686659847322],[114.837054079434537,34.310253298209446],[114.873033437257533,34.3141257689472],[114.909309098583421,34.315269626693869],[115.287196346912495,34.312343100115058],[115.325842045221023,34.31042687711021],[115.364051196549795,34.305414465346971],[115.401436997262138,34.297356582814984],[115.437621262355535,34.286334744112096],[115.47223836935126,34.27246040985046],[115.504939054533111,34.255873825161899],[115.53539401800397,34.236742560837349],[115.563297297099481,34.215259773991562],[115.58836937134808,34.191642208225922],[115.610359966307684,34.166127956037649],[115.629050528128928,34.138974008652056],[116.840908733626478,32.088944837504087],[116.855265160386608,32.060311243305556],[116.866089259574622,32.030637002681679],[116.873276966091453,32.000217916558064],[116.876760747783692,31.969356917851943],[116.876510120376508,31.938361038558689],[116.872531785555424,31.907538347848426],[116.864869397414154,31.877194891924585],[116.853602966203155,31.847631665897136],[116.838847911683416,31.819141647138572],[116.820753781388376,31.792006918543265],[116.799502651720417,31.766495908830471],[116.775307232060811,31.742860775542042],[116.748408693969708,31.721334954715743],[116.719074249118179,31.702130899385626],[116.687594500858282,31.685438027098435],[116.654280595334697,31.67142089455735],[116.619461198807727,31.66021761533359],[116.583479328430101,31.651938534336331],[116.546689064135592,31.646665170420491],[116.509452169587334,31.644449436151284],[114.184458720260125,31.579622028785103]]]}},
{"type":"Feature","properties":{"admin_unit_id":"admin.han140.yuzhou.lu","display_name":"鲁国","geometry_status":"synthetic_proxy","historical_claim":false,"confidence":"technical_only"},"geometry":{"type":"Polygon","coordinates":[[[115.797732246091485,31.268541164415875],[115.787562966225664,31.239586575718558],[115.774092918771558,31.211587774658163],[115.757451443371309,31.184806964151392],[115.737797126763695,31.15949472961977],[115.715316232329698,31.135887725933387],[115.690220893516468,31.114206499847864],[115.662747090073339,31.094653466661125],[115.633152427114069,31.077411058278624],[115.601713737886357,31.062640058243222],[115.568724531807575,31.050478137572295],[115.534492309845533,31.041038603463921],[115.499335769706789,31.034409371099041],[115.463581923572931,31.030652166886629],[115.427563151317386,31.029801969585503],[115.391614212259555,31.031866693797717],[115.356069238587125,31.03682711837272],[115.321258733607095,31.044637060295351],[115.287506597978393,31.055223792664904],[115.25512720703172,31.068488703408327],[115.224422562189034,31.084308189422092],[115.195679539343345,31.102534778908101],[113.725904440348558,32.109338693632964],[113.698266292971653,32.129795705017905],[113.673188989212903,32.15239290638268],[113.650916559729282,32.176912197683151],[113.631666568459593,32.203116750156518],[113.615627956169774,32.230753252557065],[113.602959133325641,32.259554321431693],[113.59378634341401,32.28924105399247],[113.588202316225221,32.319525700553754],[113.535447854459804,32.744071884192827],[113.533488454882104,32.773442476657912],[113.534934663368063,32.802831881153644],[113.539777181747496,32.831976337293312],[113.547976126278428,32.860614029826515],[113.559461257359246,32.888487449429],[114.198841696616299,34.2020895431653],[114.214275737165053,34.229309888922025],[114.2329187009625,34.255207745152674],[114.25459919913915,34.279540910616937],[114.279116878834429,34.3020816159788],[114.306244236043113,34.322618695538736],[114.335728709450734,34.340959607343187],[114.367295036750107,34.356932280768298],[114.400647851367097,34.370386772236692],[114.435474494163003,34.38119671155205],[114.471448011596891,34.389260523410968],[114.508230309099162,34.394502410948064],[114.545475426092693,34.396873090662247],[114.582832897258371,34.396350270725158],[114.61995116332406,34.392938867446823],[116.24636465903599,34.167876038937521],[116.282500918847802,34.16116452865348],[116.317660857103434,34.151691549504235],[116.351517103856651,34.139545342356101],[116.383754831419765,34.124839006041441],[116.414074755476676,34.107709413089673],[116.442195969537877,34.088315900035909],[116.467858583845,34.066838746207281],[116.490826142640444,34.043477456997323],[116.510887796827546,34.018448869520398],[116.527860212385548,33.991985100175718],[116.541589198399748,33.964331355027262],[116.551951042146371,33.935743625014972],[116.558853542262682,33.906486288851497],[116.562236734572252,33.876829647027286],[116.562073308561622,33.847047410655712],[116.558368715768239,33.817414168945831],[116.551160974396339,33.788202858908178],[115.797732246091485,31.268541164415875]]]}},
{"type":"Feature","properties":{"admin_unit_id":"admin.han140.jizhou.wei","display_name":"魏郡","geometry_status":"synthetic_proxy","historical_claim":false,"confidence":"technical_only"},"geometry":{"type":"Polygon","coordinates":[[[114.320907897642201,35.96432163721429],[114.282573204482901,35.964234183462601],[114.244405996428839,35.967046183353105],[114.206761196973147,35.97273147996976],[114.169989044420745,35.981237181079152],[114.134431943801275,35.992484134707446],[114.10042137870083,36.006367641563337],[114.068274907167194,36.022758398757766],[114.038293265711118,36.04150366742342],[113.350300568202044,36.511249429846252],[113.323785878491833,36.530899655675817],[113.299691582360722,36.552357438387922],[113.278222120186584,36.575442551391625],[113.259560377642842,36.599960937281026],[113.24386610017082,36.625706305132312],[113.067735343867994,36.951096949332658],[113.054591548974898,36.978910168953284],[113.044935882642136,37.007566320307852],[113.038860350494303,37.036804061464345],[113.03642453808618,37.066356448755421],[113.037654920448929,37.095953359079388],[113.042544467232815,37.125323952187706],[113.051052552596857,37.154199150828561],[113.063105176320178,37.182314116041674],[114.329208750464375,39.633700411567254],[114.345403393946171,39.66027342640394],[114.364887283030043,39.6855878214594],[114.387489633287274,39.709417380005334],[114.413011232597995,39.731548929216409],[114.44122615625615,39.751784290152997],[114.471883747652669,39.769942097761522],[114.504710847986459,39.785859472547067],[114.539414255168438,39.799393526838266],[114.575683388966098,39.810422690065771],[114.613193136556575,39.818847839199009],[114.65160685007983,39.824593222412538],[114.690579465572455,39.827607166160938],[116.252749850517773,39.883752791020441],[116.292606352902283,39.883522204436098],[116.332247899141834,39.880441351248443],[116.371306379458503,39.87453886611069],[116.409419297858079,39.865869598290537],[116.446233253792556,39.85451408202551],[116.481407324485019,39.84057775983797],[116.51461631162023,39.824189967394979],[116.54555381817265,39.805502691064689],[116.573935123693516,39.784689111709817],[116.599499829347522,39.761941950437546],[116.62201424730489,39.737471633965548],[116.641273512674488,39.711504298945101],[116.657103399930776,39.684279655988355],[116.669361829655458,39.656048735269856],[117.791335776960622,36.438843844851974],[117.799425645636262,36.408385933080247],[117.803547701362973,36.37744907960807],[117.8036650693887,36.346345791379598],[117.799781375423436,36.315389888331467],[117.79194051542045,36.284893338180524],[117.780226023775285,36.25516312454598],[117.764760053851163,36.226498179271694],[117.745701988097295,36.199186408621344],[117.723246697939771,36.173501841584908],[117.697622476103376,36.149701926893357],[117.669088666087703,36.128025003518026],[117.637933015198556,36.108687967462537],[117.604468778869418,36.0918841555618],[117.569031605034979,36.077781464811721],[117.531976228087743,36.066520723478831],[117.493673002505219,36.058214327905347],[117.45450430662035,36.052945156541917],[117.414860847265174,36.050765770321007],[114.320907897642201,35.96432163721429]]]}},
{"type":"Feature","properties":{"admin_unit_id":"admin.han140.jizhou.julu","display_name":"钜鹿郡","geometry_status":"synthetic_proxy","historical_claim":false,"confidence":"technical_only"},"geometry":{"type":"Polygon","coordinates":[[[114.700262826704261,35.997811981183808],[114.662020982936241,35.997992005856354],[114.623977940512589,36.001053739894111],[114.586485470940559,36.0069688650239],[114.549890435764397,36.015682662682231],[114.514531685834754,36.027114503230578],[114.480737021527915,36.041158567596533],[114.448820237592059,36.057684795751449],[114.419078276164498,36.076540054630122],[114.391788511298088,36.097549516313499],[114.36720618803264,36.120518235538839],[114.345562038618738,36.145232913878871],[113.749937296681495,36.892321033650674],[113.729444468121756,36.920990276675617],[113.71296724465013,36.951172539245221],[113.700694106364338,36.98253140609129],[113.692767230991436,37.014716934596322],[113.689280692628259,37.0473695179952],[113.690279173046591,37.080123874647718],[113.775339896643132,37.927764650073925],[113.781038544370887,37.960755564601428],[113.791349273520623,37.993088566700692],[113.806158452987944,38.024389103051611],[113.825299769772343,38.054294116114093],[113.848555928202572,38.082456306536002],[115.336739300155287,39.644734229939182],[115.362585857992812,39.668588384900112],[115.391481642332025,39.690410648051433],[115.423143339323772,39.709985022054646],[115.457259511445201,39.727117586301958],[115.493493686883824,39.741638476305781],[115.531487732884472,39.753403623029598],[115.570865477149553,39.762296232115482],[115.611236537485325,39.768227985792286],[115.652200316546825,39.771139953359437],[115.693350115845462,39.771003199492917],[116.260485241845842,39.746841042143743],[116.299508328012166,39.743703180875784],[116.337954821576446,39.737820439173795],[116.375477436038082,39.729246021099051],[116.411737533904002,39.718057450192312],[116.446408280941583,39.704355841946189],[116.479177675584424,39.688264956494521],[116.50975142240722,39.669930041639425],[116.537855620865358,39.649516478482894],[116.563239243143116,39.627208243886791],[117.409482328929869,38.796001937965599],[117.430894416162602,38.772485001286633],[117.449336643067966,38.74757668610669],[117.464654474797712,38.721489836634539],[117.476720491780853,38.694447132009991],[117.485435379767011,38.666679156823704],[117.794636602537693,37.409081202427018],[117.800113744333501,37.37738005983951],[117.801307531033501,37.345413519507048],[117.79821058488227,37.313522746515673],[117.79086124709815,37.282047672448279],[117.779342943938758,37.25132338342889],[117.381705308686264,36.353770407562813],[117.367893270204419,36.326492822067806],[117.35084485878906,36.300354155256038],[117.330715355104815,36.275587620355751],[117.307687020638866,36.252413978116643],[117.281967403674599,36.231039606210665],[117.253787443894694,36.211654700821093],[117.223399393686122,36.194431624692626],[117.191074574937176,36.179523414569054],[117.157100990669903,36.167062459549406],[117.121780811264472,36.157159360455317],[117.085427755331821,36.149901978831593],[117.048364385499298,36.145354682705872],[115.770015351063961,36.029901954963158],[115.734549689983098,36.027771728519113],[114.700262826704261,35.997811981183808]]]}},
{"type":"Feature","properties":{"admin_unit_id":"admin.han140.jizhou.changshan","display_name":"常山国","geometry_status":"synthetic_proxy","historical_claim":false,"confidence":"technical_only"},"geometry":{"type":"Polygon","coordinates":[[[114.154746886969534,36.304741890141727],[114.117938548658543,36.294608584701109],[114.080040187925547,36.287333771936915],[114.041414340154077,36.282987014459785],[114.002430248125933,36.281609867526555],[113.963460455353385,36.283215495347513],[113.924877373629243,36.2877885495882],[113.887049851604871,36.295285311028302],[113.850339771204531,36.305634093255023],[113.815098698654509,36.318735905186486],[113.781664616837645,36.334465367144631],[113.750358765565963,36.352671873134632],[113.721482616172196,36.37318098994465],[113.695315006531644,36.395796081661345],[113.672109462204503,36.420300146216455],[113.652091728803626,36.446457848643568],[113.635457539903925,36.47401773385122],[113.622370643782276,36.502714599918988],[113.612961110974211,36.532272011217898],[113.607323943022067,36.562404929065814],[113.605518000844512,36.592822436173222],[113.607565268854771,36.623230529839525],[113.613450468288264,36.653334957752286],[113.623121030164469,36.682844069345151],[113.636487434917868,36.71147165501295],[114.474204953879124,38.228993515768437],[114.48451027851884,38.245843907950764],[115.390163988808268,39.590037387391284],[115.410458492993257,39.616305097246297],[115.434107544316433,39.640960492662344],[115.460886095144289,39.663765498994785],[115.490538180914356,39.684499684531374],[115.522779346165649,39.702962446112743],[115.557299380601449,39.718975005596484],[115.593765338717176,39.732382195117829],[115.631824812348668,39.743054011186743],[116.376818175331252,39.918803101709159],[116.421647133050726,39.927218850491982],[116.467460085993949,39.931867883076023],[116.513685343638443,39.932692126363833],[117.819073449922001,39.895358024480821],[117.858743874859769,39.892601295931655],[117.89787338463023,39.887021221107389],[117.936099167200879,39.878669601752343],[117.973067095826451,39.867623945279746],[118.008435116481536,39.853986717903396],[118.041876504112011,39.837884358924754],[118.073082953330314,39.819466067001727],[118.10176747166814,39.798902371627591],[118.127667046412398,39.776383505243814],[118.150545059316073,39.752117593372375],[118.170193427016216,39.726328681858206],[118.18643444872491,39.699254621745602],[118.199122346605307,39.671144833464403],[118.20814448812348,39.642257972869317],[118.213422283503093,39.612859522262418],[118.214911755136939,39.583219329842088],[118.212603779365779,39.553609121074061],[118.072529200498025,38.556853258360405],[118.065487481058028,38.523593288220347],[118.053728555659518,38.491109114406598],[117.610805496660674,37.470781837259103],[117.596336569441732,37.441911396449342],[117.578202787699865,37.414292376330238],[117.556588093220768,37.388199035613233],[117.531710348869197,37.363890212128545],[117.503819084387317,37.341606805920428],[117.473192962202518,37.321569445877685],[117.440136990043541,37.303976360375728],[117.404979508227854,37.289001470331257],[117.3680689802827,37.276792720918813],[114.154746886969534,36.304741890141727]]]}},
{"type":"Feature","properties":{"admin_unit_id":"admin.han140.jizhou.zhongshan","display_name":"中山国","geometry_status":"synthetic_proxy","historical_claim":false,"confidence":"technical_only"},"geometry":{"type":"Polygon","coordinates":[[[114.862330981019682,35.97907224869811],[114.824622262513913,35.977435351766786],[114.786885814906611,35.978614357982501],[114.749462061048931,35.982598627449704],[114.71268870380429,35.989352200884831],[114.676897784971189,35.998814113177133],[114.64241278610082,36.010898925411318],[114.609545792986538,36.025497471344387],[114.578594745515517,36.04247781268257],[114.549840794434203,36.061686395874929],[114.523545786369084,36.082949401528175],[114.499949898140045,36.106074275962527],[114.479269440981184,36.130851432878174],[114.461694854714509,36.157056111594493],[114.44738891117899,36.184450376872881],[114.436485145273878,36.212785243949135],[113.36619169427361,39.423137088675951],[113.357954593478937,39.45257933544255],[113.353564322565433,39.482481489441881],[113.353066868337564,39.512562073228516],[113.356471638442315,39.542537570533788],[113.363751195295393,39.572125095773785],[113.374841338854509,39.601045071184934],[113.389641544124089,39.629023886054256],[113.408015755679756,39.655796512170866],[113.429793537634836,39.68110904955109],[113.454771573383724,39.704721176703728],[113.482715505213804,39.726408480218765],[113.513362099550307,39.745964639296218],[113.546421719270953,39.763203441987514],[113.58158108028961,39.777960611396303],[113.618506265550408,39.790095421878149],[113.656845965794972,39.79949208736506],[113.696234913051057,39.806060906306755],[113.736297469831811,39.809739150330181],[113.776651334603386,39.810491686539415],[113.81691132224104,39.808311326362393],[113.856693176998277,39.803218896956238],[113.895617374992781,39.795263034353262],[113.933312873380999,39.784519700715336],[113.969420764245612,39.771091431208625],[116.228033695274902,38.794405747370206],[116.25930793294819,38.778935599062002],[116.288573191187979,38.761372051837895],[116.315585375304394,38.74186254318947],[116.340119812995127,38.720570719405373],[116.36197312602269,38.697675025187728],[116.380964901352442,38.673367170938867],[116.396939148608993,38.647850492136172],[117.513488929696791,36.570487734120015],[117.526468294640964,36.541574773598349],[117.535703152052903,36.51180531780193],[117.541107281760574,36.481471356868681],[117.542632261542707,36.450870077541346],[117.540267766573962,36.420300938835943],[117.534041490927024,36.390062738933388],[117.524018698924905,36.360450702042868],[117.510301417629464,36.331753613264162],[117.49302728486694,36.304251028507842],[117.472368069923348,36.278210585344077],[117.448527886387666,36.25388543927015],[117.421741118599485,36.231511848341064],[117.392270084785721,36.211306927422761],[117.360402461282902,36.193466591524853],[117.326448493270888,36.178163705772121],[117.290738018227245,36.165546457599824],[117.25361732889148,36.155736964720447],[117.215445902940203,36.148830130327546],[117.176593026856381,36.144892754881795],[114.862330981019682,35.97907224869811]]]}},
{"type":"Feature","properties":{"admin_unit_id":"admin.han140.jizhou.anping","display_name":"安平国","geometry_status":"synthetic_proxy","historical_claim":false,"confidence":"technical_only"},"geometry":{"type":"Polygon","coordinates":[[[115.078566736947337,35.940604885804412],[115.039876506700267,35.935275840068158],[115.000705499393121,35.932973193362777],[114.961436452431386,35.933719452341762],[114.922453026725492,35.937507323087814],[114.884136192401371,35.944299779975857],[114.846860636013361,35.954030415352179],[114.810991218114211,35.966604067185386],[114.776879509971977,35.981897719566966],[114.744860438108603,35.999761668673237],[114.715249065143666,36.020020944555988],[113.249957984056067,37.103360579088026],[113.223430515393403,37.12445178949028],[113.199599671871027,37.147385020046833],[113.178681159047997,37.171955101527082],[113.160865176663748,37.197942019692171],[113.146314647188916,37.225112846040929],[113.135163665480604,37.253223789842281],[113.127516186299914,37.282022354676329],[113.123444965105818,37.311249581548076],[113.122990765941964,37.340642359582851],[113.126161848365541,37.369935784383628],[113.132933743228023,37.39886554334192],[113.143249324708265,37.427170306567817],[113.157019183328742,37.454594101657634],[113.956199920696619,38.81807803172061],[113.975342593773803,38.846172488686875],[113.998193173209515,38.872645554147887],[114.024516090474847,38.897219858130882],[114.054038602567601,38.919637650289971],[114.086453579675435,38.939663567828468],[114.121422696639513,38.957087172942927],[115.314715876211977,39.47853655003933],[115.347402265131677,39.491159528708209],[115.381466560586418,39.501552360037074],[115.416637217623332,39.509631988500523],[115.452633544867865,39.515333819170145],[115.489168016364019,39.518612253600182],[117.122901741518191,39.59998911082905],[117.165364691094183,39.600205917045173],[117.207632024564248,39.597161579755777],[117.249254829250432,39.590888458078716],[117.289791288916263,39.58145321739898],[117.591682878387317,39.497792058784746],[117.631244533577913,39.484971037092244],[117.668794672634434,39.469129346979123],[117.703923036599576,39.450440761461628],[117.736246736050447,39.429110130656028],[117.765414485289654,39.405371064864319],[117.791110441492705,39.379483301371351],[117.813057606099932,39.351729787950404],[118.198186632805815,38.796411263934502],[118.214393403405595,38.769841259002604],[118.227198708540328,38.742233791170278],[118.236491637065711,38.713836210269776],[118.242193051559099,38.68490265048468],[118.244256158606817,38.655691736305215],[118.242666780315787,38.626464258956467],[118.237443329892642,38.597480844533891],[118.228636496905622,38.568999634755301],[118.216328650371054,38.541274000729992],[118.200632970073769,38.514550309470167],[116.815515409238472,36.359874105902307],[116.796120381993134,36.332361656830777],[116.773267015597909,36.306517811013499],[116.747191966147028,36.282606462347623],[116.718164042955763,36.26087154537872],[116.68648141571137,36.24153460325951],[116.652468560017368,36.224792586393754],[116.616472972142148,36.210815901364136],[116.578861684591772,36.199746727289572],[116.540017614708546,36.191697614239409],[115.078566736947337,35.940604885804412]]]}},
{"type":"Feature","properties":{"admin_unit_id":"admin.han140.jizhou.hejian","display_name":"河间国","geometry_status":"synthetic_proxy","historical_claim":false,"confidence":"technical_only"},"geometry":{"type":"Polygon","coordinates":[[[113.642577729460044,36.50806339356609],[113.603231054521302,36.511625519640916],[113.564528545058565,36.518201214025005],[113.526849341067233,36.527726080033474],[113.490562911716736,36.540106811266085],[113.45602554380531,36.555222075321979],[113.42357693713538,36.5729236648206],[113.393536935671136,36.593037906248263],[113.366202423061893,36.615367314921379],[113.341844410701199,36.639692482166154],[113.320705345906504,36.665774178669921],[113.302996667004976,36.69335565587653],[113.288896631054982,36.7221651252935],[113.278548438580074,36.751918393672021],[113.272058678002708,36.78232163023381],[113.269496110408141,36.813074240477711],[113.270890812816972,36.84387181962699],[113.276233695286294,36.874409157509909],[113.813361163298723,39.039359283637076],[113.822953591549521,39.068968932179168],[113.836375384766825,39.097725038019512],[113.853500407018117,39.125348026147797],[113.874166006543618,39.151569020134531],[113.898174466724825,39.17613250104835],[113.925294826871493,39.198798845730501],[113.955265059030026,39.219346717357034],[113.98779458223791,39.237575282380561],[114.022567090936093,39.253306229463718],[114.059243669706404,39.266385567892257],[114.097466162230717,39.276685185169704],[114.136860758476445,39.284104146028206],[116.462272718837227,39.609542291364157],[116.501333180849841,39.613220210157557],[116.540686020340814,39.614101495366633],[116.57997202775914,39.612178097029521],[116.618832626217795,39.607467583732308],[116.656913264735707,39.600012975794911],[116.693866768112414,39.589882337024818],[116.729356607552702,39.577168129493252],[116.763060057363475,39.56198633834758],[116.794671204757407,39.544475376120921],[116.823903781980405,39.524794778301029],[117.452833190511825,39.05452193889105],[117.478090286850914,39.033627024963117],[117.500699553384536,39.011083004107952],[117.520473993876834,38.987078852801019],[117.537250850125503,38.961815590648968],[117.550892896744756,38.935504563305919],[117.561289503705439,38.908365644610342],[117.568357460542842,38.88062537420975],[117.837735837924768,37.454609490818434],[117.841374500104735,37.42449713106506],[117.84117271097351,37.394255615064118],[117.837136941840527,37.364173454032482],[117.82931014188739,37.334537299895565],[117.817771159919758,37.305629225228031],[117.802633834515802,37.277724059080406],[117.784045767136675,37.251086803004782],[117.762186795108747,37.225970150424452],[117.737267183386109,37.202612131164436],[117.709525555669885,37.181233901497201],[117.679226586822494,37.162037698481164],[116.404187507445343,36.417829895018201],[116.373724797157692,36.40140682718684],[116.341443811069198,36.387256538941152],[116.307622971586795,36.375500702112994],[116.272553508006126,36.366240350982892],[116.23653701511752,36.359555041532474],[116.199882938014568,36.355502190452782],[116.162906001398767,36.354116598657676],[116.125923601743679,36.355410162708353],[113.642577729460044,36.50806339356609]]]}},
{"type":"Feature","properties":{"admin_unit_id":"admin.han140.jizhou.qinghe","display_name":"清河国","geometry_status":"synthetic_proxy","historical_claim":false,"confidence":"technical_only"},"geometry":{"type":"Polygon","coordinates":[[[116.064555049503966,36.723484450790259],[116.047161317159464,36.69696396032063],[116.026580031872513,36.671858409877629],[116.003003085707377,36.648398218738286],[115.976649273831811,36.626798507282864],[115.947762237774469,36.607257167630003],[115.916608208454079,36.589953094782373],[115.883473569940904,36.575044592497342],[115.848662265521099,36.562667966524231],[115.812493068085359,36.552936316232667],[115.775296737187418,36.545938534003923],[115.737413085339654,36.541738520076521],[115.699187976259012,36.540374618839358],[115.660970277867307,36.541859280850815],[115.623108792899743,36.546178953140739],[115.585949189999027,36.553294198622517],[115.549830958171157,36.563140043714746],[115.515084407455717,36.575626551542243],[115.482027738611549,36.590639616365081],[115.450964204526343,36.608041973169883],[115.422179385909303,36.627674414660476],[113.803432950847736,37.814160264795873],[113.776240795974161,37.835578503001649],[113.75185722159074,37.858894965223612],[113.730509858422451,37.883894572655421],[113.712398920222583,37.910346500307853],[113.697695279088066,37.938006264698537],[113.686538785955406,37.966617944072745],[113.679036855088626,37.995916512471531],[113.675263329832788,38.025630267650435],[113.675257645070502,38.055483331657747],[113.679024299669365,38.08519820183075],[113.686532649739746,38.114498329078828],[113.697717030739327,38.14311069962281],[114.48199313121583,39.805075157934702],[114.497861309547815,39.833425445313352],[114.517430943403554,39.860463611791978],[114.540512563816662,39.885922343589669],[114.566881307402127,39.909549656329759],[114.596279048075573,39.931111443823632],[114.628416893777768,39.950393856081718],[114.662978025430434,39.967205480076608],[114.699620850377002,39.981379298625541],[114.737982437841794,39.992774404974291],[114.777682199585684,40.001277453234259],[114.818325775061027,40.006803827717796],[114.859509077071579,40.009298517391294],[114.90082245131687,40.008736685077253],[114.941854901315466,40.005123924625387],[114.982198329112023,39.998496202982665],[115.021451741908706,39.98891948785392],[115.059225375331494,39.976489065396102],[117.112870500314244,39.183663653739544],[117.148663157674363,39.167622652836307],[117.182101165964212,39.148939236129145],[117.212841241008391,39.127806352347797],[117.24056872799504,39.104442062868252],[117.265000834599718,39.079087227683026],[117.285889494154517,39.052002958997591],[117.303023830933327,39.023467872000325],[117.316232205476851,38.993775164222008],[117.325383823809105,38.963229556308313],[117.330389900270575,38.932144127982021],[117.331204369396985,38.900837083479438],[117.327824147705243,38.869628480832169],[117.320288951324926,38.838836959055179],[117.308680680071745,38.808776496629946],[117.293122382752514,38.77975323367216],[116.064555049503966,36.723484450790259]]]}},
{"type":"Feature","properties":{"admin_unit_id":"admin.han140.jizhou.zhao","display_name":"赵国","geometry_status":"synthetic_proxy","historical_claim":false,"confidence":"technical_only"},"geometry":{"type":"Polygon","coordinates":[[[116.035076422340666,36.20682473793277],[116.004411406223312,36.18646491163846],[115.971277440390026,36.168630667460199],[115.93601429283261,36.153504082882094],[115.898982790820909,36.141239497694052],[115.860561210524395,36.131961986857767],[115.821141518017839,36.125766125414792],[115.781125494742966,36.122715056044896],[115.740920780699611,36.122839867227306],[115.700936868760024,36.126139287282953],[115.66158108356025,36.132579696887156],[113.728369568284648,36.513027804060215],[113.69124544092891,36.521515949784302],[113.655346318016385,36.532757946291319],[113.621008321501378,36.546648701844603],[113.588553459081652,36.563058302640975],[113.558286675490805,36.581833190107211],[113.530493037988776,36.602797555609648],[113.505435080078513,36.625754941445088],[113.483350327049067,36.650490035191048],[113.464449026357116,36.676770642744117],[113.44891210507727,36.704349823689064],[113.436889375642977,36.732968171021412],[113.428498009832893,36.762356215720089],[113.423821299405162,36.792236935244269],[113.422907719918641,36.822328343736594],[113.473266477455823,38.345817134632853],[113.475680684354103,38.372448696509899],[113.481109514041634,38.398823459538747],[113.489515682129195,38.424745040002108],[113.84706536077131,39.341001934348071],[113.860396865719295,39.369534686670619],[113.877386203129007,39.396955889617466],[113.89787467703367,39.4230029780081],[113.92166950271826,39.447426260751158],[113.948545551624846,39.469991361105059],[113.978247436963201,39.49048151711203],[114.01049192258624,39.508699717667326],[114.044970633249235,39.524470651095477],[114.081353040085475,39.537642444845936],[114.119289691093229,39.548088176979221],[114.158415652741155,39.555707142470602],[114.198354125549656,39.560425859982992],[114.238720193780424,39.562198807617015],[114.279124667236346,39.56100887919326],[114.319177971695439,39.556867555809283],[114.358494043718835,39.549814790690455],[114.396694185500408,39.539918608664635],[118.188809987573876,38.325971959845077],[118.224895222804975,38.312026964038402],[118.25896685592933,38.295421358213474],[118.290686617159466,38.276320745421287],[118.319740371876875,38.254915471199268],[118.345841263364775,38.231418671051777],[118.368732547557471,38.206064091390779],[118.388190091834701,38.179103708503291],[118.404024514775827,38.150805172022835],[118.416082948820346,38.121449100911242],[118.424250412853581,38.091326261097215],[118.428450786738253,38.060734654675365],[118.42864738466001,38.029976550954906],[118.424843128757843,37.999355489677221],[118.417080328810798,37.969173286421437],[118.405440077693015,37.939727069611465],[118.390041275859602,37.911306377656622],[118.371039301263366,37.884190343632952],[118.348624343823786,37.858644993571083],[118.323019425881512,37.834920682893191],[118.294478131993287,37.81324969386079],[116.035076422340666,36.20682473793277]]]}},
{"type":"Feature","properties":{"admin_unit_id":"admin.han140.jizhou.bohai","display_name":"勃海郡","geometry_status":"synthetic_proxy","historical_claim":false,"confidence":"technical_only"},"geometry":{"type":"Polygon","coordinates":[[[114.525981381547297,35.959114728431473],[114.486822096919298,35.95308108431513],[114.447089754765173,35.950161440161772],[114.407184883784424,35.950385236671387],[114.367509689319391,35.953750217267178],[114.328464144627262,35.9602224500738],[114.290442100549114,35.969736658485481],[114.253827445768394,35.982196857551529],[114.218990349786509,35.997477290824385],[114.186283620620713,36.015423659748222],[114.156039209024968,36.035854635118696],[114.12856489071595,36.058563637630236],[114.104141157615487,36.083320872055502],[114.083018348453777,36.109875597185123],[114.065414048166971,36.137958611314801],[114.051510784320911,36.16728493081763],[114.041454047252316,36.197556637205444],[113.304206953705304,38.889230671084682],[113.297597397046687,38.919989061656466],[113.295116641022105,38.951092997405361],[113.296794924535973,38.982227923449337],[113.302620421014879,39.013078564676952],[113.312539149423714,39.043332121603648],[113.326455318372567,39.072681457493765],[113.344232108100186,39.10082824374544],[113.365692890160787,39.127486030308759],[113.3906228793563,39.152383208067434],[113.418771206928128,39.17526583068139],[113.449853398352829,39.195900264382772],[113.483554233384069,39.21407563565171],[113.519530960377153,39.229606048570588],[113.55741683154794,39.242332545958639],[113.596824920791917,39.252124791103817],[113.637352181146099,39.258882450001984],[113.678583695042462,39.262536257447806],[115.964191332426864,39.357742376782248],[116.004528878817212,39.357588863947058],[116.04465170739239,39.354475225152633],[116.084172787617874,39.348431517259272],[116.122711105772055,39.339516070516495],[116.159895465366844,39.32781490398051],[116.195368176317871,39.313440864534087],[116.228788591797326,39.296532499363011],[116.259836454108154,39.277252674712138],[116.288215013885718,39.255786956503925],[116.313653890388096,39.232341770911397],[116.335911644489158,39.207142365206636],[118.024375329834797,37.002571311706916],[118.042333253262655,36.975251633766739],[118.056698623719242,36.946691389195806],[118.067334163384402,36.917171582755131],[118.07413968453983,36.886982333501379],[118.077052912709433,36.856419997384123],[118.076049923644049,36.825784241511066],[118.0711451967383,36.795375099532549],[118.062391291472309,36.765490037243552],[118.04987815713163,36.736421056859562],[118.033732089342351,36.708451867522754],[118.014114349853273,36.68185514846499],[117.991219468499324,36.656889929921235],[117.965273248401985,36.633799115380292],[117.936530497221241,36.612807167105586],[117.905272508700207,36.594117975079982],[117.871804319869668,36.577912927649592],[117.836451770145956,36.56434920017869],[117.79955838919993,36.553558276002462],[117.761482140938043,36.545644711885288],[114.525981381547297,35.959114728431473]]]}},
{"type":"Feature","properties":{"admin_unit_id":"admin.han140.yanzhou.chenliu","display_name":"陈留郡","geometry_status":"synthetic_proxy","historical_claim":false,"confidence":"technical_only"},"geometry":{"type":"Polygon","coordinates":[[[114.715744770841496,33.911375228495949],[114.679283750445521,33.906622712784177],[114.642427578359516,33.904695173848687],[114.605511514262588,33.90561016099209],[114.568871343555202,33.909359343845097],[114.532840429556643,33.915908585815544],[114.497746783826685,33.925198245165319],[114.463910176641789,33.937143701398924],[114.431639309601437,33.951636102902491],[114.401229072239687,33.968543330038777],[114.37295790436356,33.987711166187658],[114.347085285608784,34.008964667531906],[114.323849373378536,34.032109720728243],[114.303464809882669,34.056934775987202],[114.286120718401406,34.083212741518864],[113.988542520928277,34.587683006645818],[113.972517651903587,34.618932239248664],[113.960836977138015,34.65138492463123],[113.953644071255226,34.684657121460219],[113.951029816216334,34.71835473654091],[113.935798823573649,36.35282198651251],[113.937530802277394,36.384091033613906],[113.943307363113817,36.415063626043661],[113.953074198648409,36.445422814069765],[113.966735865534858,36.474857563382749],[113.984156581020159,36.503065967483792],[114.005161453418665,36.529758380004935],[114.029538140578623,36.554660433064647],[114.057038924862979,36.577515908434975],[114.087383187535991,36.598089429403792],[114.12026025980262,36.616168942764638],[114.155332622211674,36.631567962356371],[114.192239418834248,36.644127547994486],[116.583312182894247,37.319355731427791],[116.625818919342663,37.328865316866221],[116.669433496905782,37.334707519619258],[116.713621576345062,37.336810737960057],[116.757841538320818,37.33514919088924],[118.435627859761894,37.189111748279515],[118.475219462652632,37.183832923734478],[118.513920944124919,37.175517467119356],[118.551340574609455,37.164249619209585],[118.587100050515744,37.150143486224607],[118.620838426712353,37.133341845397993],[118.652215845126335,37.114014653416369],[118.680917017532934,37.09235727523987],[118.70665442452308,37.068588453912604],[118.729171197054896,37.042948044738438],[118.748243651803065,37.015694539598691],[118.763683456598443,36.987102409201015],[118.775339407479677,36.957459292660289],[118.783098804144203,36.927063065014671],[118.786888415780965,36.89621881407966],[118.902138051034513,34.848994927660613],[118.901870104993009,34.81777649198736],[118.897657863092675,34.786737126565534],[118.889548625214232,34.756191459940986],[118.877628942919117,34.726448778035028],[118.862023570271646,34.697809915060638],[118.842894046444499,34.670564242224295],[118.820436930440664,34.644986783023498],[118.794881710737229,34.621335482277658],[118.766488414715582,34.599848654169875],[118.735544944423253,34.580742632559158],[118.694625863383393,34.557987286785611],[118.658840761885585,34.540287112260835],[118.620880404385289,34.525774184438752],[118.581187624611317,34.514617515457118],[118.540224756830369,34.506946973904135],[116.914161008000178,34.264266547704878],[116.911707636216718,34.263889677449484],[114.715744770841496,33.911375228495949]]]}},
{"type":"Feature","properties":{"admin_unit_id":"admin.han140.yanzhou.dong","display_name":"东郡","geometry_status":"synthetic_proxy","historical_claim":false,"confidence":"technical_only"},"geometry":{"type":"Polygon","coordinates":[[[114.796916921831127,34.195544306955831],[114.760100375917091,34.196235928926569],[114.72353050626937,34.199725698085565],[114.687535687081805,34.20598225676116],[114.652439308123789,34.214949376635445],[114.618556964181352,34.226546448289028],[114.586193702420502,34.24066918373962],[114.555641348637437,34.257190526615375],[114.527175933221841,34.275961762976692],[114.501055237452434,34.296813824196732],[114.477516480448074,34.319558771736382],[114.456774166691986,34.34399145211038],[114.439018113502684,34.369891308850733],[114.424411677121753,34.397024336837575],[114.413090195196588,34.425145163004245],[114.405159662334327,34.453999236139019],[114.400695654069949,34.483325107323395],[114.164417365259951,36.967411597217101],[114.163345958274661,36.997039074638231],[114.1659448038086,37.026609900598238],[114.172194285158213,37.055852871201267],[114.182041150763965,37.084499483463162],[114.195398854243138,37.112286413932893],[114.212148211050177,37.138957960451386],[114.232138370854642,37.164268423681499],[114.255188101256735,37.187984405225301],[114.281087374851879,37.209886999586892],[114.309599247969913,37.229773857948125],[114.340462015715261,37.247461102708982],[114.373391624295891,37.26278507299822],[114.408084318125361,37.27560388288623],[114.444219495891844,37.285798775808843],[115.613666944050436,37.561126494669381],[115.648411782411443,37.567840676099387],[115.683800427127565,37.572153787736696],[115.719550566541116,37.574031408756028],[118.091834624516778,37.595521812395624],[118.131962076154437,37.593977650898957],[118.171686600461712,37.589369220929449],[118.210610016548145,37.581742731944658],[118.248342458809063,37.571174637198531],[118.284506409199935,37.557770840035133],[118.318740584896119,37.541665596045704],[118.35070363687602,37.523020123980814],[118.380077618019826,37.502020941616607],[118.406571182972286,37.478877945813259],[118.429922486181937,37.453822258734824],[118.449901749089832,37.427103864587487],[118.466313472290722,37.398989063252785],[118.478998273509532,37.369757768829203],[118.487834337319015,37.339700682342027],[118.492738467561793,37.309116368738785],[118.493666738336941,37.278308268768079],[118.490614744086841,37.247581676457479],[118.147036851134459,35.100446660171457],[118.14057053065153,35.070796726762879],[118.130514116195641,35.0417826865542],[118.116966057507526,35.013677361555025],[118.100057248008099,34.986744759273385],[118.079949674729292,34.961237623049783],[118.056834797842157,34.937395096049102],[118.030931678386892,34.915440519135458],[118.00248487419951,34.89557938140387],[117.971762125155962,34.877997440587201],[116.811528039548719,34.269346975089505],[116.779262441805201,34.253885877859183],[116.745288338476243,34.240999767477895],[116.709924078119258,34.230809198568345],[116.673500580481019,34.223409470152831],[116.636358329033854,34.218869761315659],[116.598844289427845,34.217232504514193],[114.796916921831127,34.195544306955831]]]}},
{"type":"Feature","properties":{"admin_unit_id":"admin.han140.yanzhou.dongping","display_name":"东平国","geometry_status":"synthetic_proxy","historical_claim":false,"confidence":"technical_only"},"geometry":{"type":"Polygon","coordinates":[[[115.290446098860713,34.113796706103543],[115.252955743948419,34.116516734728762],[115.215968877711532,34.122145747792445],[115.179833343109621,34.130630783064412],[115.144889251903479,34.14189198735049],[115.111465881925781,34.155823345000648],[115.079878659063027,34.172293646389669],[115.050426248427144,34.191147688594569],[115.023387778966622,34.212207698558942],[114.999020225432588,34.235274967132398],[114.977555971149954,34.260131680517354],[114.959200574416542,34.286542933853234],[114.944130760531408,34.314258909935425],[114.93249266040489,34.343017204417102],[114.079203704162751,36.781426466365524],[114.0703769347529,36.811524318169305],[114.065455671952947,36.842153364521792],[114.064493431775986,36.873009674102533],[114.067504533282303,36.903786698956047],[114.074463767867854,36.934178315929913],[114.085306462264001,36.963881878310957],[114.099928942104228,36.992601247059952],[114.118189398662906,37.020049770675421],[114.139909156800016,37.045953182682254],[114.164874337316334,37.070052386062358],[114.192837901913322,37.092106094640648],[114.223522063852769,37.111893302525175],[114.256621042323943,37.129215554177698],[114.291804133560362,37.143898989560626],[114.328719067019733,37.155796141053131],[114.36699561056129,37.164787461435878],[114.406249384637476,37.170782565176857],[117.971871701216372,37.522452312163452],[118.010540160354722,37.524273196614566],[118.049257446197387,37.52322555272216],[118.087661919938853,37.519319166820416],[118.125394969547074,37.512590525933142],[118.162104475817145,37.503102464570532],[118.197448207261544,37.490943556993386],[118.231097107014307,37.476227261632573],[118.262738436578573,37.459090827034444],[118.292078743409519,37.439693971239272],[118.318846621943351,37.418217348852899],[118.342795240693746,37.394860822209566],[118.363704611363858,37.369841554921159],[118.381383579492194,37.343391947744536],[118.395671519878221,37.315757438060245],[118.406439723845622,37.287194185336354],[118.413592469215729,37.257966665747468],[118.924913813082213,34.315012868431069],[118.92810955081363,34.284439996851525],[118.927518188461818,34.25376290765827],[118.923149875329884,34.223281953763816],[118.915051629097107,34.193295249902128],[118.903306710450096,34.164095768887698],[118.88803365442115,34.135968499882772],[118.869384973794439,34.109187695367957],[118.847545552429011,34.084014232249622],[118.822730748476033,34.060693111091965],[118.795184229246473,34.039451115853524],[118.765175560947654,34.020494654765734],[118.732997577674993,34.004007801131465],[118.698963554958823,33.990150550867803],[118.663404213861156,33.979057311584945],[118.626664582127901,33.970835635898098],[118.589100739266911,33.965565209524783],[118.551076472671937,33.963297102536906],[118.512959872074376,33.964053289926632],[115.290446098860713,34.113796706103543]]]}},
{"type":"Feature","properties":{"admin_unit_id":"admin.han140.yanzhou.rencheng","display_name":"任城国","geometry_status":"synthetic_proxy","historical_claim":false,"confidence":"technical_only"},"geometry":{"type":"Polygon","coordinates":[[[118.242163605036865,34.685041366129518],[118.23026335898119,34.65588163302894],[118.214817670033526,34.627799865067523],[118.195980702683002,34.601069736334459],[118.173939122495995,34.575951497757842],[118.148910182290663,34.552689484516563],[118.121139539371669,34.531509784313968],[118.090898827200292,34.512618087017614],[118.058483006032333,34.496197734309504],[118.024207517960079,34.482407986038588],[117.988405272476058,34.471382517941038],[117.951423489179305,34.463228163304215],[117.913620424599017,34.458023909016504],[117.875362010352404,34.455820154273042],[117.83701843001009,34.456638238009056],[117.798960662134803,34.460470238917587],[117.761557017005785,34.467279049678488],[117.725169694549209,34.476998724795699],[117.690151390966975,34.489535099207473],[117.656841981486366,34.504766672612931],[117.625565306528173,34.522545752250359],[117.596626088391645,34.542699844678047],[117.570307005255373,34.565033284955803],[117.546865948863314,34.589329089513477],[117.526533491669383,34.615351016936344],[117.509510588417797,34.642845818908157],[117.277862726236819,35.066134273342655],[117.26464326424437,35.093627112468361],[117.254764609096767,35.121988831658634],[117.248319217115764,35.150964435232659],[117.245368909567262,35.18029313971001],[117.245944183006443,35.209710706325161],[117.250043794664748,35.238951814366274],[117.257634631603949,35.267752454344006],[117.268651869934033,35.295852319456074],[117.282999427721364,35.322997173463776],[118.127654605736126,36.700852990374656],[118.146523790486555,36.727577944451582],[118.168701481932843,36.752730617282225],[118.193974534329357,36.776065751056606],[118.222098951913225,36.797355596910194],[118.252802219279076,36.816392188052077],[118.285785943253998,36.832989422644218],[118.320728780737198,36.846984933541599],[118.357289622785032,36.85824172410247],[118.395111001370083,36.866649551691452],[118.433822681817077,36.872126043195088],[118.473045401010481,36.874617529814486],[118.512394709148438,36.874099591550888],[118.551484871154258,36.870577305108142],[118.5899327828906,36.864085192347922],[118.627361857081169,36.854686869893776],[118.663405834336032,36.842474403929494],[118.697712475887073,36.827567377620127],[118.729947096535653,36.810111681843786],[118.759795898843507,36.79027804300793],[118.786969072694461,36.768260304587812],[118.811203627936905,36.744273481628412],[118.832265931793373,36.718551609758713],[118.849953927001039,36.691345412254854],[118.864099011118213,36.662919810340007],[118.874567562005979,36.633551303210389],[118.881262099068181,36.603525245231815],[118.88412207432394,36.573133048360816],[118.883124291712889,36.542669338121286],[118.878282957128889,36.51242909142924],[118.869649365487632,36.482704784222875],[118.242163605036865,34.685041366129518]]]}},
{"type":"Feature","properties":{"admin_unit_id":"admin.han140.yanzhou.taishan","display_name":"泰山郡","geometry_status":"synthetic_proxy","historical_claim":false,"confidence":"technical_only"},"geometry":{"type":"Polygon","coordinates":[[[117.393074846395308,34.193190998302228],[117.372120650210832,34.167204291341633],[117.348056835779801,34.143018875777251],[117.321124198261202,34.120874163426592],[117.291591244090611,34.100989190806615],[117.259751512852731,34.083560501404484],[117.225920684198414,34.068760250834274],[117.190433497256365,34.056734551300913],[117.153640510595054,34.047602069566494],[117.115904731226351,34.041452890329609],[117.077598141441996,34.038347654598695],[117.03909815247286,34.038316980278864],[117.000784014082086,34.041361169805526],[116.963033209269014,34.047450207257185],[116.926217863280769,34.056524044971013],[115.208674591000914,34.541158339738409],[115.172084779748886,34.552847609446154],[115.137155465981579,34.567429548120032],[115.104244042708103,34.584755276634141],[115.073687934095005,34.604647804039637],[115.045801194246664,34.626903786461334],[115.02087131013235,34.651295553078967],[114.999156239845163,34.677573381108758],[114.980881716482358,34.70546799922446],[114.699222292101012,35.190797282629539],[114.681836838523452,35.226029591629057],[113.972301862697606,36.930150842347977],[113.961679276632069,36.960010187835259],[113.95495990473664,36.990540504359842],[113.952215523888725,37.021436950113447],[113.953478374178204,37.052390661914202],[113.958740645974189,37.083091833839099],[113.967954365200143,37.113232820026155],[113.981031685682012,37.142511230582826],[113.997845593219125,37.170632989011068],[114.018231021458149,37.197315319366808],[114.041986374781771,37.222289631535347],[114.068875448333287,37.245304273548442],[114.098629730070243,37.266127120809536],[114.130951064481437,37.284547973438251],[114.165514652416931,37.300380734696262],[114.681349670630468,37.508809283554442],[114.715576311595868,37.520997481466765],[114.751146287072174,37.530666611628455],[114.787745085165056,37.53773105142357],[114.825048767769175,37.542128222482368],[114.862726931544287,37.543819164750957],[114.900445736078552,37.542788894223499],[117.027334119207282,37.389923386043478],[117.065026086208647,37.385496260267516],[117.101998080170802,37.378335753115586],[117.137914770031998,37.368506859281887],[117.172450731787976,37.356098763791834],[117.205293484070623,37.341224004960793],[117.2361463871826,37.324017420038246],[117.264731376111698,37.304634884671515],[117.290791500439525,37.283251859394873],[117.314093246784026,37.260061758228616],[117.334428622412645,37.235274156138033],[117.789946078239197,36.610889543857056],[117.807264126603343,36.583919452509512],[117.821115033861744,36.555766752176687],[117.831370835233585,36.526699340419832],[117.837938136357721,36.496993516776783],[117.840758853355936,36.466931333032946],[117.886622100187651,34.962181604707517],[117.885817835703179,34.933627266963192],[117.881709485252017,34.905252394269048],[117.874335439920188,34.87729774076206],[117.86376162242675,34.850000256901403],[117.850080816931793,34.823591095460927],[117.833411781899827,34.798293673915964],[117.393074846395308,34.193190998302228]]]}},
{"type":"Feature","properties":{"admin_unit_id":"admin.han140.yanzhou.jibei","display_name":"济北国","geometry_status":"synthetic_proxy","historical_claim":false,"confidence":"technical_only"},"geometry":{"type":"Polygon","coordinates":[[[115.668253674241427,34.586433683637054],[115.630987951504935,34.585721727206419],[115.593807064614012,34.587853972524648],[115.557049663883944,34.592810985067779],[115.521050677523476,34.60054757817597],[115.486138362782583,34.610993211794678],[115.452631407213715,34.624052615485162],[115.420836102231007,34.639606630907274],[115.391043611034377,34.657513267251687],[115.363527352784729,34.677608961393695],[115.338540524654562,34.699710032861248],[115.316313783005185,34.723614322064591],[115.297053104439314,34.749102998633312],[115.280937846810929,34.775942525159991],[115.268119029420589,34.803886760168702],[115.258717850554717,34.83267918272788],[115.252824459217265,34.862055219823723],[115.250496996333723,34.891744656420812],[115.251760918862246,34.921474107079284],[115.256608618118392,34.950969527091011],[115.264999341207925,34.979958740361326],[115.276859421772116,35.008173960718381],[115.292082823300873,35.035354282995598],[116.376249970774111,36.702713557087662],[116.39584549928523,36.728887652567117],[116.418655628054395,36.75344816390789],[116.444463780039811,36.77615873087538],[116.47302386855452,36.796800596381033],[116.504062625462552,36.815174762725029],[116.537282223166571,36.831103959680817],[116.572363165062271,36.844434403018695],[116.608967415233536,36.85503732412613],[118.246137430838743,37.247025125053803],[118.28374203023391,37.254234610195098],[118.322078167080207,37.258608547228789],[118.360785153909248,37.260105773326849],[118.399498688096131,37.258712196554981],[118.437854403175834,37.254440933324055],[118.475491420866049,37.247332180452766],[118.512055864512178,37.237452823264469],[118.547204295271797,37.22489578406941],[118.580607033554131,37.209779118243077],[118.611951329994866,37.192244867854406],[118.640944352529218,37.172457685387471],[118.667315958871399,37.150603242492643],[118.690821226846893,37.126886440874429],[118.711242718476939,37.101529444339803],[118.728392457407523,37.074769552677509],[118.742113603117261,37.04685693940143],[118.752281809256772,37.018052276461425],[118.758806257381153,36.988624269804632],[118.761630361170731,36.958847130161757],[118.760732139924926,36.928998003647713],[118.75612426360756,36.899354386717945],[118.747853774974573,36.870191549725959],[118.083353150724179,34.918435963183803],[118.071912962039505,34.889679833518798],[118.057019774646889,34.861941663375433],[118.038817566549852,34.835483054222898],[118.017481015125526,34.810553300323512],[117.993213759159445,34.787387077713923],[117.966246414023772,34.766202276539929],[117.936834360744427,34.747197995206911],[117.905255330752198,34.730552713190178],[117.871806808934863,34.716422657648941],[117.836803278234143,34.70494037722262],[117.800573329497198,34.69621353456764],[117.763456660624087,34.690323927331363],[117.72580098928195,34.687326745366427],[115.668253674241427,34.586433683637054]]]}},
{"type":"Feature","properties":{"admin_unit_id":"admin.han140.yanzhou.shanyang","display_name":"山阳郡","geometry_status":"synthetic_proxy","historical_claim":false,"confidence":"technical_only"},"geometry":{"type":"Polygon","coordinates":[[[115.238080185294095,34.058834378849575],[115.207750856978322,34.04196596406846],[115.175568322158526,34.027495022192227],[115.141824742061189,34.015552610440082],[115.106825958109965,34.006246837551529],[115.070888791631603,33.999661913632025],[115.034338260786242,33.99585741109744],[114.997504736116838,33.994867742404473],[114.96072105620911,33.996701858567889],[114.924319625009048,34.001343170767186],[114.888629512368226,34.008749695640439],[114.853973579383521,34.018854423156981],[114.82066565006501,34.031565904257313],[114.789007750799726,34.046769053753188],[114.759287438966695,34.064326162299309],[114.731775241888641,34.084078109583807],[114.706722227055707,34.105845769249861],[114.684357724205526,34.129431594455099],[114.664887219369675,34.154621371415715],[114.395156397882047,34.541568229834809],[114.378830339796195,34.567652302095127],[114.36563669485146,34.594843906552164],[114.355695018371534,34.622903336663192],[114.349096514043239,34.6515829952004],[113.969299458056355,36.826829933849986],[113.965771984320895,36.857725521587192],[113.966252336319599,36.888739329832788],[113.970740527550916,36.919560094098692],[113.97919623978683,36.949878118632768],[113.991539037788058,36.979388399328364],[114.007648998017331,37.007793713865958],[114.027367752321709,37.034807646987154],[114.050499942692227,37.060157518902045],[114.076815078106236,37.083587185309746],[114.106049779200177,37.10485967839157],[114.13791039121044,37.123759659421971],[114.172075940365971,37.140095655341192],[114.208201403836881,37.153702053735458],[114.245921258559207,37.164440833161571],[114.284853269885346,37.1722030086054],[114.324602477165882,37.176909775044209],[117.450653569579231,37.385199709611925],[117.489349662290451,37.385862338987131],[117.527948120820668,37.383652090289509],[117.566087808926184,37.378589645096937],[117.603412036132923,37.370722366492991],[117.639572008182057,37.36012384000405],[117.674230190910833,37.346893161111268],[117.707063551205366,37.331153977172207],[117.737766640537231,37.313053294231409],[117.766054488959853,37.292760061679779],[118.333686487835166,36.840306001137783],[118.359134855540745,36.817746432522092],[118.381635178353562,36.793382570946953],[118.400978181404881,36.767444131150008],[118.416984921387012,36.740175435857296],[118.429508378476058,36.711833074204478],[118.438434723892541,36.682683452677097],[118.443684255481188,36.653000263211396],[118.445211997567213,36.623061893510886],[118.439271140572785,36.094790462589955],[118.437193902521273,36.065692180980648],[118.431633400212121,36.036875053473388],[118.422642626734131,36.008593851004377],[118.410304667236275,35.981098341057489],[118.394731842052408,35.954631101103587],[118.376064605687404,35.929425403722369],[118.354470215048906,35.905703190918679],[118.330141181686372,35.883673154134073],[118.303293523951666,35.863528935346075],[118.274164835940965,35.845447463461646],[115.238080185294095,34.058834378849575]]]}},
{"type":"Feature","properties":{"admin_unit_id":"admin.han140.yanzhou.jiyin","display_name":"济阴郡","geometry_status":"synthetic_proxy","historical_claim":false,"confidence":"technical_only"},"geometry":{"type":"Polygon","coordinates":[[[118.056450994771552,34.136840068557959],[118.026042640357218,34.119570301507551],[117.993716261484366,34.104725472165931],[117.959770612418495,34.092442425536682],[117.924518893288351,34.082834338720346],[117.888285934088458,34.075989708432338],[117.851405289398912,34.071971560479085],[117.814216266588758,34.070816887384638],[117.777060910378168,34.072536318550803],[117.740280966694954,34.077114025514419],[117.70421484878959,34.084507863036173],[117.669194628568718,34.094649744926713],[117.635543076074512,34.107446251688017],[117.603570769967206,34.122779465229449],[114.285384845754677,35.810558288408807],[114.253422529862689,35.827797628287129],[114.22375570540477,35.847410276138675],[114.196670301857708,35.86920835853585],[114.17242816879461,35.8929829090645],[114.151264543075001,35.918505823471484],[114.133385740275614,35.945532000967489],[114.118967093861869,35.973801653382374],[114.108151164411382,36.003042762134662],[114.101046239721143,36.032973661346915],[114.097725144829198,36.063305723937617],[114.098224378836562,36.093746126172427],[114.102543592913989,36.124000664984159],[114.110645421011782,36.153776601401603],[114.122455671570791,36.182785502686265],[114.137863884974223,36.210746055287956],[114.156724257617142,36.237386820521998],[114.1788569293481,36.262448904961275],[114.204049626713754,36.285688517947442],[114.232059649983057,36.306879389366706],[114.262616187423859,36.325815021921287],[114.295422935839753,36.342310753552901],[114.330161002045344,36.356205607441872],[116.772939498309881,37.184777055671994],[116.809841945906953,37.19519368382047],[116.847896403924679,37.202767814967622],[116.886734375031949,37.207426050465187],[116.925979500852407,37.209123237819966],[116.96525133509698,37.207842924047512],[117.004169163249415,37.203597520951547],[117.042355825309457,37.196428180436371],[117.079441498047842,37.186404381280234],[117.115067393878618,37.173623232094378],[117.14888933478575,37.158208498411106],[117.180581161719118,37.140309364933401],[117.209837942445986,37.120098946888866],[117.23637894393984,37.0977725671206],[118.601953539442391,35.80018786054498],[118.625326621237789,35.774960571829908],[118.645335617082409,35.748010397670775],[118.661779834545172,35.719612406190365],[118.674495540961345,35.690056144673342],[118.683357495182563,35.659642646535062],[118.688280062570357,35.628681332902211],[118.689217908421995,35.597486841947642],[118.686166270042065,35.566375819311588],[118.52172656321666,34.542017832085975],[118.515094107488096,34.51203808814121],[118.504818983538925,34.482721270905373],[118.491003967768108,34.454349349816219],[118.473785475552049,34.427194930899489],[118.453332126039072,34.401518669274552],[118.429843020649258,34.377566804612975],[118.403545755360526,34.35556884139185],[118.374694188357978,34.335735394190827],[118.056450994771552,34.136840068557959]]]}},
{"type":"Feature","properties":{"admin_unit_id":"admin.han140.xuzhou.donghai","display_name":"东海郡","geometry_status":"synthetic_proxy","historical_claim":false,"confidence":"technical_only"},"geometry":{"type":"Polygon","coordinates":[[[118.280556533801629,31.349316594814482],[118.24585229460655,31.351706858407791],[118.211562714240472,31.356775213991884],[118.177983272671355,31.3644779347498],[118.145403534209294,31.374748553096534],[116.207781250993989,32.051273052105238],[116.173990514256175,32.064341030585219],[116.14192047550317,32.080099512595233],[116.111884385955037,32.09839492211151],[116.084176256301234,32.11904886323164],[116.059068015605419,32.141859818137569],[116.036806856372593,32.166605069807346],[116.017612791066625,32.193042832790205],[116.001676444493739,32.220914573344039],[115.989157105350827,32.249947498316445],[115.980181058843812,32.279857190354754],[115.974840220579267,32.310350365373239],[115.973191089897554,32.341127726712202],[115.975254038430407,32.371886889118805],[115.981012946919918,32.402325344585471],[115.990415200232576,32.432143441227169],[116.003372047053574,32.461047345786525],[116.01975932698079,32.488751960051502],[116.039418563692763,32.514983761473594],[116.062158418593881,32.539483538606341],[116.087756494909442,32.562008992658143],[119.171193083064921,34.905541457293516],[119.201214916227357,34.925213061693896],[119.233568714664301,34.942400713056173],[119.267930581688503,34.956931686282275],[119.30395581944795,34.968659870095394],[119.341282462423422,34.977467279403115],[119.379535011549507,34.983265278874427],[119.418328326535004,34.985995503521607],[119.457271631398186,34.985630465536808],[119.495972586379011,34.982173840268338],[119.534041378294887,34.97566042797672],[119.571094781102644,34.96615579181983],[119.606760138921388,34.953755576319594],[119.640679225047506,34.938584514294163],[119.672511932519825,34.920795133839142],[119.701939754509894,34.900566180349969],[119.728669016150917,34.878100771746212],[119.752433823285955,34.853624307938901],[119.772998697916464,34.827382158138448],[119.790160874754847,34.79963715180569],[120.808193370627691,32.870383822472164],[120.822109099187486,32.838499460712043],[120.831685815119613,32.8055645648843],[120.836814729467378,32.771971472031652],[120.837440333841144,32.738119919837601],[120.781834984708368,31.56669158997536],[120.778540403147815,31.535852155015199],[120.771581136845967,31.505436035833046],[120.761029964891378,31.475743939493672],[120.746994861319564,31.447069139664304],[120.729617790160702,31.419694604748532],[120.70907318458616,31.393890236918985],[120.6855661295874,31.369910247714177],[120.659330269552086,31.347990694253646],[120.630625463704135,31.328347198351775],[120.599735213674975,31.311172868899636],[120.56696388850709,31.296636445855885],[120.532633773188678,31.284880682059853],[120.497081967423796,31.276020976872893],[120.460657161780205,31.270144273380058],[120.423716318671552,31.267308228558463],[120.386621285838316,31.267540663454355],[118.280556533801629,31.349316594814482]]]}},
{"type":"Feature","properties":{"admin_unit_id":"admin.han140.xuzhou.langya","display_name":"琅邪国","geometry_status":"synthetic_proxy","historical_claim":false,"confidence":"technical_only"},"geometry":{"type":"Polygon","coordinates":[[[119.285179992556436,31.415726795737161],[119.261526791172685,31.393385049877242],[119.235430970380378,31.373025015029128],[119.207131545491535,31.354832045029134],[119.176887045769448,31.338971666953004],[119.144973179072366,31.325588109548438],[119.111680362508807,31.314803023654651],[119.077311139588673,31.306714404834647],[119.042177504653068,31.301395726767261],[119.006598155575006,31.298895292231752],[118.970895695866545,31.299235806778192],[118.935393807418109,31.302414178418026],[118.900414415143004,31.308401544898128],[118.866274864813562,31.317143528345866],[118.833285135354004,31.328560715296579],[118.801745106798265,31.342549358346908],[118.77194190501929,31.358982293921741],[117.105276445949713,32.351840931738757],[117.076419238828748,32.370395388185386],[117.049868844991863,32.391154997460553],[117.025874696044383,32.413925994716067],[117.004662943068212,32.438495692867008],[116.986434311167713,32.464634429770527],[116.971362165723733,32.492097677158732],[116.959590810134415,32.520628293369839],[116.951234033603825,32.549958900436287],[116.946373926065178,32.579814364724477],[116.945059975573372,32.609914359090887],[116.947308461459784,32.639975983445702],[116.953102154202398,32.669716419717581],[116.962390330332454,32.698855596512999],[117.88959042521482,35.043258599833706],[117.902755102603265,35.070913502984631],[117.919193098280601,35.097445074184783],[117.93875724495166,35.1226106437379],[118.027825980814072,35.225601712990056],[118.052231863592525,35.250876517739854],[118.079800474425838,35.274032020934968],[118.110241526285819,35.294822266976958],[118.143233425152246,35.313026245764647],[118.178426688681725,35.328450301741675],[118.215447701676965,35.340930250844686],[118.253902765827604,35.350333179741675],[118.293382396333612,35.35655890539077],[119.477467091579726,35.487787581619315],[119.515533337534734,35.490336093845222],[119.553733817310061,35.489944786760866],[119.591702902131814,35.48661740386413],[119.629077255593046,35.480385774863635],[119.665499430208897,35.471309500873616],[119.700621398047133,35.459475365361044],[119.734107976248197,35.444996477419679],[119.765640109887542,35.428011156892765],[119.794917976825246,35.408681573664566],[120.747610572701376,34.704517030249605],[120.773434389176145,34.683201733145211],[120.796572643814699,34.660013353159364],[120.816814747451758,34.635165288381032],[120.833977304065925,34.608886014207435],[120.847905725998245,34.581416945426625],[120.858475561766198,34.553010185466825],[120.865593527595621,34.523926184984433],[120.869198237247645,34.494431332515902],[120.869260628064623,34.464795500218102],[120.865784084348249,34.435289567777822],[120.581328182644484,32.806665597114439],[120.574947284041059,32.778724750464562],[120.565474934835734,32.751376476328161],[120.55299332003365,32.724849254817229],[120.537609468694697,32.699364511064964],[120.519454276288329,32.675134787821229],[120.498681342214866,32.65236199726742],[119.285179992556436,31.415726795737161]]]}},
{"type":"Feature","properties":{"admin_unit_id":"admin.han140.xuzhou.pengcheng","display_name":"彭城国","geometry_status":"synthetic_proxy","historical_claim":false,"confidence":"technical_only"},"geometry":{"type":"Polygon","coordinates":[[[120.064044482814282,31.948220580301854],[120.040495921954644,31.924483356712081],[120.014245774065671,31.902777841911043],[119.985550127506258,31.883314315717811],[119.954688131021996,31.866281215920718],[119.921959302756377,31.851843355536264],[119.887680669798414,31.84014036709161],[119.852183763741493,31.831285387151471],[119.815811498138302,31.825363992177209],[119.778914954025964,31.822433394628042],[119.741850099890172,31.822521905998883],[119.704974472560011,31.825628671249749],[119.668643845591589,31.831723676824783],[119.633208911718825,31.840748032195034],[119.599012005926781,31.85261452259363],[119.566383895633905,31.867208428357486],[119.535640664342594,31.884388604050027],[119.507080714918288,31.903988808326606],[119.480981918361351,31.925819273328706],[118.538315470278221,32.782753719704516],[118.513206601759094,32.80771415932545],[118.491391529706689,32.83466842664987],[118.473108467682053,32.863326189729314],[118.458558258301125,32.893378486686359],[118.447902079633792,32.924501008701533],[118.441259547700355,32.956357559285799],[118.430640207983387,33.030306820496087],[118.428213746592021,33.05737969748894],[118.428698288191924,33.08452093721273],[118.432093050053965,33.111522996312331],[118.438374942799726,33.138179208829449],[119.02427136142245,35.092996357102379],[119.035134669748075,35.122043838704343],[119.049534926930008,35.150109505547434],[119.067337535068276,35.176923882187872],[119.088374723669148,35.20222925069546],[119.112447058182525,35.225782165482265],[119.13932527940598,35.247355837908373],[119.168752458925084,35.266742365680564],[119.200446451544721,35.283754783365183],[119.23410262155771,35.2982289119619],[119.269396815788269,35.310024987418366],[119.305988552726816,35.319029050192881],[119.343524393826968,35.325154080463555],[119.38164146024701,35.328340866311642],[119.41997105605661,35.328558595131561],[119.458142357255767,35.325805161600194],[119.495786124909344,35.320107188724656],[119.532538400317293,35.311519761730615],[119.568044140426565,35.300125877799246],[119.601960752638249,35.286035617859717],[119.633961489747989,35.269385049741672],[119.663738667936286,35.250334874944116],[119.691006673441308,35.22906883403585],[119.715504726729719,35.205791888232362],[119.736999376553214,35.180728196960239],[119.755286700150407,35.154118913198737],[120.769980731072494,33.446360922601016],[120.783641797661417,33.419608098372159],[120.794159755861671,33.391937557764642],[120.80144599012452,33.363590970375974],[120.805440342794455,33.334815675206521],[120.806111522856867,33.305862509506326],[120.803457256651214,33.276983615403658],[120.797504183507499,33.248430243683003],[120.788307501533282,33.220450573807661],[120.775950370855995,33.193287568846628],[120.251031364228623,32.171585855690388],[120.230756597698601,32.137538770881797],[120.205623841987631,32.105776426023766],[120.064044482814282,31.948220580301854]]]}},
{"type":"Feature","properties":{"admin_unit_id":"admin.han140.xuzhou.guangling","display_name":"广陵郡","geometry_status":"synthetic_proxy","historical_claim":false,"confidence":"technical_only"},"geometry":{"type":"Polygon","coordinates":[[[117.620624619929742,31.40352376842759],[117.585434780051216,31.392191539646735],[117.549060416354109,31.383866231398514],[117.511869242935632,31.378632062221108],[117.474236950458689,31.376541969790892],[117.436543534015982,31.377617090647316],[117.399169584962621,31.38184655255294],[117.36249257776484,31.389187581293044],[117.32688318292108,31.399565920986742],[117.292701636965205,31.412876564254461],[117.260294200453544,31.428984785872228],[117.229989734650772,31.447727470856208],[116.714496085355819,31.798697261943513],[116.687041541935784,31.819182429552793],[116.662136889028844,31.841799822966749],[116.640023915590277,31.866331645390261],[116.620918126341692,31.892541489764632],[116.605006610363304,31.920176576438454],[116.592446156793841,31.948970153394683],[116.583361638470819,31.978644037703756],[116.577844682746615,32.008911275301713],[116.269466068887368,34.46055735765075],[116.267393917700502,34.491707572566931],[116.2692494565256,34.522865734338232],[116.275018488323369,34.553716154557719],[116.284647011189804,34.583945920522034],[116.29804158561322,34.613248083097616],[116.315070114778095,34.641324797373791],[116.335563036864215,34.667890383069164],[116.359314923330189,34.692674271965821],[116.386086472011144,34.715423810347701],[116.415606878591177,34.735906885534639],[116.447576564737574,34.753914347130987],[116.802105235511689,34.93199817137949],[116.834003879701257,34.946316913874391],[116.867463428243241,34.958185961334692],[116.902186131180216,34.967499529458806],[116.937862605367158,34.974174577957058],[116.974174671648086,34.97815157439441],[117.010798283418467,34.979395042437552],[119.354588220126757,34.949171243328458],[119.392466179218516,34.946851670417601],[119.429876182963469,34.941605212533879],[119.466459457451336,34.933482171570667],[119.501865429090131,34.922560410529861],[119.53575518791223,34.908944583161251],[119.567804820907057,34.89276509997763],[119.597708579179454,34.874176842094322],[119.62518184526634,34.85335763703911],[119.649963869933984,34.830506513161566],[119.671820251155225,34.805841751507018],[119.690545131644512,34.779598755982782],[120.729921478931175,33.100906519277103],[120.745107381105569,33.07219603289748],[120.756661917918947,33.042384740283609],[120.764471565057462,33.011775914475479],[120.768461211422249,32.980680627394129],[120.768594753993057,32.949414569764023],[120.764875286908989,32.918294837064124],[120.757344890073171,32.887636714516717],[120.746084026707862,32.857750493590565],[120.731210563016035,32.828938351648198],[120.712878426422691,32.801491325233691],[120.691275921765765,32.775686406107319],[120.666623727288822,32.751783787518491],[120.639172594371402,32.730024286395867],[120.609200776647612,32.710626965151818],[119.642161326768957,32.138829837272802],[119.605772001194708,32.119529784020848],[119.566956590908248,32.103787406046159],[117.620624619929742,31.40352376842759]]]}},
{"type":"Feature","properties":{"admin_unit_id":"admin.han140.xuzhou.xiapi","display_name":"下邳国","geometry_status":"synthetic_proxy","historical_claim":false,"confidence":"technical_only"},"geometry":{"type":"Polygon","coordinates":[[[117.450480990830457,31.586128043663045],[117.414076105678589,31.587574865621818],[117.378010030029543,31.591948281717414],[117.342621211621378,31.599207200077164],[117.30824195550295,31.609283404876354],[117.275195400205874,31.622082179392379],[117.243792565705149,31.63748317201939],[117.214329496952161,31.655341498203793],[117.187084526552439,31.675489069288329],[117.162315679853592,31.697736137320643],[116.391710384618762,32.451174948970056],[116.380315776758721,32.462717782148545],[116.066029263838928,32.795224459998387],[116.045059419783513,32.819610391238932],[116.027034262799987,32.845524206911577],[116.012121855347587,32.87272831577544],[116.000462170270723,32.900973079151925],[115.992165708798055,32.929999072381818],[115.987312371409601,32.959539443464728],[115.985950595930689,32.989322348359345],[115.98809677531986,33.019073441428667],[116.048356455065061,33.474673285795028],[116.054537743671403,33.505989939081296],[116.064640040472412,33.53663015386585],[116.078561898502798,33.566272957852043],[116.671316154925719,34.640006566709332],[116.689702029182541,34.668691322464689],[116.711736893265865,34.695695072881144],[117.249454387999847,35.279330920678817],[117.274367568373393,35.303460088768269],[117.302234823345671,35.325483041090187],[117.332774442842037,35.345175371169603],[117.365676756654068,35.362336266856239],[117.400607301615921,35.376790611448641],[117.437210276741723,35.388390820954498],[117.475112248454224,35.397018396111854],[117.513926064052043,35.402585170956421],[118.630337604426288,35.511991695337507],[118.669356028232301,35.514085834340875],[118.708445029552806,35.513099569686965],[118.747212773870217,35.509042783199234],[118.785270759681808,35.501956117812483],[119.953724176712825,35.228749016190115],[119.987427461735237,35.219328575541518],[120.019895180206319,35.207505932181796],[120.050854374698943,35.193380652913909],[120.080045191020901,35.177071640008577],[120.107223103063205,35.158716101156031],[120.132160989956702,35.138468363496258],[120.378585512709378,34.918239777183942],[120.40170679872638,34.895393796685234],[120.421995061768399,34.87090943435377],[120.439270220047931,34.845007206375804],[120.453379807180951,34.817920187184626],[120.464200257377996,34.78989188026744],[120.471637911952755,34.76117400216495],[120.475629741830645,34.732024200766993],[120.672196039887751,32.091850765311541],[120.672537845572734,32.060606404695761],[120.669081492017256,32.029490079182366],[120.661866152052198,31.998815894521371],[120.650968730531361,31.968893187885506],[120.636502927174988,31.940023427114212],[120.618617944601638,31.912497200414677],[120.597496860221568,31.886591325441028],[120.573354683121295,31.862566105107788],[120.546436119141575,31.840662755730683],[120.5170130690598,31.821101031152988],[120.485381886170742,31.804077064431887],[120.451860420648245,31.789761446454612],[119.934057814707302,31.593550761649624],[119.902511761661202,31.582909376204444],[119.869939801003326,31.574686703770055],[119.836608916012395,31.568950173100795],[119.802792098948586,31.565746815581662],[119.768766186300439,31.565102890557416],[117.450480990830457,31.586128043663045]]]}},
{"type":"Feature","properties":{"admin_unit_id":"admin.han140.qingzhou.jinan","display_name":"济南国","geometry_status":"synthetic_proxy","historical_claim":false,"confidence":"technical_only"},"geometry":{"type":"Polygon","coordinates":[[[119.520966621601445,35.523644967881587],[119.492095849520879,35.502893165605727],[119.460768572828471,35.484496606379167],[119.427293211627756,35.468635529883073],[119.391998592777313,35.455465238595288],[119.355230783440007,35.445114621040716],[119.317349782947488,35.437684928742598],[119.27872610126424,35.433248817033729],[119.239737252550384,35.431849657638395],[119.200764192458166,35.433501128662314],[119.162187727873672,35.43818708534203],[119.124384927847856,35.445861712606877],[117.544438278961962,35.821580980214208],[117.506431377036748,35.832012078210887],[117.469964698727892,35.845419339174597],[117.435414899784021,35.86166455621558],[117.403139503276464,35.880580177140949],[117.373473273368546,35.901970981985706],[117.346724788240095,35.925616042540341],[117.323173245294456,35.951270946428124],[117.303065530969732,35.978670265680442],[117.286613586389649,36.007530247240247],[117.273992098664991,36.037551700417318],[117.26533654584388,36.068423054049013],[117.136430663985749,36.669345002647766],[117.131788767035886,36.700242437559552],[117.131163000454066,36.731345274448564],[117.134564534267383,36.762339648279251],[117.14196382971177,36.792912416470919],[117.153290743672997,36.822754330703283],[117.168435052452722,36.85156318409723],[117.187247397111534,36.879046901057585],[117.209540647755432,36.904926537070168],[118.627603034414918,38.348221511513472],[118.653710588876407,38.371643004180513],[118.682758957810876,38.392981169029532],[118.714462721636465,38.412024559861166],[118.748509421200225,38.428584313228342],[118.784562668817046,38.442496076699726],[118.822265531081243,38.45362169179387],[118.861244147156341,38.461850612249883],[118.901111542544896,38.467101041190361],[118.941471595209705,38.469320773892377],[118.981923108439588,38.468487736263192],[119.022063943099511,38.464610212668774],[120.10502937486126,38.31337874126325],[120.145260122679915,38.305949172036989],[120.184280982553318,38.295443973911233],[120.221685059456036,38.281972879491811],[120.257082906093942,38.265676532492527],[120.290106680615963,38.24672496947958],[120.320414043547416,38.225315788793004],[120.347691749632261,38.20167202879405],[120.371658895224911,38.176039780832888],[120.392069787316345,38.148685565159418],[120.408716406072458,38.119893500378502],[120.421430438762854,38.089962298966597],[120.87044748269696,36.791972261440982],[120.878403414615036,36.762989876217873],[120.882745299949846,36.733550242620957],[120.883437470442928,36.703923351897807],[120.88047778482219,36.674380605267693],[120.873897494860472,36.645192327262713],[120.863760808143439,36.616625300088245],[120.850164157029198,36.58894034113726],[120.833235185635928,36.56238994501436],[120.813131468758726,36.537216010488336],[120.790038978395103,36.513647671713059],[120.764170315061776,36.491899251859074],[119.520966621601445,35.523644967881587]]]}},
{"type":"Feature","properties":{"admin_unit_id":"admin.han140.qingzhou.pingyuan","display_name":"平原郡","geometry_status":"synthetic_proxy","historical_claim":false,"confidence":"technical_only"},"geometry":{"type":"Polygon","coordinates":[[[120.573029954493791,35.334647675134811],[120.581438674872629,35.305298051884115],[120.586200663619294,35.275441284399179],[120.587275092883488,35.245359479923088],[120.584656048908954,35.215336562885611],[120.578372428613619,35.185655593725954],[120.568487509801955,35.156596107458199],[120.555098204943349,35.128431496659196],[120.538334011086846,35.101426462728369],[120.518355670803828,35.075834558250286],[120.495353561051687,35.051895842108053],[120.469545828546117,35.029834667668219],[120.441176291637845,35.009857622908847],[120.410512129829485,34.992151639808995],[120.377841382974694,34.976882288678496],[120.343470282899318,34.964192271396776],[120.307720440708835,34.954200125761623],[120.270925913426851,34.946999151336691],[120.233430173875831,34.942656565337785],[120.19558300789069,34.941212895224162],[120.157737363068222,34.942681612766236],[120.120246173322556,34.94704901245462],[120.083459183544903,34.954274335201049],[120.047719798666876,34.964290136363715],[120.01336198139623,34.977002895216756],[117.497372167623638,35.989486778110042],[117.463103771571397,36.00445147820335],[117.430883381794629,36.021994374191799],[117.401026687674175,36.041944342142045],[116.158303496389209,36.94237247836876],[116.130516333632841,36.964185309399433],[116.105635345648381,36.988009436164091],[116.083904897916582,37.013613551660889],[116.06553941201048,37.040748831855467],[116.050721198322023,37.069151305792523],[116.03959857147423,37.098544380131962],[116.032284270594801,37.128641495676383],[116.028854204741521,37.159148891861399],[116.029346541512155,37.189768453739674],[116.033761154229623,37.220200614731212],[116.042059440055908,37.25014728736609],[116.054164517965603,37.279314793436534],[116.069961811721527,37.307416764436638],[116.089300018872635,37.3341769829199],[116.111992462391697,37.359332135480138],[116.137818816945781,37.382634448471933],[116.166527197026411,37.403854178356127],[116.197836589345684,37.422781929688597],[116.231439607124983,37.439230775271604],[116.267005539272773,37.453038154852166],[116.304183663067789,37.464067530965103],[118.940246495721397,38.100251201388197],[118.98032112014036,38.107763861731769],[119.021194674064205,38.112128163364055],[119.06244059390113,38.113298538184537],[119.103628288155008,38.111262764812757],[119.144327795272787,38.106042100986329],[119.184114433747283,38.097691053285445],[119.222573387375164,38.086296787037881],[119.259304169694786,38.071978183700345],[119.293924913710896,38.054884557325337],[119.326076435990373,38.035194045827993],[119.355426028003038,38.013111696599324],[119.381670932072993,37.988867269508042],[119.702515079730588,37.657804995125083],[119.722561468392172,37.634934044729647],[119.739864416582236,37.610785166363115],[119.754288754869052,37.58555073719009],[119.765722598271964,37.559431584586108],[120.573029954493791,35.334647675134811]]]}},
{"type":"Feature","properties":{"admin_unit_id":"admin.han140.qingzhou.lean","display_name":"乐安国","geometry_status":"synthetic_proxy","historical_claim":false,"confidence":"technical_only"},"geometry":{"type":"Polygon","coordinates":[[[119.027809141419326,35.46025593800988],[118.997988432418026,35.441311032750924],[118.965984626337601,35.424739904462264],[118.932100349814775,35.410698652716626],[118.896655386340669,35.399319472974213],[118.859983727569968,35.390709448975286],[118.822430512956146,35.384949576294886],[118.784348882495209,35.382094024830685],[118.746096767505321,35.382169646056553],[118.708033644456279,35.385175728922377],[118.670517276907958,35.391084006316603],[118.63390047063136,35.399838912041432],[118.598527866970414,35.411358086281702],[118.564732799454319,35.425533125587094],[118.532834238582709,35.442230571433754],[118.503133849556178,35.461293129496021],[118.475913187500552,35.482541109844561],[118.451431054399876,35.505774076405572],[118.429921041488583,35.530772692172889],[118.41158928021909,35.557300744875306],[118.396612424088318,35.585107336076717],[117.463509432538345,37.528804750334679],[117.45079286647622,37.559232161659871],[117.442222385099356,37.590502871323928],[117.437894202313274,37.622284623301567],[117.437859690342762,37.654239312045505],[117.442124609610957,37.68602656403727],[117.450648818235663,37.717307361517847],[117.463346473968514,37.747747670016587],[117.480086736097803,37.777022030476559],[117.500694969034541,37.804817076383237],[117.817495492916379,38.18252662812705],[117.842205533409313,38.208696658656002],[117.870373554479499,38.232764928622984],[117.90169511469729,38.254468574565287],[117.935830441030518,38.273570336655659],[117.972408129270462,38.289861223832517],[118.011029237828552,38.303162869231535],[118.051271727605496,38.313329546301233],[118.092695194721856,38.320249819979828],[118.882430639346751,38.417131849590795],[118.91994475676303,38.420268682161172],[118.957681486085974,38.420751253635288],[118.995314066912172,38.418575384060013],[119.032516673564203,38.41375991979244],[119.06896733805516,38.406346564085894],[119.104350833731061,38.396399502427052],[119.138361490373896,38.384004826473728],[119.862118492074842,38.0849211876087],[119.871224972039215,38.081000413153447],[121.207322012971588,37.476657858304577],[121.240716199399841,37.459454775217907],[121.271697120270616,37.439773081571147],[121.299955479683106,37.417810530843013],[121.325210051089556,37.393787611098858],[121.347210472327959,37.367945275172978],[121.365739694690745,37.340542469202369],[121.380616063570898,37.311853487058755],[121.391695013374701,37.282165179728359],[121.398870364558547,37.251774049794975],[121.402075215724196,37.220983261893409],[121.401282428606933,37.190099600333298],[121.396504708429987,37.15943040506383],[121.387794286412216,37.129280516783851],[121.375242215158949,37.099949261326245],[121.358977291201825,37.071727502490283],[121.339164622067884,37.044894791291554],[121.316003857947379,37.01971663817887],[121.28972711030714,36.996441933159581],[121.260596581678413,36.975300537009545],[119.027809141419326,35.46025593800988]]]}},
{"type":"Feature","properties":{"admin_unit_id":"admin.han140.qingzhou.beihai","display_name":"北海国","geometry_status":"synthetic_proxy","historical_claim":false,"confidence":"technical_only"},"geometry":{"type":"Polygon","coordinates":[[[117.470476924894228,35.092869249619127],[117.431322123984543,35.095672136417171],[117.392715567160735,35.101567347374385],[117.355043569315413,35.110495881197814],[117.318683418716276,35.122368354588112],[117.283999715322693,35.137065868705442],[117.251340814458871,35.154441163437994],[117.221035406546775,35.174320049673028],[117.193389263307537,35.196503107313596],[117.168682180401618,35.220767634367164],[117.147165145862218,35.246869830073358],[117.12905776283408,35.274547192748692],[117.114545954019391,35.303521110829244],[117.103779973808514,35.333499623503961],[117.096872752293919,35.364180325380545],[117.09389859319694,35.395253387835595],[117.094892245150689,35.426404668101746],[117.099848362760781,35.457318875766518],[117.108721370406585,35.487682765234062],[117.121425737855176,35.517188321861646],[118.616019934669282,38.369158547918623],[118.633516298647635,38.397163938210731],[118.654627246926509,38.42369824005462],[118.679143614131178,38.448493870461554],[118.706821181853044,38.471300516233384],[118.737383066268592,38.491887717436086],[118.770522473107889,38.510047255291489],[118.805905793334134,38.52559531734088],[118.843176007790632,38.538374414937024],[118.881956364296897,38.548255030712546],[118.921854286358496,38.555136976622151],[118.962465468903616,38.558950446427474],[119.00337811337981,38.559656750037398],[119.044177252218802,38.557248720877112],[119.08444911117212,38.551750791373223],[121.093935097619905,38.180420791618275],[121.132656215768648,38.171340332753395],[121.16998729984175,38.159361706630968],[121.205554521923133,38.144605132667635],[121.23900232728883,38.127218629275959],[121.269997067859606,38.107376480403836],[121.298230382744066,38.085277434693424],[121.323422289607961,38.061142658068938],[121.345323955056713,38.035213463150072],[121.363720117017067,38.007748841109603],[121.378431137136999,37.979022823434526],[121.389314666373195,37.949321702495894],[121.396266912092017,37.918941140882623],[121.467018816789391,37.479788792425204],[121.469659852476639,37.455329610962927],[121.469770368040997,37.430786580452597],[121.369168944445505,35.232786866899403],[121.365791967926427,35.201646075064652],[121.35847289817157,35.17093213701903],[121.347290621714322,35.140956989097361],[121.332362902825849,35.112024732235867],[121.31384502620385,35.084428577174691],[121.291928082504384,35.058447911417936],[121.266836919401214,35.034345515688493],[121.23882778303097,35.012364955764731],[121.208185676459777,34.992728173573276],[121.17522146322537,34.975633299263237],[121.140268745112124,34.96125270372336],[121.10368054414964,34.949731308652801],[121.065825819432845,34.941185168869183],[121.027085849791106,34.935700339057604],[120.987850513622874,34.933332034639371],[120.948514497397269,34.934104093884692],[117.470476924894228,35.092869249619127]]]}},
{"type":"Feature","properties":{"admin_unit_id":"admin.han140.qingzhou.donglai","display_name":"东莱郡","geometry_status":"synthetic_proxy","historical_claim":false,"confidence":"technical_only"},"geometry":{"type":"Polygon","coordinates":[[[118.100358064848606,35.058801078673667],[118.061067173108128,35.061253140014699],[118.0222830015868,35.066820557201979],[117.984395897001491,35.0754472825516],[117.947787491528459,35.087046448240621],[117.91282697881023,35.10150121327343],[117.879867493779003,35.118665904304081],[117.849242627651549,35.138367440576971],[117.821263109160938,35.16040703072801],[117.796213682657651,35.184562126708869],[117.774350213102053,35.210588617674723],[117.327386802868361,35.80012094786504],[117.309962736907764,35.825491908046622],[117.295607811945047,35.852022841792937],[117.284448982146159,35.87948497488599],[117.276585978282966,35.907641267758471],[116.967505975994541,37.301045798363226],[116.962736102642538,37.330387935765522],[116.961622802470188,37.35994651738266],[116.964180467632843,37.389451998132252],[116.970389978002814,37.418635005590815],[116.980198721845227,37.447228804022991],[116.993520927932479,37.474971745552466],[117.010238311526123,37.501609685532621],[117.030201033417001,37.526898339102587],[117.053228967791483,37.550605556082992],[117.079113271128705,37.57251349178803],[117.107618240692503,37.592420652016514],[117.138483447525232,37.610143791439505],[117.171426125251017,37.625519645826856],[117.206143792527101,37.638406480041205],[119.042228316478329,38.220890538945518],[119.064376098924285,38.227142959929566],[120.109695742611052,38.491039495402646],[120.147426716735993,38.49888108533488],[120.185980061582214,38.503939124812767],[120.2249979639234,38.506166636944748],[120.264118140658098,38.505542930432114],[120.302977324282594,38.50207379906017],[120.341214759138083,38.495791465831168],[120.378475670174339,38.48675427235618],[120.414414666398201,38.475046116934685],[120.448699042181588,38.460775647507717],[120.48101194116721,38.444075218326603],[120.511055349587195,38.425099621698358],[120.538552888348519,38.404024608509232],[120.77753700521825,38.201564022672983],[120.801837687160145,38.178809771256851],[120.823187332399925,38.15440447863682],[120.841396120781368,38.128568521141638],[120.856303104440812,38.101534955651388],[120.867777565160011,38.073547380871261],[120.875720078592451,38.04485771142172],[121.434853972563246,35.31667356774166],[121.438942267165928,35.286089942642491],[121.439173949174503,35.255335974473432],[121.435551250534928,35.224714745450946],[121.428114301824138,35.194527694552725],[121.416940563226561,35.165071660644557],[121.402143898423049,35.136635983446183],[121.383873306805668,35.109499689798334],[121.362311332084175,35.083928791422906],[121.337672167619061,35.060173718905503],[121.310199480719064,35.038466915000299],[121.280163979700177,35.019020608586061],[121.247860748754661,35.002024788715147],[121.213606376653118,34.987645396209885],[121.177735906044759,34.976022748196542],[121.140599630664241,34.967270208838777],[121.102559768141376,34.961473117355517],[121.063987036372282,34.958687982192018],[121.025257161582815,34.958941947971269],[118.100358064848606,35.058801078673667]]]}},
{"type":"Feature","properties":{"admin_unit_id":"admin.han140.qingzhou.qi","display_name":"齐国","geometry_status":"synthetic_proxy","historical_claim":false,"confidence":"technical_only"},"geometry":{"type":"Polygon","coordinates":[[[119.273459772614814,35.384557711490729],[119.234677480015705,35.380498793992736],[119.195577868722665,35.379498689921789],[119.156545271025237,35.381567235216849],[119.117963383961197,35.386684085520926],[119.080211630701768,35.394798909609108],[119.043661556387079,35.405831868166231],[119.008673287704454,35.419674373973898],[118.975592085413822,35.436190127225402],[118.944745018867266,35.455216417362628],[118.916437791326771,35.476565680531294],[118.890951744518929,35.500027299487307],[118.868541070343426,35.525369630571596],[116.991850493188707,37.806365264316689],[116.972077840869957,37.832191179001782],[116.955645669994027,37.859354176255252],[116.942710379049018,37.887601793171129],[116.933396297552903,37.916671197363378],[116.927794396727236,37.946291601703656],[116.925961293740315,37.976186763473351],[116.927918564134515,38.006077545790525],[116.933652374694447,38.035684518185874],[116.943113446328354,38.064730572390019],[116.956217353536857,38.092943528790066],[116.97284516374809,38.120058708631774],[116.992844416241454,38.145821446911413],[117.016030436604126,38.169989521034864],[117.042187978722168,38.192335470737284],[117.071073182265366,38.212648785467749],[117.102415829555255,38.230737936454936],[117.135921881689853,38.246432231984031],[117.171276269922245,38.259583476027139],[117.208145914637683,38.270067412266563],[117.246182940933053,38.277784937713754],[117.285028056853648,38.282663072532344],[117.324314057858089,38.284655675287588],[117.363669419128669,38.283743895630003],[117.402721935970391,38.279936359336752],[119.614820546404374,37.960651643543557],[119.652846181927799,37.953334000242876],[119.689759121862295,37.943236534168733],[119.725210828350967,37.930454744202649],[119.758867040805114,37.91510946064799],[119.790411007351608,37.897345664615933],[119.819546524949899,37.877331074662408],[119.846000756822889,37.855254516142047],[119.869526799120734,37.831324090946666],[119.88990597233763,37.805765167235506],[119.906949816836786,37.778818210421825],[119.920501775825898,37.750736478042],[119.93043855317876,37.721783602193291],[119.936671137536962,37.692231083986094],[119.939145488074303,37.662355724919358],[119.9750732114844,35.781084328132067],[119.973836194631602,35.751617626869148],[119.969041764353719,35.722376322494561],[119.960737259279085,35.693624986835708],[119.949001555046365,35.665623481319805],[119.933944219656581,35.638624626976842],[119.915704405502865,35.61287194695042],[119.894449492155502,35.588597500724852],[119.870373495537365,35.566019828194406],[119.843695260433947,35.545342020507832],[119.814656454357589,35.526749933338976],[119.783519381649739,35.510410556872429],[119.750564637383263,35.496470555369214],[119.612543389120404,35.444460526526363],[119.580240138176748,35.433628695908915],[119.546847645937774,35.425108375247717],[119.512630186023429,35.418966950929324],[119.273459772614814,35.384557711490729]]]}},
{"type":"Feature","properties":{"admin_unit_id":"admin.han140.jingzhou.nanyang","display_name":"南阳郡","geometry_status":"synthetic_proxy","historical_claim":false,"confidence":"technical_only"},"geometry":{"type":"Polygon","coordinates":[[[114.209838525624008,24.761485912307453],[114.207473240309795,24.731043781115599],[114.201913456805002,24.700948907276768],[114.193214012473689,24.671481270693437],[114.181458726677889,24.642914825230939],[114.166759517481395,24.615514967215244],[114.149255270464295,24.589536089555221],[114.129110473380592,24.565219243271301],[114.10651363192801,24.542789927044623],[114.081675483208642,24.522456024083514],[114.054827024555664,24.504405904155565],[114.026217376303336,24.48880670706798],[113.996111497805657,24.475802822210227],[113.964787776584572,24.465514577016659],[113.932535510933988,24.458037145374334],[113.899652306641073,24.453439685106744],[113.866441408730125,24.451764711718653],[113.833208989303003,24.453027713603483],[113.80026141265644,24.457217011901808],[113.767902498908896,24.464293866171705],[108.607655189059329,25.693705816343762],[108.573911393328061,25.702462797417081],[108.541303830477304,25.714221396094487],[108.510159079314263,25.728863723421199],[108.480789509351979,25.7462429321481],[108.453490212227265,25.766184659587235],[108.428536081996853,25.78848874340418],[108.406179071345733,25.812931194762182],[108.386645650051832,25.839266410768396],[108.370134491154943,25.867229605820409],[108.356814409144008,25.896539439232118],[108.346822573069957,25.926900814451901],[108.340263015783663,25.958007823296978],[108.33720545846306,25.989546806937707],[108.091397114925257,31.590777467183369],[108.091805231449314,31.621897542641449],[108.095955167692111,31.652826373098453],[108.103809506339957,31.683254040198424],[108.115293488214164,31.712875351363891],[108.130295605165898,31.741392918667799],[108.148668577030506,31.768520170434751],[108.170230708571353,31.793984264087761],[108.194767617693088,31.81752886934256],[108.222034321429419,31.838916791813343],[108.251757661402181,31.857932408438309],[108.283639045705058,31.874383887859409],[109.506134114381311,32.426467558668755],[109.510596966277745,32.428414477986436],[110.795097528635779,32.969081214094814],[110.835127452580352,32.983303015518288],[110.876902319144151,32.993677176802599],[112.446127871335321,33.292804307891252],[112.484131266019631,33.298149618007891],[112.522607353783286,33.300343972217334],[112.561159631509895,33.299364779619843],[112.599390784043322,33.295222121223077],[112.636906918325067,33.287958642889265],[112.673321756383615,33.277649102626874],[112.708260736949711,33.264399577618043],[113.686814282440395,32.836709114761696],[113.717859917210035,32.821319073644965],[113.746953758883649,32.803569249003658],[113.773828977091597,32.783623108273709],[113.798239722123398,32.761664230133988],[113.81996338271577,32.737894576593312],[113.838802604718964,32.712532597384161],[114.128569582892553,32.27380353477524],[114.14534064451702,32.244728514606486],[114.158360209145087,32.214377481904187],[114.167492286397817,32.18307717844398],[114.172643128376336,32.151164228890742],[114.353999040744966,30.250692942550952],[114.35503046880649,30.218662035737498],[114.209838525624008,24.761485912307453]]]}},
{"type":"Feature","properties":{"admin_unit_id":"admin.han140.jingzhou.nan","display_name":"南郡","geometry_status":"synthetic_proxy","historical_claim":false,"confidence":"technical_only"},"geometry":{"type":"Polygon","coordinates":[[[112.640030110568247,25.041421634109888],[112.619234049475565,25.017229552074369],[112.595967921073807,24.994985858359954],[112.570451952992286,24.97489986487685],[112.542927011860016,24.957160486058157],[112.513652344152874,24.941934492075312],[112.482903166320824,24.929364969463805],[112.450968125360561,24.919570002335458],[112.418146651447302,24.912641585397946],[112.384746224573618,24.908644777984694],[112.351079577383132,24.907617106228557],[112.31746185655048,24.909568218405692],[112.284207765157561,24.914479796341624],[112.251628708559466,24.922305723622337],[112.220029966226008,24.932972509199612],[111.778430809540723,25.103399590175457],[111.761420855378915,25.110409767930044],[110.00422223093571,25.865442399171162],[109.965467449268829,25.884373489324137],[109.354569389830246,26.225926590228578],[109.326165035662314,26.243434614216234],[109.299801048387124,26.263343225828642],[109.275730523787871,26.285462009464357],[108.500107585589802,27.061221874141889],[108.479523690599706,27.08350456696483],[108.461320809968839,27.107356907786912],[108.445652891788399,27.132579510195857],[108.432653071211448,27.158961399572146],[108.422432501297706,27.186281756629675],[108.41507935418484,27.214311747150393],[108.41065800308418,27.242816423385808],[108.178409246693164,29.443815503070685],[108.176885180379784,29.477418448945318],[108.179591627718779,29.510964495780325],[108.186502161778918,29.544064462962286],[108.197541357349891,29.576333973870867],[109.740650704159705,33.143968854459281],[109.755077258143487,33.171552485612061],[109.772717635543955,33.197871873573973],[109.793409444406308,33.222680307777239],[109.816961153202584,33.245745039805485],[109.843153820778809,33.266849504731418],[109.871743109474707,33.285795394741562],[109.902461563857869,33.302404563677001],[109.935021133940964,33.316520742633429],[109.969115918359108,33.328011048548163],[110.004425099852611,33.336767269733706],[110.040616042600476,33.342706914581377],[110.077347518549374,33.345774012121012],[110.114273027941678,33.34593965575533],[110.151044177812523,33.343202284249479],[110.187314081337263,33.337587696911058],[110.222740740590041,33.329148802793071],[110.256990375529256,33.317965106658718],[110.289740662850676,33.304141937303775],[112.336156611708518,32.305380335469906],[112.363858905759784,32.290015753417684],[112.389791933402904,32.272688747925258],[112.413751985132819,32.253536079777518],[112.435551328138303,32.232708829236643],[113.745161239723018,30.830704559838622],[113.764640163831501,30.807187204550093],[113.781454351005465,30.782261896057665],[113.795463195060393,30.756140515060551],[113.806550302598652,30.72904493546605],[113.814624404382187,30.701205118286722],[113.819620040674891,30.672857142519216],[113.821498017774431,30.644241190430812],[113.862584453688626,26.682914606501427],[113.860925081951876,26.649587528014386],[113.855311943980666,26.616601334615368],[113.845812493929074,26.584326876311625],[113.832537551134877,26.553126699904301],[113.815639879679011,26.52335100231657],[113.795312321094656,26.495333734219901],[112.640030110568247,25.041421634109888]]]}},
{"type":"Feature","properties":{"admin_unit_id":"admin.han140.jingzhou.jiangxia","display_name":"江夏郡","geometry_status":"synthetic_proxy","historical_claim":false,"confidence":"technical_only"},"geometry":{"type":"Polygon","coordinates":[[[108.492421997713848,24.601545636184994],[108.458788048454025,24.600788255244542],[108.425232305508743,24.60302490419787],[108.392070263823101,24.608234491343886],[108.35961383181187,24.616367885860903],[108.328168485455549,24.627348371247152],[108.298030473493611,24.64107235377471],[108.269484096287457,24.6574103199581],[108.242799080727806,24.676208034902661],[108.218228073277899,24.697287971307617],[108.196004272857067,24.720450956864905],[108.176339224756106,24.745478025833972],[108.159420796115526,24.772132458695161],[108.145411352663402,24.800161992008256],[108.134446155379891,24.829301178941304],[108.126631994506369,24.859273879406008],[108.122046076830287,24.889795857354766],[108.120735180436526,24.920577461580283],[108.197585498528923,31.430982343556533],[108.199750712029797,31.461273406177245],[108.20545147839951,31.491243082848989],[108.214637287380341,31.520605900311889],[108.227224182648953,31.549081904677198],[108.243095429606441,31.576399349321839],[108.26210251091716,31.602297313540191],[108.284066444817782,31.626528225791397],[108.308779417388578,31.648860265981181],[108.336006716078714,31.669079622118829],[108.365488947876656,31.686992577896795],[108.396944521694522,31.702427409244518],[108.43007237087069,31.71523606970807],[108.464554888269177,31.725295646580388],[109.680632538421833,32.01813028823787],[109.714138760274253,32.024640560132951],[109.74822858170063,32.028582895195385],[109.782613434916854,32.029923959294258],[109.817002170248585,32.02865241218187],[109.851103604041782,32.024779006271608],[109.884629066908246,32.018336492979863],[115.008141957446568,30.695279155348217],[115.041364373829239,30.68429140099515],[115.073164904845882,30.670652367700544],[115.10324566276428,30.654489955304467],[115.131325370907348,30.635955656995183],[115.157142036730576,30.615223105336536],[115.180455420008428,30.592486409396987],[115.2010492720526,30.567958300291629],[115.218733325040745,30.541868104264832],[115.233345013877141,30.514459564002745],[115.244750916470281,30.485988530166114],[115.252847901825362,30.456720546162472],[115.257563978844956,30.42692834993586],[115.258858842149579,30.396889317041744],[115.256724114517098,30.366882869504039],[115.251183288649898,30.337187874929867],[114.045498274552472,25.081571753425177],[114.037446951640774,25.051761607621028],[114.026262354398227,25.022800126264478],[114.01205268899858,24.994960121343404],[113.994954276871368,24.96850366481037],[113.975130188399319,24.943679645396287],[113.952768644070716,24.92072145416294],[113.92808120028451,24.899844819297989],[113.901300738210779,24.881245809154404],[113.872679275102755,24.865099020906111],[113.842485618258806,24.851555970452733],[113.811002882468642,24.840743697370147],[113.778525892269769,24.832763596786247],[113.745358490712135,24.827690488077138],[113.711810776598981,24.82557192823749],[108.492421997713848,24.601545636184994]]]}},
{"type":"Feature","properties":{"admin_unit_id":"admin.han140.jingzhou.lingling","display_name":"零陵郡","geometry_status":"synthetic_proxy","historical_claim":false,"confidence":"technical_only"},"geometry":{"type":"Polygon","coordinates":[[[112.935058606645597,24.702278436767603],[112.929143615131537,24.672429392046272],[112.920136972113511,24.643233053641371],[112.908124235858935,24.614957491244837],[112.893218253729174,24.587862146948265],[112.875558039723586,24.56219547433318],[112.855307427996706,24.538192683270204],[112.832653517107872,24.516073610043005],[112.807804920987579,24.496040731145552],[112.780989843629058,24.478277337711692],[112.752453995356802,24.462945886036394],[112.722458369202812,24.450186538052399],[112.691276896459755,24.440115903947941],[112.659194000894914,24.432825997363263],[112.626502071422422,24.428383411795874],[112.593498873258028,24.426828724990852],[112.560484917738563,24.428176136201735],[112.527760811086281,24.432413339291688],[112.495624602446412,24.439501632712663],[112.464369151527748,24.449376265462877],[108.785670839834737,25.712175142513036],[108.75376170496277,25.724051325538266],[108.723297273327887,25.738700086226356],[108.694572762988813,25.755979495630967],[108.667867029313996,25.775722072398921],[108.643439897976464,25.797736375077701],[108.621529658178162,25.821808825406894],[108.602350739408323,25.847705746475864],[108.58609159425113,25.875175597585145],[108.57291280876251,25.903951385721012],[108.562945460708008,25.933753231755841],[108.55628974446617,25.964291067840708],[108.553013879634946,25.995267440981433],[108.553153318315793,26.026380396506088],[108.556710263681495,26.057326414059027],[109.831888326448279,32.879769518072472],[109.839887634496293,32.909743833305313],[109.851477719663364,32.938925184845544],[109.866548847766964,32.967027808445238],[109.884956755647963,32.993776240284589],[109.906523946098048,33.018908049656297],[109.931041332830446,33.042176451954795],[109.958270223035299,33.063352774473792],[109.987944620622926,33.082228748712964],[110.019773828873255,33.098618604435337],[110.053445326972522,33.112360942597583],[110.088627890922126,33.123320366478183],[110.124974925647393,33.131388852833823],[110.162127971901569,33.136486847691742],[110.199720348838682,33.138564074398658],[110.23738089098606,33.137600044752801],[110.274737736841232,33.133604267397452],[110.31142212548977,33.126616151097394],[110.34707215751061,33.11670460400277],[110.381336477010436,33.103967333468496],[110.413877832889838,33.088529854389435],[110.444376479358922,33.070544217275931],[113.719921477824229,30.821508438542139],[113.746823162715657,30.800051044793893],[113.771024443539716,30.776435918389339],[113.792283641612499,30.750900954379244],[113.810389337854133,30.723703193276794],[113.825162430585166,30.695116191933842],[113.836457839945055,30.665427234579045],[113.844165845595285,30.63493441393976],[113.848213049071802,30.603943613345159],[113.848562956734511,30.572765421310169],[113.845216183650024,30.541712010341101],[112.935058606645597,24.702278436767603]]]}},
{"type":"Feature","properties":{"admin_unit_id":"admin.han140.jingzhou.guiyang","display_name":"桂阳郡","geometry_status":"synthetic_proxy","historical_claim":false,"confidence":"technical_only"},"geometry":{"type":"Polygon","coordinates":[[[108.922259544524167,25.442421433002487],[108.888926921953527,25.443140909079727],[108.855820744912734,25.446732571956623],[108.823241094611205,25.453163778540265],[108.791483428881392,25.462376071372205],[108.760835981496044,25.474285698293741],[108.731577216816262,25.488784357509918],[108.703973359700115,25.505740161990623],[108.678276020405249,25.524998815332491],[108.654719933942573,25.546384989431196],[108.633520832968514,25.569703892590812],[108.614873472818289,25.594743015037675],[108.598949826663826,25.62127403722042],[108.585897468007062,25.649054884779073],[108.57583815676999,25.677831912668008],[108.568866644102144,25.707342199631896],[108.565049709675066,25.737315933077628],[108.564425443662557,25.767478863370275],[108.817071532246516,32.878076785882932],[108.820176636298214,32.909016760428777],[108.827053867581498,32.939547422975927],[108.837638550716804,32.9693630256509],[108.851828566639625,32.998164681304587],[108.869485224728251,33.025663384357898],[108.890434521372171,33.051582943245783],[108.914468777675822,33.075662793449773],[108.941348644176543,33.097660660930117],[108.9708054555757,33.117355046974055],[109.002543913630831,33.134547507066436],[109.036245071642313,33.149064698358295],[109.071569589495013,33.160760172642746],[109.108161224091901,33.169515894425459],[109.145650516345668,33.175243466663701],[109.183658632770701,33.177885050010758],[109.221801317223239,33.177413964886178],[109.259692906541616,33.17383496935215],[109.296950362788863,33.167184209549625],[109.333197274525901,33.157528843272665],[109.368067780054332,33.144966341078415],[109.401210366846513,33.129623473072854],[109.432291503394595,33.111654993126258],[109.460999062402479,33.091242035694684],[114.179922695916275,29.089889443643482],[114.203994739708307,29.065489623306078],[114.225027849548653,29.039093269725079],[114.242802983679965,29.010978600139005],[114.257136044537816,28.981441711422065],[114.267879710322717,28.950793422754856],[114.274924852711464,28.919355972266377],[114.278201531352437,28.88745960408195],[114.277679561143003,28.855439082912795],[114.116384408486766,26.665623263966165],[114.112577058237036,26.635463221792062],[114.105525960757475,26.605767694680118],[114.095299883034031,26.576812860942788],[114.08199684778964,26.548867809304557],[114.065743118993424,26.522192056829354],[114.046691940230886,26.497033161965451],[113.291583828748671,25.583396871352821],[113.270550249713892,25.559999186246145],[113.247152716207907,25.538517654559794],[113.221605051356903,25.519147491038872],[113.194140118529219,25.502064636949136],[113.165007714853417,25.487424189957508],[113.134472330955745,25.475359022380431],[113.102810795826599,25.465978599183952],[113.070309826098764,25.45936800541671],[113.037263499299016,25.455587191002586],[113.003970670834079,25.454670439023538],[108.922259544524167,25.442421433002487]]]}},
{"type":"Feature","properties":{"admin_unit_id":"admin.han140.jingzhou.wuling","display_name":"武陵郡","geometry_status":"synthetic_proxy","historical_claim":false,"confidence":"technical_only"},"geometry":{"type":"Polygon","coordinates":[[[110.061120805600027,24.485545211759334],[110.027481705917126,24.488225835855989],[109.994286005111618,24.493904048839521],[109.961849007305588,24.502525774314535],[109.930479031261683,24.514008890029192],[109.900474560369616,24.528243993856467],[109.872121472020225,24.545095425128736],[109.845690369452896,24.564402532553515],[109.82143403885037,24.585981177769725],[109.79958505403286,24.609625461500542],[109.780353550543524,24.635109657231695],[109.763925190201206,24.662190335408848],[108.364514932493961,27.169926537578945],[108.35213633782341,27.193738868046864],[108.342041669467406,27.218377875266555],[108.334302931252722,27.243672433521837],[108.185736527421909,27.819984991426441],[108.179513690891753,27.851116975168896],[108.176899783154838,27.882636894993535],[108.177925284988987,27.914224543479712],[108.182583722054872,27.945558751462702],[108.19083157034386,27.976320654803068],[108.202588542540909,28.006196948785934],[110.031202407630872,31.782675117395744],[110.047637654770298,31.810842510649806],[110.067416694214728,31.837494122540893],[110.09034124522546,31.862358747042514],[110.116180371673423,31.885183153191353],[110.144672771664219,31.905734710005891],[110.175529409621319,31.923803805319803],[110.208436464871738,31.939206031412667],[110.24305856608764,31.951784112668086],[110.279042276576718,31.961409553204092],[110.316019791495279,31.967983985466248],[110.353612804680154,31.971440204117837],[110.391436500047661,31.971742873149694],[110.429103620466549,31.96888889791693],[110.466228565731768,31.962907457729283],[110.502431470782085,31.95385969861098],[110.537342215633927,31.941838089843266],[110.570604319632153,31.926965451841088],[112.367779469764614,30.999026225733097],[112.39615845743954,30.982371614013573],[112.422551333487007,30.9635669495614],[112.446728043360835,30.942776952389377],[112.468478433835926,30.920183620937777],[112.487614076324903,30.895984607091577],[112.503969879351516,30.870391456215216],[112.517405477166932,30.843627728961614],[112.527806384177026,30.815927022534975],[112.535084907552161,30.787530909811569],[113.157653517060609,27.519337234067311],[113.161703958440484,27.485508990366817],[113.16156716030801,27.451490833858365],[113.157249597798355,27.417682629803995],[112.684322976355574,24.851805071569316],[112.677337227087762,24.82184839438214],[112.667216507107071,24.792646347902053],[112.654058496723181,24.764472443700356],[112.637988973366248,24.737590386547616],[112.619160547616758,24.71225162821796],[112.597751166100593,24.688693040849859],[112.573962397601974,24.667134730432437],[112.548017519996051,24.647778009565439],[112.520159426640674,24.630803547089407],[112.490648371710449,24.616369710517187],[112.459759574631846,24.604611115434388],[111.935691150929202,24.430135866252897],[111.902187025926438,24.420615429750477],[111.867808404247867,24.414262769507957],[111.832908050570495,24.411143240420966],[111.79784391514201,24.411288932139136],[110.061120805600027,24.485545211759334]]]}},
{"type":"Feature","properties":{"admin_unit_id":"admin.han140.jingzhou.changsha","display_name":"长沙郡","geometry_status":"synthetic_proxy","historical_claim":false,"confidence":"technical_only"},"geometry":{"type":"Polygon","coordinates":[[[110.026804240830018,24.612389186413633],[109.994699148044987,24.601746414345527],[109.961609980555068,24.594051725545881],[109.927857348878561,24.58937984660901],[109.893768089980966,24.587776141851901],[109.859672198014707,24.589256182260332],[109.825899729329535,24.593805597573496],[109.792777706976835,24.601380212792421],[109.760627049931301,24.611906467926058],[109.729759552195006,24.625282117325334],[109.700474936822275,24.641377202510995],[109.673058009700497,24.66003528999191],[109.647775937625241,24.681074963207124],[109.624875674796783,24.70429155542762],[109.604581561316039,24.729459108232138],[109.587093116543514,24.756332538045498],[109.57258304927872,24.784649991213179],[109.561195505590533,24.814135366200151],[109.553044573755642,24.844500979764987],[108.219998362776352,30.677560734882746],[108.214581326238488,30.706182219300171],[108.212345711334578,30.735101947006463],[108.213314157372054,30.764069812818072],[108.217481603730391,30.792835074586407],[108.224815218866596,30.821148524527754],[108.235254572281704,30.848764654874945],[108.248712051871038,30.875443798842053],[108.617392785973792,31.51485734875703],[108.633963036196903,31.540245887811444],[108.653303419336254,31.56424218017515],[108.675248440767604,31.586638166973614],[108.699609544523767,31.607239521485187],[108.726176714320914,31.625867366288343],[108.754720281393588,31.64235985825545],[108.784992923744127,31.656573626229083],[111.413879832628098,32.716188958153126],[111.44882070028639,32.727992170078203],[111.485031462408301,32.736880138724949],[111.522149120457556,32.742763779737132],[113.764335819364661,32.982290927232128],[113.802291748282599,32.984415946108804],[113.84031796249775,32.98342789203749],[113.878030200287569,32.979336738392732],[113.915047480282439,32.972183777555387],[113.950996077592336,32.962041191287931],[113.985513414599311,32.94901130029659],[114.018251821133006,32.93322550170344],[114.048882120863652,32.914842906725582],[114.077097003528849,32.894048694234201],[114.102614145981192,32.871052198997269],[114.125179048916507,32.8460847562488],[114.144567560417343,32.819397326743207],[114.160588062020466,32.791257928614904],[114.173083297781446,32.761948904155688],[114.181931831660464,32.731764051031981],[114.187049123389997,32.701005648491716],[114.188388217713978,32.669981409759224],[114.18594004642982,32.639001392099509],[113.328168303819751,25.994501416181766],[113.322715045896473,25.963346767784525],[113.313829051026431,25.932834995702542],[113.3016025944342,25.903271265596484],[113.28616099940345,25.874951042222481],[113.267661271101744,25.848157161220954],[113.246290434625763,25.823157033934578],[113.22226359731161,25.800200011682879],[113.195821757112796,25.779514934149667],[113.167229380305713,25.761307884589066],[113.136771772967307,25.745760172450499],[113.104752271612213,25.733026561782108],[110.026804240830018,24.612389186413633]]]}},
{"type":"Feature","properties":{"admin_unit_id":"admin.han140.yangzhou.jiujiang","display_name":"九江郡","geometry_status":"synthetic_proxy","historical_claim":false,"confidence":"technical_only"},"geometry":{"type":"Polygon","coordinates":[[[119.009413713922925,23.882501028800018],[118.978243203179261,23.884935534265136],[118.947439660737601,23.88998406216669],[118.673817790916885,23.946437767628353],[118.638894603608904,23.955402500352719],[118.605181600815683,23.967717033610125],[118.573052720121709,23.983244581211995],[116.024453023679641,25.324406809941753],[115.995397172866205,25.340848151029917],[115.968252461068502,25.359792425268218],[115.943280893051821,25.381057263977979],[115.92072409678741,25.404437861431806],[115.90080099285052,25.42970891470635],[115.883705657776403,25.456626762130025],[115.869605402590835,25.484931701266618],[115.858639086615156,25.514350465585053],[115.850915685285216,25.544598837318841],[114.375083281164038,32.338543398794087],[114.36983818993788,32.3682151464103],[114.368091943149494,32.398163355846691],[114.369864642093603,32.428109296146346],[114.375143625331859,32.45777398616034],[114.383883443436687,32.486880796392114],[114.396006143683209,32.515158038941422],[114.411401867246624,32.542341520971767],[114.429929758224247,32.568177037100661],[114.451419180379176,32.592422776341458],[114.475671233947466,32.614851619722906],[114.502460561216338,32.635253305484568],[114.531537425935497,32.65343643979665],[114.562630048034151,32.669230332280158],[114.595447171657923,32.682486637201329],[114.629680841286643,32.693080783070876],[114.665009357720095,32.700913175474476],[114.701100383094257,32.705910160273582],[116.752790900910213,32.889064612933886],[116.790044289651263,32.89056096307268],[116.82729724723292,32.889057497429079],[116.864187136537112,32.884568835074006],[116.90035497427202,32.877138617477847],[116.935449038994719,32.866839071183279],[116.969128396912751,32.853770284614555],[117.001066305999785,32.838059207113503],[117.03095346085891,32.819858381350862],[117.058501043217703,32.799344423146664],[117.083443545880172,32.776716265407323],[120.640886259098608,28.979249248070541],[120.659850207093214,28.955475321001256],[120.676181006606512,28.930291840638972],[121.615366173682631,27.271742588106818],[121.629340611843233,27.242892363170398],[121.63997523719803,27.212951276510292],[121.647166934980007,27.182219163977773],[121.650847348830652,27.15100353652015],[121.650983423666133,27.119616488750079],[121.647577587424578,27.088371571656875],[121.640667575842329,27.057580661012334],[121.630325908025952,27.027550852654723],[120.465552892827958,24.049937745505851],[120.452814245547287,24.02078938370601],[120.437022096719517,23.992945504183467],[120.418333752461621,23.966679093800533],[120.396934411413582,23.94224751728963],[120.373035291105822,23.919890025521049],[120.346871523726819,23.899825444285302],[120.318699842910647,23.882250064692649],[120.288796084212109,23.867335754296473],[120.257452522773548,23.855228305924847],[120.224975072340683,23.846046038972151],[120.191680370282697,23.839878665578084],[120.157892773639048,23.836786431723269],[120.12394129147556,23.836799540810933],[119.009413713922925,23.882501028800018]]]}},
{"type":"Feature","properties":{"admin_unit_id":"admin.han140.yangzhou.danyang","display_name":"丹阳郡","geometry_status":"synthetic_proxy","historical_claim":false,"confidence":"technical_only"},"geometry":{"type":"Polygon","coordinates":[[[114.971975204177568,23.565242904302156],[114.9380300510837,23.566805476465191],[114.904417432778899,23.57148944536176],[114.871467340374139,23.579248689231314],[114.839503458938907,23.590006794586067],[114.808840076994159,23.603657793624457],[114.779779074403677,23.620067187649838],[114.752607014473568,23.639073247373226],[114.727592365745295,23.660488578465248],[114.704982878519047,23.684101938278669],[114.685003140547906,23.709680287306828],[114.667852335570061,23.736971056694898],[114.653702227369095,23.765704610992856],[114.642695390840345,23.795596883358481],[114.634943710069336,23.826352158598795],[114.630527161672504,23.857665977803535],[114.629492899590673,23.889228136895131],[114.631854655156573,23.920725750217159],[114.96380456816506,26.407416521655076],[114.968729107359678,26.433827033564917],[114.976153514704691,26.459765646621833],[116.672659113762919,31.174999085082334],[116.68496135673864,31.202551218304638],[116.700328649908229,31.229006929188884],[116.718626015113642,31.254129088384477],[116.739691762476326,31.277692337665162],[116.763338874040855,31.299485141484933],[116.789356635598693,31.319311718621588],[116.817512503578826,31.33699383509726],[118.593769290692435,32.320150889358011],[118.623981842150357,32.334830527059275],[118.655729570601281,32.34713045611403],[118.688736149031257,32.35694350096292],[118.722713923437141,32.364184124371818],[118.757366488820651,32.368789194340565],[118.79239135365377,32.370718550773368],[120.836722379457385,32.387402816983041],[120.870980001712354,32.38610772647538],[120.904951048013572,32.382254225559734],[120.938352578956426,32.37587437593951],[120.970906556964977,32.367021249943264],[121.002342232707861,32.355768475927867],[121.032398461132971,32.342209608246797],[121.570985931342619,32.070120365426561],[121.601385797905195,32.05287993631611],[121.629583627217968,32.033257514138292],[121.65530802186592,32.011442925102322],[121.678312117915453,31.987647060516359],[121.69837594935295,31.962099795773664],[121.715308524049973,31.935047728733331],[121.728949592850057,31.906751761333823],[121.739171097430273,31.877484549616568],[121.745878286673488,31.847527848357888],[121.749010495314153,31.817169777213721],[121.748541582523004,31.786702035676281],[121.686858093224487,30.950808706691959],[121.683174200261718,30.922152582026317],[121.676351742821439,30.893903163124659],[121.666452184359201,30.866301968649097],[121.653563055986425,30.839584774456871],[121.637797114332329,30.813979616705382],[121.619291296614392,30.78970486683242],[121.514831804462986,30.6654239686913],[116.263835062289758,23.709348033936617],[116.24375468733561,23.682848204689787],[116.220879966479615,23.658380850537871],[116.195449929705418,23.636199904166386],[116.16772949272135,23.616535450940919],[116.138006705829966,23.599591378831295],[116.106589792197553,23.585543299628803],[116.073804004610523,23.5745367612408],[116.039988330545441,23.566685767972253],[116.005492075934185,23.562071622720431],[115.970671358403649,23.560742101932547],[114.971975204177568,23.565242904302156]]]}},
{"type":"Feature","properties":{"admin_unit_id":"admin.han140.yangzhou.lujiang","display_name":"庐江郡","geometry_status":"synthetic_proxy","historical_claim":false,"confidence":"technical_only"},"geometry":{"type":"Polygon","coordinates":[[[119.595847411501978,24.392352152373491],[119.577521704506466,24.367219457510291],[119.556680501841072,24.343804352645961],[119.533514789331761,24.32231973580291],[119.508236197651854,24.302960852660323],[119.481075069338559,24.285903549410069],[119.452278376045911,24.271302702049013],[119.422107504230524,24.259290835201],[119.390835927955393,24.249976941907967],[119.358746787872505,24.243445514112885],[119.326130395725173,24.239755791783974],[119.293281683914444,24.238941236814771],[119.260497619810707,24.241009235987015],[119.228074604573806,24.245941035411803],[119.196305876281812,24.253691906982088],[114.837878373780015,25.418699204729517],[114.805304074545035,25.428205867195889],[114.773908567102282,25.440552710225933],[114.743992533079719,25.455621390988949],[114.715842908566543,25.473267431063022],[114.689730184752719,25.493321574304087],[114.665905844435898,25.515591380006523],[114.644599957283944,25.539863037482061],[114.626018956123971,25.565903386143706],[114.610343615740632,25.593462123238734],[114.597727254677565,25.6222741795441],[114.588294179320073,25.65206224163672],[114.582138388074981,25.682539397798809],[114.579322551729774,25.713411883231689],[114.345519194087331,31.634710631748273],[114.345949885030066,31.664224707343021],[114.349748681784092,31.693570563655605],[114.356884905860795,31.722483677707899],[114.367297622464051,31.7507031865211],[114.380896068782562,31.777974253763901],[114.397560362180997,31.804050390145047],[114.417142485934036,31.828695705772219],[114.439467547117388,31.851687073040186],[114.46433529815333,31.872816179187367],[115.41379609169735,32.595573294577235],[115.443065857145641,32.615408686307298],[115.474624217550485,32.632733818353032],[115.50815246589832,32.647373159120477],[115.543311329913692,32.659178309534198],[115.57974447813389,32.668029547993577],[115.61708222515324,32.673837078985677],[115.654945393711316,32.676541970889758],[115.692949288761,32.67611677205285],[115.730707736823049,32.672565797935945],[115.767837142856649,32.665925085966904],[115.803960516587537,32.656262018629846],[115.838711420738576,32.643674619203267],[115.871737794892894,32.628290528371927],[115.902705610747191,32.610265673614265],[115.931302317230958,32.589782646754216],[120.997658325591885,28.234960555522925],[121.019220500351153,28.212892451801977],[121.038337813711124,28.189178338588047],[121.054847650596031,28.164022237390501],[121.068610235059126,28.137640429293398],[121.079509772080868,28.110259572099057],[121.087455368360835,28.082114732782284],[121.092381726723545,28.053447353012409],[121.094249611135425,28.024503165888742],[121.108984723858825,26.71639193194671],[121.107732242485724,26.686663985822104],[121.103329791711616,26.657171944436882],[121.095819855324464,26.628179568141647],[121.085272524157986,26.599945954906385],[121.071784767443347,26.572723238016387],[121.055479475053133,26.546754352121489],[119.595847411501978,24.392352152373491]]]}},
{"type":"Feature","properties":{"admin_unit_id":"admin.han140.yangzhou.kuaiji","display_name":"会稽郡","geometry_status":"synthetic_proxy","historical_claim":false,"confidence":"technical_only"},"geometry":{"type":"Polygon","coordinates":[[[117.299915738572921,23.361317991895682],[117.270402210063907,23.35016961182188],[117.239907448973511,23.341632560800136],[117.208695696527926,23.335780980853361],[117.177037214413019,23.332665683536685],[117.14520601254371,23.332313717587112],[117.113477549424047,23.334728138854111],[117.082126421934959,23.339887984311229],[117.051424061408952,23.347748450351521],[117.021636452838294,23.358241273972713],[115.64281149931918,23.901035965207171],[115.611025130504359,23.915067815914881],[115.580952377866979,23.932036287506573],[115.552909283033969,23.95176315795435],[115.527191167133367,23.974041148988221],[115.504069553978326,23.998636067221916],[115.483789312658715,24.025289227712957],[115.466566049125674,24.053720136446749],[115.452583775064539,24.083629405512909],[115.441992880746312,24.11470187220992],[115.434908436589311,24.146609891004658],[114.217086757889689,30.922350034512259],[114.21291676780038,30.953109733447867],[114.212407319741715,30.984063046050391],[114.215567522677247,31.014904126109634],[114.222370168311855,31.045327946799397],[114.232751840879928,31.075033323764956],[114.246613392539246,31.103725911422632],[114.263820785728484,31.131121142146153],[114.284206299715436,31.156947078149731],[114.307570094228097,31.180947146354367],[114.333682118592591,31.202882727349404],[114.362284350279722,31.222535570745482],[114.393093342273488,31.239710010757008],[114.425803054315637,31.254234957747361],[114.46008793894606,31.265965643701808],[114.495606249448272,31.27478510214269],[114.532003533413558,31.280605365839651],[114.56891627274463,31.283368368754875],[114.605975628602806,31.283046541962303],[114.642811248124545,31.279643096736827],[120.660387667242944,30.304328159707254],[120.695482635366048,30.296097447249959],[120.729437455103394,30.284964976160815],[120.761917478546806,30.271040454248045],[120.792603050346813,30.254461052092729],[120.821192721944414,30.235390017977309],[120.84740626103688,30.21401503257443],[120.870987424388971,30.190546321508755],[120.891706465605822,30.165214546399536],[120.909362353310172,30.138268497190293],[120.923784679223445,30.109972610460961],[120.934835239851168,30.080604339975668],[120.942409279725396,30.05045140694321],[120.946436388382025,30.019808958351181],[120.991765041337345,29.391430640984034],[120.992418023985806,29.368297153964171],[120.991071424688826,29.345184574643831],[120.561486727745958,24.873354974547546],[120.556970898564671,24.84232790903032],[120.549121652309239,24.811857392559652],[120.53801907327383,24.782241662252176],[120.523774772415379,24.753770384674056],[120.506530686619143,24.726721843762174],[120.486457599503225,24.70136024647919],[120.463753401559501,24.677933171266691],[120.438641109110975,24.656669182793419],[120.411366662976874,24.637775634754476],[120.382196528894895,24.621436680586868],[120.351415122683704,24.60781150994335],[117.299915738572921,23.361317991895682]]]}},
{"type":"Feature","properties":{"admin_unit_id":"admin.han140.yangzhou.wu","display_name":"吴郡","geometry_status":"synthetic_proxy","historical_claim":false,"confidence":"technical_only"},"geometry":{"type":"Polygon","coordinates":[[[115.916397899512489,23.554756675821992],[115.88588559520997,23.540531798460517],[115.854006737243708,23.529203670054564],[115.821077603390847,23.520884862652977],[115.787424568998659,23.515658025873027],[115.753380961517024,23.513575082133706],[115.719283856747182,23.514656721369413],[115.685470843765586,23.518892199746016],[115.652276785564467,23.526239444178881],[115.620030602459295,23.536625461718451],[115.589052105257352,23.549947050141508],[115.559648905047112,23.56607180337889],[115.53211342625066,23.584839402742336],[115.506720049260451,23.606063182298904],[115.483722408534675,23.62953195419805],[115.463350871429554,23.655012077303539],[115.445810222271177,23.682249750136741],[115.431277575182705,23.710973506917885],[115.419900537959236,23.740896893421287],[115.411795647788296,23.771721297455237],[115.407047097829377,23.803138907063516],[115.405705771566929,23.83483576804116],[115.43891779505627,26.58000715462266],[115.439161778680585,26.588704811776172],[115.680136656923708,31.759440950967406],[115.683580547752641,31.790554320382167],[115.690776714094639,31.82122233672186],[115.701656505128838,31.85113486580201],[115.716113691186493,31.879989121047455],[115.734005389810861,31.907492753537952],[115.755153383316681,31.933366846789557],[115.779345819750517,31.957348784312718],[115.806339284222247,31.979194958908206],[115.835861222594218,31.998683293981152],[115.867612694577332,32.015615548868361],[115.901271428503108,32.029819382278703],[115.936495145521647,32.041150150424862],[115.97292511683473,32.049492419249198],[116.010189913907823,32.05476117328913],[116.047909308514861,32.056902707138761],[120.981285001558646,32.029727475597099],[121.01744682075649,32.027333952596507],[121.053157530314181,32.022062604720283],[121.08808145711572,32.013962933016302],[121.121890568125167,32.003110981592144],[121.154267643285039,31.98960860303513],[121.184909330885631,31.973582475746802],[121.213529053013261,31.955182883708662],[121.239859730899013,31.934582271660219],[121.263656302602726,31.911973590946122],[121.28469800841701,31.887568453352372],[121.302790422594597,31.86159511207482],[121.317767213415706,31.834296290530681],[121.329491617150637,31.805926881026195],[121.337857615059235,31.776751536318908],[121.342790806140613,31.747042177866565],[121.856224177604702,26.628886175163956],[121.857403277715179,26.597479282091964],[121.855058936268463,26.566121642431842],[121.849218264997901,26.535126197458471],[121.839943110437062,26.504802028283919],[121.827329296734234,26.475451286921569],[121.811505542218399,26.447366205408294],[121.79263206546679,26.420826211756356],[121.77089889898302,26.396095180149103],[121.746523930618551,26.373418841218484],[121.719750694575126,26.353022376474605],[121.690845935235103,26.335108219020363],[121.660096968207952,26.3198540805971],[115.916397899512489,23.554756675821992]]]}},
{"type":"Feature","properties":{"admin_unit_id":"admin.han140.yangzhou.yuzhang","display_name":"豫章郡","geometry_status":"synthetic_proxy","historical_claim":false,"confidence":"technical_only"},"geometry":{"type":"Polygon","coordinates":[[[118.475743176544668,23.770237030644914],[118.442018708044472,23.768838012714347],[118.408309102000203,23.770517939515209],[118.374939323783778,23.775260564976094],[118.342231163852105,23.783020021347056],[118.310500227468722,23.793721253646627],[118.280052974856517,23.807260730939582],[118.251183836271352,23.823507428244813],[118.224172426276041,23.842304070486666],[116.84530017075673,24.881342387042235],[116.843966993525427,24.882330537446663],[115.048708274426701,26.183230295446066],[115.023856668222763,26.202489537652525],[115.001110472877528,26.223738728584745],[114.980668723781818,26.246793062993738],[114.962710864793095,26.271451925991656],[114.947395156302235,26.29750061298903],[114.934857249877496,26.324712174728312],[114.656119482009487,27.013658249672901],[114.646742376119477,27.040244381641283],[114.640056673572914,27.067459248853552],[114.636117338391131,27.095089259222934],[114.634957900969752,27.122917407637814],[114.68445738167199,32.562149583434802],[114.68658941036233,32.592667799779363],[114.692372044808977,32.622864955264369],[114.701753206353899,32.65244815782853],[114.714645649565909,32.681130188131618],[114.730927666487204,32.70863230850653],[114.750444141966668,32.734686999469851],[114.773007954775466,32.759040595894731],[114.798401715012218,32.781455795578857],[114.826379824034589,32.801714013899534],[114.856670838884696,32.819617559539573],[114.888980118992194,32.834991607888703],[114.922992728930495,32.847685950668961],[114.958376567262675,32.857576502577572],[114.994785688130449,32.864566548267952],[115.031863779295776,32.868587715764725],[115.069247757918262,32.86960066539698],[115.106571443499746,32.867595486490508],[115.143469266206083,32.862591797338716],[120.369611290300682,31.808929540240623],[120.406502847512158,31.798846230030637],[120.441927958389215,31.785644120646211],[120.475503717415393,31.769466023936825],[120.506867842005661,31.750486861273902],[120.535682655843132,31.728911723845371],[120.561638769337648,31.704973603569105],[120.584458415247894,31.678930822063244],[121.70100424319925,30.222346163476267],[121.718807676134816,30.195795723768594],[121.733450685771089,30.16789373562041],[121.744795426338484,30.138908761845549],[121.752736181221579,30.109119551825831],[121.757200257734823,30.078812338164706],[121.758148550958907,30.048278070507223],[121.755575776422248,30.017809613816912],[120.987311541476799,24.219965696211872],[120.981798381529032,24.188956563514569],[120.972984195092508,24.158599818204689],[120.9609587164191,24.129193624180612],[120.945842877864393,24.101026612954197],[120.927787519346225,24.074375072879363],[120.906971823413897,24.049500265489684],[120.883601494358444,24.026645893960325],[120.857906701411366,24.006035747065358],[120.830139807426988,23.987871540185143],[120.800572905545891,23.972330972952527],[120.769495187220258,23.959566021029651],[120.737210165676601,23.949701477296248],[120.704032779420757,23.942833755424623],[120.670286400787845,23.939029966432503],[118.475743176544668,23.770237030644914]]]}},
{"type":"Feature","properties":{"admin_unit_id":"admin.han140.yizhou.hanzhong","display_name":"汉中郡","geometry_status":"synthetic_proxy","historical_claim":false,"confidence":"technical_only"},"geometry":{"type":"Polygon","coordinates":[[[109.179379187121143,23.259712692932524],[109.173194765139726,23.228331102546409],[109.163678964284117,23.197683192586044],[109.150930694585995,23.168077365273881],[109.135081019018884,23.139811342030324],[109.116291731771241,23.113169193305446],[109.094753648462429,23.088418511563408],[109.070684628556748,23.065807754422426],[109.044327351935408,23.045563783096327],[109.015946872999933,23.027889619236856],[108.985827976831985,23.012962441063745],[108.95427236285181,23.000931837311768],[108.921595682133969,22.991918335040509],[108.888124455082391,22.986012214766603],[108.854192896568264,22.983272623703428],[108.820139675915769,22.983726995153951],[108.786304639305584,22.987370779311764],[108.753025522265347,22.994167487903432],[108.720634679943331,23.004049052269135],[108.689455862814242,23.016916491643538],[108.659801065343359,23.032640885585216],[103.776981213365687,25.726268309850287],[103.748456477143336,25.742538177710813],[103.72179347230751,25.761205718977404],[103.697239946638547,25.782097966625653],[103.675024609232949,25.80502124744276],[103.655355006517411,25.829762947203037],[101.659171461398714,28.50348289819825],[101.641000068691937,28.529487717568319],[101.625813999622395,28.556895574362372],[101.61375886488095,28.585448686999701],[101.60495121778078,28.61487829480172],[101.599477352042484,28.644907164478969],[101.597392369902622,28.675252183883465],[101.598719533662873,28.705627019472839],[101.603449911569015,28.735744813032227],[101.611542326403367,28.765320892502292],[102.17621216628558,30.419831976925717],[102.189046118802949,30.450573750251028],[102.205622113967109,30.480011624814114],[102.225761837030603,30.507822361558546],[102.249247178989052,30.53370032253553],[102.275822525629906,30.557360878354238],[102.305197496879231,30.578543591861184],[106.711674655998962,33.254490562954615],[106.743039048304539,33.270541311694672],[106.776181901285355,33.284037126167867],[106.810788677097932,33.294849717442212],[106.84653047013343,33.302876260179268],[106.883067217615803,33.308040399158799],[106.920051033314323,33.310292997664973],[106.957129627936354,33.309612619531364],[106.993949778431073,33.306005739543146],[109.101627955172944,32.994950951748535],[109.1460879160541,32.985670992669583],[109.188842126086513,32.972079313895236],[110.392087454911973,32.510659909429307],[110.424648998062892,32.496287130426296],[110.455334302454006,32.479365810119262],[110.483848937856806,32.460058833751077],[110.509919951002544,32.438551939750759],[110.533298499181242,32.415051891121323],[110.553762223358163,32.389784445342819],[110.571117338359713,32.36299214436908],[110.585200421557829,32.334931947942898],[110.595879885468975,32.305872734794342],[110.603057123703138,32.27609269731591],[110.606667323669498,32.245876656028166],[110.606679943302495,32.215513320566188],[110.603098852752879,32.185292524038985],[109.179379187121143,23.259712692932524]]]}},
{"type":"Feature","properties":{"admin_unit_id":"admin.han140.yizhou.ba","display_name":"巴郡","geometry_status":"synthetic_proxy","historical_claim":false,"confidence":"technical_only"},"geometry":{"type":"Polygon","coordinates":[[[100.43392271251129,23.425317160577833],[100.40232387555011,23.414747617121041],[100.369768291691287,23.407117144322918],[100.336569008433131,23.402499301862846],[100.303045070913825,23.40093860102521],[100.269518547384209,23.402450084370106],[100.236311530170497,23.407019183719921],[100.203743136442228,23.41460185769397],[100.172126533100325,23.425125007597739],[100.141766010040627,23.438487168053847],[100.112954125921291,23.454559466363445],[100.085968950360339,23.473186842223228],[100.061071426194559,23.494189517108396],[100.03850287502668,23.517364700381869],[100.018482668749371,23.542488517019084],[100.001206089038305,23.569318139761098],[99.986842395927297,23.597594106546303],[99.975533125488838,23.627042802234463],[99.967390635320442,23.65737908195079],[99.962496914959289,23.688309011854393],[99.597085461606966,27.041996889897067],[99.595301967895423,27.073907624288189],[99.597190212693135,27.105810970771433],[99.602734625772825,27.137376699003166],[99.611881646722679,27.168277801574259],[99.624540121143482,27.198193893380008],[102.507801411215084,32.643494707445186],[102.525036462506463,32.670189584236411],[102.545366704708655,32.695382935580255],[102.568601505094136,32.718835247395475],[102.594522032452431,32.740323377574143],[102.622883292915063,32.759642719694469],[102.653416442559461,32.776609192970923],[102.685831355180682,32.791061037481597],[102.719819420050641,32.802860395564245],[102.755056541180124,32.811894662392994],[102.791206306637307,32.81807759111048],[102.827923293929274,32.821350140467899],[102.864856475384371,32.821681055683626],[102.901652685935517,32.819067176130332],[102.937960114737749,32.813533466457301],[109.569801895621552,31.317445041573805],[109.603344334342751,31.307292292174765],[109.635561049548855,31.29450195100911],[109.666154833828642,31.279192119103751],[109.694843923408229,31.261504098719985],[109.721364640212443,31.241601056653245],[109.745473844123097,31.219666483935089],[109.766951171620889,31.195902467802405],[109.785601039923691,31.170527793571253],[109.801254398858404,31.143775895592501],[109.8137702159611,31.115892677761941],[109.82303668362286,31.087134225100581],[109.828972140424881,31.057764428710708],[109.831525702077144,31.02805254694988],[109.946530426667024,26.79115644668224],[109.945579300483374,26.75985014598087],[109.941130446637658,26.728780603340205],[109.933231622553691,26.698255905265604],[109.921964571219874,26.668578496799633],[109.907444078724239,26.64004220191223],[109.889816719627149,26.612929337633549],[109.869259307061967,26.587507949320443],[109.845977066563222,26.564029192989999],[109.820201554412961,26.542724889],[109.792188342787966,26.523805269529095],[109.76221449521023,26.507456940329977],[109.730575856778756,26.493841075116812],[109.697584184424684,26.483091858724432],[100.43392271251129,23.425317160577833]]]}},
{"type":"Feature","properties":{"admin_unit_id":"admin.han140.yizhou.guanghan","display_name":"广汉郡","geometry_status":"synthetic_proxy","historical_claim":false,"confidence":"technical_only"},"geometry":{"type":"Polygon","coordinates":[[[101.751595589312217,24.050090997710672],[101.720227472910935,24.040772357878719],[101.688041320958718,24.034266623819978],[101.655331160601932,24.030633380706707],[101.622395656312506,24.029905901188908],[101.589535465829314,24.032090847082959],[101.557050580771673,24.037168209655061],[101.525237672372839,24.045091488990526],[101.494387462769907,24.055788110974596],[101.464782142226753,24.069160078453599],[101.436692852553762,24.085084851206833],[101.410377256813618,24.103416447449572],[101.386077215152483,24.123986757717322],[101.364016586257279,24.146607060163749],[101.344399173491624,24.171069724547039],[101.32740683418811,24.197150090500067],[101.313197769851612,24.224608504085683],[101.301905014135968,24.253192495146788],[99.285717600212067,29.805378065769229],[99.276107084505654,29.834651188722152],[99.269880354125831,29.864579682808063],[99.2670999840728,29.894880076164604],[99.267796040812286,29.925265121129016],[99.27196565777912,29.955446510586608],[99.279572921009105,29.985137614053325],[99.290549071349517,30.014056207566405],[99.304793026621311,30.041927171144962],[99.32217222379245,30.068485127525499],[99.342523777711548,30.093476996093898],[99.365655949290627,30.116664436433226],[99.39134991227526,30.137826156698434],[99.419361803963682,30.156760063114376],[99.449425041505393,30.173285228274612],[104.684604140769423,32.55877953619013],[104.717274008790838,32.570943232869347],[104.751208998411627,32.580506584163423],[104.786101586244726,32.587382916291567],[104.82163527582054,32.591509891196552],[106.466871764573042,32.706157453649332],[106.503176059104632,32.707004229295229],[106.539411709556632,32.704993692576842],[106.575242769853133,32.700144462307335],[106.61033717140009,32.692501440205326],[106.644369900624838,32.682135382482301],[106.677026100489627,32.669142225317231],[106.708004062976428,32.65364217139571],[106.737018081156734,32.635778547190085],[106.763801131513603,32.615716443013433],[106.788107359625386,32.593641150065693],[106.809714345091791,32.569756410673477],[106.82842512461994,32.544282499688975],[106.844069955421688,32.517454156535408],[106.856507804436646,32.489518388658524],[106.865627552316568,32.460732168157875],[106.87134890452451,32.431360044125491],[106.873623005253776,32.401671693717425],[106.982155204093232,25.935743223633509],[106.980940910405849,25.904791000791814],[106.976357041680359,25.874092675063295],[106.968451260957565,25.843944527563508],[106.957303076564315,25.814637311146573],[106.943022954437879,25.786453462131153],[106.925751145887389,25.759664399613563],[106.905656246051663,25.734527937344829],[106.882933500185743,25.711285831840794],[106.857802876505616,25.690161488912381],[106.830506925655229,25.671357849162558],[106.801308447957354,25.655055471220141],[106.770487990491986,25.641410829581506],[106.738341196742397,25.630554841930557],[101.751595589312217,24.050090997710672]]]}},
{"type":"Feature","properties":{"admin_unit_id":"admin.han140.yizhou.shu","display_name":"蜀郡","geometry_status":"synthetic_proxy","historical_claim":false,"confidence":"technical_only"},"geometry":{"type":"Polygon","coordinates":[[[104.239714678814849,23.414084564062971],[104.204438750361831,23.403538343232619],[104.168149113910133,23.396611856751683],[104.131270642964907,23.393386424768281],[104.094234891112038,23.393899911202549],[99.081081417942229,23.598612542374138],[99.04854487127308,23.600617278980263],[99.016359518549265,23.605488369748233],[98.984816025593062,23.613181695151809],[98.95419943829441,23.62362756395671],[98.924786678585534,23.636731331852651],[98.896844102774722,23.652374242230252],[98.870625141498252,23.670414482211157],[98.846368040315852,23.690688445241577],[98.824293719655969,23.713012189809234],[98.804603772397599,23.737183082154782],[98.787478616836452,23.762981609230042],[98.773075822105227,23.790173346620371],[98.761528622283095,23.818511064710474],[98.752944634418682,23.847736955043075],[98.747404794489043,23.877584957613667],[98.744962523910104,23.90778316877493],[98.745643137594556,23.938056308505125],[98.749443502714641,23.968128225041809],[100.15509657906415,31.117662594887339],[100.163528659819335,31.148006247698429],[100.175551710242232,31.177490441465672],[100.191048647562326,31.205819011466644],[100.209867030353308,31.232707144601413],[100.231820473449275,31.25788427646452],[100.25669042997059,31.281096853031173],[100.284228326173405,31.302110927213501],[100.314158030067645,31.320714561964145],[100.346178630058986,31.336720013401827],[100.379967495367296,31.349965669601747],[100.415183585758626,31.360317723209715],[100.451470974304954,31.367671558878428],[100.48846254355,31.37195283965238],[100.525783812698251,31.373118279799989],[100.563056851330785,31.37115609516248],[104.1250010572995,30.978031926096985],[104.161951804254997,30.97174792263279],[104.197944793527114,30.962344571182822],[104.232605577098681,30.949919649469482],[108.730891602732541,28.970312268957269],[108.761557507348257,28.954105122288706],[108.790197854612401,28.935350952210996],[108.816529884787599,28.914235537440359],[108.840294302151321,28.890967927628058],[108.861257835253198,28.865778333638573],[108.879215510694081,28.838915810218587],[108.893992619013872,28.810645755965407],[108.905446355482383,28.781247257175082],[108.913467122866791,28.751010303482946],[108.917979487515552,28.720232904196891],[108.918942784273099,28.689218134868149],[108.829707521667018,25.140234932715494],[108.827436838148103,25.110419725968988],[108.822081487653236,25.080930378580643],[108.813692327283334,25.052030610367186],[108.802347138082268,25.02397868920643],[108.788149834272716,24.997025136878946],[108.771229450691521,24.971410509655936],[108.751738920337445,24.94736327263459],[108.729853655275477,24.925097785832921],[108.705769945281801,24.904812418944054],[108.679703189571455,24.886687810425531],[108.651885977743362,24.870885285277467],[108.622566036720727,24.857545444453681],[108.5920040609777,24.846786937366687],[104.239714678814849,23.414084564062971]]]}},
{"type":"Feature","properties":{"admin_unit_id":"admin.han140.yizhou.jianwei","display_name":"犍为郡","geometry_status":"synthetic_proxy","historical_claim":false,"confidence":"technical_only"},"geometry":{"type":"Polygon","coordinates":[[[100.31899277706458,22.489065014219754],[100.285653756161594,22.488613143301375],[100.25242898633968,22.491260866116864],[100.219639718326661,22.496982495267581],[100.187603119754073,22.50572251646906],[100.15662929626852,22.517396116753659],[100.127018370613527,22.531889991905349],[100.09905764409018,22.549063426012754],[100.073018864559018,22.568749633599026],[100.049155624798615,22.590757352418517],[100.027700914566694,22.614872672716306],[100.008864849093698,22.640861086542674],[99.992832595951569,22.668469738620129],[99.979762521255196,22.697429858290246],[99.969784574946331,22.727459350241599],[99.962998933454003,22.758265520056572],[99.959474916305652,22.789547909132352],[99.697067442684755,26.953803428330961],[99.696720299732959,26.984417968391561],[99.699738105123586,27.01491457067625],[99.706095649294298,27.045003424544539],[99.715735827904737,27.074398367886307],[99.728570059392624,27.102819620110349],[99.744479012611521,27.129996462552565],[99.763313642043073,27.155669840000719],[103.727907939161071,31.677882650542898],[103.7527319880991,31.701622229703382],[103.780330264298982,31.723153417229963],[103.810420560585712,31.742254674248393],[103.842694336564847,31.758729335883185],[103.876819916182257,31.772407683512348],[103.912445956088831,31.783148737210446],[103.949205146137473,31.790841747587709],[103.986718099633848,31.795407369591796],[104.024597387879425,31.796798504472218],[104.062451671169683,31.79500079996436],[104.099889876806742,31.790032802768344],[106.035932747452804,31.43153501388003],[106.070445652572772,31.423353360603738],[106.103848497829389,31.412440136498788],[106.13583018630024,31.398897002676247],[106.166093279373911,31.382850069922405],[106.194356823735077,31.364448693741412],[106.220359002835778,31.343864049999116],[106.24385958626489,31.321287506060024],[106.264642153270856,31.296928804303455],[106.28251606979039,31.271014076672955],[106.297318201621323,31.243783710433917],[108.64222277560269,25.944613064487996],[108.65052353795609,25.92179816626625],[109.52842969198727,23.050894986494232],[109.535713592165038,23.020375708926668],[109.539760210423509,22.989330017958178],[109.540533611904493,22.958058388207434],[109.53802960477347,22.926863276672183],[109.532275653806821,22.896046196852534],[109.523330489721189,22.865904809835524],[109.511283422819744,22.83673006014968],[109.49625337209855,22.808803383482061],[109.478387623249162,22.78239401239912],[109.457860331006756,22.757756405045857],[109.434870783036132,22.735127820432368],[109.409641444028054,22.714726062372947],[109.382415799917467,22.696747412438413],[109.353456023151082,22.681364770433863],[109.323040480751175,22.668726018942024],[109.291461107567358,22.658952626390466],[109.259020667606592,22.652138500927737],[109.226029926703248,22.648349105143616],[109.192804760060412,22.647620839358144],[100.31899277706458,22.489065014219754]]]}},
{"type":"Feature","properties":{"admin_unit_id":"admin.han140.yizhou.zangke","display_name":"牂牁郡","geometry_status":"synthetic_proxy","historical_claim":false,"confidence":"technical_only"},"geometry":{"type":"Polygon","coordinates":[[[105.699178702486321,24.259658707195033],[105.670537218204558,24.240948826975263],[105.639984369274444,24.225017562393212],[105.607836805033216,24.212029992741865],[105.574427191348136,24.202120651091526],[105.540100847615832,24.195392157996711],[105.505212272419755,24.191914180337797],[105.470121588908427,24.191722725011456],[105.435190941186391,24.19481977403985],[105.400780873141727,24.201173264488357],[99.082864199153988,25.472673463596504],[99.048668412882435,25.480093359375509],[99.015465349294672,25.49058402289759],[98.98359004299131,25.504039442355399],[98.953364536616718,25.520323607229429],[98.925094700266314,25.539271854921264],[98.899067190836391,25.560692503324891],[98.875546579307354,25.584368754412573],[98.854772673317683,25.610060851320299],[98.836958061555038,25.637508468934374],[98.822285905426654,25.666433315627511],[98.810908002142099,25.69654192158994],[98.802943141710486,25.727528587171946],[98.798475778397446,25.759078462823997],[98.44867376648854,29.668996413273426],[98.447520966436571,29.697207939332682],[98.44935976628777,29.72539135835753],[98.45417809210916,29.753316087062316],[98.73907241470711,30.987091191636669],[98.748302392207009,31.017974696129919],[98.761255865950361,31.047904119817705],[98.777800834948465,31.076565556481818],[98.797767104500011,31.103658125607037],[98.820947947643788,31.128897169587933],[98.847102180382706,31.152017289096513],[101.800442040123585,33.403880061432652],[101.828529723288767,33.422467486042287],[101.858672962220268,33.438808554001703],[101.890599768517731,33.452755311176759],[101.924021512407236,33.464181416173062],[101.958635587451766,33.472983316629985],[101.994128221194913,33.479081215031322],[102.030177403073964,33.482419814002121],[106.716349010192161,33.644283608817162],[106.756854050293981,33.643170352449445],[106.796984260076883,33.638596907883105],[106.836287035965981,33.630614818669144],[106.874319421728899,33.619314024846659],[106.910653255889244,33.604821818248304],[109.897373740191114,32.187915721180588],[109.927851107870154,32.171083636568795],[109.95618679021247,32.151880686897968],[109.982111624870612,32.13049017411079],[110.005380052093599,32.107116146502335],[110.025772439143225,32.081981411208112],[110.043097129891848,32.055325370318165],[110.05719220149345,32.027401703165594],[110.067926913865051,31.998475918648019],[110.075202841592187,31.968822802450905],[110.078954681707387,31.938723784754622],[110.079150734518663,31.908464254426534],[109.848646008436901,27.237323469988446],[109.845396804219718,27.205940253761995],[109.838606158811615,27.175000005876971],[109.828346046907285,27.1448139615757],[109.814723036991651,27.115685527331106],[109.79787709057797,27.087907253619584],[109.777980044934822,27.061757924912406],[109.755233798745294,27.037499794668868],[109.729868222154494,27.015375991422776],[109.702138814347435,26.995608120168701],[105.699178702486321,24.259658707195033]]]}},
{"type":"Feature","properties":{"admin_unit_id":"admin.han140.yizhou.yuexi","display_name":"越巂郡","geometry_status":"synthetic_proxy","historical_claim":false,"confidence":"technical_only"},"geometry":{"type":"Polygon","coordinates":[[[106.378058181216034,23.920423874119265],[106.355898118912307,23.897249018921393],[106.331413808818652,23.876177123856046],[106.304838256584858,23.857407878328114],[106.276423763387541,23.841119071925785],[106.246439556001363,23.827464938705806],[106.215169277774976,23.816574723010088],[106.182908362284593,23.808551479196428],[106.14996131182842,23.803471115593521],[106.116638903212348,23.801381690859326],[106.083255343476154,23.802302968743589],[106.050125398338352,23.806226235043059],[106.017561516203173,23.813114378305322],[105.98587097058477,23.822902233595389],[105.955353043758521,23.835497186401426],[105.926296274346882,23.85078003153448],[101.740401875451894,26.158292177957421],[101.709990867233415,26.175932506171517],[101.681755479682622,26.196278088274752],[101.655995116436642,26.219113879471209],[101.632983687840451,26.244198385600615],[101.61296670142265,26.271266174234782],[101.596158619511087,26.300030641122277],[101.582740513257875,26.330187004911899],[98.857855094767089,32.892024394797623],[98.846692281659102,32.920868056341703],[98.839013717332122,32.950460078474173],[98.834895956927681,32.980520194473087],[98.834382010143386,33.010763423083112],[98.837480784943182,33.040902759961185],[98.844166850464688,33.070651899072033],[98.85438052714116,33.099727958378608],[98.868028308949846,33.127854183717993],[98.884983619322625,33.154762604546896],[98.905087898649356,33.18019661530446],[98.928152017513682,33.203913456488266],[98.95395800588561,33.225686570183186],[98.982261084519905,33.245307805729844],[99.012791980850238,33.262589452471687],[99.045259507804488,33.277366078075779],[99.079353380281731,33.289496152767455],[99.114747240606306,33.298863441943062],[99.151101861193368,33.30537815199974],[99.188068489995175,33.308977816821162],[102.803214956732731,33.462264687859268],[102.832355508966373,33.462165492604178],[107.099968647264333,33.24049887161501],[107.135997942858964,33.236574885665412],[107.171399600943246,33.229873370882082],[107.205849358395923,33.220455683561084],[107.239031961793785,33.208408024447181],[107.270644134931487,33.193840626268198],[107.300397419524657,33.176886716290014],[107.328020859979816,33.157701264743608],[107.353263505351379,33.136459532127169],[107.375896704177165,33.113355430352691],[107.395716170733238,33.088599714468131],[107.412543804307532,33.062418023223181],[107.426229246298959,33.035048788046979],[107.436651163234529,33.006741031061523],[109.102829999973125,27.110341891828934],[109.109230418767055,27.078388926349117],[109.111867762108545,27.046019288555438],[109.11071800854036,27.013578751748149],[109.105797596506932,26.981413553819941],[109.097163071732837,26.949866705885135],[109.084910313350008,26.91927434751809],[109.069173354202775,26.889962186696163],[109.050122814441394,26.862242061171273],[109.027963970726475,26.836408656289976],[106.378058181216034,23.920423874119265]]]}},
{"type":"Feature","properties":{"admin_unit_id":"admin.han140.yizhou.yizhou","display_name":"益州郡","geometry_status":"synthetic_proxy","historical_claim":false,"confidence":"technical_only"},"geometry":{"type":"Polygon","coordinates":[[[99.247070674914411,22.494910107100228],[99.214152510974586,22.489369587027692],[99.180817575177244,22.486922834719447],[99.147389983623654,22.487593720709985],[99.114194725678885,22.491375699950083],[99.081554600814769,22.498231874403881],[99.04978717344602,22.508095346006534],[99.019201770877658,22.520869856864397],[98.990096549366356,22.53643071103442],[98.96275565310404,22.554625969707491],[98.937446490644462,22.575277909157805],[98.914417152894174,22.598184728425416],[98.893893996256068,22.623122491385761],[98.876079413819753,22.649847285646484],[98.861149816614812,22.678097578616644],[98.849253845849304,22.70759674913268],[98.84051083572642,22.73805577122145],[98.835009544839792,22.769176024947978],[98.83280717227619,22.800652207859887],[98.758189978647309,26.924156874037877],[98.7594056511779,26.956003048237253],[98.764255403820826,26.987573458880274],[98.772693157864794,27.018543051382814],[98.784635646035852,27.048592696872898],[98.799963123407565,27.077412498583257],[98.818520470799427,27.10470501291173],[102.052075951492611,31.096661217991187],[102.072941956286044,31.118688031815225],[102.096108277838383,31.139045100634288],[102.121386227541734,31.157565378846222],[104.072849261715589,32.424366440985217],[104.10149229998548,32.440752954530865],[104.131862864331154,32.454891297120405],[104.163700399415575,32.466659921142011],[104.196731340150279,32.475957608137328],[109.618621801711797,33.635092181259509],[109.655305733812412,33.640501717506503],[109.692468893915816,33.642995987806401],[109.729756330668536,33.642551189936682],[109.766811864869695,33.63917156864747],[109.803281608356428,33.632889373860827],[109.838817457333278,33.623764543172562],[109.873080521288387,33.611884112167537],[109.905744449639911,33.597361359055178],[109.936498619831667,33.580334693025193],[109.965051152707318,33.560966298472671],[109.991131723583791,33.539440549809513],[110.014494140451234,33.515962213926564],[110.034918664076358,33.490754459475376],[110.052214048399662,33.464056693969496],[110.066219283411797,33.43612225125527],[110.076805026591103,33.407215953152438],[110.083874712901334,33.377611570018402],[110.087365337214806,33.34758920564358],[110.087247906773271,33.317432632250366],[109.622885254822464,25.258680976711101],[109.619347939486047,25.22624301699182],[109.6121513741505,25.194305691829751],[109.601375937731873,25.163208902095445],[109.587139752732242,25.133283354125975],[109.569597288849778,25.104847067505787],[109.548937602466481,25.078202026437527],[108.79267497534444,24.18972982063563],[108.770841314814248,24.166179575752835],[108.746628380965035,24.144701595901257],[108.72026762694388,24.125500237931973],[108.692010410136405,24.108758113783438],[108.66212561813866,24.094634383025426],[108.630897149891084,24.083263267018598],[108.59862127403018,24.074752797565012],[108.565603886928841,24.069183810835916],[99.247070674914411,22.494910107100228]]]}},
{"type":"Feature","properties":{"admin_unit_id":"admin.han140.yizhou.yongchang","display_name":"永昌郡","geometry_status":"synthetic_proxy","historical_claim":false,"confidence":"technical_only"},"geometry":{"type":"Polygon","coordinates":[[[108.568224864783247,24.125803828819951],[108.578547687275488,24.095496908169682],[108.585524924284201,24.064384649774695],[108.589089718937913,24.032780262631089],[108.589209730510717,24.001001681988015],[108.585887318873645,23.969368364764406],[108.579159377721808,23.938198078905405],[108.569096823990662,23.907803718857256],[108.555803754153558,23.878490178713843],[108.539416281045419,23.850551313669168],[108.520101067474059,23.824267019219818],[108.49805357515956,23.799900456123456],[108.473496049495793,23.777695447455898],[108.446675262272421,23.757874072244341],[108.417860035852968,23.740634478107982],[108.387338573406637,23.726148933135129],[108.355415620664033,23.714562134884687],[108.322409485344863,23.705989791942084],[108.288648940917867,23.700517490905167],[108.254470041726762,23.69819985903872],[108.22021287677741,23.699060030140267],[108.186218289648465,23.703089418416976],[99.140225924456175,24.805169671681959],[99.106170093610274,24.809409037582778],[99.072737791176024,24.816704839784897],[99.040255832165613,24.826985592878753],[99.009042025508478,24.840150543995779],[98.979402145685285,24.856070639736796],[98.951627004600255,24.874589766005371],[98.925989649096593,24.895526249781003],[98.902742709107059,24.918674609482725],[98.882115920877013,24.943807538266348],[98.864313848973637,24.970678102388913],[98.849513829872478,24.999022134677574],[98.837864158762287,25.028560801175821],[98.829482539804246,25.059003317227333],[98.824454818396163,25.09004978761752],[98.822834012007917,25.121394143946123],[98.850784786499432,33.660095813282815],[98.85283162520102,33.691182343025119],[98.858727734195227,33.721945396857407],[98.868418016751619,33.752074688719155],[98.881808817039328,33.781266007323644],[98.898768703870687,33.809224311093487],[98.919129654923665,33.835666742086772],[98.942688635295411,33.860325526891337],[98.969209559253571,33.882950733188167],[98.998425618967815,33.903312851805779],[99.03004195892251,33.921205175609529],[99.063738669739507,33.936445948490295],[99.099174070392024,33.948880260024197],[99.135988243377511,33.958381664046655],[99.173806783453017,33.964853502391406],[99.212244717120171,33.968229918348747],[99.250910547272085,33.968476547948683],[99.289410375355828,33.965590880922662],[99.327352052118655,33.959602287078233],[99.364349307530119,33.950571707775126],[99.400025810819329,33.93859101614899],[99.434019112726261,33.923782053626631],[104.161675035272111,31.440915658756481],[104.170212250768017,31.43596765541713],[105.723580989260753,30.48694637940218],[105.749811764732272,30.468914974774695],[105.773965946080153,30.448926854272553],[105.795840724109695,30.427150922544559],[105.81525300145428,30.403771074679657],[105.832040910953836,30.378984615188163],[105.846065136929766,30.353000566378586],[108.568224864783247,24.125803828819951]]]}},
{"type":"Feature","properties":{"admin_unit_id":"admin.han140.yizhou.guanghanshuguo","display_name":"广汉属国","geometry_status":"synthetic_proxy","historical_claim":false,"confidence":"technical_only"},"geometry":{"type":"Polygon","coordinates":[[[99.63961613763999,23.561119400258075],[99.614205049404902,23.541563720525431],[99.586893716091552,23.524373348909901],[99.557936039520655,23.509707902901749],[99.527600760082819,23.497703508145548],[99.496169010628705,23.488471557959677],[99.463931771909955,23.482097699373551],[99.431187250352366,23.478641054216016],[99.398238199161028,23.478133681786247],[99.365389203906162,23.480580287602589],[99.332943953824582,23.485958180660862],[99.301202520106472,23.494217479559548],[99.270458662420012,23.505281565770922],[99.240997184858728,23.519047780268235],[99.213091362369553,23.53538835767408],[99.187000458527066,23.554151590077719],[99.162967355245243,23.575163210700786],[99.141216314645646,23.598227985676498],[99.121950892814255,23.623131500363662],[99.105352024552786,23.649642124855571],[99.091576297446878,23.67751314167889],[99.080754432609581,23.706485017123914],[99.072989988294822,23.736287796218871],[99.068358301195047,23.766643600074644],[99.066905678627052,23.797269203195157],[99.068648852959512,23.82787866739163],[99.07357470754485,23.858186008169955],[99.081640281089165,23.887907868895446],[99.092773054837835,23.916766177693127],[102.426745594822648,30.719484781776327],[102.443108165003494,30.746347801741372],[102.462496005184079,30.77174862359205],[102.484728685453959,30.795447578503374],[102.509598381102904,30.817220886484975],[102.536871788858974,30.83686280636767],[102.566292309685821,30.854187618073329],[102.59758247803417,30.869031416609388],[102.630446614057263,30.881253698998428],[102.664573672152372,30.890738727372064],[102.699640256356304,30.897396653713844],[102.735313770666068,30.901164394196122],[102.771255670339812,30.902006243690696],[102.80712477870533,30.899914223807194],[102.842580633005085,30.894908160685628],[102.877286822361896,30.887035491698679],[102.910914281069878,30.876370803161389],[102.943144501099113,30.863015104055645],[102.973672628929833,30.847094843613448],[103.002210413573835,30.82876068332121],[103.028488974851356,30.808186036472737],[103.052261363617333,30.785565390775023],[103.073304888607055,30.76111243166757],[103.09142318782979,30.735057985932258],[103.106448025903589,30.70764780682298],[104.506293927340948,27.664725829708679],[104.517136593241617,27.636127029593386],[104.524796463377285,27.606743685456205],[104.52920585546353,27.576847712877807],[104.530327334445602,27.546715551520624],[104.528153936290167,27.516625601561081],[104.522709107023672,27.486855650209872],[104.514046362208632,27.457680312106007],[104.502248674547218,27.429368506940619],[104.487427599563475,27.402180997036588],[104.469722151331894,27.376368006793886],[104.449297441989259,27.352166944927816],[104.426343100295668,27.32980024929083],[104.40107148580735,27.309473372797534],[99.63961613763999,23.561119400258075]]]}},
{"type":"Feature","properties":{"admin_unit_id":"admin.han140.yizhou.shushuguo","display_name":"蜀郡属国","geometry_status":"synthetic_proxy","historical_claim":false,"confidence":"technical_only"},"geometry":{"type":"Polygon","coordinates":[[[100.366784754960619,23.681430354516898],[100.337178633941548,23.667767011444489],[100.306296899859973,23.656815248508465],[100.27442625949071,23.648676905125413],[100.241862316196759,23.643427643203704],[100.208906903863792,23.641116257826408],[100.175865371962587,23.641764232954934],[100.14304384312382,23.645365545872217],[100.110746464676495,23.651886722000448],[100.079272675614931,23.661267139634909],[100.048914510422705,23.673419582045774],[100.019953961092014,23.688231032322495],[99.99266041852448,23.705563704285392],[99.967288214274774,23.725256300774877],[99.944074283286554,23.747125488664441],[99.923235967850957,23.770967578041883],[99.904968982474756,23.796560391175099],[99.889445558652668,23.823665305140992],[99.876812787678048,23.852029450358739],[99.867191178574828,23.881388045750683],[99.860673446972839,23.911466849868084],[99.857323549261864,23.941984706080394],[99.527148842505738,29.331833429834433],[99.526854002860603,29.361610178996546],[99.529868652208407,29.39127379654952],[99.536168808637413,29.420554527197769],[99.545700464054434,29.449185870815946],[99.558379956633075,29.476907019052234],[99.574094622877425,29.503465247919813],[99.59270372738942,29.528618243851927],[99.614039665410942,29.552136341037251],[99.637909430103591,29.573804648429444],[99.664096333378509,29.593425045644469],[99.692361965952458,29.610818028020535],[99.722448379241555,29.625824382416347],[99.754080468776479,29.63830667685334],[99.786968536088125,29.648150548856172],[107.564781685986176,31.326081012224257],[107.60038905110197,31.330947789394344],[107.636395768703281,31.332910709036923],[107.672461164574102,31.331951226361987],[107.708243990751114,31.3280784062785],[107.743405761821393,31.321328835243335],[107.777614060820525,31.311766265588716],[107.810545778478939,31.299480996179959],[107.841890250579752,31.284588996093028],[107.871352259728852,31.267230780740224],[107.898654869860778,31.247570052471755],[107.923542064260616,31.225792120105925],[107.945781160712954,31.202102114060406],[107.965164980526765,31.176723015744344],[107.981513751557543,31.149893521606273],[107.9946767288817,31.121865763700782],[108.004533520398269,31.092902909827494],[108.010995108268659,31.063276667205564],[108.014004560690438,31.033264714278889],[108.013537431974939,31.00314808560287],[108.009601852210238,30.973208534857221],[108.002238310896828,30.943725900871478],[107.991519141810869,30.914975501155901],[107.977547718954426,30.887225576819645],[107.960457375781857,30.8607348119466],[104.557918396520535,25.77996007355895],[104.539572000346254,25.753564434769402],[104.518436953795131,25.72892435415385],[104.494720506724263,25.706279279628578],[104.468654425293408,25.685849145832861],[104.440492722586526,25.667832271984999],[104.410509198746823,25.652403470200987],[100.366784754960619,23.681430354516898]]]}},
{"type":"Feature","properties":{"admin_unit_id":"admin.han140.yizhou.jianweishuguo","display_name":"犍为属国","geometry_status":"synthetic_proxy","historical_claim":false,"confidence":"technical_only"},"geometry":{"type":"Polygon","coordinates":[[[103.905442820651857,27.607964984367673],[103.934412412420059,27.590654879257393],[103.961299337056857,27.570925781734818],[103.985844016648187,27.548968914771226],[104.007810141919123,27.5249969737878],[104.026986944152341,27.499242030162794],[104.043191193665805,27.471953249483221],[104.056268906936651,27.44339444834241],[104.066096748280202,27.413841514897257],[104.072583115849753,27.383579719507438],[104.075668905538507,27.352900942574138],[104.075327950077437,27.322100847188352],[104.071567134173407,27.291476024391905],[104.064426189872847,27.261321138764398],[104.05397717943147,27.231926101688163],[104.040323675791427,27.203573299029298],[104.023599653299613,27.176534899126583],[104.00396810353503,27.151070265917774],[103.981619393054956,27.1274235007788],[103.956769381524936,27.105821135221191],[103.929657320087145,27.086469995010731],[103.90054355096342,27.069555254550902],[103.869707030210137,27.055238698537668],[103.837442696269534,27.043657205954375],[103.804058707521705,27.034921469451419],[103.769873572462586,27.02911496106082],[103.735213196439403,27.026293153043127],[103.700407869088068,27.026483000467213],[103.665789216755243,27.029682689893423],[103.631687144264319,27.035861656279042],[103.59842679040699,27.044960867963692],[103.566325521512752,27.056893377331207],[103.535689987365657,27.071545132495718],[99.984793206893045,28.875200046228969],[99.954617949391448,28.891434158420534],[99.926419725991323,28.910134666186735],[99.900469137054131,28.931122729861102],[99.877015855120092,28.95419752225494],[99.856286230959057,28.979138113400875],[99.838481096560415,29.005705548977545],[99.823773786757968,29.033645104253701],[99.812308400102395,29.062688693643683],[99.804198318266174,29.09255741434248],[99.799525001665273,29.12296420102922],[99.798337077093194,29.153616567311598],[99.800649730971017,29.18421940844993],[99.806444419317401,29.214477838972751],[99.815668902739446,29.244100038091485],[99.828237611652156,29.272800075367449],[99.84403234357606,29.300300688891056],[99.862903290774639,29.326335988325678],[99.884670392721503,29.350654055554141],[99.909125003989473,29.373019416360787],[99.936031864194064,29.393215357588083],[99.96513135267621,29.411046065528296],[99.996142006752791,29.426338562940305],[100.028763278678241,29.438944424012014],[100.062678503032274,29.448741248799141],[100.097558043152915,29.455633881141388],[100.133062582550536,29.459555356756777],[100.168846525028783,29.460467571107294],[100.204561465563799,29.458361659678108],[100.239859692892381,29.453258086469983],[100.274397684264642,29.445206439726419],[100.307839552939825,29.434284937153645],[100.339860409739856,29.420599646093692],[103.905442820651857,27.607964984367673]]]}},
{"type":"Feature","properties":{"admin_unit_id":"admin.han140.liangzhou.longxi","display_name":"陇西郡","geometry_status":"synthetic_proxy","historical_claim":false,"confidence":"technical_only"},"geometry":{"type":"Polygon","coordinates":[[[106.199642655491317,32.822606505143163],[106.188515186455206,32.793777846259367],[106.174021399462248,32.765967870620415],[106.156301413077173,32.739439071512358],[106.135525308384587,32.714441627040621],[106.111891437745953,32.691211075942817],[106.085624491733981,32.669966136684785],[106.056973344423781,32.650906688585167],[106.026208698281295,32.634211932098729],[105.993620550729091,32.620038743683516],[105.959515505117267,32.608520238896617],[105.924213949314847,32.599764555522924],[105.888047125491667,32.593853866651116],[105.851354114910407,32.590843631681892],[105.814478761716586,32.59076209129622],[105.777766559820179,32.593610010431632],[98.849915285653282,33.206874396512816],[98.813782360583801,33.210434096928722],[98.778225682909564,33.216765747709744],[98.74356512452519,33.225812357590073],[98.710112768789358,33.237492477275751],[98.678170183700288,33.251700911235709],[95.684196622362833,34.674236792343883],[95.651031027033014,34.691130707482969],[95.620163022707445,34.710602800716202],[95.591907851276005,34.732455240161727],[95.566554918813367,34.756465849375907],[95.544364837525691,34.78239031289668],[95.525566724493217,34.809964609318854],[95.510355785946231,34.838907649802408],[95.498891214382297,34.868924097695405],[95.491294424037093,34.899707342874343],[95.487647648023767,34.930942602492863],[95.487992917823775,34.962310118117379],[95.798610213697501,38.901348187126317],[95.802939621011944,38.930799670510133],[95.810987466592081,38.959804482160052],[95.822684173462505,38.988096454552306],[95.83792635822428,39.015415651406208],[95.856577641331015,39.041510782130544],[95.878469778953445,39.066141546817462],[95.903404110493355,39.089080888711713],[95.931153312056111,39.110117131610508],[95.961463442381543,39.129055980454019],[95.994056263940891,39.145722364449512],[96.028631818205668,39.159962103433827],[96.064871230565203,39.171643379810938],[96.102439717091443,39.180658000287792],[96.140989762400082,39.186922433756038],[97.372474287716187,39.334907728265691],[97.376749326995707,39.335383359953177],[106.575483599009388,39.995295487376424],[106.615743386324155,39.995321093291928],[106.655816341081717,39.99244587892521],[106.695323929724253,39.986697028980778],[106.733893156350348,39.978128887688626],[106.771160207806957,39.966822424865747],[106.806773996716132,39.952884441369186],[106.840399563716858,39.936446522884047],[106.871721302389489,39.917663753748982],[106.900445973041229,39.896713205091523],[106.926305474699475,39.873792213890262],[106.949059348205054,39.849116471668516],[106.968496987132511,39.822917943330467],[106.984439537303672,39.7954426381622],[106.996741469809038,39.76694825622338],[107.005291816628969,39.7377017342505],[107.010015062065293,39.70797671578427],[107.01087168718567,39.678050970528083],[106.845964343886493,34.813736793971337],[106.842036036377806,34.776970879848228],[106.832652986085407,34.740835703236634],[106.199642655491317,32.822606505143163]]]}},
{"type":"Feature","properties":{"admin_unit_id":"admin.han140.liangzhou.hanyang","display_name":"汉阳郡","geometry_status":"synthetic_proxy","historical_claim":false,"confidence":"technical_only"},"geometry":{"type":"Polygon","coordinates":[[[104.903558364458405,32.66419784931405],[104.87957133661817,32.639676940620589],[104.852697728831316,32.617261146814407],[104.823212712205702,32.597178301023156],[104.791417295026974,32.579632384203535],[104.757635276183251,32.564801501623101],[104.722209999789769,32.552836120263571],[104.68550094136576,32.543857582804407],[104.647880156409016,32.537956911273703],[104.609728622558364,32.535193910827175],[104.571432506761568,32.535596581448779],[95.724608563872977,32.67115683390476],[95.686841939154419,32.671892196619019],[95.64934928596351,32.675690583230725],[95.612498634881149,32.682514668962725],[95.576651928756334,32.69229738556799],[95.54216158085282,32.704942561106051],[95.509367110776736,32.720325838313862],[95.47859188637193,32.738295863823836],[95.450139999541435,32.758675738135011],[95.42429330361557,32.781264713936331],[95.401308639409123,32.805840128127173],[95.381415276456806,32.832159550689198],[95.364812595049244,32.85996313145597],[95.351668033575095,32.888976123816093],[95.342115324269827,32.918911562495559],[95.336253038745909,32.949473070813703],[95.334143462605056,32.980357771222621],[95.281105573509478,39.74928969284916],[95.282808682914293,39.779362909803957],[95.288419179458643,39.809171589810397],[95.297888717934882,39.838434006912628],[95.311132213576528,39.866873247028231],[95.328028483094045,39.894219851502548],[95.348421244413871,39.920214402270233],[95.372120471267095,39.944610022669536],[95.398904094559754,39.96717476833394],[95.428520038124574,39.987693883277046],[95.460688572083157,40.005971897302643],[95.495104962725378,40.021834542209426],[95.531442393633242,40.035130465920318],[95.569355128832839,40.045732725633989],[95.608481885145707,40.053540043353742],[95.648449377718464,40.058477809667878],[95.688876000018254,40.060498824402764],[106.355878535850451,39.779568612463102],[106.40229765571496,39.774486694963628],[106.447642950990641,39.765519692046375],[106.892712046718074,39.656124648779503],[106.929826540681603,39.645419040724242],[106.965385104018594,39.632097511036925],[106.999057961134298,39.616284028617827],[107.030533435068378,39.598125659857466],[107.059520886412813,39.577791155288345],[107.085753427721002,39.555469332569224],[107.108990387003985,39.531367273141811],[107.129019497455403,39.50570835166387],[107.145658794300275,39.478730118813132],[107.15875820353908,39.450682059263656],[107.168200811280201,39.421823247553434],[107.173903806239849,39.392419925196343],[107.175819091773974,39.362743022744802],[107.177676028336677,35.246544296617195],[107.176010110541696,35.217886949847134],[107.171004572931949,35.189473755169701],[107.162705850830491,35.16154795001588],[107.151188366919797,35.134348356791925],[107.136553782336733,35.108107356918609],[107.118930026832729,35.083048927277957],[107.098470119571871,35.059386754882112],[104.903558364458405,32.66419784931405]]]}},
{"type":"Feature","properties":{"admin_unit_id":"admin.han140.liangzhou.wudu","display_name":"武都郡","geometry_status":"synthetic_proxy","historical_claim":false,"confidence":"technical_only"},"geometry":{"type":"Polygon","coordinates":[[[105.821606798409647,33.438735192955193],[105.783114525398304,33.432743283184621],[105.744071647911809,33.429961554680929],[105.704882913674012,33.430418872737327],[105.665954529811813,33.434110492063226],[105.627690098276048,33.440998104497567],[105.590486573506098,33.451010224298912],[105.554730277005504,33.464042907622321],[95.941290121448048,36.914545573361458],[95.905776709059452,36.926996559583671],[95.871985097622371,36.942053878708151],[95.840233903477369,36.959576034065961],[95.81082315171912,36.979398264331131],[95.784031483175809,37.001334047823939],[95.760113533256671,37.025176810313937],[95.739297506524196,37.05070182242968],[95.721782970168292,37.077668271028209],[95.707738888666199,37.105821487187065],[95.697301920770627,37.134895311870153],[95.690574998548485,37.16461457880586],[95.687626206465708,37.194697692719068],[95.587913305546238,39.967732601322474],[95.588717744449909,39.997401229786909],[95.593335945408427,40.026877331759351],[95.601730048621874,40.05589032034807],[95.613827308103168,40.084173522825601],[95.629520603668411,40.111466651116302],[95.648669283288598,40.137518225121973],[95.67110033333617,40.162087925356737],[95.696609870530523,40.184948851621812],[95.724964945534282,40.205889664979487],[95.7559056442432,40.22471659110068],[95.789147468921641,40.241255264157985],[95.824383977541885,40.255352391819748],[95.861289656071989,40.266877223561885],[95.899522995105542,40.275722806434288],[95.938729739217408,40.281807014583549],[95.978546274835352,40.285073341208573],[96.018603120305812,40.285491444182952],[101.700446702669609,40.021012776272613],[101.745341104800772,40.016108100082612],[101.789243552643043,40.007590709372678],[101.831628118942604,39.995562802288283],[101.871987715988652,39.980168634047907],[103.272135743213013,39.359690438526137],[103.306789342899066,39.34216497545475],[103.33888697339313,39.322096156210421],[103.368099194848313,39.299691424739258],[103.394127173923962,39.275182161367837],[103.416705734672803,39.248821228639116],[107.072046779063598,34.079377660404944],[107.087693672744351,34.052363066475458],[107.100033217186535,34.024263884108422],[107.10895456462265,33.995340510927264],[107.11437884750076,33.965860716898973],[107.116259776002607,33.936097147136273],[107.114583924685917,33.906324789506073],[107.109370710856183,33.876818430906852],[107.100672070253978,33.847850125797578],[107.0885718383729,33.819686700064452],[107.073184848181157,33.792587312619993],[107.05465575719812,33.76680109625778],[107.033157618773856,33.74256489825887],[107.008890214042083,33.720101140078356],[106.982078162378571,33.69961581415324],[106.952968829316973,33.681296634481562],[106.921830051774847,33.6653113561444],[106.888947701151295,33.651806277390989],[106.854623105399142,33.640904936295627],[106.819170351578975,33.6327070123344],[105.821606798409647,33.438735192955193]]]}},
{"type":"Feature","properties":{"admin_unit_id":"admin.han140.liangzhou.jincheng","display_name":"金城郡","geometry_status":"synthetic_proxy","historical_claim":false,"confidence":"technical_only"},"geometry":{"type":"Polygon","coordinates":[[[98.966774236804397,32.577924444025086],[98.930933226403425,32.57055070658987],[98.894391352783472,32.566065957187],[98.857492666408163,32.564512463116777],[98.820584461262584,32.565904864134176],[98.784014117839774,32.570230038620416],[98.748125945455371,32.577447223532175],[98.713258048436458,32.587488387165699],[98.679739240694602,32.600258851737756],[98.647886033112798,32.615638160762096],[98.617999718042796,32.633481184192156],[98.590363575001476,32.653619452319496],[98.565240221355964,32.675862707469754],[98.542869131366828,32.700000660634657],[98.523464346390512,32.725804938331159],[96.386720526194324,35.761575140444798],[96.374123225807793,35.780094342651509],[95.867859949858783,36.579536054618067],[95.852384366261575,36.606920197447785],[95.840371264528315,36.635335493236838],[95.831936192788135,36.664517793596865],[95.827161745052024,36.694195523190416],[95.826096647020236,36.72409218644637],[95.828755146676031,36.753928931123347],[95.835116721047612,36.783427145482889],[95.845126107824584,36.812311065094207],[95.858693667519944,36.840310364759418],[95.875696078594956,36.867162710744743],[95.895977364445002,36.892616248447403],[95.919350247425271,36.916432000840402],[95.945597821231004,36.938386153527937],[95.974475529001054,36.958272203027356],[101.582677981646697,40.192933252088764],[101.616457023735052,40.209139354874395],[101.652193895210388,40.222852493766219],[101.689554803019291,40.233944101305077],[101.728190218664295,40.242310131352646],[101.767738243094882,40.247872071699526],[101.807828107607264,40.250577709476609],[101.848083772710396,40.25040164079865],[101.888127585385675,40.24734551890932],[101.927583954248945,40.241438038028413],[106.789228595234292,39.229053559873883],[106.826937905457626,39.218863779694701],[106.863140552949361,39.205963775575562],[106.897491825184019,39.190476750011499],[106.929665251546396,39.17255052393724],[106.959355768087605,39.152356078858098],[106.986282647551121,39.13008587532147],[107.010192165186481,39.105951966237043],[107.030859974714602,39.080183925566217],[107.048093172902739,39.053026614611319],[107.061732035457908,39.02473780953116],[107.071651411261243,38.995585714782479],[107.077761766255904,38.965846387940687],[107.08000987248839,38.935801101795114],[107.078379141816555,38.905733669754021],[107.072889607577153,38.875927760454836],[105.991101698899811,34.283812851907108],[105.982700542444135,34.254317423344411],[105.970761054888172,34.22561707584466],[105.955400262550313,34.197984167382344],[105.936767218159176,34.1716806705221],[105.915041477782381,34.14695572216003],[105.890431312326456,34.124043301931614],[105.86317167345716,34.103160059462603],[105.833521935077712,34.08450330907408],[105.801763432534543,34.068249208884289],[105.768196822528893,34.054551139502003],[105.733139287327802,34.043538295686922],[105.696921607323731,34.03531450247997],[98.966774236804397,32.577924444025086]]]}},
{"type":"Feature","properties":{"admin_unit_id":"admin.han140.liangzhou.anding","display_name":"安定郡","geometry_status":"synthetic_proxy","historical_claim":false,"confidence":"technical_only"},"geometry":{"type":"Polygon","coordinates":[[[101.757821025197245,32.572926426633053],[101.722402756366378,32.567199817226346],[101.686483848418263,32.564254894567036],[101.650387044585401,32.564118150206866],[101.614436631427097,32.566790814191982],[101.578955625523761,32.572248844330637],[101.544262969586697,32.58044313600255],[101.510670758828383,32.591299950902432],[101.478481518393494,32.604721561422039],[101.447985552566948,32.620587105701965],[95.54088189123253,35.749806937370934],[95.508439647504645,35.767373203474506],[95.478375952831527,35.787389081649906],[95.45099041169442,35.80965632716584],[95.426556795173539,35.833954226606011],[95.405320301301686,35.860041733432602],[95.387495064603158,35.887659808193078],[95.373261941126216,35.916533942662333],[95.362766593895358,35.946376845238184],[95.356117901986821,35.97689126305761],[95.35338671433081,36.007772914606136],[95.354604966845116,36.038713505075322],[95.685121508836332,39.106171347723951],[95.690281359728672,39.135431416875981],[95.699127253444701,39.1641893458794],[95.711582852448856,39.192183270583243],[95.727538609304148,39.21915797966777],[95.746852631085545,39.244867268879496],[95.769351857683418,39.269076222697883],[95.794833547455156,39.291563401069318],[95.823067060019795,39.312122909409368],[95.853795922286281,39.330566330904958],[95.886740160131197,39.346724501251344],[95.921598874570392,39.360449107330211],[95.958053037879466,39.371614092962837],[95.99576848198555,39.380116856748785],[96.034399048652276,39.385879229096837],[96.073589868578168,39.388848217851631],[96.112980734587069,39.388996514378711],[106.936116732107948,38.592065424639877],[106.976827026185532,38.585724178798493],[107.01646793971274,38.57627517320546],[107.054625773560204,38.563817168718231],[107.09090285157707,38.548480316983969],[107.124921777787662,38.530424753278915],[107.156329447922488,38.509838869153938],[107.184800769141503,38.486937285888402],[107.210042046591553,38.461958553143475],[107.231794000766357,38.435162600189791],[107.249834385363741,38.406827969625404],[107.263980181319326,38.377248865577585],[107.274089348795442,38.346732049983778],[107.280062124984042,38.315593621672683],[107.592142370067194,35.708662218263598],[107.593756362791794,35.679149355129226],[107.591788914852359,35.649649359886887],[107.586261944226806,35.620430398238433],[107.57722958743102,35.591757795017379],[107.564777567689958,35.563891637976738],[107.549022287077676,35.53708443877958],[107.530109655430053,35.51157887144474],[107.508213670626105,35.487605607501813],[105.409490446471693,33.329006424800994],[105.384310808208554,33.304808204942518],[105.356239507698717,33.282813652457108],[105.325568872833159,33.263250233993496],[105.292617379753878,33.246320134124566],[105.257726381580525,33.23219821685921],[105.221256635026393,33.221030266812996],[105.183584657598701,33.212931525836339],[101.757821025197245,32.572926426633053]]]}},
{"type":"Feature","properties":{"admin_unit_id":"admin.han140.liangzhou.beidi","display_name":"北地郡","geometry_status":"synthetic_proxy","historical_claim":false,"confidence":"technical_only"},"geometry":{"type":"Polygon","coordinates":[[[100.337134333796271,33.339750846011817],[100.305119983859015,33.324402322589627],[100.271431436480199,33.311641891900528],[100.236384776076775,33.301589124259294],[100.200308389502823,33.294338182524825],[100.1635399771788,33.289956965809402],[100.12642349182083,33.288486492720153],[100.089306028818726,33.289940529050995],[100.052534692387255,33.294305462883997],[100.016453461649476,33.301540428091705],[99.981400080810985,33.311577675260033],[99.947702997549825,33.324323187083955],[99.915678373671511,33.33965753332798],[99.885627191951997,33.357436958501609],[99.857832482894963,33.377494693479214],[99.832556694843461,33.399642480405277],[99.810039230482971,33.423672298378534],[99.790494172225365,33.449358275612433],[99.774108218241167,33.476458772037383],[99.761038849980721,33.504718614656319],[99.751412750862841,33.533871466405607],[99.745324494387191,33.563642307823457],[99.742835518220019,33.593750009511176],[99.743973398796172,33.623909972202441],[99.748731438662972,33.653836810260394],[99.757068576164116,33.683247053619596],[101.753172406633865,39.018023912091707],[101.766510364279867,39.046199281124466],[101.78340758916093,39.073273188736167],[101.803709453870752,39.098991785520376],[101.827228849731668,39.123113662231788],[101.853747847029268,39.14541215973896],[101.883019673176221,39.165677546938426],[101.91477099255826,39.183719043900901],[101.948704467760024,39.19936666882402],[101.984501577952102,39.212472888969934],[102.021825666532635,39.222914057656141],[102.060325186742318,39.230591621528752],[102.099637110993882,39.235433084749772],[102.139390467150804,39.237392719344051],[102.179209963018948,39.236452013739125],[102.218719658932031,39.232619854447741],[102.257546647552743,39.22593243884323],[102.295324699897478,39.216452920012415],[102.33169783712593,39.204270787687804],[102.366323788804124,39.18950099221378],[102.398877300118613,39.172282821338008],[102.429053252844454,39.152778542300325],[102.456569567689783,39.131171824170977],[102.481169858883945,39.107665957640229],[105.167863514745207,36.126869817850334],[105.187468303368945,36.101481005004167],[105.2038658873511,36.074739241957865],[105.216908454980356,36.046891053245638],[105.226479535241054,36.018192899884873],[105.232494948499692,35.988908790326903],[105.234903444954909,35.959307831504724],[105.233687030001335,35.92966174338266],[105.228860978893906,35.900242360360394],[105.220473546111748,35.871319142601486],[105.208605377579062,35.843156719863011],[105.193368636384534,35.81601248971878],[105.174905854840603,35.790134291211295],[105.153388527638555,35.765758173958424],[105.129015462490287,35.743106281600184],[105.102010906017398,35.722384867215695],[105.072622463771737,35.703782456988804],[105.041118834172423,35.687468176969048],[100.337134333796271,33.339750846011817]]]}},
{"type":"Feature","properties":{"admin_unit_id":"admin.han140.liangzhou.wuwei","display_name":"武威郡","geometry_status":"synthetic_proxy","historical_claim":false,"confidence":"technical_only"},"geometry":{"type":"Polygon","coordinates":[[[95.354195107527474,32.720419412227265],[95.321004414918676,32.705215314897053],[95.286132047197043,32.692798342360121],[95.249925545673094,32.683292137639697],[95.21274529115729,32.676791326026631],[95.174961022349237,32.673360600243868],[95.136948276938625,32.673034095634904],[95.099084785031664,32.675815060687817],[95.06174684459755,32.681675825688089],[95.025305708657157,32.690558069766013],[94.990124013918106,32.702373384075216],[94.956552280492019,32.717004126317811],[94.924925512200304,32.7343045593285],[94.895559926764975,32.754102263951729],[94.868749844866144,32.776199814008102],[94.844764766593542,32.800376698756118],[94.823846663194061,32.826391475931992],[94.806207511175288,32.853984136204943],[94.792027094733086,32.882878657741657],[94.781451101082979,32.912785727546321],[94.774589531559016,32.943405604360123],[94.771515449264854,32.974431096186805],[94.772264081597953,33.005550623988455],[95.197642657877154,37.672725782476384],[95.202724110602404,37.70379040454376],[95.211881328740546,37.73430268605231],[95.225025261660065,37.763949789501488],[95.242025560587393,37.792427383131596],[95.262711743979523,37.819442800543712],[95.286874801503487,37.84471809334174],[96.954350118561834,39.373161700102557],[96.981873149597831,39.395400616218879],[97.01218238382701,39.415509423508929],[97.044986706454537,39.433293475957733],[97.079970156617037,39.448580490977676],[97.116795012925294,39.461222271184532],[97.155105121687427,39.471096189652286],[97.194529432437363,39.478106421832798],[104.639440013372592,40.296794974434704],[104.679999861269124,40.298608322465327],[104.720605483607983,40.29748685890344],[104.760869275631407,40.293441298710029],[104.800407017108597,40.286510290548122],[104.838841671969675,40.2767600327183],[104.875807107044295,40.264283615960061],[104.910951688495885,40.24920010062776],[104.943941716477909,40.231653338730034],[104.974464661065156,40.211810554127105],[105.00223216556526,40.189860696770097],[105.02698278681423,40.166012589203689],[105.048484445917282,40.140492885608246],[105.066536567020037,40.113543865408815],[105.080971885989925,40.085421084912319],[105.958827700677617,38.030906967559055],[105.968985074941926,38.001489530933014],[105.975303306970147,37.971453533942785],[105.977725874452403,37.941089472094028],[105.976234053542854,37.910690658159737],[105.970846919640707,37.880550383811411],[105.961620983469643,37.850959095195094],[105.948649472865782,37.822201609361876],[105.932061273773755,37.794554397561733],[105.912019546663615,37.768282960296446],[105.888720036920034,37.743639317732494],[105.86238909972927,37.720859637622887],[105.833281461620984,37.700162021302361],[105.801677742137144,37.681744466627926],[105.767881760134728,37.66578302495445],[98.762977046800117,34.385995028270763],[98.747071123276172,34.378190408072953],[95.354195107527474,32.720419412227265]]]}},
{"type":"Feature","properties":{"admin_unit_id":"admin.han140.liangzhou.zhangye","display_name":"张掖郡","geometry_status":"synthetic_proxy","historical_claim":false,"confidence":"technical_only"},"geometry":{"type":"Polygon","coordinates":[[[96.777556721420794,32.376851979425609],[96.740328312726959,32.373735350763184],[96.702908404764329,32.373651451934144],[96.665659964384361,32.376601097814927],[96.628944352178593,32.382555638339348],[96.593117935151525,32.391457228529774],[96.558528739476515,32.403219374000258],[96.525513170485411,32.417727747397606],[96.494392826920205,32.434841268967681],[96.465471436279131,32.454393442182123],[96.439031937798063,32.476193933140713],[96.415333739191993,32.500030380293772],[96.394610172709463,32.525670418915233],[96.377066175290551,32.552863902717306],[96.362876216629999,32.581345303047783],[96.352182497698323,32.610836264267995],[96.345093440730381,32.641048292195222],[95.394224947491921,37.786554525099191],[95.390275066757567,37.815991305650179],[95.390016031025752,37.845582209343263],[95.393454512979929,37.875056968798788],[95.400563349375929,37.904146059992193],[95.41128163385099,37.932583173743012],[95.425515125287689,37.960107669175123],[95.443136973484911,37.986466986046217],[95.463988760562643,38.011418992817646],[95.487881853020099,38.034734247555356],[95.514599055732603,38.056198149232117],[95.543896555470852,38.075612957748675],[95.575506137825414,38.092799662012247],[95.60913765779307,38.107599676702165],[95.644481740804721,38.119876349910506],[95.68121268772633,38.129516265654907],[95.718991554418452,38.136430327305675],[106.584720062257446,39.23768538958285],[106.625748766350213,39.23856065655211],[106.666688672878166,39.23635768839025],[106.707129553680545,39.231098573467555],[106.74666636399435,39.222836034665413],[106.784903441955052,39.211652880509362],[106.821458597563307,39.197661144086709],[106.855967043657145,39.18100091999289],[106.888085124027214,39.161838913060208],[106.917493797100079,39.140366715899575],[106.943901837500178,39.116798835276853],[106.967048722183492,39.091370490012032],[106.986707172601569,39.064335205396851],[107.002685329386594,39.035962231052814],[107.014828541228056,39.006533810684935],[107.023020754826092,38.976342333319515],[107.027185497946732,38.945687396357371],[107.027286452577002,38.914872811133108],[107.023327619896378,38.884203581672708],[106.025966076022357,33.419571395860842],[106.019017404789281,33.389600884364974],[106.008481999300798,33.360326526204382],[105.994465124202137,33.332030220783849],[105.977105158343392,33.30498418643446],[105.956572144436223,33.279448372895885],[105.933066057101868,33.255667999482284],[105.906814809320238,33.233871240819894],[105.878072018759227,33.21426708043689],[105.847114556654375,33.197043350763295],[105.814239902851568,33.182364976275018],[105.779763331352186,33.170372434611977],[105.744014951246527,33.161180448529123],[105.707336628317378,33.154876919514891],[105.670078812874294,33.151522111844578],[96.777556721420794,32.376851979425609]]]}},
{"type":"Feature","properties":{"admin_unit_id":"admin.han140.liangzhou.jiuquan","display_name":"酒泉郡","geometry_status":"synthetic_proxy","historical_claim":false,"confidence":"technical_only"},"geometry":{"type":"Polygon","coordinates":[[[105.423011943447676,32.980858261084585],[105.425525459750446,32.950942547276384],[105.424489992973179,32.920967426580354],[105.419919117791281,32.891212423807332],[105.411859266908181,32.861954736864789],[105.400389157340058,32.833466665244451],[105.385618925736097,32.806013093736809],[105.36768898555826,32.779849053907157],[105.346768620952545,32.755217384835866],[105.323054333869905,32.732346513444746],[105.296767962449735,32.711448373417213],[105.268154589881959,32.692716480291629],[105.2374802639374,32.676324178782671],[105.205029548126305,32.662423076776882],[105.171102926039765,32.651141678774607],[105.136014080875029,32.6425842298178],[105.100087072471069,32.63682977916762],[105.063653434409787,32.633931471184404],[105.027049213892226,32.633916069023257],[104.990611977195769,32.636783714901981],[104.954677803571556,32.642507928827484],[104.919578290457736,32.651035845790389],[104.885637592867909,32.66228868956204],[104.853169519761849,32.676162479357153],[97.631925331785396,35.786260827871629],[97.59544293383945,35.802252505257137],[97.561303258527801,35.821176316225596],[97.529887662969827,35.842821818084829],[97.501548062369309,35.866948123185637],[97.476603014182757,35.893286510731485],[97.455334125065534,35.92154335006596],[97.075421871863966,36.488434832655649],[97.059159917914798,36.515603798621491],[97.046340049495043,36.543867146088587],[97.037085731866654,36.572961118953835],[97.031487488729042,36.602613914857052],[97.029601912683503,36.63254820191996],[97.031450981032748,36.66248369812206],[97.501136558644745,40.259709559698884],[97.507135084450326,40.289256665915794],[97.516950974559876,40.318238891409862],[97.530497226170112,40.346386170004678],[97.547651689164482,40.373435887510368],[97.568258062593415,40.399135364028027],[97.592127231697077,40.423244253925056],[97.619038937500434,40.445536839250138],[97.648743766899557,40.465804193020887],[97.6809654470146,40.483856189787232],[97.715403423492617,40.499523342144499],[97.751735698487622,40.512658443446014],[97.789621900316376,40.523137998827337],[97.828706553373507,40.530863428790013],[97.868622513872168,40.53576203197278],[97.908994534432523,40.537787696332863],[97.949442918536491,40.536921350730402],[100.476707044792889,40.368038573778961],[100.49961348688467,40.365812426551365],[101.345341012239999,40.263111937472821],[101.388394102429245,40.255984988409338],[101.430184076909384,40.245523870233555],[101.470241221461791,40.231846423263271],[101.508115997034622,40.215106636542885],[104.400241777535442,38.717592766436169],[104.433272592881721,38.697757783745196],[104.463412377570947,38.675452898702851],[104.490341434176031,38.650916773282631],[104.513775244483867,38.624411688586456],[104.533467440254839,38.596220673717134],[104.549212323105223,38.566644420575301],[104.560846911002074,38.535998020876967],[104.568252495664822,38.504607563127266],[105.423011943447676,32.980858261084585]]]}},
{"type":"Feature","properties":{"admin_unit_id":"admin.han140.liangzhou.dunhuang","display_name":"敦煌郡","geometry_status":"synthetic_proxy","historical_claim":false,"confidence":"technical_only"},"geometry":{"type":"Polygon","coordinates":[[[100.583327342917741,32.69445002400623],[100.546763289924669,32.689905326816231],[100.509834672919155,32.688287256579081],[100.472888648348828,32.689611042707824],[100.436272530663757,32.693864225675341],[100.400330639268432,32.70100677075289],[100.365401168719373,32.710971433602019],[100.331813106603732,32.723664374786345],[100.299883223457357,32.738966018257521],[100.269913158948853,32.756732146872842],[100.242186628354361,32.776795226032803],[100.216966773052491,32.798965944587479],[100.194493678356011,32.823034960267968],[100.174982081436909,32.848774835058805],[100.158619291364843,32.875942144155069],[100.145563342334199,32.904279740458492],[100.135941399973419,32.933519154973169],[100.129848439184144,32.963383111986147],[100.127346210225056,32.993588136575653],[100.128462507718126,33.023847230803781],[100.133190754905741,33.053872593941271],[100.141489912822465,33.083378361261424],[100.153284721075963,33.112083335350768],[100.168466273676955,33.139713683536023],[105.265494595281638,40.461762157722092],[105.287940811217752,40.48762095990277],[105.313755382111253,40.511706963488933],[105.34268609159632,40.533781732089096],[105.374449117650784,40.553626515549581],[105.408731809703809,40.571044478610162],[105.445195789535674,40.585862713740966],[105.483480344416407,40.597934015142549],[105.523206076438171,40.607138393376729],[105.563978767959185,40.613384312914782],[105.605393419601612,40.616609638004526],[105.647038414424912,40.61678227562264],[105.688499759808366,40.6139005078387],[105.729365357280216,40.607993009611896],[105.769229250062708,40.599118551807152],[105.807695798475493,40.587365392987046],[105.844383734544522,40.572850367241216],[105.878930049164026,40.555717678894084],[105.910993667901437,40.536137418320983],[105.940258874940596,40.514303816248216],[105.966438448637547,40.490433256767972],[105.989276476609504,40.464762071822449],[106.008550823077925,40.437544142076753],[106.024075226225236,40.409048330884417],[106.03570100848232,40.379555779444253],[107.419177206812549,35.818709368445418],[107.425686484418605,35.789278440375327],[107.428552251730025,35.759491432771227],[107.427752001066295,35.729625663123876],[107.423297364583988,35.699958875997723],[107.4152338507416,35.670766663068648],[107.403640270580127,35.642319914336703],[107.38862786467763,35.614882323601741],[107.370339143990506,35.588707970403632],[107.348946459844697,35.564038999581577],[107.324650320094619,35.54110341841384],[107.297677469938307,35.520113029983804],[107.268278757085014,35.501261519997449],[107.236726801941174,35.484722712769603],[102.320214702205135,32.993889215274088],[102.287011516876163,32.977749024005838],[102.25198462538043,32.964428472782174],[102.215492285460058,32.9540636411473],[102.177907227808632,32.946760372777078],[100.583327342917741,32.69445002400623]]]}},
{"type":"Feature","properties":{"admin_unit_id":"admin.han140.liangzhou.zhangyeshuguo","display_name":"张掖属国","geometry_status":"synthetic_proxy","historical_claim":false,"confidence":"technical_only"},"geometry":{"type":"Polygon","coordinates":[[[101.497977205111269,34.591563963539819],[101.469186553016172,34.572624839708823],[101.438265054059713,34.555970948500466],[101.405496636036133,34.541754631963599],[101.371181596892157,34.530105864544787],[101.335633913100622,34.521131098717248],[101.299178443281562,34.514912321199887],[101.262148049184916,34.511506327111398],[101.224880656293976,34.510944217674336],[101.187716276399513,34.513231125337185],[101.150994014544395,34.518346168425246],[101.115049082758233,34.526242635668069],[101.080209842993284,34.536848399187583],[101.046794901634982,34.550066552770446],[101.015110277887999,34.565776270497352],[100.98544666821644,34.583833879063832],[100.958076828831352,34.604074135410258],[100.933253097946164,34.626311699587852],[100.911205079140089,34.650342791133113],[100.892137506651125,34.675947015611911],[97.62561140333608,39.254403306750774],[97.606903389392571,39.281984817613143],[97.591943231534231,39.310828434711119],[97.580884010777567,39.340647618378455],[97.573840487282141,39.371145773684837],[97.570887782769631,39.402019168361967],[97.572060440251065,39.432959936070219],[97.577351877904974,39.463659136261683],[97.586714250518639,39.493809840733377],[97.600058728025743,39.523110216065554],[97.617256196377184,39.551266570538026],[97.638138381303037,39.577996333844524],[97.66249939052814,39.603030938010235],[97.863621996435398,39.78870001626948],[97.889197490508622,39.810117440170366],[97.917333708681994,39.82967547925611],[97.947789483257822,39.847205061265853],[97.980303030071411,39.862554527346347],[98.014594224435442,39.875590985302892],[98.050367059335443,39.886201498775669],[98.087312262803479,39.894294100332409],[98.125110049199222,39.899798618153888],[107.046423174540607,40.575546892765573],[107.087892423080888,40.575768161983071],[107.129186852159108,40.572957198796246],[107.169899014505475,40.567141769221706],[107.209627421742411,40.558379305608312],[107.247980643901002,40.546756316643993],[107.284581292027497,40.532387499815847],[107.319069838374489,40.515414566793929],[107.351108231312011,40.496004795505051],[107.380383265378811,40.474349325726337],[107.406609670737069,40.450661217810165],[107.429532890591574,40.425173296617565],[107.448931519780643,40.398135804853233],[107.464619382626481,40.369813891748727],[107.476447233135545,40.340484964411999],[107.484304065655962,40.310435930159436],[107.488118029028385,40.279960358769038],[107.487856942019874,40.249355593860372],[107.48352841232726,40.218919842534824],[107.47517956561839,40.188949272023429],[107.462896394895708,40.159735141419659],[106.408747533657191,37.96172828967218],[106.394953703362987,37.935828478456386],[106.378166573649892,37.910982407400887],[106.358525129499512,37.887391521131342],[106.336191062549105,37.8652469039328],[106.311347404297649,37.844727763122201],[106.284197005239889,37.826000011809001],[101.497977205111269,34.591563963539819]]]}},
{"type":"Feature","properties":{"admin_unit_id":"admin.han140.liangzhou.zhangyejuyanshuguo","display_name":"张掖居延属国","geometry_status":"synthetic_proxy","historical_claim":false,"confidence":"technical_only"},"geometry":{"type":"Polygon","coordinates":[[[100.190345836291598,37.334014538378675],[100.190320486685494,37.303631239684151],[100.186428816247101,37.273396088756449],[100.178712806679059,37.243599911430948],[100.167251001225779,37.214528976234043],[100.152157586872988,37.186462264678163],[100.133581150318491,37.159668823144685],[100.111703125084375,37.134405220315671],[100.086735949224334,37.110913132743931],[100.058920954819527,37.089417079636107],[100.028526011876451,37.07012232629134],[99.995842950370871,37.053212973906895],[99.961184785058052,37.038850251652271],[99.924882768328189,37.027171025040268],[99.887283296863856,37.018286532701772],[99.84874469819043,37.012281361712049],[99.809633923433509,37.009212669628269],[99.770323172738088,37.009109659392927],[99.731186479887654,37.01197331123489],[99.692596282704116,37.017776373672461],[99.654920005822731,37.026463613689117],[99.618516682424982,37.037952324118471],[99.583733641471468,37.052133084246613],[99.55090328689694,37.068870767617916],[99.520339995093806,37.088005789022098],[99.492337156793539,37.109355580652633],[99.467164389130417,37.132716285464141],[99.445064943204827,37.157864653831957],[99.426253331818828,37.184560127740916],[99.410913201196479,37.212547094914427],[99.399195469389767,37.241557293558984],[99.391216752672065,37.271312346758805],[99.387058099504301,37.301526404031883],[99.38676404959989,37.331908866176114],[99.390342033195125,37.362167168317171],[99.397762122845293,37.392009595042246],[99.408957146916933,37.421148100695149],[99.423823170448529,37.449301107343636],[99.442220345235953,37.476196252633493],[99.463974126905953,37.501573059742341],[99.488876852429414,37.525185501954859],[99.516689667060831,37.546804435021357],[99.547144785154856,37.566219871438896],[99.579948064790045,37.583243072116673],[99.614781871721362,37.59770843255037],[99.651308203984385,37.609475142624682],[99.689172044584524,37.618428601469084],[99.728004906219041,37.624481571386156],[99.767428528987665,37.627575057718197],[99.807058689626359,37.627678904575419],[99.846509079012918,37.624792099574016],[99.88539520359187,37.618942784069269],[99.9233382659786,37.610187968765956],[99.959968980339568,37.598612957985686],[99.994931279198966,37.584330489215695],[100.027885870060999,37.567479597795746],[100.058513602616472,37.548224219672363],[100.086518610257357,37.526751548011539],[100.111631193076533,37.503270162073385],[100.133610413394976,37.478007949079817],[100.152246379038786,37.451209841822426],[100.167362193985909,37.423135396444941],[100.178815560518032,37.394056236179942],[100.186500021551282,37.364253387821591],[100.190345836291598,37.334014538378675]]]}},
{"type":"Feature","properties":{"admin_unit_id":"admin.han140.bingzhou.shangdang","display_name":"上党郡","geometry_status":"synthetic_proxy","historical_claim":false,"confidence":"technical_only"},"geometry":{"type":"Polygon","coordinates":[[[110.710661676193325,35.08499757358647],[110.672036079921938,35.080225309549306],[110.633004849598748,35.0785247456459],[110.593954030931272,35.079912711708261],[110.555269856487371,35.084375471641934],[110.517335060527557,35.091868854886592],[110.480525222219441,35.10231867932103],[110.445205167094528,35.11562146210477],[110.411725456524465,35.131645412538184],[110.380418994848057,35.150231698630968],[110.351597783548087,35.171195976700446],[110.325549851527967,35.194330170989183],[110.302536390035357,35.219404488005971],[110.282789120085511,35.246169648068893],[110.266507919306264,35.274359314382174],[110.253858733918676,35.303692697924284],[110.244971800041412,35.333877314491552],[110.239940196625781,35.364611868444989],[110.238818750062165,35.395589236081825],[110.361616917662019,39.667220680102943],[110.364681119433229,39.698419193802287],[110.371947828185796,39.729228523060669],[110.383348009937734,39.759333980861861],[110.398770045790641,39.788427668210467],[110.418060681828123,39.816211655463881],[110.441026429162733,39.842401076306174],[110.46743540668669,39.866727100542519],[110.497019613267653,39.888939752603726],[110.529477610202804,39.908810543812478],[110.564477588824673,39.926134888082373],[110.601660792375412,39.940734272796881],[110.64064525576849,39.952458159135972],[110.681029821779632,39.961185589057045],[110.722398387683384,39.966826479460984],[113.669229147619035,40.221275707495991],[113.709147596894283,40.222841846092017],[113.749084671260235,40.221561862871219],[113.788670667529686,40.217447617587084],[113.827539253418209,40.210537226465938],[113.865330980428496,40.2008946949326],[113.901696721580606,40.188609301473633],[113.936300996881343,40.173794739461954],[113.968825151148408,40.156588026397102],[113.998970351040683,40.137148192495594],[114.026460370837739,40.115654762855961],[114.051044139594879,40.092306049495704],[114.072498025696262,40.067317271384994],[114.090627838461401,40.040918522164759],[114.10527053024596,40.013352606525729],[114.116295586337287,39.984872767230186],[114.123606093800333,39.955740325482253],[114.376000699144242,38.565162929014448],[114.379589429083566,38.52998339052094],[114.446866976975258,35.90721198906764],[114.445607266426308,35.875752207813647],[114.440286724563123,35.844554622464962],[114.430965045073506,35.813940965345338],[114.417742882891304,35.784226586860065],[114.40076063603405,35.755717234235178],[114.380196839874714,35.728705942137303],[114.356266196636994,35.703470065231407],[114.329217265443972,35.680268480858842],[114.299329840344043,35.659338987958925],[114.266912045424974,35.640895926139727],[114.232297177448771,35.6251280364582],[114.195840327447698,35.612196583019987],[114.157914813463876,35.602233751976712],[114.11890845714349,35.595341341902284],[110.710661676193325,35.08499757358647]]]}},
{"type":"Feature","properties":{"admin_unit_id":"admin.han140.bingzhou.taiyuan","display_name":"太原郡","geometry_status":"synthetic_proxy","historical_claim":false,"confidence":"technical_only"},"geometry":{"type":"Polygon","coordinates":[[[110.826710625048861,35.258743569360334],[110.788696799036273,35.26033070204597],[110.751053695046238,35.26481819574223],[110.714132886296483,35.272164125654719],[110.678279436366097,35.282299847324211],[110.643828778328185,35.295130617382263],[110.611103668251886,35.310536451378539],[110.580411237332314,35.328373211912272],[110.55204016672576,35.348473918422336],[110.526258008898225,35.370650268138711],[110.50330867890905,35.394694355882919],[110.483410138520355,35.420380578632717],[110.466752295312816,35.447467709053086],[110.453495138069542,35.475701120551548],[110.443767128529814,35.504815144858568],[110.437663868184387,35.534535541681592],[109.931509067554231,38.928370316379336],[109.928794015038932,38.957870136349875],[109.929823799122545,38.987431121646154],[109.934593453719401,39.016783744539843],[109.943063806430175,39.045660048816465],[109.955161678311029,39.073796106124242],[109.97078040306225,39.10093444716118],[109.989780666387873,39.126826444681456],[110.01199166285339,39.151234625333906],[110.037212563976126,39.173934887632242],[110.065214287577504,39.194718603902686],[112.640455492154416,40.86839037503929],[112.674253940186674,40.887472936886944],[112.710514257414772,40.903941487514437],[112.748864007862366,40.917626020451245],[112.788908487342908,40.928385172831575],[112.830234890487986,40.936107739974268],[112.872416696323057,40.940713869462861],[112.915018220430056,40.942155920001007],[112.957599278882284,40.940418974388436],[112.999719907201609,40.935521000228938],[113.04094507663001,40.927512656364506],[113.080849350054336,40.916476747451341],[113.119021420973581,40.902527333468413],[113.155068480921258,40.885808505200437],[113.188620363691669,40.8664928407863],[113.219333418483259,40.844779562200671],[113.246894068557737,40.820892413983337],[113.271022017096442,40.795077289591404],[114.360077382681013,39.465839002613379],[114.379138505706464,39.439215991655615],[114.394634576055722,39.411328023584403],[114.406421659443012,39.382441530999316],[114.41439166777846,39.35283215393914],[114.418473234473737,39.322782080851489],[114.418632224671498,39.29257733980748],[114.414871882043997,39.262505066625458],[114.407232617564958,39.23285077626506],[113.300483538783851,35.667538958734674],[113.28935062741887,35.637051417855943],[113.274324115483424,35.607617760534744],[113.255565205195538,35.579545385317942],[113.233273464166714,35.55312716673162],[113.207684617087864,35.528638448888977],[113.179067995665847,35.506334230158856],[113.147723676560091,35.486446565409963],[113.113979338675719,35.469182209920817],[113.078186872409944,35.454720526495656],[113.040718774378462,35.443211674675098],[113.001964361822502,35.434775098199147],[112.017162331537662,35.258245140047869],[111.970011315122065,35.251949681465661],[111.922245370630904,35.250228905534769],[110.826710625048861,35.258743569360334]]]}},
{"type":"Feature","properties":{"admin_unit_id":"admin.han140.bingzhou.shang","display_name":"上郡","geometry_status":"synthetic_proxy","historical_claim":false,"confidence":"technical_only"},"geometry":{"type":"Polygon","coordinates":[[[113.867724520058204,36.30218670524841],[113.864044521699114,36.272254803367957],[113.856666300714977,36.242741925595595],[113.845663440000905,36.213925732574261],[113.831143305497903,36.186077034537],[113.813245899379183,36.159457272540678],[113.792142425740167,36.134316097070368],[113.768033586447928,36.110889065166162],[113.741147626420442,36.089395475853394],[113.711738148933975,36.070036362173113],[113.680081722623527,36.052992656530741],[113.646475302676237,36.038423544424973],[113.611233489353651,36.026465019900932],[113.574685647447851,36.017228654301498],[113.537172910610465,36.010800588086241],[113.499045094722277,36.007240753648155],[113.460657544620162,36.006582335202815],[113.422367938589161,36.008831469948689],[111.152396857837061,36.208179900601714],[111.114008458265701,36.212685907238424],[111.076361754266344,36.220091542139798],[111.039813790434792,36.230326598967103],[111.00471155563045,36.243294016464539],[110.971388785959519,36.258870769005583],[110.940162872138146,36.276908997288302],[110.911331896835378,36.297237370124115],[110.885171827317862,36.319662666313633],[110.861933888316571,36.343971563687667],[110.841842139475517,36.369932620519165],[110.825091280990819,36.397298432699607],[110.811844710066239,36.425807948330728],[110.802232849568952,36.455188919731448],[110.172878541392251,38.791510978769516],[110.167236761863407,38.817093289701837],[110.164446959706964,38.84294253860201],[110.121411921436447,39.657690525717811],[110.121844465157892,39.688805526883044],[110.126456801316195,39.719731904907349],[110.135207546623135,39.750157367238216],[110.148013262141831,39.779774276175409],[110.164749099841998,39.808282783697805],[110.185249887026799,39.835393902650104],[110.209311644925677,39.860832481480344],[110.236693532300592,39.884340050132273],[110.267120199287291,39.905677505530107],[110.300284530999548,39.924627606359429],[110.335850754780665,39.94099724855058],[110.373457879524622,39.954619495007378],[110.997401374445147,40.150361599216062],[111.037704501947758,40.161105160193372],[111.079287411288405,40.168717023066179],[111.121708006203988,40.17311613306979],[111.164514949954878,40.174255633993489],[111.207252641039517,40.17212338719942],[111.249466242548536,40.166742106145442],[111.290706701896383,40.158169104691702],[111.330535697840446,40.146495662409116],[111.368530452995856,40.131846014987623],[111.404288352438684,40.114375982568355],[113.844730254793319,38.736756889019482],[113.874635515772312,38.717478717143827],[113.901943810570287,38.69611779438285],[113.926404024481684,38.672872412114074],[113.947792099618056,38.647958155092482],[113.965913057418589,38.621605855114446],[113.980602723614567,38.594059408676479],[113.99172914249651,38.565573480863918],[113.999193671191534,38.536411118490413],[114.002931748451417,38.506841296014478],[114.002913336113252,38.477136417993776],[113.867724520058204,36.30218670524841]]]}},
{"type":"Feature","properties":{"admin_unit_id":"admin.han140.bingzhou.xihe","display_name":"西河郡","geometry_status":"synthetic_proxy","historical_claim":false,"confidence":"technical_only"},"geometry":{"type":"Polygon","coordinates":[[[111.266866648900233,35.175614365334184],[111.234718354567249,35.156507162694211],[111.200278977212378,35.140104186520745],[111.163909757230357,35.126576952775402],[111.125991466196581,35.116066832331434],[111.086920520389256,35.10868361787184],[111.047104958254579,35.104504412779157],[111.00696031757326,35.103572851821859],[110.966905448260192,35.105898660478118],[110.927358296823428,35.111457556751517],[110.888731698548042,35.120191496335906],[110.775771360077755,35.150703323937641],[110.738929192395872,35.162308722391366],[110.703747062362723,35.176798685282677],[110.670583723727447,35.194025796323388],[110.639778026136128,35.213814693378175],[110.61164551217135,35.235963803821882],[110.586475216958945,35.260247344495802],[110.564526701407218,35.286417568540166],[110.546027349273757,35.314207238938415],[110.53116995710127,35.343332306262411],[110.520110644577983,35.373494765877538],[110.512967111014717,35.404385667779984],[109.980186627346114,38.493695244528887],[109.976743030272729,38.523767234481213],[109.977178064109708,38.553950824560836],[109.981492249560915,38.583959203836869],[109.989649150034737,38.613506874609058],[110.001575544446567,38.64231237841112],[110.017161959284181,38.670100996597256],[110.03626356119949,38.696607398931718],[110.058701407399809,38.721578213619047],[112.228735313747848,40.822171671303423],[112.255086569011581,40.844493694787161],[112.284222400139953,40.864862745726228],[112.315877890967357,40.883091928338132],[112.349764355824448,40.899013835914126],[112.385572001298939,40.912482137975765],[112.422972810862674,40.923372971867174],[112.461623623639966,40.93158612379225],[112.50116937573587,40.937045986452887],[112.541246470106685,40.939702282791231],[112.581486238999929,40.939530547853309],[112.621518461568414,40.936532363436925],[112.660974898407815,40.930735342916741],[112.699492804505098,40.92219286641609],[112.736718382419781,40.910983569265511],[112.772310138445462,40.897210589412772],[112.805942105988535,40.881000582078812],[112.83730690241741,40.862502512451378],[113.695926537620835,40.297510263846313],[113.722905993969263,40.277823861804549],[113.747358752064216,40.256406740171677],[113.769085229067827,40.233435807364415],[113.787908851763589,40.209100621601323],[113.8036774569523,40.18360179089975],[113.816264471009546,40.157149286795629],[114.434178084738477,38.610694344139525],[114.443009208536679,38.583715954872204],[114.448605089874263,38.556246742402749],[114.450924126383256,38.528508401404835],[114.449951246743552,38.500724545336965],[114.445697915735622,38.473118900359296],[114.159091082796465,37.111926721024091],[114.151478105200638,37.083645192111454],[114.140491509222258,37.056033636516354],[114.126230169339607,37.029331545710782],[114.108820996278979,37.003770280581449],[114.088417737636135,36.979571094912892],[114.065199564589747,36.956943252766564],[114.039369459474813,36.936082254633426],[114.011152419950392,36.91716818615506],[111.266866648900233,35.175614365334184]]]}},
{"type":"Feature","properties":{"admin_unit_id":"admin.han140.bingzhou.wuyuan","display_name":"五原郡","geometry_status":"synthetic_proxy","historical_claim":false,"confidence":"technical_only"},"geometry":{"type":"Polygon","coordinates":[[[112.873240651504219,35.290134532894101],[112.854633734468322,35.264240997466175],[112.832982006142657,35.239876254138679],[112.808486944678421,35.217264023819965],[112.781375545385174,35.196611760825547],[112.751898201781529,35.178108791329741],[112.720326398861374,35.161924619696293],[112.686950239518367,35.148207416329072],[112.652075825615867,35.137082699078199],[112.616022515591709,35.128652218587092],[112.579120080773578,35.122993056281381],[112.541705782777768,35.120156941986522],[112.504121394492202,35.120169796429508],[112.466710187223342,35.123031502132825],[112.429813906628169,35.128715904452363],[112.393769760064956,35.137171042752222],[112.358907437983987,35.148319609947372],[112.325546191937022,35.162059636890994],[112.293991991705624,35.17826539633564],[110.1636683051521,36.354448803048953],[110.132995371911065,36.372630821893956],[110.104711906864424,36.393037294094135],[110.079083717988155,36.415477838525597],[110.056352462744897,36.439742929608819],[110.036733357229835,36.46560580790262],[110.020413103662662,36.492824555050454],[110.007548057335853,36.521144315737487],[109.998262652949791,36.550299647792386],[109.992648108812588,36.580016980145103],[109.990761425631476,36.610017157049768],[109.992624694558501,36.640018045822693],[109.99822472676378,36.669737184348854],[110.007513014096446,36.698894443803567],[111.340896840348663,40.00028161726123],[111.356607441687061,40.031478988495863],[111.376746041062916,40.061240778837636],[111.401083920025172,40.089221174112105],[111.4293426558108,40.115094650356383],[111.461197209353955,40.138559841915985],[111.653498324046367,40.265332693497676],[111.686297992984194,40.284796374503728],[111.721583428025951,40.30171512809752],[111.758996511474166,40.315916352790069],[111.798156726758961,40.327255071207709],[111.838665122837682,40.335615463375561],[111.880108498040315,40.340912094387399],[111.92206375461916,40.343090821572183],[111.964102372385469,40.342129370085019],[112.005794947787336,40.338037569867055],[112.046715743661565,40.330857251063378],[112.086447194707574,40.320661799183874],[112.124584314492949,40.307555375466187],[112.160738951481989,40.291671811974325],[112.194543844134358,40.273173194869671],[112.225656428476029,40.252248152956639],[114.490818834539425,38.508488392616123],[114.516561780134865,38.48589019276325],[114.539299189802179,38.461513613798111],[114.558821192512411,38.435586925864996],[114.574948595473614,38.408352663850231],[114.58753446258531,38.380065316831342],[114.596465367213952,38.350988914179716],[114.601662312022953,38.321394532511547],[114.603081312455743,38.291557748040475],[114.597726851935477,37.953988512717963],[114.59544310394368,37.924692764387508],[114.589540945799456,37.89569368397747],[114.580077410021616,37.867251301695795],[114.567141207126568,37.839620364366837],[114.550851797763713,37.813048075540678],[112.873240651504219,35.290134532894101]]]}},
{"type":"Feature","properties":{"admin_unit_id":"admin.han140.bingzhou.yunzhong","display_name":"云中郡","geometry_status":"synthetic_proxy","historical_claim":false,"confidence":"technical_only"},"geometry":{"type":"Polygon","coordinates":[[[111.723163559676138,35.306203738313059],[111.689670552491165,35.292843081316967],[111.6547250644103,35.28206625343158],[111.618644417189259,35.273971002042828],[111.581755874072456,35.268630727519849],[111.544393764779443,35.26609383900756],[111.506896557758282,35.266383329960227],[111.469603901676237,35.269496576640059],[111.432853658154755,35.275405361106358],[111.396978947764808,35.284056118521811],[111.362305231285021,35.295370406901625],[111.329147448180791,35.309245595736066],[111.297807234184688,35.325555768230629],[111.268570239729613,35.344152830235103],[111.241703570790364,35.364867817280071],[111.217453373405561,35.387512389512821],[111.196042582753947,35.411880502732153],[111.177668857122256,35.437750242173564],[111.162502716397483,35.464885804202069],[111.150685903816594,35.493039609644221],[110.30127131166158,37.820740976915864],[110.291676673795479,37.852351856193984],[110.286456636488623,37.884556804211918],[110.285674046008921,37.917002594209528],[110.28934318034959,37.949332898954431],[110.803775801539018,40.659239543525715],[110.811671091121568,40.689018872691278],[110.823483665875997,40.718086966606201],[110.839104651293482,40.746164543572164],[110.858388115542198,40.77298149577593],[110.881152327372646,40.798279526992296],[110.907181384988846,40.82181468727385],[110.936227204740135,40.843359777990564],[110.968011853791651,40.862706601498203],[111.002230206244874,40.879668030981975],[111.038552897602571,40.89407987763807],[111.076629548108514,40.905802534313501],[111.116092221446394,40.914722377005234],[111.156559081653384,40.920752908197166],[111.197638207987012,40.923835628853624],[111.23893152495981,40.923940628949438],[111.28003880289485,40.921066889650199],[111.320561683205639,40.915242293608458],[111.360107682199498,40.90652334325538],[111.398294127555303,40.894994590383035],[111.434751982723299,40.880767783670763],[111.469129516308641,40.863980744053684],[111.501095775978882,40.844795980904834],[113.307899863848704,39.615335524943738],[113.336315288446059,39.593425465300932],[113.361693057684008,39.56952813944725],[113.383788209088948,39.543877178575798],[113.402388533595314,39.516723092333258],[113.417316551362319,39.488330771040538],[113.428431118354027,39.458976856389128],[113.435628652758382,39.428947008436658],[113.825429068856138,37.095419238288592],[113.828177244491869,37.069925996972962],[113.828190016344422,37.044344537679358],[113.793116934660617,36.377055887249064],[113.789842563053469,36.348013667118501],[113.783083212409096,36.319339706599024],[113.772902497416283,36.291287644590589],[113.759394028016317,36.264105354658753],[113.742680461990872,36.238032776450225],[113.722912316304985,36.213299825159389],[113.700266551196975,36.190124396260394],[113.67494494231228,36.168710481666203],[113.647172257262525,36.149246412334413],[113.617194253872455,36.131903241123013],[113.58527551807623,36.116833278422142],[111.723163559676138,35.306203738313059]]]}},
{"type":"Feature","properties":{"admin_unit_id":"admin.han140.bingzhou.dingxiang","display_name":"定襄郡","geometry_status":"synthetic_proxy","historical_claim":false,"confidence":"technical_only"},"geometry":{"type":"Polygon","coordinates":[[[113.640002863877569,35.837819604208583],[113.629544885095029,35.808470446242787],[113.615473247593428,35.780068596850057],[113.597927477334693,35.75288791731807],[113.577080084762528,35.727190226772045],[113.553134795422196,35.703222819893561],[113.526324507451264,35.681216131354248],[113.496908998228875,35.661381567314713],[113.465172403694311,35.643909522600794],[113.431420494805721,35.628967600335081],[113.395977776343202,35.616699048897118],[113.359184433801602,35.607221429120287],[113.321393154505984,35.600625522621804],[113.282965849347974,35.596974490116686],[113.244270301715346,35.596303286492933],[113.205676770294019,35.598618337334933],[113.167554572479617,35.603897479478888],[113.130268675159186,35.612090166073834],[113.094176319614135,35.623117934512479],[113.059623707255383,35.636875133488296],[113.026942772817378,35.653229903338598],[112.996448071497838,35.672025401751853],[112.968433806307814,35.693081264857561],[112.943171021569341,35.71619529168958],[112.920904988028795,35.74114533802581],[112.901852804412513,35.767691403673744],[111.82606534091299,37.414436377300525],[111.811170073938115,37.439333934502685],[111.799188716765315,37.465145200527367],[111.790217754092851,37.49166878703209],[111.081456259280088,39.962316994297893],[111.07469620039268,39.991812618790362],[111.071787973393953,40.021656321825503],[111.072763331769693,40.051570266920422],[111.07761788896471,40.081275604577201],[111.086310984205852,40.110495072758958],[111.098765890288604,40.138955595898437],[111.114870367822704,40.166390857744737],[111.134477566871411,40.192543823105574],[111.157407273111161,40.217169183558688],[111.183447491640237,40.240035702500521],[111.212356357436562,40.260928435490591],[111.243864357283542,40.279650802744783],[111.277676843827422,40.296026491834077],[111.313476818388665,40.309901170154887],[111.350927955312102,40.321143988543902],[111.389677837096613,40.329648859496039],[111.429361366379496,40.335335495788712],[111.469604318143965,40.338150197882968],[111.510026993339054,40.338066381230391],[111.550247933508402,40.335084837517797],[111.589887655057709,40.329233726885619],[111.628572361479499,40.320568301207942],[111.665937592203292,40.309170361574203],[111.701631767742796,40.29514745611116],[111.735319592439765,40.278631827180035],[111.766685278315649,40.259779119731498],[114.247098347737946,38.55455874593433],[114.274088918720892,38.533397357684372],[114.29829149534649,38.510386075112031],[114.319488509206721,38.4857343192934],[114.337490309644579,38.459666220597761],[114.352136811058912,38.432418539437613],[114.363298847531951,38.404238478984816],[114.37087922599207,38.375381411372388],[114.374813472635964,38.346108539381035],[114.375070270726624,38.316684515840322],[114.371651591108701,38.287375042967035],[114.36459251979781,38.258444473637148],[113.640002863877569,35.837819604208583]]]}},
{"type":"Feature","properties":{"admin_unit_id":"admin.han140.bingzhou.yanmen","display_name":"雁门郡","geometry_status":"synthetic_proxy","historical_claim":false,"confidence":"technical_only"},"geometry":{"type":"Polygon","coordinates":[[[113.357473558152819,35.172426245870447],[113.330009151094387,35.149841236271953],[113.299818847691739,35.129563555837876],[113.267211118308822,35.111799155381263],[113.232518273348433,35.09672833746702],[113.196093129661605,35.084503976552675],[113.158305500990565,35.075250013367757],[113.119538544140312,35.069060236591014],[113.080184992897614,35.06599736230617],[113.040643311926715,35.066092419102759],[113.001313802997615,35.069344444054089],[112.962594695968377,35.075720492149976],[112.924878256963225,35.08515595910508],[112.888546946165306,35.097555214804075],[112.85396965757441,35.112792541993699],[110.278011943760532,36.340195530479242],[110.246352316599456,36.356346272101732],[110.216793570824663,36.374765326120119],[110.189603041885789,36.395287062890169],[110.165027343830815,36.417726810680264],[110.143290137624319,36.441882475652179],[110.124590080001951,36.467536320340663],[110.109098972118957,36.494456886464292],[110.096960126399964,36.522401046522589],[110.088286968935677,36.551116167332424],[110.08316189347255,36.580342367440579],[109.90476050617788,38.122696328144841],[109.9036595292214,38.166270404300761],[110.065557127469845,40.499107051436873],[110.069685212154482,40.529073842460647],[110.077734633735474,40.558603942527988],[110.089633939656053,40.587418007077559],[110.105274913166426,40.615243113777737],[110.124513439916001,40.641815377077563],[110.147170735294452,40.666882488856373],[110.173034926123293,40.690206159322962],[110.201862975947165,40.711564432871391],[110.233382938748292,40.730753854478209],[110.267296521493691,40.747591463431149],[110.303281931615572,40.761916592713469],[110.340996981418414,40.773592454219397],[110.380082417595105,40.782507492129753],[110.420165440616628,40.788576489208218],[110.460863375817581,40.791741413456641],[110.501787455612714,40.791971995451803],[110.542546670510148,40.789266029732595],[110.582751645482361,40.783649396766066],[110.622018497847776,40.775175805238995],[114.069131862299514,39.839468442158534],[114.105458479730103,39.827491691828747],[114.140072871795411,39.81297781014873],[114.172656890152126,39.796060744837789],[114.202911695868409,39.776896516059431],[114.230560542311153,39.755661730722721],[114.255351325206163,39.732551905979349],[114.277058875786409,39.707779619663597],[114.295486976497543,39.681572507004034],[114.310470082444482,39.654171124247817],[114.321874735559604,39.625826700870618],[114.329600662275809,39.596798802802532],[114.333581549224803,39.567352929581688],[114.333785495088733,39.537758068565324],[114.140143753219803,35.98067580068367],[114.136697902893786,35.95057488891424],[114.129529219599178,35.920879826881929],[114.118710026344644,35.891872788950025],[114.104347018564198,35.863829112400424],[114.086580110448367,35.837014710116968],[114.065580985369834,35.811683582285006],[114.041551368491852,35.788075449098521],[113.357473558152819,35.172426245870447]]]}},
{"type":"Feature","properties":{"admin_unit_id":"admin.han140.bingzhou.shuofang","display_name":"朔方郡","geometry_status":"synthetic_proxy","historical_claim":false,"confidence":"technical_only"},"geometry":{"type":"Polygon","coordinates":[[[111.379270577056701,35.400351624254995],[111.341539043477397,35.402032420915262],[111.304183692678137,35.406560297244177],[111.267547142433216,35.413893713137654],[111.231965649154844,35.423965375319789],[111.19776612134973,35.436682834819514],[111.165263203941834,35.451929308812119],[111.13475645625833,35.469564720464689],[111.106527646307455,35.489426948680524],[111.080838183729327,35.511333277917068],[111.057926713443834,35.535082036564134],[111.038006891531055,35.560454410721078],[110.519620479281812,36.289552461913487],[110.502026801186986,36.317154079120641],[110.488027056417991,36.345981594078573],[110.477763475704833,36.375750513315168],[110.471341813216029,36.406166729492959],[109.990726492070948,39.5620892836697],[109.987918467492491,39.5924787170351],[109.989115433693129,39.622928117373981],[109.994310728607957,39.653143087838068],[110.003458903113668,39.682831120647762],[110.016475975630044,39.711704441576124],[110.033240071118584,39.739482822718202],[110.053592445100747,39.765896335232547],[110.077338888919627,39.7906880138015],[110.104251507854883,39.813616404948192],[110.134070858947979,39.834457972086412],[110.166508430595158,39.853009331275508],[110.201249441212298,39.869089293110626],[110.237955929678279,39.882540687991714],[110.27627010592407,39.893231954173828],[110.315817926061726,39.901058470479484],[110.356212852939834,39.905943618325999],[110.39705976006222,39.907839560745138],[110.437958934493381,39.906727729302354],[110.478510132760377,39.902619013211435],[110.518316642891349,39.895553648423245],[110.556989305630083,39.88560080799131],[110.594150448536411,39.872857898517978],[110.629437688105256,39.857449570901267],[110.662507557173143,39.839526456881231],[110.693038917672411,39.819263645966281],[112.826313575170147,38.205436834301402],[112.853483260768087,38.181942324881163],[112.877381419343337,38.156475952014901],[112.897765569793364,38.129299783275485],[114.392439900539713,35.800711265892396],[114.407661920726994,35.7727495705251],[114.41931023943205,35.743748434117528],[114.427276186857213,35.713988412560617],[114.431487015970859,35.683757089923269],[114.431906446660236,35.653346281015452],[114.428534848743624,35.62304920534028],[114.421409068550716,35.593157660084373],[114.410601907280636,35.563959219317148],[114.396221262515397,35.535734485840464],[114.37840894708728,35.508754421173713],[114.357339201962759,35.483277778002943],[114.333216921919899,35.459548658090689],[114.306275614572158,35.437794217159286],[114.276775114754116,35.41822253664877],[114.244999077460022,35.401020680529662],[114.211252273447201,35.386352953544076],[114.175857712319313,35.374359375365948],[114.139153618423236,35.365154383234341],[114.101490285264376,35.358825773629754],[114.063226834399146,35.355433891546518],[114.024727904930018,35.355011073869207],[111.379270577056701,35.400351624254995]]]}},
{"type":"Feature","properties":{"admin_unit_id":"admin.han140.youzhou.zhuo","display_name":"涿郡","geometry_status":"synthetic_proxy","historical_claim":false,"confidence":"technical_only"},"geometry":{"type":"Polygon","coordinates":[[[118.444632401122533,38.7348549656693],[118.405937333683553,38.740201855249474],[118.368091339730114,38.748316814900569],[118.331439322157962,38.759125989857608],[118.296315695111431,38.772530967337815],[118.263041422575142,38.788409640864707],[118.231921158260718,38.806617284788523],[118.203240509601002,38.826987830876377],[118.177263448431006,38.849335337217653],[118.154229890593768,38.87345563808114],[116.020506769808307,41.25590064968123],[115.999057012488706,41.281525952739244],[115.981079962832837,41.308547608492113],[115.966747156379398,41.336713872404722],[115.956196658670692,41.365762010961895],[115.949531634517086,41.395420715432117],[115.94681922323069,41.425412607267234],[115.948089736116771,41.455456813140543],[115.953336190116659,41.485271586514507],[115.9625141887431,41.514576951689598],[115.975542158342606,41.543097345542797],[115.992301944277884,41.570564231645825],[116.012639767877999,41.596718661182898],[116.036367540999223,41.621313755091471],[116.063264530832299,41.644117082145414],[116.093079363249515,41.664912908304984],[116.125532348589374,41.683504293583681],[116.160318109411961,41.69971501393055],[116.197108485519848,41.713391287198391],[116.235555687521909,41.724403284151364],[116.275295666516442,41.732646407642406],[116.315951664177561,41.738042325536867],[116.357137904727267,41.740539745640177],[116.398463388039872,41.740114923763834],[116.439535741514135,41.736771899091025],[116.479965087405503,41.730542454130422],[123.636464544747241,40.141154427564729],[123.67375693125588,40.130173241474388],[123.709445004309714,40.116576525737642],[123.743196644650595,40.100491281243279],[123.774698385756849,40.082067655357278],[123.803658378109986,40.061477493094586],[123.829809121959244,40.038912683909786],[123.852909942010328,40.014583321921059],[123.872749181121478,39.988715699146148],[123.889146093951055,39.961550152809629],[123.901952425477575,39.933338788972677],[124.330753803456687,38.796065044831472],[124.339716137299916,38.766361617569956],[124.344766488152189,38.736136976530069],[124.345860652917466,38.705684035384522],[124.342992845051825,38.675297551362945],[124.336195565007955,38.64527127075452],[124.241435135716458,38.321384827782673],[124.231098955506098,38.292558398507715],[124.217164861978702,38.264622105938585],[124.199765924855456,38.23783487074919],[124.179066836105875,38.212444690689303],[124.155262278165281,38.188686383463576],[124.12857504021585,38.166779458469115],[124.099253902531686,38.146926135067233],[124.067571309957984,38.129309523573404],[124.03382085642815,38.114091983591564],[123.998314603057437,38.101413672703764],[123.961380252815687,38.09139129687123],[123.923358205109921,38.084117072211576],[123.884598513828834,38.07965790610708],[123.845457772542673,38.078054803866742],[123.806295950637576,38.079322505425068],[123.767473204209693,38.083449354810625],[118.444632401122533,38.7348549656693]]]}},
{"type":"Feature","properties":{"admin_unit_id":"admin.han140.youzhou.guangyang","display_name":"广阳郡","geometry_status":"synthetic_proxy","historical_claim":false,"confidence":"technical_only"},"geometry":{"type":"Polygon","coordinates":[[[116.830111554471202,38.091386923883164],[116.789032403826809,38.091513177987309],[116.748177243185424,38.094786938564937],[116.70795868708251,38.10117515363455],[116.668783155378634,38.110613315253254],[116.631046907979467,38.123006087353737],[116.59513216352714,38.138228234779731],[116.561403334988967,38.15612584578593],[116.530203414895638,38.176517837747078],[116.501850542696076,38.19919773332397],[116.476634786261954,38.223935691868512],[116.454815168942957,38.250480778432383],[116.436616972692178,38.278563450386315],[116.422229346600972,38.30789823938165],[116.411803248649292,38.33818660421376],[115.992844560215943,39.836164856910351],[115.986196449535413,39.867038885810487],[115.983754957041285,39.898255579270177],[115.985550246957317,39.929497422601536],[115.991569380724869,39.960446218961394],[116.00175623160284,39.99078633395326],[116.016011845808151,40.020207931340032],[116.034195255167262,40.048410166126132],[116.056124741091807,40.075104301015273],[116.081579544192238,40.100016712395423],[116.110302008087743,40.122891752571824],[116.142000140066813,40.143494435982426],[116.176350565316412,40.161612918600234],[116.213001845602122,40.17706074165342],[116.251578127682535,40.189678813171042],[116.29168308151867,40.199337103665002],[116.332904083628847,40.205936035459082],[116.374816596869053,40.209407548728137],[124.447360427257479,40.328431368655629],[124.488855737359614,40.326255711637295],[124.529849686084191,40.321028727419694],[124.569932687594999,40.312802707126188],[124.608704592238695,40.301659919964841],[124.645778813864666,40.287711758301029],[124.680786298119074,40.271097582059674],[124.713379286444678,40.251983276175942],[124.743234833837491,40.23055953808435],[124.770058042336359,40.207039915220854],[124.793584976649214,40.181658615166576],[124.813585233132599,40.154668113356735],[124.829864138425549,40.126336585188028],[124.842264559268287,40.096945190871281],[124.850668310302026,40.066785242488997],[124.854997151833885,40.036155283437786],[124.855213374566574,40.005358110772804],[124.851319973051389,39.974697770949348],[124.843360414055326,39.94447655909903],[124.83141801008766,39.914992051312595],[124.815614911971778,39.886534198463437],[123.94382692918937,38.485246267028181],[123.925237532730392,38.458296480248237],[123.903266065898563,38.432856330424485],[123.878126351552282,38.409169518863855],[123.85006188978052,38.387462726134636],[123.819343472774605,38.367943494421887],[123.786266571442397,38.35079829572053],[123.751148518873677,38.336190801867723],[123.714325516429867,38.324260370540863],[123.676149488709967,38.315120759426627],[123.636984813974379,38.308859078812233],[122.555098744817982,38.17277290876585],[122.5186512909995,38.169304489104185],[122.48194297261098,38.168343060522496],[116.830111554471202,38.091386923883164]]]}},
{"type":"Feature","properties":{"admin_unit_id":"admin.han140.youzhou.dai","display_name":"代郡","geometry_status":"synthetic_proxy","historical_claim":false,"confidence":"technical_only"},"geometry":{"type":"Polygon","coordinates":[[[116.211214898783822,39.00222959076045],[116.171246753848109,39.002247711501951],[116.131467342829168,39.005175724388906],[116.0922478059816,39.010986327459385],[116.053954253276345,39.019625330635428],[116.016944467105986,39.031012142139019],[115.98156466833818,39.045040492745898],[115.948146370914117,39.06157939235738],[115.917003350084997,39.080474311546254],[115.888428749201097,39.101548578921964],[115.862692349695863,39.124604983366872],[115.840038028504225,39.14942756842909],[115.820681426587996,39.175783604426627],[115.804807851475246,39.203425722134732],[115.792570435718872,39.232094190308267],[115.784088571908043,39.261519317749304],[115.77944664329479,39.29142395918803],[115.676313014554324,40.421165070733885],[115.675459584562859,40.450025366937595],[115.678240349786506,40.478820128061912],[115.684635442170119,40.507299569411686],[115.694593490444348,40.535216330500106],[115.708031924202402,40.562327636681822],[115.724837558986735,40.588397431255245],[115.744867461939265,40.613198458640838],[117.078811045604681,42.067297437445298],[117.103359773300596,42.090924143474524],[117.13091360008012,42.112748584059375],[117.161223415278457,42.132571175904026],[117.194014234718992,42.150210465078615],[117.228987706945631,42.165504840991829],[117.26582486414857,42.178314068289005],[117.304189091175104,42.188520620243189],[117.343729282850845,42.196030799175894],[117.384083157043207,42.200775631639488],[117.424880688548896,42.202711528482503],[124.672033042490028,42.103963869923206],[124.714695545260554,42.100690028996638],[124.756686813951291,42.094333245095008],[124.797581871425905,42.084957983667067],[124.836967250768126,42.072659285935288],[124.874445312639992,42.057561765718347],[124.909638374351402,42.039818296772452],[124.942192603157238,42.019608406564814],[124.971781630186101,41.997136395772962],[124.998109845913845,41.972629205851803],[125.020915343107191,41.946334059678996],[125.039972478545437,41.91851590255223],[125.055094030447165,41.889454672646877],[125.066132934256089,41.859442431440939],[125.072983585143177,41.828780385579506],[125.075582701152513,41.797775832192649],[125.073909746246258,41.766739059820409],[125.067986917512101,41.735980236860328],[125.05787870540847,41.705806318871218],[124.100438488892394,39.28413588894135],[124.086822424054347,39.254325996952986],[124.069254839418903,39.225707052999141],[124.047921007981373,39.198573588715632],[124.023044274321848,39.173204524243545],[123.994883639764879,39.149860358453971],[123.963731019871844,39.128780556122557],[123.929908204961094,39.110181155717918],[123.893763555663512,39.094252619098263],[123.855668466500816,39.081157941953684],[123.816013631173405,39.071031041313198],[123.77520514372614,39.063975433868727],[123.733660470070092,39.060063216270315],[123.691804324528022,39.059334355925053],[116.211214898783822,39.00222959076045]]]}},
{"type":"Feature","properties":{"admin_unit_id":"admin.han140.youzhou.shanggu","display_name":"上谷郡","geometry_status":"synthetic_proxy","historical_claim":false,"confidence":"technical_only"},"geometry":{"type":"Polygon","coordinates":[[[120.246155938992217,38.073830116845407],[120.215533902597727,38.056680995716057],[120.182956794913991,38.041780483577845],[120.148707803180244,38.029257597189655],[120.11308411865366,38.019220707659677],[120.076394424036849,38.011756633913329],[120.038956298681782,38.006929917734716],[120.001093560624966,38.004782285568425],[119.96313356458117,38.005332300908407],[119.925404475063814,38.008575209735511],[119.184243927068792,38.096909300519854],[119.143373228305961,38.103302778572917],[119.103569067334817,38.112843630852318],[119.065246676113034,38.125432463690188],[119.028806377816807,38.140938072941132],[118.994629520479663,38.159198764905426],[118.963074575131458,38.180023987825749],[118.934473434605295,38.203196259703546],[118.909127948682581,38.228473375393101],[118.887306730520294,38.255590873197313],[118.869242268290364,38.284264738527781],[116.661864045957046,42.088975821784892],[116.646961840927219,42.116835998939386],[116.635812444809687,42.145604311915605],[116.628523112549757,42.175015888455768],[116.625165837783129,42.204799568065795],[116.625776518446145,42.234680381452705],[116.630354446128152,42.264382078648424],[116.638862130426759,42.2936296830514],[116.651225466655205,42.322152047861493],[116.667334252014797,42.34968439083535],[116.687043051810122,42.375970782970519],[116.710172413492145,42.400766566661552],[116.736510422313472,42.423840679080755],[116.765814588236466,42.444977857034402],[116.797814049520028,42.463980700348394],[116.832212074206879,42.480671571945365],[116.868688836628152,42.49489431419385],[116.906904442125423,42.506515762827107],[116.946502169554648,42.515427041733261],[116.987111897868431,42.521544624182887],[117.028353680256927,42.52481114856166],[117.069841427031704,42.52519597937102],[117.111186656727298,42.522695507112708],[117.152002273812286,42.51733318363371],[121.864736163926651,41.636659667382283],[121.90279093019636,41.627367693254207],[121.93946592714552,41.615499215701554],[121.974432913529128,41.601160833742568],[122.00737948753607,41.584481252232656],[122.038011940567259,41.565610083899657],[123.589039955901043,40.49071704480987],[123.616764163822964,40.469076922198035],[123.641533739460357,40.445565310713924],[123.663121057865837,40.420401189485645],[123.681328738452535,40.39381867664914],[123.695991391518263,40.36606480457661],[123.706977040754609,40.33739718304038],[123.71418821267531,40.308081573910407],[123.717562687855121,40.278389401433358],[123.71707391268049,40.248595222314258],[123.71273107391373,40.218974179729685],[123.704578841719879,40.18979946506628],[123.692696789862836,40.161339810620944],[123.677198504523233,40.133857035741741],[123.658230395610587,40.107603667956504],[123.635970226536983,40.082820659551956],[123.610625380196026,40.059735218852566],[123.582430880363759,40.038558774128475],[123.551647188933288,40.019485086653241],[120.246155938992217,38.073830116845407]]]}},
{"type":"Feature","properties":{"admin_unit_id":"admin.han140.youzhou.yuyang","display_name":"渔阳郡","geometry_status":"synthetic_proxy","historical_claim":false,"confidence":"technical_only"},"geometry":{"type":"Polygon","coordinates":[[[116.507817615184621,39.063117234351608],[116.466974827493459,39.057962205717843],[116.425653566149549,39.055909327007654],[116.384267050871614,39.056979116088193],[116.343229129495867,39.061160880974697],[116.302950293795803,39.068412822604436],[116.263833722494667,39.07866243679068],[116.226271383728204,39.091807212099198],[116.190640229163932,39.107715617967003],[116.157298511880072,39.12622837496815],[116.126582259928313,39.147159996732348],[116.098801937211448,39.170300590640814],[116.074239322858134,39.195417902075533],[116.053144639625643,39.222259584690619],[116.035733960958069,39.250555676926467],[116.022186925116927,39.280021262816682],[116.012644783240191,39.310359293066206],[116.007208806222735,39.341263540434696],[116.005939072913748,39.372421661669918],[116.008853659263167,39.403518336634868],[116.364952802626917,41.545788727688887],[116.371663031334521,41.574203182461865],[116.381965831234226,41.602041743219608],[116.395776158255771,41.629063504518385],[116.412978258633316,41.655034334819504],[116.433426550809983,41.679728934160188],[116.456946784385664,41.702932823848144],[116.483337469589983,41.724444249421921],[116.512371567631092,41.744075978618447],[117.568962844494294,42.384889259579779],[117.600516742136122,42.402041057984988],[117.634129071458688,42.417026925169466],[117.669515267942089,42.429719279659928],[117.706375173696529,42.440009994469527],[117.744395649210659,42.447811354303575],[117.78325331459267,42.453056833760257],[117.822617393555035,42.455701688549361],[123.852585045455285,42.527268490975423],[123.894639378972428,42.525357859030287],[123.936229868617531,42.520488279459123],[123.976955053717049,42.512706850229769],[124.01642214303412,42.502088809585722],[124.054250934169886,42.488736777675037],[124.090077589648615,42.472779723985354],[124.123558227809937,42.454371672598938],[124.154372289575122,42.433690160210134],[124.182225645652522,42.410934464524871],[124.206853412707659,42.386323623050103],[124.228022451345794,42.360094264349179],[124.245533523333663,42.332498275569563],[124.25922309021621,42.30380033142513],[124.26896474025925,42.274275310840522],[124.274670235372824,42.24420562813588],[124.276290174253418,42.213878505965006],[124.273814272348929,42.183583217233775],[124.267271263334663,42.153608322939881],[124.25672843053998,42.12423893231837],[124.24229078015081,42.095754010876661],[124.224099871009841,42.068423760888422],[124.202332318437186,42.042507097716303],[122.786184147141228,40.489134746504284],[122.761990159012925,40.4646140161421],[122.734685945562219,40.441954158211736],[122.704533598194175,40.42137026131843],[122.671821525209708,40.40305752599707],[122.636861706373679,40.387189468977056],[122.599986757226787,40.373916332276202],[122.561546829171178,40.363363709743226],[118.847323567650861,39.431044169331415],[118.81753737378412,39.423990672565701],[118.787130144473451,39.418634360296316],[116.507817615184621,39.063117234351608]]]}},
{"type":"Feature","properties":{"admin_unit_id":"admin.han140.youzhou.youbeiping","display_name":"右北平郡","geometry_status":"synthetic_proxy","historical_claim":false,"confidence":"technical_only"},"geometry":{"type":"Polygon","coordinates":[[[119.406554978974086,39.165120117962054],[119.366856376714892,39.158123899850594],[119.326437415403149,39.154098113936215],[119.28568896383436,39.153081662518247],[119.245004957398464,39.155084366832881],[119.204778731789077,39.160086875801454],[119.165399361404212,39.16804084584124],[119.127248031140098,39.178869390333126],[117.988458004376369,39.544553857452726],[117.950032777026195,39.55844572133612],[117.913706465088666,39.575210282915855],[117.879862034731204,39.59467161728648],[117.848857191313343,39.616625344959544],[117.821020646223204,39.640840711328288],[117.796648643995837,39.667062942635702],[117.776001785719586,39.695015857262419],[117.759302183571435,39.724404708456213],[116.622212031699149,41.978510251612882],[116.609470774266441,42.007080950872009],[116.600583264207572,42.036410986459174],[116.595637028296252,42.066227277428759],[116.594683107530372,42.096251835576027],[116.597735400806243,42.126204342377243],[116.604770349337343,42.15580476196547],[116.615726971669275,42.184775966034778],[116.630507255904092,42.212846345911068],[116.648976912184736,42.239752386602682],[116.670966484640942,42.265241177477925],[116.696272817911662,42.289072834326625],[116.724660869095644,42.311022807973679],[116.755865851617287,42.330884055333343],[116.789595693109163,42.348469049836339],[116.825533785098116,42.363611609525556],[116.863341998130736,42.37616852280005],[116.902663932083328,42.386020953773127],[116.943128367866805,42.393075611480583],[116.98435288364179,42.397265669701824],[117.025947596090674,42.398551426900056],[117.067518985311523,42.396920698710787],[117.108673760563249,42.392388938458616],[117.149022723434783,42.384999084311787],[117.188184585052198,42.37482113483793],[117.225789694676195,42.361951457847034],[117.261483638457491,42.346511840446261],[117.294930669170142,42.328648291135394],[121.032094272371808,40.002475357670733],[121.061341340232417,39.981299670498785],[121.087646213615415,39.958092800722078],[121.110757418435696,39.933079260372246],[121.130455042297854,39.906500786596773],[121.146552773659039,39.8786139534078],[121.158899585792753,39.849687648130349],[121.167381053571603,39.820000439140536],[121.171920295693837,39.789837862136523],[121.172478539436113,39.759489652503326],[121.169055309252428,39.729246951334751],[121.161688244494911,39.699399512381575],[121.15045255516084,39.670232936629176],[121.13546012784002,39.64202596040019],[121.116858296928555,39.615047821852151],[121.094828298684604,39.589555729528165],[121.069583427835582,39.565792455246232],[121.041366918221868,39.543984072106888],[121.010449570402869,39.524337856781415],[120.977127150292247,39.507040373539006],[120.941717583765296,39.492255755695901],[120.90455797282992,39.480124198342494],[120.866001459417589,39.470760674336432],[119.406554978974086,39.165120117962054]]]}},
{"type":"Feature","properties":{"admin_unit_id":"admin.han140.youzhou.liaoxi","display_name":"辽西郡","geometry_status":"synthetic_proxy","historical_claim":false,"confidence":"technical_only"},"geometry":{"type":"Polygon","coordinates":[[[117.766163258055059,38.120387454351658],[117.72860502286359,38.110356338756837],[117.689947063709084,38.103160504982981],[117.650555934085645,38.098868121214473],[117.610804881825615,38.097519841172925],[117.571070438815099,38.099128433166634],[117.531728985424976,38.103678663636011],[117.493153316107083,38.111127436095551],[117.455709232605003,38.121404184397761],[117.41975219120522,38.134411517272184],[117.385624030401502,38.150026109124269],[117.353649805248537,38.168099830120113],[117.324134754516493,38.188461106636623],[117.297361426504011,38.210916501231921],[117.273586988987034,38.235252499391407],[117.253040748242,38.261237488445794],[117.235921901346643,38.288623912245718],[115.909076999745864,40.629422511681874],[115.894580980853249,40.657906631863135],[115.88392905344142,40.687301264670459],[115.877228064947161,40.717324556613328],[115.87454725552216,40.747688249353054],[115.875917410339781,40.778100427432875],[115.881330372353091,40.808268315716973],[115.890738927477614,40.837901100173376],[115.904057070744756,40.866712744834295],[115.921160658175538,40.894424777220316],[115.941888444995698,40.920769014248073],[115.966043506399259,40.945490200679323],[115.993395032438627,40.968348532540091],[116.023680483848509,40.989122038650905],[116.056608090790334,41.007608794481293],[116.091859671732465,41.02362894397379],[116.129093745061652,41.037026506771383],[116.167948901664488,41.047670950415089],[116.208047402725356,41.055458509534411],[116.248998963465709,41.060313236800795],[122.408577318765282,41.421404202320367],[122.452180211473646,41.421318676811232],[122.495538583350907,41.417956236586726],[122.538190293805798,41.411352771444065],[122.579681017096334,41.40157874886912],[125.039939505858058,40.689083051762793],[125.077133534086883,40.676266844481276],[125.112441571332738,40.660829614000043],[125.145524994339723,40.64292010875868],[125.176067260678352,40.622710770732553],[125.203776978588351,40.600396020441032],[125.228390700503439,40.576190329911874],[125.249675413085711,40.550326104910354],[125.267430700954392,40.523051399525258],[125.281490565817919,40.494627487654405],[125.291724887310167,40.465326317037935],[125.298040516397506,40.435427872254607],[125.300381996675,40.405217473531508],[125.298731913133139,40.374983038335223],[125.293110871985178,40.345012332533912],[125.283577118850175,40.315590237466949],[125.270225805948968,40.286996058557619],[125.253187921968177,40.259500900183397],[125.232628900869372,40.233365130404408],[125.208746928168523,40.208835957871266],[125.181770965099034,40.186145141815643],[125.151958512618663,40.165506854494375],[125.119593138459209,40.147115713832825],[125.084981791379207,40.131145002315513],[125.048451927501617,40.117745086418942],[125.010348474143498,40.107042049085884],[117.766163258055059,38.120387454351658]]]}},
{"type":"Feature","properties":{"admin_unit_id":"admin.han140.youzhou.liaodong","display_name":"辽东郡","geometry_status":"synthetic_proxy","historical_claim":false,"confidence":"technical_only"},"geometry":{"type":"Polygon","coordinates":[[[121.905178264027612,38.006588030373337],[121.867071846182526,37.998292129846952],[121.828092906615268,37.992859687560461],[121.788608786456081,37.990341869868338],[121.748991411492241,37.99076238753306],[121.709613916344352,37.994117280624543],[121.670847259393227,38.000374954438115],[121.63305685436346,38.009476466154872],[121.596599244455732,38.021336060035722],[116.395197676608277,39.799516925316937],[116.358155072421027,39.812809504269133],[116.323040058053195,39.828755115150912],[116.29019371767285,39.847199585374916],[116.259935865657837,39.867964452022512],[116.23256197437712,39.890848633836747],[116.208340302819153,39.915630321374159],[116.187509253301712,39.942069069718151],[116.170274982701443,39.969908076204128],[115.353854109366225,41.448984910271982],[115.339656471555642,41.478235966864176],[115.329520244671158,41.508376059762675],[115.323551510960911,41.53910507296937],[115.321815126197876,41.570116603709337],[115.324333864834983,41.601100997791278],[115.331087976551913,41.631748434419848],[115.342015167191889,41.66175203012736],[115.357011012948917,41.690810930607604],[115.375929812088387,41.718633358655431],[115.398585873519551,41.744939586181019],[115.424755236251059,41.769464798406467],[115.454177808236238,41.791961818891039],[115.486559907454762,41.812203664990093],[115.521577182394878,41.829985904741406],[115.558877883520381,41.84512878799454],[115.598086451961521,41.857479126845021],[117.6434378740299,42.395742891607277],[117.6863093492979,42.404846768329925],[117.730265004755196,42.410682541506482],[117.774826022345692,42.41318651175186],[117.819506734443664,42.412331341976085],[117.863820118549967,42.408126368860273],[123.2697026045645,41.571788019861515],[123.309998975804717,41.563120357586428],[123.348916189912529,41.551588487141522],[123.386071705422438,41.537306123424756],[123.421100925359639,41.520414019824841],[123.453660861193953,41.501078529207483],[123.48343355016064,41.479489908038452],[123.510129189667367,41.455860383249551],[123.533488956859017,41.430422003930381],[125.287727900548404,39.22527623817281],[125.306543660844156,39.197689097805956],[125.321582614375473,39.168826212997054],[125.332697960589385,39.138977923070144],[125.339782794207721,39.108444109548053],[125.342770998426801,39.077531153259031],[125.341637713052577,39.046548841162164],[125.336399380748404,39.015807254782601],[125.327113379076067,38.985613671690494],[125.31387725011254,38.956269510689104],[125.296827543084206,38.928067350322586],[125.276138288667667,38.901288049014077],[125.252019126358917,38.876197993629034],[125.224713108624528,38.853046501561096],[125.19449420744607,38.832063399590908],[125.161664550387528,38.813456800796352],[125.1265514144945,38.797411098724133],[125.089504007223113,38.784085195886263],[125.050890064241159,38.773610981441358],[121.905178264027612,38.006588030373337]]]}},
{"type":"Feature","properties":{"admin_unit_id":"admin.han140.youzhou.xuantu","display_name":"玄菟郡","geometry_status":"synthetic_proxy","historical_claim":false,"confidence":"technical_only"},"geometry":{"type":"Polygon","coordinates":[[[116.563139635740896,38.001433689409836],[116.523658402385252,37.996993361106831],[116.483798777400878,37.995521087783473],[116.443941556708381,37.997030931819737],[116.404467514106557,38.001508471969238],[116.365753896931523,38.008910936040891],[116.328170949112149,38.019167594606422],[116.292078488822341,38.032180412654512],[116.257822567877099,38.047824954073988],[116.225732239918059,38.065951531818548],[116.196116464265984,38.086386594591154],[116.169261172054092,38.108934338891366],[116.145426520863055,38.133378533303755],[116.124844363521319,38.159484539979637],[116.107715955972878,38.187001516391],[116.094209928110061,38.215664778629041],[116.084460540182647,38.245198305798709],[116.078566245792913,38.275317363445595],[116.076588580538626,38.305731222464473],[116.078551393050304,38.336145948605868],[116.084440432473713,38.366267236543678],[116.094203303370264,38.395803261522673],[116.107749795556785,38.424467520894623],[116.124952592608366,38.451981637407776],[116.14564835863942,38.478078095957727],[116.169639198610952,38.5025028856641],[117.096748674102471,39.342442680354402],[117.131620562420778,39.369940796214266],[117.170739975407272,39.394026060447509],[122.33333710327048,41.999579942046189],[122.370434022824682,42.015127309736201],[122.409501068824127,42.027899390142032],[122.45014390181818,42.037766780598666],[122.491951666114218,42.044629454663763],[122.534501276552049,42.048417817556036],[122.577361851409691,42.0490934416394],[122.620099238827919,42.046649472933893],[122.662280582542081,42.041110703651654],[122.703478872035177,42.032533309863418],[122.743277422492909,42.021004257527466],[122.781274231145659,42.006640384176151],[122.817086158685839,41.989587167488246],[122.850352887391409,41.97001719570293],[122.880740611286313,41.948128358292287],[122.907945418018954,41.924141778449652],[122.931696327025804,41.898299511725334],[124.897972009240689,39.413938052320283],[124.916444862241349,39.386617761136797],[124.931215673147747,39.358062941705604],[124.942143775244389,39.328553951048555],[124.949126635240887,39.298380158672515],[124.952100687240417,39.267837080713456],[124.951041770418158,39.237223467885656],[124.945965173399046,39.206838376540013],[124.936925292422657,39.176978251715866],[124.924014914116924,39.147934050368832],[124.907364137040759,39.119988432000603],[124.88713894908426,39.093413042738483],[124.863539480335859,39.068465917540195],[124.836797953147538,39.045389023664846],[124.80717635287715,39.024405966879769],[124.774963844189728,39.005719880089949],[124.740473958896189,38.989511512205617],[124.704041582136142,38.975937533123037],[124.666019764318349,38.965129068698694],[124.626776386655891,38.957190477564566],[124.586690708415958,38.952198379570149],[116.563139635740896,38.001433689409836]]]}},
{"type":"Feature","properties":{"admin_unit_id":"admin.han140.youzhou.lelang","display_name":"乐浪郡","geometry_status":"synthetic_proxy","historical_claim":false,"confidence":"technical_only"},"geometry":{"type":"Polygon","coordinates":[[[116.205338170139328,38.511465638299775],[116.16620888760103,38.510599164411005],[116.127148488851958,38.512563246527364],[116.088511169905729,38.517340081361041],[116.050647431821133,38.524886363750333],[116.013901014358893,38.53513366470132],[115.97860587961496,38.547989029343277],[115.945083268351723,38.563335790357655],[115.91363885166804,38.581034590803256],[115.884560000510731,38.600924608632205],[115.858113195319632,38.622824973578247],[115.834541597780614,38.64653636551003],[115.81406280621637,38.671842781779311],[115.796866815535154,38.698513459573881],[115.783114201858353,38.726304937812714],[115.772934550923438,38.754963241715963],[115.766425148087222,38.784226171855764],[115.763649946206371,38.813825678264926],[115.665712889904313,41.929517216381051],[115.666723464250637,41.959469210987763],[115.671707723124257,41.989212584142734],[115.680624125628427,42.018470271611442],[115.693394254791656,42.046969360082983],[115.709903378223274,42.074443655075228],[115.730001363690832,42.100636199073683],[115.753503946897013,42.125301714966739],[115.780194344635134,42.148208950093277],[115.80982520226739,42.169142896768733],[115.842120860171249,42.187906866018679],[115.876779919524566,42.204324392425605],[115.913478083636434,42.218240949485747],[115.951871247072461,42.229525456669393],[115.991598801165281,42.238071561463613],[116.032287121228393,42.243798682026402],[116.073553197992368,42.2466527986656],[123.264947546640087,42.302291316575086],[123.306794374485008,42.300033752420319],[123.348132592436883,42.294828441649166],[123.388564023564143,42.286725620575474],[123.427699555193755,42.27580346461523],[123.465163011462892,42.262167302387574],[123.500594879052599,42.24594855873945],[123.533655844977986,42.22730343893938],[123.564030108283916,42.206411369158033],[123.591428431003607,42.183473210974682],[123.615590897693508,42.158709269979596],[126.102682992163082,39.189968748074513],[126.121578596005207,39.163493817663742],[126.136960621376787,39.135766359356289],[126.148687682465933,39.107048459583311],[126.156653343376888,39.077611245046953],[126.160786972337547,39.047732295111828],[126.161054243674243,39.01769300546794],[126.157457289037467,38.987775928740881],[126.150034502955592,38.958262117449358],[126.138860011090969,38.929428494187022],[126.12404281254706,38.901545273162426],[126.105725610208253,38.874873456289492],[126.084083345384329,38.849662425908363],[126.059321454982936,38.826147654954831],[126.031673871062964,38.804548554013209],[126.001400783949563,38.785066473197304],[125.968786191149434,38.767882875233134],[125.934135255120353,38.753157694478169],[125.897771493562445,38.741027894920663],[125.860033826338622,38.731606238473034],[125.821273503438078,38.724980273113118],[125.781850938597486,38.721211548647467],[125.742132473319742,38.720335066074149],[116.205338170139328,38.511465638299775]]]}},
{"type":"Feature","properties":{"admin_unit_id":"admin.han140.youzhou.liaodongshuguo","display_name":"辽东属国","geometry_status":"synthetic_proxy","historical_claim":false,"confidence":"technical_only"},"geometry":{"type":"Polygon","coordinates":[[[117.561099454925866,38.448426466316747],[117.521802641029666,38.440244111934128],[117.481632511243433,38.435062443764259],[117.440984675117534,38.432932459269686],[117.40025927168594,38.433875118473495],[117.359857175200446,38.437881145398073],[117.320176194994403,38.444911115931205],[117.281607299838043,38.454895831415534],[117.24453089712803,38.467736974963991],[117.209313197202604,38.483308045214628],[117.176302692974062,38.501455559958288],[117.145826784898944,38.522000519805466],[117.11818858103068,38.544740119814321],[117.093663901481989,38.569449694786513],[117.072498516021327,38.595884881764299],[117.054905642696411,38.623783981144967],[117.041063734267823,38.652870495785628],[117.031114577805567,38.682855825520683],[117.025161731008382,38.713442092683266],[117.023269316613835,38.744325072533549],[117.025461193651566,38.775197200982625],[117.031720521237119,38.805750630692145],[117.041989727105332,38.835680305556899],[117.056170889154842,38.864687022777751],[117.764708416272867,40.095068295304159],[117.78194756456115,40.121074533419019],[117.802395788205601,40.145768985962711],[119.051675214829658,41.477483748946604],[119.078165842910167,41.502320362940303],[119.107984263696622,41.525066436857585],[119.140824300464828,41.545485930089001],[119.176347568878924,41.563366734931009],[119.214186989328681,41.578522950355392],[119.253950641011116,41.590796881854587],[119.295225914877506,41.600060743004164],[119.337583917616257,41.606218037788288],[119.38058407459306,41.609204606510858],[119.423778876248903,41.608989322203811],[119.466718709955785,41.605574428772663],[122.645159520805933,41.193419703868102],[122.696159884716067,41.183715310982166],[124.733835299150485,40.67595435719246],[124.770183594899251,40.665127068030685],[124.804994848489443,40.651842648865781],[124.837964211498246,40.636217889298194],[124.868803535497818,40.618390065214626],[124.897243936508232,40.598515691222687],[124.983978603229559,40.531866278816771],[125.011396709190009,40.508538806808666],[125.035520065098424,40.483307735080651],[125.056111019605808,40.456425434525379],[125.072967922479975,40.428160482702999],[125.085927015827821,40.398794927817171],[125.094863916409352,40.368621429366442],[125.099694680234407,40.337940306188905],[125.100376445807328,40.307056523001528],[125.096907657304925,40.276276646546108],[125.089327873561771,40.245905802117797],[125.077717172941931,40.216244660596985],[125.062195167955096,40.187586485166442],[125.042919646810986,40.16021426570564],[125.020084861986049,40.134397967446603],[124.993919488318198,40.110391918885092],[124.964684275160735,40.088432362197523],[124.932669418754429,40.068735187545691],[124.898191682252403,40.051493870686073],[124.861591291799328,40.036877631257916],[124.823228637777305,40.025029827024284],[124.783480810825438,40.016066597200307],[117.561099454925866,38.448426466316747]]]}},
{"type":"Feature","properties":{"admin_unit_id":"admin.han140.jiaozhou.nanhai","display_name":"南海郡","geometry_status":"synthetic_proxy","historical_claim":false,"confidence":"technical_only"},"geometry":{"type":"Polygon","coordinates":[[[110.915365363892832,18.431182737365692],[110.86798117163049,18.43285458285942],[107.467884119487579,18.74353094674224],[107.436406042214955,18.747403363807841],[107.405453768620418,18.754309727099677],[107.375320293644435,18.76418442343758],[107.346291084121503,18.776933626076499],[107.318641441836618,18.792436172411112],[107.292633949385831,18.810544698216724],[107.268516020389185,18.831087018426768],[107.246517575232048,18.853867742232165],[107.226848863020493,18.8786701081576],[107.20969844980857,18.905258022737382],[107.195231392368228,18.933378284499693],[106.323131008457864,20.806289792608034],[106.31118393723348,20.834828198393613],[106.302115871485711,20.864339085507524],[106.296012873093431,20.894550834568268],[106.292933927543302,20.925185215062776],[106.292910300890952,20.955959937866268],[106.295945145968815,20.986591251066496],[106.302013365324754,21.01679655546091],[106.311061736126945,21.046297015687962],[106.323009299828698,21.074820142762473],[106.337748016771926,21.102102323818094],[106.355143683148384,21.12789127512751],[106.375037104868639,21.151948394979001],[106.397245519952236,21.174050993738931],[106.421564258095273,21.193994379426268],[106.447768623145535,21.2115937783622],[106.475615981375327,21.226686071929219],[106.504848035744658,21.239131332169659],[113.159084013764684,23.433446579421155],[113.191303657623763,23.441196106165066],[113.224184695176604,23.445971105063862],[113.257410608078885,23.447725745518046],[113.290661456358009,23.446443185184652],[113.323617052593946,23.442135735096642],[113.355960138839762,23.434844738965083],[113.387379531126342,23.424640167949235],[113.417573196885371,23.411619935204573],[113.446251231632729,23.39590893748224],[113.473138702755477,23.377657833918722],[113.497978330203253,23.357041574878554],[113.520532976249783,23.334257696264288],[113.540587919207709,23.309524397054524],[113.557952888985355,23.283078419946257],[113.572463845600865,23.255172756840398],[113.583984485148619,23.226074202504773],[113.592407461174062,23.19606078106251],[113.597655312892172,23.165419070983727],[113.599681095117631,23.134441454999546],[113.598468708107177,23.103423321814919],[113.594032928696322,23.072660246676104],[112.783898096156463,18.745709558945208],[112.776812574019331,18.714708633435148],[112.766713230168847,18.684546132501531],[112.75370006920194,18.655513044112784],[112.737900855554017,18.627889319168361],[112.719469802852046,18.601941190818561],[112.698586026092215,18.577918629920248],[112.675451773708161,18.556052960120706],[112.650290457935881,18.536554654440753],[112.623344503000752,18.519611333437723],[112.594873031570756,18.50538598308961],[112.565149410661675,18.494015408469849],[112.53445867876394,18.485608937095616],[112.503094876412021,18.480247383548477],[112.471358302752463,18.477982284600937],[110.915365363892832,18.431182737365692]]]}},
{"type":"Feature","properties":{"admin_unit_id":"admin.han140.jiaozhou.cangwu","display_name":"苍梧郡","geometry_status":"synthetic_proxy","historical_claim":false,"confidence":"technical_only"},"geometry":{"type":"Polygon","coordinates":[[[108.626457920412932,19.469509068175512],[108.595564114582345,19.467707247386958],[108.564635753013846,19.468785124789356],[108.533947297536443,19.47273309635203],[108.503771143917589,19.479515983576999],[108.474375273834269,19.489073341700642],[108.446020940217409,19.501319989444376],[105.738655519366105,20.767500268622271],[105.710857615256629,20.781508584305115],[105.684542652435368,20.797988288789739],[105.659944907403911,20.816792715113813],[105.637283790915461,20.837754450685797],[105.61676190869315,20.860686806265718],[105.598563254158421,20.885385456486546],[105.582851549092311,20.911630238267495],[105.569768747475507,20.939187092062411],[105.559433716931721,20.967810129578535],[105.551941111218156,20.997243810404083],[105.547360446053546,21.027225208910675],[105.300940500809261,23.350311820126034],[105.299187902390599,23.381718241843998],[105.300774070940122,23.413129001852838],[105.305686833289215,23.444236118667224],[105.313881284805788,23.474734376864451],[105.325280101802619,23.50432433008195],[105.339774181202799,23.532715255360692],[105.357223605904281,23.559628029171868],[105.37745893056362,23.584797895936898],[105.400282778674935,23.607977100645176],[105.425471737918215,23.628937358295993],[105.45277853686261,23.647472134336127],[105.481934482310933,23.663398712029373],[105.512652132941597,23.676560024765049],[110.067563907893302,25.249554832607245],[110.101075482358894,25.258512625268349],[110.135412837709694,25.264360784311354],[110.170225886555201,25.267039829326123],[110.205159539814389,25.266522509443497],[110.239857439867706,25.26281408690857],[110.273965708623152,25.25595228231575],[110.307136666437685,25.246006882127784],[110.339032478304219,25.233079012936674],[110.369328684881864,25.217300090692028],[110.397717577778323,25.198830456766657],[110.423911380944062,25.177857716198524],[110.447645203039102,25.154594796691295],[110.468679729113418,25.129277749933433],[110.486803623809493,25.102163319470165],[110.501835622462025,25.073526301703442],[112.282976734740913,20.969977549777688],[112.292783838827845,20.94252189841766],[112.519074412139005,20.194228224906617],[112.526678589661969,20.163181741168518],[112.531087696255838,20.131547824060849],[112.532261334138681,20.099638647636603],[112.530191112918473,20.06776891503964],[112.524900606977141,20.036252753622438],[112.516444998915617,20.005400623084334],[112.504910417433962,19.975516266840025],[112.490412980759729,19.94689373613021],[112.473097559192212,19.919814515422953],[112.45313627249628,19.894544776444885],[112.430726739760601,19.871332786742151],[112.406090100942492,19.850406497026963],[112.379468830673233,19.831971329729257],[112.351124366012513,19.816208189169615],[112.321334570745876,19.803271711615754],[112.29039105953666,19.793288771199926],[112.258596405801612,19.786357255277739],[112.226261257600385,19.782545120318911],[108.626457920412932,19.469509068175512]]]}},
{"type":"Feature","properties":{"admin_unit_id":"admin.han140.jiaozhou.yulin","display_name":"郁林郡","geometry_status":"synthetic_proxy","historical_claim":false,"confidence":"technical_only"},"geometry":{"type":"Polygon","coordinates":[[[112.06862739266974,19.710303918099886],[112.059239706667839,19.680838081009167],[112.047031773802203,19.652386510185664],[112.032117755713131,19.625210056827555],[112.014636255761133,19.599557756978843],[111.994748989513056,19.575664568683518],[111.972639260469919,19.553749240993568],[111.948510256355306,19.534012333391583],[111.922583182246271,19.516634402763959],[111.895095247626472,19.501774373517556],[111.866297525090189,19.48956810478046],[111.836452698942921,19.480127166884643],[111.805832722348043,19.473537837502615],[111.774716401975482,19.469860325920262],[111.743386929332814,19.469128231981827],[111.712129378112138,19.471348244257165],[108.402496500138028,19.807993267186198],[108.373363932564558,19.811760254211276],[108.344688345903194,19.818062128225851],[108.316697703632457,19.826848619595381],[108.28961468261852,19.838049629602938],[108.263654946727115,19.85157578049072],[106.515645681221841,20.83572534926277],[106.481629396811272,20.857104638282749],[106.450551989596462,20.882328404961093],[104.548648097510053,22.573946526221185],[104.524806355763729,22.596661758279261],[104.503487028085289,22.621509467744964],[104.484905504128946,22.648240518246407],[104.469250266228599,22.676586745235834],[104.456680937658774,22.706263616183662],[104.447326597123336,22.736973059556082],[104.441284379447183,22.768406435547512],[104.438618380433937,22.800247619913108],[104.439358881513726,22.832176170855206],[104.443501907135897,22.863870547785371],[104.451009124859738,22.895011349931384],[104.461808094778803,22.925284542208491],[104.475792871301948,22.954384635543779],[104.492824956446142,22.982017788951868],[104.512734599718414,23.007904801119647],[104.535322435438616,23.03178396007949],[104.560361444050173,23.053413720738551],[104.587599219662337,23.072575181586405],[104.616760521849315,23.089074333816534],[108.615097416997074,24.979705655944571],[108.650093678114828,24.993113428568183],[108.686497071079245,25.002940504371768],[108.72386704764078,25.009068183193655],[108.761750997149306,25.011422435132317],[112.547372913987658,24.990916282846754],[112.581503800460538,24.988592348708458],[112.61521346688933,24.983201584584354],[112.648170054558037,24.974796926033882],[112.680049344438899,24.963460890255163],[112.710538034400827,24.949304748137973],[112.73933689344193,24.932467408904717],[112.766163758237539,24.913114029464509],[112.790756339669741,24.891434363522919],[112.812874809817529,24.867640868197981],[112.832304143069152,24.841966588357664],[112.848856188497209,24.814662841088094],[112.862371454330088,24.78599672460447],[112.872720589184169,24.756248477510677],[112.879805548608687,24.725708715592269],[112.883560439366519,24.694675574284425],[112.883952037660578,24.66345178559412],[112.880979981156997,24.632341718581277],[112.305860858176274,20.602715804749941],[112.297745166037359,20.562705684669275],[112.06862739266974,19.710303918099886]]]}},
{"type":"Feature","properties":{"admin_unit_id":"admin.han140.jiaozhou.hepu","display_name":"合浦郡","geometry_status":"synthetic_proxy","historical_claim":false,"confidence":"technical_only"},"geometry":{"type":"Polygon","coordinates":[[[106.962897102966039,20.564127686173681],[106.93200896526362,20.554848336387529],[106.900339527316689,20.548532866000656],[106.868188884526134,20.545241320743777],[106.835861554830899,20.545004992915569],[106.803663679344936,20.547826129180738],[106.771900209956712,20.553677909593652],[106.740872106479458,20.562504698029887],[106.710873565914014,20.574222561849538],[106.682189306298994,20.588720056270862],[106.655091927465307,20.6058592666168],[106.629839370775912,20.625477099323312],[106.606672499600165,20.647386810383928],[106.585812821829748,20.671379757763216],[106.567460375166775,20.697227362260488],[106.551791795185679,20.724683259357125],[106.538958585263529,20.753485622755374],[106.529085606369037,20.783359638628284],[106.522269803377299,20.814020108065865],[106.518579183019625,20.845174153840041],[106.518052056772774,20.876524006436643],[106.52069655993175,20.90776984333273],[106.526490455797472,20.93861265474985],[106.535381231348381,20.96875710860278],[106.547286487972812,20.99791438710362],[106.562094627838292,21.025804967485879],[106.579665833298364,21.052161319592894],[106.599833333429245,21.076730493636557],[109.449247950915677,24.064212843565002],[109.471831054825586,24.084735703398572],[109.49637776650799,24.103241393954047],[109.522678295715082,24.119571289482341],[109.550507406481103,24.133585357842044],[109.57962637255703,24.14516338308162],[109.609785063811074,24.154206016528278],[109.640724144052996,24.16063564648864],[109.672177359283509,24.164397078333394],[110.654198450583294,24.23484554470841],[110.688597627879162,24.235558506209916],[110.722900634407338,24.233089359369721],[110.756760361728524,24.227463014970038],[110.789834323807199,24.218736230800875],[110.821788222478332,24.206997026636923],[110.852299417899474,24.192363777611742],[110.881060264250095,24.17498399611911],[110.90778127304506,24.155032815802127],[110.932194069086577,24.132711194420217],[110.95405410721861,24.108243855379605],[110.973143121593893,24.081876990429642],[110.989271283029098,24.053875748440397],[111.002279044120499,24.024521537257574],[111.012038656029674,23.994109167367082],[111.018455345138293,23.96294386747876],[111.021468142030912,23.931338203156294],[111.0210503594177,23.899608930279399],[111.017209719590781,23.868073815430868],[111.009988135761375,23.837048455270534],[110.999461155107923,23.806843126601244],[110.985737074544858,23.77775969817138],[110.96895574307905,23.750088634311769],[109.485564729938957,21.493998270194847],[109.466800430690469,21.467565407244788],[109.445386714465087,21.443052857095694],[109.421538102323396,21.420704511845162],[109.395492778852301,21.400742627981398],[109.367510216765723,21.383365646055289],[109.337868614717749,21.368746247112895],[109.306862172669014,21.357029663807086],[106.962897102966039,20.564127686173681]]]}},
{"type":"Feature","properties":{"admin_unit_id":"admin.han140.jiaozhou.jiaozhi","display_name":"交趾郡","geometry_status":"synthetic_proxy","historical_claim":false,"confidence":"technical_only"},"geometry":{"type":"Polygon","coordinates":[[[109.318799062351388,18.979122009296635],[109.300655022187144,18.951956797126375],[109.279858131030451,18.926739364896942],[109.256620762136748,18.903725537409077],[109.231179483219648,18.883148688040574],[109.203792649597901,18.865217400232815],[109.174737801610775,18.850113380374626],[109.14430889161315,18.83798964190493],[109.112813366620699,18.828968977798819],[109.080569133260227,18.823142735817676],[109.0479014321146,18.820569908016708],[109.01513964886108,18.821276543031942],[106.195055443991379,18.98345233082582],[106.160936162596926,18.986718820116572],[106.127348330981263,18.993521120811508],[106.094661450652467,19.003784125200983],[106.063235397235118,19.017394497691392],[104.857498382846813,19.604691626336887],[104.829997505904714,19.619460117746875],[104.804047830399469,19.636739992059312],[104.779885921035259,19.656373785843154],[104.757732487592051,19.678182526799496],[104.737790384074742,19.701967343412587],[104.720242752051604,19.727511256123496],[104.705251325088938,19.754581134683754],[104.692954910407025,19.782929804823386],[104.683468062937266,19.812298285958189],[104.676879965837358,19.842418140385934],[104.673253530206424,19.873013913288098],[104.672624725226484,19.903805641880339],[104.675002148236132,19.934511411251339],[104.680366842314953,19.964849933811006],[104.688672366831526,19.994543128845848],[106.270355871229526,24.471668027145011],[106.282690631703574,24.500059124928615],[106.297960216959098,24.527221106460701],[106.3160240655085,24.552899748683931],[106.336715011015372,24.57685456227922],[106.359840790540602,24.598861070614468],[106.385185808991295,24.618712942012529],[106.412513144498689,24.636223954000389],[106.44156677631976,24.651229769708493],[106.47207401387719,24.663589508342682],[106.503748102790539,24.673187093630734],[106.536290981266163,24.67993236633507],[106.569396158064137,24.683761949296461],[106.60275168149613,24.684639856000199],[109.367961011586004,24.599347139868396],[109.399194905489367,24.596671369532608],[109.430031613779164,24.591398786106854],[109.460213923345108,24.583573255897729],[109.489490245272208,24.57325987477941],[111.817104700118136,23.602807005372487],[111.847201603759714,23.588028918774985],[111.875555676026494,23.570529620351067],[111.901883767108174,23.550484054719085],[111.925923528016327,23.528092536849897],[111.947436044307167,23.503578717402867],[111.966208209098482,23.477187315472797],[111.982054811954939,23.449181643089169],[111.994820324160031,23.419840947818798],[112.00438036496881,23.389457601496154],[112.010642837558791,23.358334164438389],[112.013548727490118,23.326780355484885],[112.013072560476388,23.29510995884176],[112.009222520093445,23.263637699010612],[112.002040229661034,23.232676115055764],[111.991600205881852,23.202532465123923],[111.978008994881364,23.173505691495254],[111.961404004043928,23.145883475534085],[109.318799062351388,18.979122009296635]]]}},
{"type":"Feature","properties":{"admin_unit_id":"admin.han140.jiaozhou.jiuzhen","display_name":"九真郡","geometry_status":"synthetic_proxy","historical_claim":false,"confidence":"technical_only"},"geometry":{"type":"Polygon","coordinates":[[[112.2912522236592,19.146992877507724],[112.282466966815306,19.11694448567977],[112.270794994583952,19.08787492165516],[112.256347995701788,19.060056533197766],[112.239263288149701,19.033749816923244],[112.219702468173097,19.009200998245522],[112.19784984958504,18.98663974808791],[112.173910709539328,18.966277056738001],[112.148109358045346,18.948303283697026],[112.120687049397162,18.932886400712],[112.091899754423338,18.920170443392241],[112.062015813049911,18.910274184919729],[112.031313487128614,18.903290043377162],[112.000078433831632,18.899283232156169],[111.968601120170092,18.898291160782296],[111.937174199372095,18.900323091321251],[111.906089869963807,18.905360053323584],[111.875637238446146,18.913355018039795],[111.846099706448982,18.924233330406498],[111.817752403176897,18.9378933950846],[111.790859683828501,18.954207610632718],[111.76567271446865,18.973023543741672],[111.742427163545329,18.994165333350075],[110.494254714009344,20.218139704839569],[110.473803454081889,20.239640193413546],[110.455437756788882,20.262864278218554],[110.439311200903887,20.287619260175486],[110.425559142467264,20.313699646457124],[110.414297553454702,20.34088883963215],[110.405622008876932,20.368960921381078],[110.3996068322447,20.397682516602679],[110.272595226099966,21.17856895579823],[110.269064259477162,21.210152457107085],[110.268802972563364,21.241913249424403],[110.271817192452218,21.273538724916538],[110.278080454926567,21.304717411864278],[110.287534138673294,21.335142046723796],[110.300087922551796,21.364512612295574],[110.315620566184677,21.392539311609198],[110.333981010541308,21.418945447474826],[111.819637855036078,23.286129569347622],[111.84134603946157,23.310076258629465],[111.865489308766513,23.331900618828971],[111.891832179791066,23.351388810027615],[111.920117064650029,23.368349794261373],[111.950066811061433,23.382617239129132],[111.981387458382983,23.394051177992843],[112.013771180406806,23.402539409023696],[112.046899383212548,23.407998618053398],[112.080445924056804,23.410375213102899],[112.11408041543973,23.40964586154125],[112.14747157718449,23.405817724036265],[112.180290598624495,23.398928382750753],[112.212214472837289,23.389045464565989],[112.242929265295757,23.376265963431209],[112.272133280316297,23.360715269196692],[112.29954009024317,23.34254591344186],[112.324881394380043,23.321936045816827],[112.347909677209771,23.299087657235706],[112.36840063837252,23.274224568856688],[112.386155370127497,23.24759020812904],[112.974189229974073,22.245453250502084],[112.987900796146093,22.21889252152647],[112.998951396650142,22.191238143704119],[113.007248073103014,22.1627284023496],[113.012721835971107,22.13360880844607],[113.015328176848854,22.104129973787281],[113.015047363170936,22.074545447218846],[113.011884515880652,22.045109530867879],[113.00586947256042,22.016075095240168],[112.2912522236592,19.146992877507724]]]}},
{"type":"Feature","properties":{"admin_unit_id":"admin.han140.jiaozhou.rinan","display_name":"日南郡","geometry_status":"synthetic_proxy","historical_claim":false,"confidence":"technical_only"},"geometry":{"type":"Polygon","coordinates":[[[108.249487129336146,19.696207061117736],[108.215833208985003,19.695143477758908],[108.182244917143606,19.697469327251067],[108.149073468991816,19.703160192954879],[108.116665849485443,19.712156328231668],[108.085361286571725,19.724363273133381],[108.055487793614631,19.739652829879763],[108.027358812396201,19.757864387694614],[106.481297865913703,20.847700494222394],[106.455996800839131,20.866955146162418],[106.432736231159794,20.888483945502042],[106.41173531762729,20.912084835590264],[106.393192501940007,20.937536216867482],[106.377283620030553,20.964599002330825],[106.364160207228167,20.993018839266973],[106.35394801256983,21.022528477509614],[106.346745738307831,21.052850263012555],[106.342624019216686,21.083698734223617],[106.341624654626273,21.114783297609947],[106.343760104192611,21.145810957741887],[106.349013256262978,21.176489076603339],[106.357337475303041,21.206528136277452],[106.368656932242956,21.235644478869439],[106.38286721879021,21.263562997489291],[106.399836243775979,21.290019752331318],[106.419405406488735,21.314764486368471],[106.441391038746929,21.337563015926126],[106.465586104223433,21.35819947242058],[106.491762140316155,21.376478372833077],[106.519671424719576,21.39222649804012],[106.549049345858165,21.40529455991901],[110.064525423075111,22.692782313711703],[110.096761794926437,22.702171978862715],[110.1298365112158,22.708479064287527],[110.163417034739098,22.711640340483711],[110.197165588050353,22.711624111891872],[110.230742652200036,22.708430541228545],[110.263810485592401,22.702091647821035],[110.296036622309785,22.692670979962195],[110.327097309575308,22.680262964916331],[110.356680844980701,22.664991943766633],[110.384490775666976,22.647010901750434],[110.410248923774304,22.626499908034344],[110.433698205116059,22.603664281988539],[110.454605211117666,22.57873250589164],[110.472762527515044,22.551953906599952],[110.487990767053063,22.523596131017136],[110.500140297371047,22.493942442182622],[110.509092649331194,22.463288864444344],[110.514761595149025,22.431941207480985],[110.517093889749489,22.400211999893244],[110.516069672725251,22.368417363688565],[110.511702532055594,22.336873861252389],[110.504039234304088,22.305895346336818],[110.493159129311522,22.275789850223909],[110.479173240408144,22.24685653354928],[110.462223053869934,22.219382733321737],[108.901478995922488,19.877669644416095],[108.88190664731043,19.850492443529287],[108.859589368042037,19.825434387162549],[108.834766081266366,19.802762166924438],[108.807701751131916,19.782716978411859],[108.778684563923562,19.765511988133305],[108.748022891431148,19.751330098104891],[108.716042067127901,19.740322030275017],[108.683081006570376,19.732604749672834],[108.649488704058342,19.728260241770638],[108.249487129336146,19.696207061117736]]]}}
]
}
