source_id,target_id,relation_type,valid_from_year,valid_to_year,weight_basis_points,mapping_method,confidence,provisional,notes
admin.han140.youzhou.zhuo,geo.region.north.china.hebei.northwestplain,population_coverage,140,140,10000,single_provisional_commandery_bucket_v1,medium,true,全郡人口暂归单一稳定地理桶；未来县级拆分必须保持总权重10000
admin.han140.jizhou.zhongshan,geo.region.north.china.hebei.centralwestplain,population_coverage,140,140,10000,single_provisional_commandery_bucket_v1,medium,true,全郡国人口暂归单一稳定地理桶；未来县级拆分必须保持总权重10000
admin.han140.jizhou.anping,geo.region.north.china.hebei.centralsoutheastplain,population_coverage,140,140,10000,single_provisional_commandery_bucket_v1,medium,true,全郡国人口暂归单一稳定地理桶；未来县级拆分必须保持总权重10000
admin.han140.jizhou.julu,geo.region.north.china.hebei.southcentralplain,population_coverage,140,140,10000,single_provisional_commandery_bucket_v1,low,true,全郡人口暂归单一稳定地理桶；下曲阳和广宗尚未取得县级分配权重
admin.han140.jizhou.wei,geo.region.north.china.hebei.southwestzhangheplain,population_coverage,140,140,10000,single_provisional_commandery_bucket_v1,medium,true,全郡人口暂归单一稳定地理桶；邺县只作为后续P3交叉入口
admin.han140.youzhou.guangyang,geo.region.north.china.hebei.northcentralplain,population_coverage,140,140,10000,single_provisional_commandery_bucket_v1,low,true,全郡人口暂归单一稳定地理桶；现代北京定位只作近似索引
admin.han140.jizhou.hejian,geo.region.north.china.hebei.centraleastplain,population_coverage,140,140,10000,single_provisional_commandery_bucket_v1,medium,true,全郡国人口暂归单一稳定地理桶；未来县级拆分必须保持总权重10000
admin.han140.jizhou.changshan,geo.region.north.china.hebei.centralfoothill,population_coverage,140,140,10000,single_provisional_commandery_bucket_v1,low,true,全郡国人口暂归单一稳定地理桶；山地与平原分配尚未取得县级权重
admin.han140.jizhou.qinghe,geo.region.north.china.hebei.southeastplain,population_coverage,140,140,10000,single_provisional_commandery_bucket_v1,medium,true,全郡国人口暂归单一稳定地理桶；未来县级拆分必须保持总权重10000
admin.han140.jizhou.zhao,geo.region.north.china.hebei.southwesttaihangplain,population_coverage,140,140,10000,single_provisional_commandery_bucket_v1,low,true,全郡国人口暂归单一稳定地理桶；古界与治所争议不在本批裁定
admin.han140.jizhou.bohai,geo.region.north.china.hebei.eastcoastalplain,population_coverage,140,140,10000,single_provisional_commandery_bucket_v1,medium,true,全郡人口暂归单一稳定地理桶；南皮与沿海县级分配留至P3
admin.han140.youzhou.yuyang,geo.region.north.china.yanshanliaoxi.southwestplain,population_coverage,140,140,10000,single_provisional_commandery_bucket_v1,low,true,全郡人口暂归单一稳定地理桶；蓟城与渔阳郡范围不得视为同一对象
admin.han140.youzhou.youbeiping,geo.region.north.china.yanshanliaoxi.centralfoothillplain,population_coverage,140,140,10000,single_provisional_commandery_bucket_v1,medium,true,全郡人口暂归单一稳定地理桶；土垠与北平游戏显示名留至P3交叉
admin.han140.youzhou.liaoxi,geo.region.north.china.yanshanliaoxi.northeastcorridor,population_coverage,140,140,10000,single_provisional_commandery_bucket_v1,low,true,全郡人口暂归单一稳定地理桶；辽西走廊内部地形分配尚未取得县级权重
admin.han140.youzhou.dai,geo.region.north.china.yanbeigreatwall.westernbasin,population_coverage,140,140,10000,single_provisional_commandery_bucket_v1,low,true,全郡人口暂归单一稳定地理桶；塞内外与县级分配尚未取得可靠权重
admin.han140.youzhou.shanggu,geo.region.north.china.yanbeigreatwall.easternmountainbasin,population_coverage,140,140,10000,single_provisional_commandery_bucket_v1,low,true,全郡人口暂归单一稳定地理桶；长城沿线与山间盆地范围留待县级证据复核
admin.han140.youzhou.liaodong,geo.region.northeast.asia.liaodongkoreanorth.liaoheriverplain,population_coverage,140,140,10000,single_provisional_commandery_bucket_v1,medium,true,全郡有效人口暂归单一稳定地理桶；原文人口与修正人口仍由人口记录分别保存
admin.han140.youzhou.xuantu,geo.region.northeast.asia.liaodongkoreanorth.easternmountainfrontier,population_coverage,140,140,10000,single_provisional_commandery_bucket_v1,low,true,全郡有效人口暂归单一稳定地理桶；原文户数与修正户数仍由人口记录分别保存
admin.han140.youzhou.lelang,geo.region.northeast.asia.liaodongkoreanorth.koreanorthwestplain,population_coverage,140,140,10000,single_provisional_commandery_bucket_v1,low,true,全郡人口暂归单一稳定地理桶；县级与现代国界关系留待专门考证
admin.han140.youzhou.liaodongshuguo,geo.region.northeast.asia.liaodongkoreanorth.westernfrontier,population_coverage,140,140,10000,single_provisional_commandery_bucket_v1,low,true,原文户口缺失；本映射仅承接显式M级有效估算且不把估算冒充史籍原值
admin.han140.sili.henan,geo.region.central.china.heluo.luoyangbasin,population_coverage,140,140,10000,single_provisional_commandery_bucket_v1,medium,true,河南尹有效人口暂归洛阳盆地桶；卷029原典值不因现代ODS异录而改变
admin.han140.sili.henei,geo.region.central.china.heluo.northyellowriverplain,population_coverage,140,140,10000,single_provisional_commandery_bucket_v1,medium,true,全郡人口暂归单一稳定地理桶；怀县与黄河北岸县级分配留至P3
admin.han140.sili.hongnong,geo.region.central.china.heluo.westyellowrivercorridor,population_coverage,140,140,10000,single_provisional_commandery_bucket_v1,low,true,全郡有效人口暂归黄河走廊桶；卷029原典值不因现代ODS异录而改变
admin.han140.sili.hedong,geo.region.north.china.southfenheyellowriver.centralbasin,population_coverage,140,140,10000,single_provisional_commandery_bucket_v1,medium,true,全郡人口暂归单一稳定地理桶；安邑与盐池县级、资源分配留待后续
admin.han140.sili.jingzhao,geo.region.northwest.china.guanzhong.centralweiriverplain,population_coverage,140,140,10000,single_provisional_commandery_bucket_v1,medium,true,京兆尹人口暂归渭河中部平原桶；长安城不单独承接全部京畿人口
admin.han140.sili.zuopingyi,geo.region.northwest.china.guanzhong.easternweiriverplain,population_coverage,140,140,10000,single_provisional_commandery_bucket_v1,low,true,左冯翊人口暂归渭河东部平原桶；三辅县级边界留待P3
admin.han140.sili.youfufeng,geo.region.northwest.china.guanzhong.westernweiriverplain,population_coverage,140,140,10000,single_provisional_commandery_bucket_v1,low,true,右扶风人口暂归渭河西部平原桶；陈仓与陇右通道留待P3
admin.han140.yuzhou.yingchuan,geo.region.central.china.yingruhuai.northwestplain,population_coverage,140,140,10000,single_provisional_commandery_bucket_v1,medium,true,颍川郡人口暂归颍水上游与许昌平原桶；许县与许昌游戏节点留至P3交叉
admin.han140.yuzhou.runan,geo.region.central.china.yingruhuai.southplain,population_coverage,140,140,10000,single_provisional_commandery_bucket_v1,medium,true,汝南郡人口暂归汝水下游与淮河北岸平原桶；平舆治所不单独承接整郡人口
admin.han140.yuzhou.liang,geo.region.central.china.suihuainorth.northwestplain,population_coverage,140,140,10000,single_provisional_commandery_bucket_v1,medium,true,梁国人口暂归睢水上中游平原桶；睢阳等县邑分配留至P3
admin.han140.yuzhou.pei,geo.region.central.china.suihuainorth.southeastplain,population_coverage,140,140,10000,single_provisional_commandery_bucket_v1,low,true,沛国有效人口暂归淮北北部与泗水西岸平原桶；原始251393口与修正1251393口继续分别保存
admin.han140.yuzhou.chen,geo.region.central.china.yingruhuai.centralplain,population_coverage,140,140,10000,single_provisional_commandery_bucket_v1,low,true,陈国有效人口暂归颍水中下游平原桶；原始1547572口与修正547572口继续分别保存
admin.han140.yuzhou.lu,geo.region.east.china.siyifoothill.westernplain,population_coverage,140,140,10000,single_provisional_commandery_bucket_v1,medium,true,鲁国人口暂归泗水上游西部山前平原桶；鲁县与游戏城市目录交叉留至P3
admin.han140.yanzhou.chenliu,geo.region.central.china.loweryellowjishui.southwestplain,population_coverage,140,140,10000,single_provisional_commandery_bucket_v1,medium,true,陈留郡人口暂归黄河下游西南部平原桶；陈留城市节点与县级分配留至P3
admin.han140.yanzhou.dong,geo.region.central.china.loweryellowjishui.northcentralplain,population_coverage,140,140,10000,single_provisional_commandery_bucket_v1,medium,true,东郡人口暂归黄河下游北中部平原桶；濮阳时期治所不单独承接整郡人口
admin.han140.yanzhou.jiyin,geo.region.central.china.loweryellowjishui.southeastplain,population_coverage,140,140,10000,single_provisional_commandery_bucket_v1,low,true,济阴郡人口暂归济水西部与菏泽平原桶；定陶等县邑留至P3
admin.han140.yanzhou.dongping,geo.region.east.china.wensishuiriverplain.northplain,population_coverage,140,140,10000,single_provisional_commandery_bucket_v1,medium,true,东平国人口暂归汶水下游与东平湖平原桶；游戏城市目录交叉留至P3
admin.han140.yanzhou.rencheng,geo.region.east.china.wensishuiriverplain.centralplain,population_coverage,140,140,10000,single_provisional_commandery_bucket_v1,low,true,任城国人口暂归汶泗交汇与济宁平原桶；任城县不单独承接整国人口
admin.han140.yanzhou.shanyang,geo.region.east.china.wensishuiriverplain.westplain,population_coverage,140,140,10000,single_provisional_commandery_bucket_v1,low,true,山阳郡人口暂归巨野泽与鲁西南西部平原桶；古湖泽与县级权重留待后续
admin.han140.yanzhou.taishan,geo.region.east.china.taiyifoothill.centralbasin,population_coverage,140,140,10000,single_provisional_commandery_bucket_v1,low,true,泰山郡有效人口暂归泰沂中部山地盆地桶；原始8929户与修正108929户继续分别保存
admin.han140.yanzhou.jibei,geo.region.east.china.taiyifoothill.northwestplain,population_coverage,140,140,10000,single_provisional_commandery_bucket_v1,medium,true,济北国人口暂归泰山西北麓与济水东部平原桶；济北城市目录节点留至P3
admin.han140.xuzhou.langya,geo.region.east.china.yishuhuaihai.northwestfoothill,population_coverage,140,140,10000,single_provisional_commandery_bucket_v1,low,true,琅邪国有效人口暂归沂蒙西南缘与山前桶；原始20804户与修正120804户继续分别保存，570967口不变
admin.han140.xuzhou.donghai,geo.region.east.china.yishuhuaihai.southeastcoastalplain,population_coverage,140,140,10000,single_provisional_commandery_bucket_v1,low,true,东海郡人口暂归沭水下游与淮海北部平原桶；郯县等县级节点与游戏地点交叉留至P3
admin.han140.xuzhou.pengcheng,geo.region.east.china.sishuiriverplain.northwestplain,population_coverage,140,140,10000,single_provisional_commandery_bucket_v1,medium,true,彭城国人口暂归泗水中游西部平原桶；彭城城市节点不单独承接整国人口
admin.han140.xuzhou.xiapi,geo.region.east.china.sishuiriverplain.southeastplain,population_coverage,140,140,10000,single_provisional_commandery_bucket_v1,low,true,下邳国人口暂归泗水下游与淮河北岸平原桶；下邳城市节点与县级分配留至P3
admin.han140.xuzhou.guangling,geo.region.east.china.jianghuaieast.centralplain,population_coverage,140,140,10000,single_provisional_commandery_bucket_v1,low,true,广陵郡人口暂归江淮东部与下游水网平原桶；广陵城市节点与江岸古水网分配留至P3
admin.han140.qingzhou.pingyuan,geo.region.east.china.loweryellowjieastplain.northwestplain,population_coverage,140,140,10000,single_provisional_commandery_bucket_v1,medium,true,平原郡人口暂归黄河下游西北部平原桶；平原县与C008城市目录节点交叉留至P3
admin.han140.qingzhou.jinan,geo.region.east.china.loweryellowjieastplain.southwestfoothillplain,population_coverage,140,140,10000,single_provisional_commandery_bucket_v1,medium,true,济南国人口暂归济水南岸与泰山北麓平原桶；140年按国保存，济南郡转录异文继续仅作行政备注
admin.han140.qingzhou.lean,geo.region.east.china.loweryellowjieastplain.northeastcoastalplain,population_coverage,140,140,10000,single_provisional_commandery_bucket_v1,low,true,乐安国人口暂归济水下游东北部与滨海平原桶；古河道、海岸与县级权重留至P3
admin.han140.qingzhou.qi,geo.region.east.china.ziweijiaolaiplain.westernfoothillplain,population_coverage,140,140,10000,single_provisional_commandery_bucket_v1,medium,true,齐国人口暂归淄水中游与鲁山北麓桶；临淄等县级节点与游戏城市目录交叉留至P3
admin.han140.qingzhou.beihai,geo.region.east.china.ziweijiaolaiplain.easternplain,population_coverage,140,140,10000,single_provisional_commandery_bucket_v1,medium,true,北海国人口暂归潍水流域与胶莱西部平原桶；剧县与C014北海节点不单独承接整国人口
admin.han140.qingzhou.donglai,geo.region.east.china.jiaodongpeninsula.northcoastalhills,population_coverage,140,140,10000,single_provisional_commandery_bucket_v1,low,true,东莱郡人口暂归胶莱东部与胶东北岸丘陵桶；掖县及半岛沿海县邑分配留至P3
admin.han140.jingzhou.nanyang,geo.region.central.china.hanjianguppermiddle.northeastbasin,population_coverage,140,140,10000,single_provisional_commandery_bucket_v1,medium,true,南阳郡人口暂归南阳盆地与汉水上游桶；宛县及游戏城市节点不单独承接全郡人口
admin.han140.jingzhou.nan,geo.region.central.china.jianghanplain.westernplain,population_coverage,140,140,10000,single_provisional_commandery_bucket_v1,medium,true,南郡人口暂归江汉平原西部与长江中游桶；江陵、襄阳等县级节点与古水道分配留至P3
admin.han140.jingzhou.jiangxia,geo.region.central.china.jianghanplain.easternriverlake,population_coverage,140,140,10000,single_provisional_commandery_bucket_v1,medium,true,江夏郡人口暂归江汉平原东部与江湖交汇桶；西陵、沙羡等县级节点分配留至P3
admin.han140.jingzhou.wuling,geo.region.south.china.dongtingxiangziyuanli.northwestbasin,population_coverage,140,140,10000,single_provisional_commandery_bucket_v1,low,true,武陵郡人口暂归沅澧流域与洞庭湖西部桶；临沅等县级节点与水道权重留至P3
admin.han140.jingzhou.changsha,geo.region.south.china.dongtingxiangziyuanli.northeastplain,population_coverage,140,140,10000,single_provisional_commandery_bucket_v1,medium,true,长沙郡人口暂归湘水下游与洞庭湖南部平原桶；临湘及游戏城市节点不单独承接全郡人口
admin.han140.jingzhou.lingling,geo.region.south.china.nanlingnorth.southwestbasin,population_coverage,140,140,10000,single_provisional_commandery_bucket_v1,low,true,零陵郡人口暂归湘水上游与零陵盆地桶；泉陵等县级节点与河谷权重留至P3
admin.han140.jingzhou.guiyang,geo.region.south.china.nanlingnorth.southeastfoothill,population_coverage,140,140,10000,single_provisional_commandery_bucket_v1,low,true,桂阳郡人口暂归南岭北麓与湘东南桶；郴县等县级节点与岭南通道关系留至P3
admin.han140.yangzhou.jiujiang,geo.region.east.china.huainanyangtzenorth.northcentralplain,population_coverage,140,140,10000,single_provisional_commandery_bucket_v1,medium,true,九江郡人口暂归淮河以南与巢湖以北平原桶；寿春、合肥等城市和县级节点不单独承接全郡人口
admin.han140.yangzhou.lujiang,geo.region.east.china.huainanyangtzenorth.southwestfoothillriver,population_coverage,140,140,10000,single_provisional_commandery_bucket_v1,low,true,庐江郡人口暂归大别山东南麓与皖江西部桶；皖县、舒县与江淮古水道分配留至P3
admin.han140.yangzhou.danyang,geo.region.east.china.loweryangtzetaihu.westernriverhills,population_coverage,140,140,10000,single_provisional_commandery_bucket_v1,low,true,丹阳郡人口暂归皖南丘陵与长江下游西段桶；宛陵、秣陵等县级节点与游戏城市交叉留至P3
admin.han140.yangzhou.wu,geo.region.east.china.loweryangtzetaihu.easterntaihuplain,population_coverage,140,140,10000,single_provisional_commandery_bucket_v1,medium,true,吴郡人口暂归太湖平原与长江下游东段桶；吴县及C057游戏城市节点不单独承接全郡人口
admin.han140.yangzhou.kuaiji,geo.region.southeast.china.qiantangzhejianghills.eastcoastalriverhills,population_coverage,140,140,10000,single_provisional_commandery_bucket_v1,low,true,会稽郡人口暂归钱塘江南岸与浙东沿海丘陵桶；山阴、会稽与东南沿海县邑分配留至P3
admin.han140.yangzhou.yuzhang,geo.region.southeast.china.ganpoyang.centralriverlakebasin,population_coverage,140,140,10000,single_provisional_commandery_bucket_v1,medium,true,豫章郡人口暂归赣江中下游与鄱阳湖盆地桶；南昌、柴桑、鄱阳等节点不单独承接全郡人口
admin.han140.yizhou.hanzhong,geo.region.southwest.china.hanzhongqinba.centralhanriverbasin,population_coverage,140,140,10000,single_provisional_commandery_bucket_v1,medium,true,汉中郡人口暂归汉水上游与汉中盆地桶；南郑、汉中等城市节点和山间通道权重留至P3
admin.han140.yizhou.guanghan,geo.region.southwest.china.sichuanbasin.northwestchengduplain,population_coverage,140,140,10000,single_provisional_commandery_bucket_v1,medium,true,广汉郡人口暂归成都平原北部与沱江上游桶；雒县、绵竹等县级节点分配留至P3
admin.han140.yizhou.shu,geo.region.southwest.china.sichuanbasin.centralchengduplain,population_coverage,140,140,10000,single_provisional_commandery_bucket_v1,medium,true,蜀郡人口暂归成都平原中西部与岷江桶；成都游戏城市节点不单独承接全郡人口
admin.han140.yizhou.ba,geo.region.southwest.china.sichuanbasin.easternfoldbasin,population_coverage,140,140,10000,single_provisional_commandery_bucket_v1,medium,true,巴郡人口暂归四川盆地东部与长江嘉陵江河谷桶；江州、鱼复等城市节点不单独承接全郡人口
admin.han140.yizhou.jianwei,geo.region.southwest.china.sichuanbasin.southernriverhills,population_coverage,140,140,10000,single_provisional_commandery_bucket_v1,low,true,犍为郡人口暂归四川盆地南部与岷江下游丘陵桶；武阳、僰道等县级节点分配留至P3
admin.han140.yizhou.guanghanshuguo,geo.region.southwest.china.westernsichuanmountains.northqiangcorridor,population_coverage,140,140,10000,single_provisional_commandery_bucket_v1,low,true,广汉属国人口暂归岷山南麓与川西北山地走廊桶；旧注归属异文继续只在行政记录中审计
admin.han140.yizhou.shushuguo,geo.region.southwest.china.westernsichuanmountains.centralplateaucorridor,population_coverage,140,140,10000,single_provisional_commandery_bucket_v1,low,true,蜀郡属国人口暂归川西高原东缘与大渡河上游走廊桶；属国辖县和族群关系留至P3
admin.han140.yizhou.jianweishuguo,geo.region.southwest.china.westernsichuanmountains.southmountaincorridor,population_coverage,140,140,10000,single_provisional_commandery_bucket_v1,low,true,犍为属国人口暂归川西南山地与金沙江北缘走廊桶；不得用后世朱提郡边界回填140年
admin.han140.yizhou.zangke,geo.region.southwest.china.yunguiplateau.northeastkarstplateau,population_coverage,140,140,10000,single_provisional_commandery_bucket_v1,low,true,牂牁郡人口暂归黔中高原与乌江南盘江上游桶；且兰、夜郎等县邑和族群分配留至P3
admin.han140.yizhou.yizhou,geo.region.southwest.china.yunguiplateau.centralyunnanbasin,population_coverage,140,140,10000,single_provisional_commandery_bucket_v1,low,true,益州郡人口暂归滇中高原与山间盆地桶；滇池、味县等节点不单独承接全郡人口
admin.han140.yizhou.yuexi,geo.region.southwest.china.hengduansouth.northeastanningvalley,population_coverage,140,140,10000,single_provisional_commandery_bucket_v1,low,true,越巂郡人口暂归安宁河谷与川西南山地桶；邛都等县级节点和山地通道留至P3
admin.han140.yizhou.yongchang,geo.region.southwest.china.hengduansouth.southwestlancangfrontier,population_coverage,140,140,10000,single_provisional_commandery_bucket_v1,low,true,永昌郡人口暂归澜沧江上游与滇西纵谷桶；原始231897户、1897344口疑值继续保留且不生成修正
admin.han140.liangzhou.longxi,geo.region.northwest.china.longyouweishui.centraltaoweivalleys,population_coverage,140,140,10000,single_provisional_commandery_bucket_v1,low,true,陇西郡人口暂归洮河渭河上游与陇中盆谷桶；狄道等县级节点与河谷权重留至P3
admin.han140.liangzhou.hanyang,geo.region.northwest.china.longyouweishui.southeastweishuibasin,population_coverage,140,140,10000,single_provisional_commandery_bucket_v1,medium,true,汉阳郡人口暂归渭水上游与陇山东麓桶；冀县等城市和县级节点不单独承接全郡人口
admin.han140.liangzhou.wudu,geo.region.northwest.china.longnanqinba.centraljialingmountaincorridor,population_coverage,140,140,10000,single_provisional_commandery_bucket_v1,low,true,武都郡人口暂归嘉陵江上游与陇南山地走廊桶；县道与秦蜀山间通道留至P3
admin.han140.liangzhou.jincheng,geo.region.northwest.china.hehuangyellowupper.easternyellowriverbasin,population_coverage,140,140,10000,single_provisional_commandery_bucket_v1,low,true,金城郡人口暂归河湟东缘与黄河上游盆谷桶；允吾、金城等治所关系留至P3考证
admin.han140.liangzhou.anding,geo.region.northwest.china.loessnorthwest.southcentraljinghehills,population_coverage,140,140,10000,single_provisional_commandery_bucket_v1,low,true,安定郡人口暂归泾水上游与陇东宁南黄土丘陵桶；临泾等县级节点与边塞通道留至P3
admin.han140.liangzhou.beidi,geo.region.northwest.china.loessnorthwest.northeastordosmargin,population_coverage,140,140,10000,single_provisional_commandery_bucket_v1,low,true,北地郡人口暂归鄂尔多斯南缘与黄土高原北部桶；3122户及公开转录异文继续只在人口和行政记录中审计
admin.han140.liangzhou.wuwei,geo.region.northwest.china.hexicorridor.eastshiyanghebasin,population_coverage,140,140,10000,single_provisional_commandery_bucket_v1,medium,true,武威郡人口暂归石羊河流域与河西走廊东部绿洲桶；10042户及公开转录异文继续只在行政记录中审计
admin.han140.liangzhou.zhangye,geo.region.northwest.china.hexicorridor.centralheiheoasis,population_coverage,140,140,10000,single_provisional_commandery_bucket_v1,medium,true,张掖郡人口暂归黑河中游与河西走廊中部绿洲桶；觻得等县级节点与古灌溉区留至P3
admin.han140.liangzhou.jiuquan,geo.region.northwest.china.hexicorridor.centralwestjiuquanoasis,population_coverage,140,140,10000,single_provisional_commandery_bucket_v1,low,true,酒泉郡人口暂归河西走廊中西部与酒泉绿洲桶；原始口数继续留空且46631口只作显式修正
admin.han140.liangzhou.dunhuang,geo.region.northwest.china.hexicorridor.westdunhuangshulebasin,population_coverage,140,140,10000,single_provisional_commandery_bucket_v1,medium,true,敦煌郡人口暂归疏勒河下游与敦煌盆地绿洲桶；748原始户与7748修正户继续分字段保存
admin.han140.liangzhou.zhangyeshuguo,geo.region.northwest.china.hexicorridor.centralnorthfrontiercorridor,population_coverage,140,140,10000,single_provisional_commandery_bucket_v1,low,true,张掖属国人口暂归河西走廊中部北缘边地走廊桶；属国五城、屯田与族群关系留至P3
admin.han140.liangzhou.zhangyejuyanshuguo,geo.region.northwest.china.juyanblackriverlower.northernterminaloasis,population_coverage,140,140,10000,single_provisional_commandery_bucket_v1,low,true,张掖居延属国人口暂归黑河下游与居延尾闾绿洲桶；不并入张掖郡或普通河西绿洲人口
admin.han140.bingzhou.shangdang,geo.region.north.china.taihangshangdang.southwestbasin,population_coverage,140,140,10000,single_provisional_commandery_bucket_v1,medium,true,上党郡人口暂归上党盆地与太行山西麓桶；长子、壶关等县级节点与太行通道留至P3
admin.han140.bingzhou.taiyuan,geo.region.north.china.fenriverluliang.northcentralbasin,population_coverage,140,140,10000,single_provisional_commandery_bucket_v1,medium,true,太原郡人口暂归汾河中上游与太原盆地桶；晋阳城市节点不单独承接全郡人口
admin.han140.bingzhou.xihe,geo.region.north.china.fenriverluliang.westernluliangyellowvalleys,population_coverage,140,140,10000,single_provisional_commandery_bucket_v1,low,true,西河郡人口暂归吕梁山西麓与黄河东岸河谷桶；离石、圜阴等县级节点留至P3
admin.han140.bingzhou.shang,geo.region.northwest.china.northshaanxiloess.northeastwudinghills,population_coverage,140,140,10000,single_provisional_commandery_bucket_v1,low,true,上郡人口暂归无定河流域与陕北黄土丘陵桶；肤施等县级节点与塞垣关系留至P3
admin.han140.bingzhou.wuyuan,geo.region.north.china.hetaoyellowbend.northcentraloasisplain,population_coverage,140,140,10000,single_provisional_commandery_bucket_v1,medium,true,五原郡人口暂归河套北部与黄河最北段平原桶；九原等县级节点与黄河故道留至P3
admin.han140.bingzhou.shuofang,geo.region.north.china.hetaoyellowbend.southwestyellowriverplain,population_coverage,140,140,10000,single_provisional_commandery_bucket_v1,low,true,朔方郡人口暂归河套西南部与黄河沿岸平原桶；临戎等县级节点和屯田范围留至P3
admin.han140.bingzhou.yunzhong,geo.region.north.china.yinshansouth.southeasttumochuanplain,population_coverage,140,140,10000,single_provisional_commandery_bucket_v1,low,true,云中郡人口暂归土默川平原与阴山东南麓桶；云中古城址和县级关系留至P3
admin.han140.bingzhou.dingxiang,geo.region.north.china.yinshansouth.southcentralfoothillplain,population_coverage,140,140,10000,single_provisional_commandery_bucket_v1,low,true,定襄郡人口暂归阴山南麓中部与山前平原桶；善无等县级节点与边塞道路留至P3
admin.han140.bingzhou.yanmen,geo.region.north.china.yanmensanggan.centraldatongbasin,population_coverage,140,140,10000,single_provisional_commandery_bucket_v1,medium,true,雁门郡人口暂归雁门山北部与桑干河大同盆地桶；31862户、249000口原值保持不变
admin.han140.jiaozhou.nanhai,geo.region.south.china.pearlriverdelta.eastcentraldeltafoothills,population_coverage,140,140,10000,single_provisional_commandery_bucket_v1,medium,true,南海郡人口暂归珠江三角洲中东部与岭南东部丘陵桶；番禺等县级节点和古海岸河网留至P3
admin.han140.jiaozhou.cangwu,geo.region.south.china.xijiangyujiang.easternxijiangbasin,population_coverage,140,140,10000,single_provisional_commandery_bucket_v1,medium,true,苍梧郡人口暂归西江中下游与桂东盆谷桶；广信等县级节点与古河道留至P3
admin.han140.jiaozhou.yulin,geo.region.south.china.xijiangyujiang.centralyujiangbasin,population_coverage,140,140,10000,single_provisional_commandery_bucket_v1,low,true,郁林郡M级有效人口暂归郁江流域与桂中南盆谷桶；原典户口继续为空且不把估算改写为史籍事实
admin.han140.jiaozhou.hepu,geo.region.south.china.beibugulfcoast.northeastcoastalplain,population_coverage,140,140,10000,single_provisional_commandery_bucket_v1,low,true,合浦郡人口暂归北部湾东北岸与桂南滨海平原桶；合浦县与古海岸港湾关系留至P3
admin.han140.jiaozhou.jiaozhi,geo.region.southeastasia.redriverdelta.centralnortherndelta,population_coverage,140,140,10000,single_provisional_commandery_bucket_v1,low,true,交趾郡M级有效人口暂归红河中下游与越北三角洲桶；原典户口继续为空且龙编位置留至P3
admin.han140.jiaozhou.jiuzhen,geo.region.southeastasia.northcentralvietnam.northmariverbasin,population_coverage,140,140,10000,single_provisional_commandery_bucket_v1,low,true,九真郡人口暂归马江流域与越北中部盆谷桶；胥浦等县级节点与海岸关系留至P3
admin.han140.jiaozhou.rinan,geo.region.southeastasia.northcentralvietnam.centralcoastalstrip,population_coverage,140,140,10000,single_provisional_commandery_bucket_v1,low,true,日南郡人口暂归越南北中部沿海与山地走廊桶；西卷等县级节点和郡域南界保持争议
admin.han140.sili.henan.luoyang,geo.region.central.china.heluo.luoyangbasin.county.luoyang,county_identity,140,140,10000,source_itemized_county_identity,high,true,县级身份映射；不拆分或重复郡国人口
admin.han140.sili.henan.henan,geo.region.central.china.heluo.luoyangbasin.county.henan,county_identity,140,140,10000,source_itemized_county_identity,high,true,县级身份映射；不拆分或重复郡国人口
admin.han140.sili.henan.liang,geo.region.central.china.heluo.luoyangbasin.county.liang,county_identity,140,140,10000,source_itemized_county_identity,high,true,县级身份映射；不拆分或重复郡国人口
admin.han140.sili.henan.yingyang,geo.region.central.china.heluo.luoyangbasin.county.yingyang,county_identity,140,140,10000,source_itemized_county_identity,high,true,县级身份映射；不拆分或重复郡国人口
admin.han140.sili.henan.juan,geo.region.central.china.heluo.luoyangbasin.county.juan,county_identity,140,140,10000,source_itemized_county_identity,high,true,县级身份映射；不拆分或重复郡国人口
admin.han140.sili.henan.yuanwu,geo.region.central.china.heluo.luoyangbasin.county.yuanwu,county_identity,140,140,10000,source_itemized_county_identity,high,true,县级身份映射；不拆分或重复郡国人口
admin.han140.sili.henan.yangwu,geo.region.central.china.heluo.luoyangbasin.county.yangwu,county_identity,140,140,10000,source_itemized_county_identity,high,true,县级身份映射；不拆分或重复郡国人口
admin.han140.sili.henan.zhongmou,geo.region.central.china.heluo.luoyangbasin.county.zhongmou,county_identity,140,140,10000,source_itemized_county_identity,high,true,县级身份映射；不拆分或重复郡国人口
admin.han140.sili.henan.kaifeng,geo.region.central.china.heluo.luoyangbasin.county.kaifeng,county_identity,140,140,10000,source_itemized_county_identity,high,true,县级身份映射；不拆分或重复郡国人口
admin.han140.sili.henan.wanling,geo.region.central.china.heluo.luoyangbasin.county.wanling,county_identity,140,140,10000,source_itemized_county_identity,high,true,县级身份映射；不拆分或重复郡国人口
admin.han140.sili.henan.pingyin,geo.region.central.china.heluo.luoyangbasin.county.pingyin,county_identity,140,140,10000,source_itemized_county_identity,high,true,县级身份映射；不拆分或重复郡国人口
admin.han140.sili.henan.gucheng,geo.region.central.china.heluo.luoyangbasin.county.gucheng,county_identity,140,140,10000,source_itemized_county_identity,high,true,县级身份映射；不拆分或重复郡国人口
admin.han140.sili.henan.goushi,geo.region.central.china.heluo.luoyangbasin.county.goushi,county_identity,140,140,10000,source_itemized_county_identity,high,true,县级身份映射；不拆分或重复郡国人口
admin.han140.sili.henan.gong,geo.region.central.china.heluo.luoyangbasin.county.gong,county_identity,140,140,10000,source_itemized_county_identity,high,true,县级身份映射；不拆分或重复郡国人口
admin.han140.sili.henan.chenggao,geo.region.central.china.heluo.luoyangbasin.county.chenggao,county_identity,140,140,10000,source_itemized_county_identity,high,true,县级身份映射；不拆分或重复郡国人口
admin.han140.sili.henan.jing,geo.region.central.china.heluo.luoyangbasin.county.jing,county_identity,140,140,10000,source_itemized_county_identity,high,true,县级身份映射；不拆分或重复郡国人口
admin.han140.sili.henan.mi,geo.region.central.china.heluo.luoyangbasin.county.mi,county_identity,140,140,10000,source_itemized_county_identity,high,true,县级身份映射；不拆分或重复郡国人口
admin.han140.sili.henan.xincheng,geo.region.central.china.heluo.luoyangbasin.county.xincheng,county_identity,140,140,10000,source_itemized_county_identity,high,true,县级身份映射；不拆分或重复郡国人口
admin.han140.sili.henan.yanshi,geo.region.central.china.heluo.luoyangbasin.county.yanshi,county_identity,140,140,10000,source_itemized_county_identity,high,true,县级身份映射；不拆分或重复郡国人口
admin.han140.sili.henan.xinzheng,geo.region.central.china.heluo.luoyangbasin.county.xinzheng,county_identity,140,140,10000,source_itemized_county_identity,high,true,县级身份映射；不拆分或重复郡国人口
admin.han140.sili.henan.ping,geo.region.central.china.heluo.luoyangbasin.county.ping,county_identity,140,140,10000,source_itemized_county_identity,high,true,县级身份映射；不拆分或重复郡国人口
admin.han140.sili.henei.huai,geo.region.central.china.heluo.northyellowriverplain.county.huai,county_identity,140,140,10000,source_itemized_county_identity,high,true,县级身份映射；不拆分或重复郡国人口
admin.han140.sili.henei.heyang,geo.region.central.china.heluo.northyellowriverplain.county.heyang,county_identity,140,140,10000,source_itemized_county_identity,high,true,县级身份映射；不拆分或重复郡国人口
admin.han140.sili.henei.zhi,geo.region.central.china.heluo.northyellowriverplain.county.zhi,county_identity,140,140,10000,source_itemized_county_identity,high,true,县级身份映射；不拆分或重复郡国人口
admin.han140.sili.henei.bo,geo.region.central.china.heluo.northyellowriverplain.county.bo,county_identity,140,140,10000,source_itemized_county_identity,high,true,县级身份映射；不拆分或重复郡国人口
admin.han140.sili.henei.qinshui,geo.region.central.china.heluo.northyellowriverplain.county.qinshui,county_identity,140,140,10000,source_itemized_county_identity,high,true,县级身份映射；不拆分或重复郡国人口
admin.han140.sili.henei.yewang,geo.region.central.china.heluo.northyellowriverplain.county.yewang,county_identity,140,140,10000,source_itemized_county_identity,high,true,县级身份映射；不拆分或重复郡国人口
admin.han140.sili.henei.wen,geo.region.central.china.heluo.northyellowriverplain.county.wen,county_identity,140,140,10000,source_itemized_county_identity,high,true,县级身份映射；不拆分或重复郡国人口
admin.han140.sili.henei.zhou,geo.region.central.china.heluo.northyellowriverplain.county.zhou,county_identity,140,140,10000,source_itemized_county_identity,high,true,县级身份映射；不拆分或重复郡国人口
admin.han140.sili.henei.pinggao,geo.region.central.china.heluo.northyellowriverplain.county.pinggao,county_identity,140,140,10000,source_itemized_county_identity,high,true,县级身份映射；不拆分或重复郡国人口
admin.han140.sili.henei.shanyangyi,geo.region.central.china.heluo.northyellowriverplain.county.shanyangyi,county_identity,140,140,10000,source_itemized_county_identity,high,true,县级身份映射；不拆分或重复郡国人口
admin.han140.sili.henei.wude,geo.region.central.china.heluo.northyellowriverplain.county.wude,county_identity,140,140,10000,source_itemized_county_identity,high,true,县级身份映射；不拆分或重复郡国人口
admin.han140.sili.henei.huojia,geo.region.central.china.heluo.northyellowriverplain.county.huojia,county_identity,140,140,10000,source_itemized_county_identity,high,true,县级身份映射；不拆分或重复郡国人口
admin.han140.sili.henei.xiuwu,geo.region.central.china.heluo.northyellowriverplain.county.xiuwu,county_identity,140,140,10000,source_itemized_county_identity,high,true,县级身份映射；不拆分或重复郡国人口
admin.han140.sili.henei.gong,geo.region.central.china.heluo.northyellowriverplain.county.gong,county_identity,140,140,10000,source_itemized_county_identity,high,true,县级身份映射；不拆分或重复郡国人口
admin.han140.sili.henei.ji,geo.region.central.china.heluo.northyellowriverplain.county.ji,county_identity,140,140,10000,source_itemized_county_identity,high,true,县级身份映射；不拆分或重复郡国人口
admin.han140.sili.henei.zhaoge,geo.region.central.china.heluo.northyellowriverplain.county.zhaoge,county_identity,140,140,10000,source_itemized_county_identity,high,true,县级身份映射；不拆分或重复郡国人口
admin.han140.sili.henei.dangyin,geo.region.central.china.heluo.northyellowriverplain.county.dangyin,county_identity,140,140,10000,source_itemized_county_identity,high,true,县级身份映射；不拆分或重复郡国人口
admin.han140.sili.henei.linlu,geo.region.central.china.heluo.northyellowriverplain.county.linlu,county_identity,140,140,10000,source_itemized_county_identity,high,true,县级身份映射；不拆分或重复郡国人口
admin.han140.sili.hedong.anyi,geo.region.north.china.southfenheyellowriver.centralbasin.county.anyi,county_identity,140,140,10000,source_itemized_county_identity,high,true,县级身份映射；不拆分或重复郡国人口
admin.han140.sili.hedong.yang,geo.region.north.china.southfenheyellowriver.centralbasin.county.yang,county_identity,140,140,10000,source_itemized_county_identity,high,true,县级身份映射；不拆分或重复郡国人口
admin.han140.sili.hedong.pingyang,geo.region.north.china.southfenheyellowriver.centralbasin.county.pingyang,county_identity,140,140,10000,source_itemized_county_identity,high,true,县级身份映射；不拆分或重复郡国人口
admin.han140.sili.hedong.linfen,geo.region.north.china.southfenheyellowriver.centralbasin.county.linfen,county_identity,140,140,10000,source_itemized_county_identity,high,true,县级身份映射；不拆分或重复郡国人口
admin.han140.sili.hedong.fenyin,geo.region.north.china.southfenheyellowriver.centralbasin.county.fenyin,county_identity,140,140,10000,source_itemized_county_identity,high,true,县级身份映射；不拆分或重复郡国人口
admin.han140.sili.hedong.puban,geo.region.north.china.southfenheyellowriver.centralbasin.county.puban,county_identity,140,140,10000,source_itemized_county_identity,high,true,县级身份映射；不拆分或重复郡国人口
admin.han140.sili.hedong.dayang,geo.region.north.china.southfenheyellowriver.centralbasin.county.dayang,county_identity,140,140,10000,source_itemized_county_identity,high,true,县级身份映射；不拆分或重复郡国人口
admin.han140.sili.hedong.jie,geo.region.north.china.southfenheyellowriver.centralbasin.county.jie,county_identity,140,140,10000,source_itemized_county_identity,high,true,县级身份映射；不拆分或重复郡国人口
admin.han140.sili.hedong.pishi,geo.region.north.china.southfenheyellowriver.centralbasin.county.pishi,county_identity,140,140,10000,source_itemized_county_identity,high,true,县级身份映射；不拆分或重复郡国人口
admin.han140.sili.hedong.wenxiyi,geo.region.north.china.southfenheyellowriver.centralbasin.county.wenxiyi,county_identity,140,140,10000,source_itemized_county_identity,high,true,县级身份映射；不拆分或重复郡国人口
admin.han140.sili.hedong.jiangyi,geo.region.north.china.southfenheyellowriver.centralbasin.county.jiangyi,county_identity,140,140,10000,source_itemized_county_identity,high,true,县级身份映射；不拆分或重复郡国人口
admin.han140.sili.hedong.yongan,geo.region.north.china.southfenheyellowriver.centralbasin.county.yongan,county_identity,140,140,10000,source_itemized_county_identity,high,true,县级身份映射；不拆分或重复郡国人口
admin.han140.sili.hedong.hebei,geo.region.north.china.southfenheyellowriver.centralbasin.county.hebei,county_identity,140,140,10000,source_itemized_county_identity,high,true,县级身份映射；不拆分或重复郡国人口
admin.han140.sili.hedong.yishi,geo.region.north.china.southfenheyellowriver.centralbasin.county.yishi,county_identity,140,140,10000,source_itemized_county_identity,high,true,县级身份映射；不拆分或重复郡国人口
admin.han140.sili.hedong.yuan,geo.region.north.china.southfenheyellowriver.centralbasin.county.yuan,county_identity,140,140,10000,source_itemized_county_identity,high,true,县级身份映射；不拆分或重复郡国人口
admin.han140.sili.hedong.xiangling,geo.region.north.china.southfenheyellowriver.centralbasin.county.xiangling,county_identity,140,140,10000,source_itemized_county_identity,high,true,县级身份映射；不拆分或重复郡国人口
admin.han140.sili.hedong.beiqu,geo.region.north.china.southfenheyellowriver.centralbasin.county.beiqu,county_identity,140,140,10000,source_itemized_county_identity,high,true,县级身份映射；不拆分或重复郡国人口
admin.han140.sili.hedong.puzi,geo.region.north.china.southfenheyellowriver.centralbasin.county.puzi,county_identity,140,140,10000,source_itemized_county_identity,high,true,县级身份映射；不拆分或重复郡国人口
admin.han140.sili.hedong.huoze,geo.region.north.china.southfenheyellowriver.centralbasin.county.huoze,county_identity,140,140,10000,source_itemized_county_identity,high,true,县级身份映射；不拆分或重复郡国人口
admin.han140.sili.hedong.duanshi,geo.region.north.china.southfenheyellowriver.centralbasin.county.duanshi,county_identity,140,140,10000,source_itemized_county_identity,high,true,县级身份映射；不拆分或重复郡国人口
admin.han140.sili.hongnong.hongnong,geo.region.central.china.heluo.westyellowrivercorridor.county.hongnong,county_identity,140,140,10000,source_itemized_county_identity,high,true,县级身份映射；不拆分或重复郡国人口
admin.han140.sili.hongnong.shan,geo.region.central.china.heluo.westyellowrivercorridor.county.shan,county_identity,140,140,10000,source_itemized_county_identity,high,true,县级身份映射；不拆分或重复郡国人口
admin.han140.sili.hongnong.minchi,geo.region.central.china.heluo.westyellowrivercorridor.county.minchi,county_identity,140,140,10000,source_itemized_county_identity,high,true,县级身份映射；不拆分或重复郡国人口
admin.han140.sili.hongnong.xinan,geo.region.central.china.heluo.westyellowrivercorridor.county.xinan,county_identity,140,140,10000,source_itemized_county_identity,high,true,县级身份映射；不拆分或重复郡国人口
admin.han140.sili.hongnong.yiyang,geo.region.central.china.heluo.westyellowrivercorridor.county.yiyang,county_identity,140,140,10000,source_itemized_county_identity,high,true,县级身份映射；不拆分或重复郡国人口
admin.han140.sili.hongnong.luhun,geo.region.central.china.heluo.westyellowrivercorridor.county.luhun,county_identity,140,140,10000,source_itemized_county_identity,high,true,县级身份映射；不拆分或重复郡国人口
admin.han140.sili.hongnong.lushi,geo.region.central.china.heluo.westyellowrivercorridor.county.lushi,county_identity,140,140,10000,source_itemized_county_identity,high,true,县级身份映射；不拆分或重复郡国人口
admin.han140.sili.hongnong.hu,geo.region.central.china.heluo.westyellowrivercorridor.county.hu,county_identity,140,140,10000,source_itemized_county_identity,high,true,县级身份映射；不拆分或重复郡国人口
admin.han140.sili.hongnong.huayin,geo.region.central.china.heluo.westyellowrivercorridor.county.huayin,county_identity,140,140,10000,source_itemized_county_identity,high,true,县级身份映射；不拆分或重复郡国人口
admin.han140.sili.jingzhao.changan,geo.region.northwest.china.guanzhong.centralweiriverplain.county.changan,county_identity,140,140,10000,source_itemized_county_identity,high,true,县级身份映射；不拆分或重复郡国人口
admin.han140.sili.jingzhao.baling,geo.region.northwest.china.guanzhong.centralweiriverplain.county.baling,county_identity,140,140,10000,source_itemized_county_identity,high,true,县级身份映射；不拆分或重复郡国人口
admin.han140.sili.jingzhao.duling,geo.region.northwest.china.guanzhong.centralweiriverplain.county.duling,county_identity,140,140,10000,source_itemized_county_identity,high,true,县级身份映射；不拆分或重复郡国人口
admin.han140.sili.jingzhao.zheng,geo.region.northwest.china.guanzhong.centralweiriverplain.county.zheng,county_identity,140,140,10000,source_itemized_county_identity,high,true,县级身份映射；不拆分或重复郡国人口
admin.han140.sili.jingzhao.xinfeng,geo.region.northwest.china.guanzhong.centralweiriverplain.county.xinfeng,county_identity,140,140,10000,source_itemized_county_identity,high,true,县级身份映射；不拆分或重复郡国人口
admin.han140.sili.jingzhao.lantian,geo.region.northwest.china.guanzhong.centralweiriverplain.county.lantian,county_identity,140,140,10000,source_itemized_county_identity,high,true,县级身份映射；不拆分或重复郡国人口
admin.han140.sili.jingzhao.changling,geo.region.northwest.china.guanzhong.centralweiriverplain.county.changling,county_identity,140,140,10000,source_itemized_county_identity,high,true,县级身份映射；不拆分或重复郡国人口
admin.han140.sili.jingzhao.shang,geo.region.northwest.china.guanzhong.centralweiriverplain.county.shang,county_identity,140,140,10000,source_itemized_county_identity,high,true,县级身份映射；不拆分或重复郡国人口
admin.han140.sili.jingzhao.shangluo,geo.region.northwest.china.guanzhong.centralweiriverplain.county.shangluo,county_identity,140,140,10000,source_itemized_county_identity,high,true,县级身份映射；不拆分或重复郡国人口
admin.han140.sili.jingzhao.yangling,geo.region.northwest.china.guanzhong.centralweiriverplain.county.yangling,county_identity,140,140,10000,source_itemized_county_identity,high,true,县级身份映射；不拆分或重复郡国人口
admin.han140.sili.zuopingyi.gaoling,geo.region.northwest.china.guanzhong.easternweiriverplain.county.gaoling,county_identity,140,140,10000,source_itemized_county_identity,high,true,县级身份映射；不拆分或重复郡国人口
admin.han140.sili.zuopingyi.chiyang,geo.region.northwest.china.guanzhong.easternweiriverplain.county.chiyang,county_identity,140,140,10000,source_itemized_county_identity,high,true,县级身份映射；不拆分或重复郡国人口
admin.han140.sili.zuopingyi.yunyang,geo.region.northwest.china.guanzhong.easternweiriverplain.county.yunyang,county_identity,140,140,10000,source_itemized_county_identity,high,true,县级身份映射；不拆分或重复郡国人口
admin.han140.sili.zuopingyi.duiyu,geo.region.northwest.china.guanzhong.easternweiriverplain.county.duiyu,county_identity,140,140,10000,source_itemized_county_identity,high,true,县级身份映射；不拆分或重复郡国人口
admin.han140.sili.zuopingyi.pinyang,geo.region.northwest.china.guanzhong.easternweiriverplain.county.pinyang,county_identity,140,140,10000,source_itemized_county_identity,high,true,县级身份映射；不拆分或重复郡国人口
admin.han140.sili.zuopingyi.monian,geo.region.northwest.china.guanzhong.easternweiriverplain.county.monian,county_identity,140,140,10000,source_itemized_county_identity,high,true,县级身份映射；不拆分或重复郡国人口
admin.han140.sili.zuopingyi.lianshao,geo.region.northwest.china.guanzhong.easternweiriverplain.county.lianshao,county_identity,140,140,10000,source_itemized_county_identity,high,true,县级身份映射；不拆分或重复郡国人口
admin.han140.sili.zuopingyi.zhongquan,geo.region.northwest.china.guanzhong.easternweiriverplain.county.zhongquan,county_identity,140,140,10000,source_itemized_county_identity,high,true,县级身份映射；不拆分或重复郡国人口
admin.han140.sili.zuopingyi.linjin,geo.region.northwest.china.guanzhong.easternweiriverplain.county.linjin,county_identity,140,140,10000,source_itemized_county_identity,high,true,县级身份映射；不拆分或重复郡国人口
admin.han140.sili.zuopingyi.heyang,geo.region.northwest.china.guanzhong.easternweiriverplain.county.heyang,county_identity,140,140,10000,source_itemized_county_identity,high,true,县级身份映射；不拆分或重复郡国人口
admin.han140.sili.zuopingyi.xiayang,geo.region.northwest.china.guanzhong.easternweiriverplain.county.xiayang,county_identity,140,140,10000,source_itemized_county_identity,high,true,县级身份映射；不拆分或重复郡国人口
admin.han140.sili.zuopingyi.ya,geo.region.northwest.china.guanzhong.easternweiriverplain.county.ya,county_identity,140,140,10000,source_itemized_county_identity,high,true,县级身份映射；不拆分或重复郡国人口
admin.han140.sili.zuopingyi.suyi,geo.region.northwest.china.guanzhong.easternweiriverplain.county.suyi,county_identity,140,140,10000,source_itemized_county_identity,high,true,县级身份映射；不拆分或重复郡国人口
admin.han140.sili.youfufeng.huaili,geo.region.northwest.china.guanzhong.westernweiriverplain.county.huaili,county_identity,140,140,10000,source_itemized_county_identity,high,true,县级身份映射；不拆分或重复郡国人口
admin.han140.sili.youfufeng.anling,geo.region.northwest.china.guanzhong.westernweiriverplain.county.anling,county_identity,140,140,10000,source_itemized_county_identity,high,true,县级身份映射；不拆分或重复郡国人口
admin.han140.sili.youfufeng.pingling,geo.region.northwest.china.guanzhong.westernweiriverplain.county.pingling,county_identity,140,140,10000,source_itemized_county_identity,high,true,县级身份映射；不拆分或重复郡国人口
admin.han140.sili.youfufeng.maoling,geo.region.northwest.china.guanzhong.westernweiriverplain.county.maoling,county_identity,140,140,10000,source_itemized_county_identity,high,true,县级身份映射；不拆分或重复郡国人口
admin.han140.sili.youfufeng.hufeng,geo.region.northwest.china.guanzhong.westernweiriverplain.county.hufeng,county_identity,140,140,10000,source_itemized_county_identity,high,true,县级身份映射；不拆分或重复郡国人口
admin.han140.sili.youfufeng.mei,geo.region.northwest.china.guanzhong.westernweiriverplain.county.mei,county_identity,140,140,10000,source_itemized_county_identity,high,true,县级身份映射；不拆分或重复郡国人口
admin.han140.sili.youfufeng.wugong,geo.region.northwest.china.guanzhong.westernweiriverplain.county.wugong,county_identity,140,140,10000,source_itemized_county_identity,high,true,县级身份映射；不拆分或重复郡国人口
admin.han140.sili.youfufeng.chencang,geo.region.northwest.china.guanzhong.westernweiriverplain.county.chencang,county_identity,140,140,10000,source_itemized_county_identity,high,true,县级身份映射；不拆分或重复郡国人口
admin.han140.sili.youfufeng.qian,geo.region.northwest.china.guanzhong.westernweiriverplain.county.qian,county_identity,140,140,10000,source_itemized_county_identity,high,true,县级身份映射；不拆分或重复郡国人口
admin.han140.sili.youfufeng.yumi,geo.region.northwest.china.guanzhong.westernweiriverplain.county.yumi,county_identity,140,140,10000,source_itemized_county_identity,high,true,县级身份映射；不拆分或重复郡国人口
admin.han140.sili.youfufeng.yong,geo.region.northwest.china.guanzhong.westernweiriverplain.county.yong,county_identity,140,140,10000,source_itemized_county_identity,high,true,县级身份映射；不拆分或重复郡国人口
admin.han140.sili.youfufeng.xunyi,geo.region.northwest.china.guanzhong.westernweiriverplain.county.xunyi,county_identity,140,140,10000,source_itemized_county_identity,high,true,县级身份映射；不拆分或重复郡国人口
admin.han140.sili.youfufeng.meiyang,geo.region.northwest.china.guanzhong.westernweiriverplain.county.meiyang,county_identity,140,140,10000,source_itemized_county_identity,high,true,县级身份映射；不拆分或重复郡国人口
admin.han140.sili.youfufeng.qi,geo.region.northwest.china.guanzhong.westernweiriverplain.county.qi,county_identity,140,140,10000,source_itemized_county_identity,high,true,县级身份映射；不拆分或重复郡国人口
admin.han140.sili.youfufeng.duyang,geo.region.northwest.china.guanzhong.westernweiriverplain.county.duyang,county_identity,140,140,10000,source_itemized_county_identity,high,true,县级身份映射；不拆分或重复郡国人口
admin.han140.yuzhou.yingchuan.yangdi,geo.region.central.china.yingruhuai.northwestplain.county.yangdi,county_identity,140,140,10000,source_itemized_county_identity,high,true,县级身份映射；不拆分或重复郡国人口
admin.han140.yuzhou.yingchuan.xiang,geo.region.central.china.yingruhuai.northwestplain.county.xiang,county_identity,140,140,10000,source_itemized_county_identity,high,true,县级身份映射；不拆分或重复郡国人口
admin.han140.yuzhou.yingchuan.xiangcheng,geo.region.central.china.yingruhuai.northwestplain.county.xiangcheng,county_identity,140,140,10000,source_itemized_county_identity,high,true,县级身份映射；不拆分或重复郡国人口
admin.han140.yuzhou.yingchuan.kunyang,geo.region.central.china.yingruhuai.northwestplain.county.kunyang,county_identity,140,140,10000,source_itemized_county_identity,high,true,县级身份映射；不拆分或重复郡国人口
admin.han140.yuzhou.yingchuan.dingling,geo.region.central.china.yingruhuai.northwestplain.county.dingling,county_identity,140,140,10000,source_itemized_county_identity,high,true,县级身份映射；不拆分或重复郡国人口
admin.han140.yuzhou.yingchuan.wuyangyi,geo.region.central.china.yingruhuai.northwestplain.county.wuyangyi,county_identity,140,140,10000,source_itemized_county_identity,high,true,县级身份映射；不拆分或重复郡国人口
admin.han140.yuzhou.yingchuan.yan,geo.region.central.china.yingruhuai.northwestplain.county.yan,county_identity,140,140,10000,source_itemized_county_identity,high,true,县级身份映射；不拆分或重复郡国人口
admin.han140.yuzhou.yingchuan.linying,geo.region.central.china.yingruhuai.northwestplain.county.linying,county_identity,140,140,10000,source_itemized_county_identity,high,true,县级身份映射；不拆分或重复郡国人口
admin.han140.yuzhou.yingchuan.yingyang,geo.region.central.china.yingruhuai.northwestplain.county.yingyang,county_identity,140,140,10000,source_itemized_county_identity,high,true,县级身份映射；不拆分或重复郡国人口
admin.han140.yuzhou.yingchuan.yingyin,geo.region.central.china.yingruhuai.northwestplain.county.yingyin,county_identity,140,140,10000,source_itemized_county_identity,high,true,县级身份映射；不拆分或重复郡国人口
admin.han140.yuzhou.yingchuan.xu,geo.region.central.china.yingruhuai.northwestplain.county.xu,county_identity,140,140,10000,source_itemized_county_identity,high,true,县级身份映射；不拆分或重复郡国人口
admin.han140.yuzhou.yingchuan.xinji,geo.region.central.china.yingruhuai.northwestplain.county.xinji,county_identity,140,140,10000,source_itemized_county_identity,high,true,县级身份映射；不拆分或重复郡国人口
admin.han140.yuzhou.yingchuan.yanling,geo.region.central.china.yingruhuai.northwestplain.county.yanling,county_identity,140,140,10000,source_itemized_county_identity,high,true,县级身份映射；不拆分或重复郡国人口
admin.han140.yuzhou.yingchuan.changshe,geo.region.central.china.yingruhuai.northwestplain.county.changshe,county_identity,140,140,10000,source_itemized_county_identity,high,true,县级身份映射；不拆分或重复郡国人口
admin.han140.yuzhou.yingchuan.yangcheng,geo.region.central.china.yingruhuai.northwestplain.county.yangcheng,county_identity,140,140,10000,source_itemized_county_identity,high,true,县级身份映射；不拆分或重复郡国人口
admin.han140.yuzhou.yingchuan.fucheng,geo.region.central.china.yingruhuai.northwestplain.county.fucheng,county_identity,140,140,10000,source_itemized_county_identity,high,true,县级身份映射；不拆分或重复郡国人口
admin.han140.yuzhou.yingchuan.lunshi,geo.region.central.china.yingruhuai.northwestplain.county.lunshi,county_identity,140,140,10000,source_itemized_county_identity,high,true,县级身份映射；不拆分或重复郡国人口
admin.han140.yuzhou.runan.pingyu,geo.region.central.china.yingruhuai.southplain.county.pingyu,county_identity,140,140,10000,source_itemized_county_identity,high,true,县级身份映射；不拆分或重复郡国人口
admin.han140.yuzhou.runan.xinyang,geo.region.central.china.yingruhuai.southplain.county.xinyang,county_identity,140,140,10000,source_itemized_county_identity,high,true,县级身份映射；不拆分或重复郡国人口
admin.han140.yuzhou.runan.xiping,geo.region.central.china.yingruhuai.southplain.county.xiping,county_identity,140,140,10000,source_itemized_county_identity,high,true,县级身份映射；不拆分或重复郡国人口
admin.han140.yuzhou.runan.shangcai,geo.region.central.china.yingruhuai.southplain.county.shangcai,county_identity,140,140,10000,source_itemized_county_identity,high,true,县级身份映射；不拆分或重复郡国人口
admin.han140.yuzhou.runan.nandun,geo.region.central.china.yingruhuai.southplain.county.nandun,county_identity,140,140,10000,source_itemized_county_identity,high,true,县级身份映射；不拆分或重复郡国人口
admin.han140.yuzhou.runan.ruyin,geo.region.central.china.yingruhuai.southplain.county.ruyin,county_identity,140,140,10000,source_itemized_county_identity,high,true,县级身份映射；不拆分或重复郡国人口
admin.han140.yuzhou.runan.ruyang,geo.region.central.china.yingruhuai.southplain.county.ruyang,county_identity,140,140,10000,source_itemized_county_identity,high,true,县级身份映射；不拆分或重复郡国人口
admin.han140.yuzhou.runan.xinxi,geo.region.central.china.yingruhuai.southplain.county.xinxi,county_identity,140,140,10000,source_itemized_county_identity,high,true,县级身份映射；不拆分或重复郡国人口
admin.han140.yuzhou.runan.beiyichun,geo.region.central.china.yingruhuai.southplain.county.beiyichun,county_identity,140,140,10000,source_itemized_county_identity,high,true,县级身份映射；不拆分或重复郡国人口
admin.han140.yuzhou.runan.qiang,geo.region.central.china.yingruhuai.southplain.county.qiang,county_identity,140,140,10000,source_itemized_county_identity,high,true,县级身份映射；不拆分或重复郡国人口
admin.han140.yuzhou.runan.quyang,geo.region.central.china.yingruhuai.southplain.county.quyang,county_identity,140,140,10000,source_itemized_county_identity,high,true,县级身份映射；不拆分或重复郡国人口
admin.han140.yuzhou.runan.qisi,geo.region.central.china.yingruhuai.southplain.county.qisi,county_identity,140,140,10000,source_itemized_county_identity,high,true,县级身份映射；不拆分或重复郡国人口
admin.han140.yuzhou.runan.yangan,geo.region.central.china.yingruhuai.southplain.county.yangan,county_identity,140,140,10000,source_itemized_county_identity,high,true,县级身份映射；不拆分或重复郡国人口
admin.han140.yuzhou.runan.xiang,geo.region.central.china.yingruhuai.southplain.county.xiang,county_identity,140,140,10000,source_itemized_county_identity,high,true,县级身份映射；不拆分或重复郡国人口
admin.han140.yuzhou.runan.xihua,geo.region.central.china.yingruhuai.southplain.county.xihua,county_identity,140,140,10000,source_itemized_county_identity,high,true,县级身份映射；不拆分或重复郡国人口
admin.han140.yuzhou.runan.xiyang,geo.region.central.china.yingruhuai.southplain.county.xiyang,county_identity,140,140,10000,source_itemized_county_identity,high,true,县级身份映射；不拆分或重复郡国人口
admin.han140.yuzhou.runan.ancheng,geo.region.central.china.yingruhuai.southplain.county.ancheng,county_identity,140,140,10000,source_itemized_county_identity,high,true,县级身份映射；不拆分或重复郡国人口
admin.han140.yuzhou.runan.wufang,geo.region.central.china.yingruhuai.southplain.county.wufang,county_identity,140,140,10000,source_itemized_county_identity,high,true,县级身份映射；不拆分或重复郡国人口
admin.han140.yuzhou.runan.tongyang,geo.region.central.china.yingruhuai.southplain.county.tongyang,county_identity,140,140,10000,source_itemized_county_identity,high,true,县级身份映射；不拆分或重复郡国人口
admin.han140.yuzhou.runan.shenyang,geo.region.central.china.yingruhuai.southplain.county.shenyang,county_identity,140,140,10000,source_itemized_county_identity,high,true,县级身份映射；不拆分或重复郡国人口
admin.han140.yuzhou.runan.shen,geo.region.central.china.yingruhuai.southplain.county.shen,county_identity,140,140,10000,source_itemized_county_identity,high,true,县级身份映射；不拆分或重复郡国人口
admin.han140.yuzhou.runan.xincai,geo.region.central.china.yingruhuai.southplain.county.xincai,county_identity,140,140,10000,source_itemized_county_identity,high,true,县级身份映射；不拆分或重复郡国人口
admin.han140.yuzhou.runan.anyang,geo.region.central.china.yingruhuai.southplain.county.anyang,county_identity,140,140,10000,source_itemized_county_identity,high,true,县级身份映射；不拆分或重复郡国人口
admin.han140.yuzhou.runan.fubo,geo.region.central.china.yingruhuai.southplain.county.fubo,county_identity,140,140,10000,source_itemized_county_identity,high,true,县级身份映射；不拆分或重复郡国人口
admin.han140.yuzhou.runan.yilu,geo.region.central.china.yingruhuai.southplain.county.yilu,county_identity,140,140,10000,source_itemized_county_identity,high,true,县级身份映射；不拆分或重复郡国人口
admin.han140.yuzhou.runan.langling,geo.region.central.china.yingruhuai.southplain.county.langling,county_identity,140,140,10000,source_itemized_county_identity,high,true,县级身份映射；不拆分或重复郡国人口
admin.han140.yuzhou.runan.yiyang,geo.region.central.china.yingruhuai.southplain.county.yiyang,county_identity,140,140,10000,source_itemized_county_identity,high,true,县级身份映射；不拆分或重复郡国人口
admin.han140.yuzhou.runan.zhaoling,geo.region.central.china.yingruhuai.southplain.county.zhaoling,county_identity,140,140,10000,source_itemized_county_identity,high,true,县级身份映射；不拆分或重复郡国人口
admin.han140.yuzhou.runan.zhengqiang,geo.region.central.china.yingruhuai.southplain.county.zhengqiang,county_identity,140,140,10000,source_itemized_county_identity,high,true,县级身份映射；不拆分或重复郡国人口
admin.han140.yuzhou.runan.sishan,geo.region.central.china.yingruhuai.southplain.county.sishan,county_identity,140,140,10000,source_itemized_county_identity,high,true,县级身份映射；不拆分或重复郡国人口
admin.han140.yuzhou.runan.song,geo.region.central.china.yingruhuai.southplain.county.song,county_identity,140,140,10000,source_itemized_county_identity,high,true,县级身份映射；不拆分或重复郡国人口
admin.han140.yuzhou.runan.baoxin,geo.region.central.china.yingruhuai.southplain.county.baoxin,county_identity,140,140,10000,source_itemized_county_identity,high,true,县级身份映射；不拆分或重复郡国人口
admin.han140.yuzhou.runan.yuanlu,geo.region.central.china.yingruhuai.southplain.county.yuanlu,county_identity,140,140,10000,source_itemized_county_identity,high,true,县级身份映射；不拆分或重复郡国人口
admin.han140.yuzhou.runan.dingying,geo.region.central.china.yingruhuai.southplain.county.dingying,county_identity,140,140,10000,source_itemized_county_identity,high,true,县级身份映射；不拆分或重复郡国人口
admin.han140.yuzhou.runan.gushi,geo.region.central.china.yingruhuai.southplain.county.gushi,county_identity,140,140,10000,source_itemized_county_identity,high,true,县级身份映射；不拆分或重复郡国人口
admin.han140.yuzhou.runan.shansang,geo.region.central.china.yingruhuai.southplain.county.shansang,county_identity,140,140,10000,source_itemized_county_identity,high,true,县级身份映射；不拆分或重复郡国人口
admin.han140.yuzhou.runan.chengfu,geo.region.central.china.yingruhuai.southplain.county.chengfu,county_identity,140,140,10000,source_itemized_county_identity,high,true,县级身份映射；不拆分或重复郡国人口
admin.han140.yuzhou.liang.xiayi,geo.region.central.china.suihuainorth.northwestplain.county.xiayi,county_identity,140,140,10000,source_itemized_county_identity,high,true,县级身份映射；不拆分或重复郡国人口
admin.han140.yuzhou.liang.suiyang,geo.region.central.china.suihuainorth.northwestplain.county.suiyang,county_identity,140,140,10000,source_itemized_county_identity,high,true,县级身份映射；不拆分或重复郡国人口
admin.han140.yuzhou.liang.yu,geo.region.central.china.suihuainorth.northwestplain.county.yu,county_identity,140,140,10000,source_itemized_county_identity,high,true,县级身份映射；不拆分或重复郡国人口
admin.han140.yuzhou.liang.dang,geo.region.central.china.suihuainorth.northwestplain.county.dang,county_identity,140,140,10000,source_itemized_county_identity,high,true,县级身份映射；不拆分或重复郡国人口
admin.han140.yuzhou.liang.meng,geo.region.central.china.suihuainorth.northwestplain.county.meng,county_identity,140,140,10000,source_itemized_county_identity,high,true,县级身份映射；不拆分或重复郡国人口
admin.han140.yuzhou.liang.gushou,geo.region.central.china.suihuainorth.northwestplain.county.gushou,county_identity,140,140,10000,source_itemized_county_identity,high,true,县级身份映射；不拆分或重复郡国人口
admin.han140.yuzhou.liang.yan,geo.region.central.china.suihuainorth.northwestplain.county.yan,county_identity,140,140,10000,source_itemized_county_identity,high,true,县级身份映射；不拆分或重复郡国人口
admin.han140.yuzhou.liang.zhuling,geo.region.central.china.suihuainorth.northwestplain.county.zhuling,county_identity,140,140,10000,source_itemized_county_identity,high,true,县级身份映射；不拆分或重复郡国人口
admin.han140.yuzhou.liang.bo,geo.region.central.china.suihuainorth.northwestplain.county.bo,county_identity,140,140,10000,source_itemized_county_identity,high,true,县级身份映射；不拆分或重复郡国人口
admin.han140.yuzhou.pei.xiang,geo.region.central.china.suihuainorth.southeastplain.county.xiang,county_identity,140,140,10000,source_itemized_county_identity,high,true,县级身份映射；不拆分或重复郡国人口
admin.han140.yuzhou.pei.xiao,geo.region.central.china.suihuainorth.southeastplain.county.xiao,county_identity,140,140,10000,source_itemized_county_identity,high,true,县级身份映射；不拆分或重复郡国人口
admin.han140.yuzhou.pei.pei,geo.region.central.china.suihuainorth.southeastplain.county.pei,county_identity,140,140,10000,source_itemized_county_identity,high,true,县级身份映射；不拆分或重复郡国人口
admin.han140.yuzhou.pei.fengxi,geo.region.central.china.suihuainorth.southeastplain.county.fengxi,county_identity,140,140,10000,source_itemized_county_identity,high,true,县级身份映射；不拆分或重复郡国人口
admin.han140.yuzhou.pei.zan,geo.region.central.china.suihuainorth.southeastplain.county.zan,county_identity,140,140,10000,source_itemized_county_identity,high,true,县级身份映射；不拆分或重复郡国人口
admin.han140.yuzhou.pei.guyang,geo.region.central.china.suihuainorth.southeastplain.county.guyang,county_identity,140,140,10000,source_itemized_county_identity,high,true,县级身份映射；不拆分或重复郡国人口
admin.han140.yuzhou.pei.qiao,geo.region.central.china.suihuainorth.southeastplain.county.qiao,county_identity,140,140,10000,source_itemized_county_identity,high,true,县级身份映射；不拆分或重复郡国人口
admin.han140.yuzhou.pei.xiao.u6d28,geo.region.central.china.suihuainorth.southeastplain.county.xiao.u6d28,county_identity,140,140,10000,source_itemized_county_identity,high,true,县级身份映射；不拆分或重复郡国人口
admin.han140.yuzhou.pei.qi,geo.region.central.china.suihuainorth.southeastplain.county.qi,county_identity,140,140,10000,source_itemized_county_identity,high,true,县级身份映射；不拆分或重复郡国人口
admin.han140.yuzhou.pei.zhi,geo.region.central.china.suihuainorth.southeastplain.county.zhi,county_identity,140,140,10000,source_itemized_county_identity,high,true,县级身份映射；不拆分或重复郡国人口
admin.han140.yuzhou.pei.dan,geo.region.central.china.suihuainorth.southeastplain.county.dan,county_identity,140,140,10000,source_itemized_county_identity,high,true,县级身份映射；不拆分或重复郡国人口
admin.han140.yuzhou.pei.jianping,geo.region.central.china.suihuainorth.southeastplain.county.jianping,county_identity,140,140,10000,source_itemized_county_identity,high,true,县级身份映射；不拆分或重复郡国人口
admin.han140.yuzhou.pei.linsui,geo.region.central.china.suihuainorth.southeastplain.county.linsui,county_identity,140,140,10000,source_itemized_county_identity,high,true,县级身份映射；不拆分或重复郡国人口
admin.han140.yuzhou.pei.zhuyi,geo.region.central.china.suihuainorth.southeastplain.county.zhuyi,county_identity,140,140,10000,source_itemized_county_identity,high,true,县级身份映射；不拆分或重复郡国人口
admin.han140.yuzhou.pei.gongqiu,geo.region.central.china.suihuainorth.southeastplain.county.gongqiu,county_identity,140,140,10000,source_itemized_county_identity,high,true,县级身份映射；不拆分或重复郡国人口
admin.han140.yuzhou.pei.longkang,geo.region.central.china.suihuainorth.southeastplain.county.longkang,county_identity,140,140,10000,source_itemized_county_identity,high,true,县级身份映射；不拆分或重复郡国人口
admin.han140.yuzhou.pei.xiang.u5411,geo.region.central.china.suihuainorth.southeastplain.county.xiang.u5411,county_identity,140,140,10000,source_itemized_county_identity,high,true,县级身份映射；不拆分或重复郡国人口
admin.han140.yuzhou.pei.fuchi,geo.region.central.china.suihuainorth.southeastplain.county.fuchi,county_identity,140,140,10000,source_itemized_county_identity,high,true,县级身份映射；不拆分或重复郡国人口
admin.han140.yuzhou.pei.hong,geo.region.central.china.suihuainorth.southeastplain.county.hong,county_identity,140,140,10000,source_itemized_county_identity,high,true,县级身份映射；不拆分或重复郡国人口
admin.han140.yuzhou.pei.taiqiu,geo.region.central.china.suihuainorth.southeastplain.county.taiqiu,county_identity,140,140,10000,source_itemized_county_identity,high,true,县级身份映射；不拆分或重复郡国人口
admin.han140.yuzhou.pei.zhuqiu,geo.region.central.china.suihuainorth.southeastplain.county.zhuqiu,county_identity,140,140,10000,source_itemized_county_identity,high,true,县级身份映射；不拆分或重复郡国人口
admin.han140.yuzhou.chen.chen,geo.region.central.china.yingruhuai.centralplain.county.chen,county_identity,140,140,10000,source_itemized_county_identity,high,true,县级身份映射；不拆分或重复郡国人口
admin.han140.yuzhou.chen.yangxia,geo.region.central.china.yingruhuai.centralplain.county.yangxia,county_identity,140,140,10000,source_itemized_county_identity,high,true,县级身份映射；不拆分或重复郡国人口
admin.han140.yuzhou.chen.zhuping,geo.region.central.china.yingruhuai.centralplain.county.zhuping,county_identity,140,140,10000,source_itemized_county_identity,high,true,县级身份映射；不拆分或重复郡国人口
admin.han140.yuzhou.chen.ku,geo.region.central.china.yingruhuai.centralplain.county.ku,county_identity,140,140,10000,source_itemized_county_identity,high,true,县级身份映射；不拆分或重复郡国人口
admin.han140.yuzhou.chen.zhe,geo.region.central.china.yingruhuai.centralplain.county.zhe,county_identity,140,140,10000,source_itemized_county_identity,high,true,县级身份映射；不拆分或重复郡国人口
admin.han140.yuzhou.chen.xinping,geo.region.central.china.yingruhuai.centralplain.county.xinping,county_identity,140,140,10000,source_itemized_county_identity,high,true,县级身份映射；不拆分或重复郡国人口
admin.han140.yuzhou.chen.fule,geo.region.central.china.yingruhuai.centralplain.county.fule,county_identity,140,140,10000,source_itemized_county_identity,high,true,县级身份映射；不拆分或重复郡国人口
admin.han140.yuzhou.chen.wuping,geo.region.central.china.yingruhuai.centralplain.county.wuping,county_identity,140,140,10000,source_itemized_county_identity,high,true,县级身份映射；不拆分或重复郡国人口
admin.han140.yuzhou.chen.changping,geo.region.central.china.yingruhuai.centralplain.county.changping,county_identity,140,140,10000,source_itemized_county_identity,high,true,县级身份映射；不拆分或重复郡国人口
admin.han140.yuzhou.lu.lu,geo.region.east.china.siyifoothill.westernplain.county.lu,county_identity,140,140,10000,source_itemized_county_identity,high,true,县级身份映射；不拆分或重复郡国人口
admin.han140.yuzhou.lu.zou,geo.region.east.china.siyifoothill.westernplain.county.zou,county_identity,140,140,10000,source_itemized_county_identity,high,true,县级身份映射；不拆分或重复郡国人口
admin.han140.yuzhou.lu.fan,geo.region.east.china.siyifoothill.westernplain.county.fan,county_identity,140,140,10000,source_itemized_county_identity,high,true,县级身份映射；不拆分或重复郡国人口
admin.han140.yuzhou.lu.xie,geo.region.east.china.siyifoothill.westernplain.county.xie,county_identity,140,140,10000,source_itemized_county_identity,high,true,县级身份映射；不拆分或重复郡国人口
admin.han140.yuzhou.lu.bian,geo.region.east.china.siyifoothill.westernplain.county.bian,county_identity,140,140,10000,source_itemized_county_identity,high,true,县级身份映射；不拆分或重复郡国人口
admin.han140.yuzhou.lu.wenyang,geo.region.east.china.siyifoothill.westernplain.county.wenyang,county_identity,140,140,10000,source_itemized_county_identity,high,true,县级身份映射；不拆分或重复郡国人口
admin.han140.jizhou.wei.ye,geo.region.north.china.hebei.southwestzhangheplain.yecounty,county_identity,140,140,10000,source_itemized_county_identity,high,true,县级身份映射；不拆分或重复郡国人口
admin.han140.jizhou.wei.fanyang,geo.region.north.china.hebei.southwestzhangheplain.county.fanyang,county_identity,140,140,10000,source_itemized_county_identity,high,true,县级身份映射；不拆分或重复郡国人口
admin.han140.jizhou.wei.neihuangqinghe,geo.region.north.china.hebei.southwestzhangheplain.county.neihuangqinghe,county_identity,140,140,10000,source_itemized_county_identity,high,true,县级身份映射；不拆分或重复郡国人口
admin.han140.jizhou.wei.wei,geo.region.north.china.hebei.southwestzhangheplain.county.wei,county_identity,140,140,10000,source_itemized_county_identity,high,true,县级身份映射；不拆分或重复郡国人口
admin.han140.jizhou.wei.yuancheng,geo.region.north.china.hebei.southwestzhangheplain.county.yuancheng,county_identity,140,140,10000,source_itemized_county_identity,high,true,县级身份映射；不拆分或重复郡国人口
admin.han140.jizhou.wei.liyang,geo.region.north.china.hebei.southwestzhangheplain.county.liyang,county_identity,140,140,10000,source_itemized_county_identity,high,true,县级身份映射；不拆分或重复郡国人口
admin.han140.jizhou.wei.yinan,geo.region.north.china.hebei.southwestzhangheplain.county.yinan,county_identity,140,140,10000,source_itemized_county_identity,high,true,县级身份映射；不拆分或重复郡国人口
admin.han140.jizhou.wei.guantao,geo.region.north.china.hebei.southwestzhangheplain.county.guantao,county_identity,140,140,10000,source_itemized_county_identity,high,true,县级身份映射；不拆分或重复郡国人口
admin.han140.jizhou.wei.qingyuan,geo.region.north.china.hebei.southwestzhangheplain.county.qingyuan,county_identity,140,140,10000,source_itemized_county_identity,high,true,县级身份映射；不拆分或重复郡国人口
admin.han140.jizhou.wei.pingen,geo.region.north.china.hebei.southwestzhangheplain.county.pingen,county_identity,140,140,10000,source_itemized_county_identity,high,true,县级身份映射；不拆分或重复郡国人口
admin.han140.jizhou.wei.sha,geo.region.north.china.hebei.southwestzhangheplain.county.sha,county_identity,140,140,10000,source_itemized_county_identity,high,true,县级身份映射；不拆分或重复郡国人口
admin.han140.jizhou.wei.chiqiu,geo.region.north.china.hebei.southwestzhangheplain.county.chiqiu,county_identity,140,140,10000,source_itemized_county_identity,high,true,县级身份映射；不拆分或重复郡国人口
admin.han140.jizhou.wei.wuan,geo.region.north.china.hebei.southwestzhangheplain.county.wuan,county_identity,140,140,10000,source_itemized_county_identity,high,true,县级身份映射；不拆分或重复郡国人口
admin.han140.jizhou.wei.quliang,geo.region.north.china.hebei.southwestzhangheplain.county.quliang,county_identity,140,140,10000,source_itemized_county_identity,high,true,县级身份映射；不拆分或重复郡国人口
admin.han140.jizhou.wei.liangqi,geo.region.north.china.hebei.southwestzhangheplain.county.liangqi,county_identity,140,140,10000,source_itemized_county_identity,high,true,县级身份映射；不拆分或重复郡国人口
admin.han140.jizhou.julu.yingtao,geo.region.north.china.hebei.southcentralplain.yingtaocounty,county_identity,140,140,10000,source_itemized_county_identity,high,true,县级身份映射；不拆分或重复郡国人口
admin.han140.jizhou.julu.julu,geo.region.north.china.hebei.southcentralplain.county.julu,county_identity,140,140,10000,source_itemized_county_identity,high,true,县级身份映射；不拆分或重复郡国人口
admin.han140.jizhou.julu.yangshi,geo.region.north.china.hebei.southcentralplain.county.yangshi,county_identity,140,140,10000,source_itemized_county_identity,high,true,县级身份映射；不拆分或重复郡国人口
admin.han140.jizhou.julu.qiao,geo.region.north.china.hebei.southcentralplain.county.qiao,county_identity,140,140,10000,source_itemized_county_identity,high,true,县级身份映射；不拆分或重复郡国人口
admin.han140.jizhou.julu.xiaquyang,geo.region.north.china.hebei.southcentralplain.xiaquyangcounty,county_identity,140,140,10000,source_itemized_county_identity,high,true,县级身份映射；不拆分或重复郡国人口
admin.han140.jizhou.julu.ren,geo.region.north.china.hebei.southcentralplain.county.ren,county_identity,140,140,10000,source_itemized_county_identity,high,true,县级身份映射；不拆分或重复郡国人口
admin.han140.jizhou.julu.nanhe,geo.region.north.china.hebei.southcentralplain.county.nanhe,county_identity,140,140,10000,source_itemized_county_identity,high,true,县级身份映射；不拆分或重复郡国人口
admin.han140.jizhou.julu.yanping,geo.region.north.china.hebei.southcentralplain.county.yanping,county_identity,140,140,10000,source_itemized_county_identity,high,true,县级身份映射；不拆分或重复郡国人口
admin.han140.jizhou.julu.chizhang,geo.region.north.china.hebei.southcentralplain.county.chizhang,county_identity,140,140,10000,source_itemized_county_identity,high,true,县级身份映射；不拆分或重复郡国人口
admin.han140.jizhou.julu.guangzong,geo.region.north.china.hebei.southcentralplain.guangzongcounty,county_identity,140,140,10000,source_itemized_county_identity,high,true,县级身份映射；不拆分或重复郡国人口
admin.han140.jizhou.julu.quzhou,geo.region.north.china.hebei.southcentralplain.county.quzhou,county_identity,140,140,10000,source_itemized_county_identity,high,true,县级身份映射；不拆分或重复郡国人口
admin.han140.jizhou.julu.lieren,geo.region.north.china.hebei.southcentralplain.county.lieren,county_identity,140,140,10000,source_itemized_county_identity,high,true,县级身份映射；不拆分或重复郡国人口
admin.han140.jizhou.julu.yannian,geo.region.north.china.hebei.southcentralplain.county.yannian,county_identity,140,140,10000,source_itemized_county_identity,high,true,县级身份映射；不拆分或重复郡国人口
admin.han140.jizhou.julu.pingxiang,geo.region.north.china.hebei.southcentralplain.county.pingxiang,county_identity,140,140,10000,source_itemized_county_identity,high,true,县级身份映射；不拆分或重复郡国人口
admin.han140.jizhou.julu.nan,geo.region.north.china.hebei.southcentralplain.county.nan,county_identity,140,140,10000,source_itemized_county_identity,high,true,县级身份映射；不拆分或重复郡国人口
admin.han140.jizhou.changshan.yuanshi,geo.region.north.china.hebei.centralfoothill.county.yuanshi,county_identity,140,140,10000,source_itemized_county_identity,high,true,县级身份映射；不拆分或重复郡国人口
admin.han140.jizhou.changshan.gaoyi,geo.region.north.china.hebei.centralfoothill.county.gaoyi,county_identity,140,140,10000,source_itemized_county_identity,high,true,县级身份映射；不拆分或重复郡国人口
admin.han140.jizhou.changshan.duxiang,geo.region.north.china.hebei.centralfoothill.county.duxiang,county_identity,140,140,10000,source_itemized_county_identity,high,true,县级身份映射；不拆分或重复郡国人口
admin.han140.jizhou.changshan.nanxingtang,geo.region.north.china.hebei.centralfoothill.county.nanxingtang,county_identity,140,140,10000,source_itemized_county_identity,high,true,县级身份映射；不拆分或重复郡国人口
admin.han140.jizhou.changshan.fangzi,geo.region.north.china.hebei.centralfoothill.county.fangzi,county_identity,140,140,10000,source_itemized_county_identity,high,true,县级身份映射；不拆分或重复郡国人口
admin.han140.jizhou.changshan.pingji,geo.region.north.china.hebei.centralfoothill.county.pingji,county_identity,140,140,10000,source_itemized_county_identity,high,true,县级身份映射；不拆分或重复郡国人口
admin.han140.jizhou.changshan.luancheng,geo.region.north.china.hebei.centralfoothill.county.luancheng,county_identity,140,140,10000,source_itemized_county_identity,high,true,县级身份映射；不拆分或重复郡国人口
admin.han140.jizhou.changshan.jiumen,geo.region.north.china.hebei.centralfoothill.county.jiumen,county_identity,140,140,10000,source_itemized_county_identity,high,true,县级身份映射；不拆分或重复郡国人口
admin.han140.jizhou.changshan.lingshou,geo.region.north.china.hebei.centralfoothill.county.lingshou,county_identity,140,140,10000,source_itemized_county_identity,high,true,县级身份映射；不拆分或重复郡国人口
admin.han140.jizhou.changshan.puwu,geo.region.north.china.hebei.centralfoothill.county.puwu,county_identity,140,140,10000,source_itemized_county_identity,high,true,县级身份映射；不拆分或重复郡国人口
admin.han140.jizhou.changshan.jingxing,geo.region.north.china.hebei.centralfoothill.county.jingxing,county_identity,140,140,10000,source_itemized_county_identity,high,true,县级身份映射；不拆分或重复郡国人口
admin.han140.jizhou.changshan.zhending,geo.region.north.china.hebei.centralfoothill.county.zhending,county_identity,140,140,10000,source_itemized_county_identity,high,true,县级身份映射；不拆分或重复郡国人口
admin.han140.jizhou.changshan.shangai,geo.region.north.china.hebei.centralfoothill.county.shangai,county_identity,140,140,10000,source_itemized_county_identity,high,true,县级身份映射；不拆分或重复郡国人口
admin.han140.jizhou.zhongshan.lunu,geo.region.north.china.hebei.centralwestplain.county.lunu,county_identity,140,140,10000,source_itemized_county_identity,high,true,县级身份映射；不拆分或重复郡国人口
admin.han140.jizhou.zhongshan.beiping,geo.region.north.china.hebei.centralwestplain.county.beiping,county_identity,140,140,10000,source_itemized_county_identity,high,true,县级身份映射；不拆分或重复郡国人口
admin.han140.jizhou.zhongshan.wuji,geo.region.north.china.hebei.centralwestplain.county.wuji,county_identity,140,140,10000,source_itemized_county_identity,high,true,县级身份映射；不拆分或重复郡国人口
admin.han140.jizhou.zhongshan.xinshi,geo.region.north.china.hebei.centralwestplain.county.xinshi,county_identity,140,140,10000,source_itemized_county_identity,high,true,县级身份映射；不拆分或重复郡国人口
admin.han140.jizhou.zhongshan.wangdu,geo.region.north.china.hebei.centralwestplain.county.wangdu,county_identity,140,140,10000,source_itemized_county_identity,high,true,县级身份映射；不拆分或重复郡国人口
admin.han140.jizhou.zhongshan.tang,geo.region.north.china.hebei.centralwestplain.county.tang,county_identity,140,140,10000,source_itemized_county_identity,high,true,县级身份映射；不拆分或重复郡国人口
admin.han140.jizhou.zhongshan.anguo,geo.region.north.china.hebei.centralwestplain.county.anguo,county_identity,140,140,10000,source_itemized_county_identity,high,true,县级身份映射；不拆分或重复郡国人口
admin.han140.jizhou.zhongshan.anxi,geo.region.north.china.hebei.centralwestplain.county.anxi,county_identity,140,140,10000,source_itemized_county_identity,high,true,县级身份映射；不拆分或重复郡国人口
admin.han140.jizhou.zhongshan.yichang,geo.region.north.china.hebei.centralwestplain.county.yichang,county_identity,140,140,10000,source_itemized_county_identity,high,true,县级身份映射；不拆分或重复郡国人口
admin.han140.jizhou.zhongshan.liwu,geo.region.north.china.hebei.centralwestplain.county.liwu,county_identity,140,140,10000,source_itemized_county_identity,high,true,县级身份映射；不拆分或重复郡国人口
admin.han140.jizhou.zhongshan.shangquyang,geo.region.north.china.hebei.centralwestplain.county.shangquyang,county_identity,140,140,10000,source_itemized_county_identity,high,true,县级身份映射；不拆分或重复郡国人口
admin.han140.jizhou.zhongshan.puyin,geo.region.north.china.hebei.centralwestplain.county.puyin,county_identity,140,140,10000,source_itemized_county_identity,high,true,县级身份映射；不拆分或重复郡国人口
admin.han140.jizhou.zhongshan.yanchang,geo.region.north.china.hebei.centralwestplain.county.yanchang,county_identity,140,140,10000,source_itemized_county_identity,high,true,县级身份映射；不拆分或重复郡国人口
admin.han140.jizhou.anping.xindu,geo.region.north.china.hebei.centralsoutheastplain.county.xindu,county_identity,140,140,10000,source_itemized_county_identity,high,true,县级身份映射；不拆分或重复郡国人口
admin.han140.jizhou.anping.fucheng,geo.region.north.china.hebei.centralsoutheastplain.county.fucheng,county_identity,140,140,10000,source_itemized_county_identity,high,true,县级身份映射；不拆分或重复郡国人口
admin.han140.jizhou.anping.nangong,geo.region.north.china.hebei.centralsoutheastplain.county.nangong,county_identity,140,140,10000,source_itemized_county_identity,high,true,县级身份映射；不拆分或重复郡国人口
admin.han140.jizhou.anping.fuliu,geo.region.north.china.hebei.centralsoutheastplain.county.fuliu,county_identity,140,140,10000,source_itemized_county_identity,high,true,县级身份映射；不拆分或重复郡国人口
admin.han140.jizhou.anping.xiabo,geo.region.north.china.hebei.centralsoutheastplain.county.xiabo,county_identity,140,140,10000,source_itemized_county_identity,high,true,县级身份映射；不拆分或重复郡国人口
admin.han140.jizhou.anping.wuyi,geo.region.north.china.hebei.centralsoutheastplain.county.wuyi,county_identity,140,140,10000,source_itemized_county_identity,high,true,县级身份映射；不拆分或重复郡国人口
admin.han140.jizhou.anping.guanjin,geo.region.north.china.hebei.centralsoutheastplain.county.guanjin,county_identity,140,140,10000,source_itemized_county_identity,high,true,县级身份映射；不拆分或重复郡国人口
admin.han140.jizhou.anping.jingxi,geo.region.north.china.hebei.centralsoutheastplain.county.jingxi,county_identity,140,140,10000,source_itemized_county_identity,high,true,县级身份映射；不拆分或重复郡国人口
admin.han140.jizhou.anping.tangyang,geo.region.north.china.hebei.centralsoutheastplain.county.tangyang,county_identity,140,140,10000,source_itemized_county_identity,high,true,县级身份映射；不拆分或重复郡国人口
admin.han140.jizhou.anping.wusui,geo.region.north.china.hebei.centralsoutheastplain.county.wusui,county_identity,140,140,10000,source_itemized_county_identity,high,true,县级身份映射；不拆分或重复郡国人口
admin.han140.jizhou.anping.raoyang,geo.region.north.china.hebei.centralsoutheastplain.county.raoyang,county_identity,140,140,10000,source_itemized_county_identity,high,true,县级身份映射；不拆分或重复郡国人口
admin.han140.jizhou.anping.anping,geo.region.north.china.hebei.centralsoutheastplain.county.anping,county_identity,140,140,10000,source_itemized_county_identity,high,true,县级身份映射；不拆分或重复郡国人口
admin.han140.jizhou.anping.nanshenze,geo.region.north.china.hebei.centralsoutheastplain.county.nanshenze,county_identity,140,140,10000,source_itemized_county_identity,high,true,县级身份映射；不拆分或重复郡国人口
admin.han140.jizhou.hejian.lecheng,geo.region.north.china.hebei.centraleastplain.county.lecheng,county_identity,140,140,10000,source_itemized_county_identity,high,true,县级身份映射；不拆分或重复郡国人口
admin.han140.jizhou.hejian.gonggao,geo.region.north.china.hebei.centraleastplain.county.gonggao,county_identity,140,140,10000,source_itemized_county_identity,high,true,县级身份映射；不拆分或重复郡国人口
admin.han140.jizhou.hejian.yi,geo.region.north.china.hebei.centraleastplain.county.yi,county_identity,140,140,10000,source_itemized_county_identity,high,true,县级身份映射；不拆分或重复郡国人口
admin.han140.jizhou.hejian.wuyuan,geo.region.north.china.hebei.centraleastplain.county.wuyuan,county_identity,140,140,10000,source_itemized_county_identity,high,true,县级身份映射；不拆分或重复郡国人口
admin.han140.jizhou.hejian.zhongshui,geo.region.north.china.hebei.centraleastplain.county.zhongshui,county_identity,140,140,10000,source_itemized_county_identity,high,true,县级身份映射；不拆分或重复郡国人口
admin.han140.jizhou.hejian.mo,geo.region.north.china.hebei.centraleastplain.county.mo,county_identity,140,140,10000,source_itemized_county_identity,high,true,县级身份映射；不拆分或重复郡国人口
admin.han140.jizhou.hejian.gaoyang,geo.region.north.china.hebei.centraleastplain.county.gaoyang,county_identity,140,140,10000,source_itemized_county_identity,high,true,县级身份映射；不拆分或重复郡国人口
admin.han140.jizhou.hejian.wenan,geo.region.north.china.hebei.centraleastplain.county.wenan,county_identity,140,140,10000,source_itemized_county_identity,high,true,县级身份映射；不拆分或重复郡国人口
admin.han140.jizhou.hejian.shuzhou,geo.region.north.china.hebei.centraleastplain.county.shuzhou,county_identity,140,140,10000,source_itemized_county_identity,high,true,县级身份映射；不拆分或重复郡国人口
admin.han140.jizhou.hejian.chengping,geo.region.north.china.hebei.centraleastplain.county.chengping,county_identity,140,140,10000,source_itemized_county_identity,high,true,县级身份映射；不拆分或重复郡国人口
admin.han140.jizhou.hejian.dongpingshu,geo.region.north.china.hebei.centraleastplain.county.dongpingshu,county_identity,140,140,10000,source_itemized_county_identity,high,true,县级身份映射；不拆分或重复郡国人口
admin.han140.jizhou.qinghe.ganling,geo.region.north.china.hebei.southeastplain.ganlingcounty,county_identity,140,140,10000,source_itemized_county_identity,high,true,县级身份映射；不拆分或重复郡国人口
admin.han140.jizhou.qinghe.beiqiu,geo.region.north.china.hebei.southeastplain.county.beiqiu,county_identity,140,140,10000,source_itemized_county_identity,high,true,县级身份映射；不拆分或重复郡国人口
admin.han140.jizhou.qinghe.dongwucheng,geo.region.north.china.hebei.southeastplain.county.dongwucheng,county_identity,140,140,10000,source_itemized_county_identity,high,true,县级身份映射；不拆分或重复郡国人口
admin.han140.jizhou.qinghe.yu,geo.region.north.china.hebei.southeastplain.county.yu,county_identity,140,140,10000,source_itemized_county_identity,high,true,县级身份映射；不拆分或重复郡国人口
admin.han140.jizhou.qinghe.ling,geo.region.north.china.hebei.southeastplain.county.ling,county_identity,140,140,10000,source_itemized_county_identity,high,true,县级身份映射；不拆分或重复郡国人口
admin.han140.jizhou.qinghe.yimu,geo.region.north.china.hebei.southeastplain.county.yimu,county_identity,140,140,10000,source_itemized_county_identity,high,true,县级身份映射；不拆分或重复郡国人口
admin.han140.jizhou.qinghe.yanchuan,geo.region.north.china.hebei.southeastplain.county.yanchuan,county_identity,140,140,10000,source_itemized_county_identity,high,true,县级身份映射；不拆分或重复郡国人口
admin.han140.jizhou.zhao.handan,geo.region.north.china.hebei.southwesttaihangplain.county.handan,county_identity,140,140,10000,source_itemized_county_identity,high,true,县级身份映射；不拆分或重复郡国人口
admin.han140.jizhou.zhao.yiyang,geo.region.north.china.hebei.southwesttaihangplain.county.yiyang,county_identity,140,140,10000,source_itemized_county_identity,high,true,县级身份映射；不拆分或重复郡国人口
admin.han140.jizhou.zhao.xiangguo,geo.region.north.china.hebei.southwesttaihangplain.county.xiangguo,county_identity,140,140,10000,source_itemized_county_identity,high,true,县级身份映射；不拆分或重复郡国人口
admin.han140.jizhou.zhao.boren,geo.region.north.china.hebei.southwesttaihangplain.county.boren,county_identity,140,140,10000,source_itemized_county_identity,high,true,县级身份映射；不拆分或重复郡国人口
admin.han140.jizhou.zhao.zhongqiu,geo.region.north.china.hebei.southwesttaihangplain.county.zhongqiu,county_identity,140,140,10000,source_itemized_county_identity,high,true,县级身份映射；不拆分或重复郡国人口
admin.han140.jizhou.bohai.nanpi,geo.region.north.china.hebei.eastcoastalplain.nanpicounty,county_identity,140,140,10000,source_itemized_county_identity,high,true,县级身份映射；不拆分或重复郡国人口
admin.han140.jizhou.bohai.gaocheng,geo.region.north.china.hebei.eastcoastalplain.county.gaocheng,county_identity,140,140,10000,source_itemized_county_identity,high,true,县级身份映射；不拆分或重复郡国人口
admin.han140.jizhou.bohai.zhonghe,geo.region.north.china.hebei.eastcoastalplain.county.zhonghe,county_identity,140,140,10000,source_itemized_county_identity,high,true,县级身份映射；不拆分或重复郡国人口
admin.han140.jizhou.bohai.fuyang,geo.region.north.china.hebei.eastcoastalplain.county.fuyang,county_identity,140,140,10000,source_itemized_county_identity,high,true,县级身份映射；不拆分或重复郡国人口
admin.han140.jizhou.bohai.dongguang,geo.region.north.china.hebei.eastcoastalplain.county.dongguang,county_identity,140,140,10000,source_itemized_county_identity,high,true,县级身份映射；不拆分或重复郡国人口
admin.han140.jizhou.bohai.zhangwu,geo.region.north.china.hebei.eastcoastalplain.county.zhangwu,county_identity,140,140,10000,source_itemized_county_identity,high,true,县级身份映射；不拆分或重复郡国人口
admin.han140.jizhou.bohai.yangxin,geo.region.north.china.hebei.eastcoastalplain.county.yangxin,county_identity,140,140,10000,source_itemized_county_identity,high,true,县级身份映射；不拆分或重复郡国人口
admin.han140.jizhou.bohai.xiu,geo.region.north.china.hebei.eastcoastalplain.county.xiu,county_identity,140,140,10000,source_itemized_county_identity,high,true,县级身份映射；不拆分或重复郡国人口
admin.han140.yanzhou.chenliu.chenliu,geo.region.central.china.loweryellowjishui.southwestplain.county.chenliu,county_identity,140,140,10000,source_itemized_county_identity,high,true,县级身份映射；不拆分或重复郡国人口
admin.han140.yanzhou.chenliu.junyi,geo.region.central.china.loweryellowjishui.southwestplain.county.junyi,county_identity,140,140,10000,source_itemized_county_identity,high,true,县级身份映射；不拆分或重复郡国人口
admin.han140.yanzhou.chenliu.weishi,geo.region.central.china.loweryellowjishui.southwestplain.county.weishi,county_identity,140,140,10000,source_itemized_county_identity,high,true,县级身份映射；不拆分或重复郡国人口
admin.han140.yanzhou.chenliu.yongqiu,geo.region.central.china.loweryellowjishui.southwestplain.county.yongqiu,county_identity,140,140,10000,source_itemized_county_identity,high,true,县级身份映射；不拆分或重复郡国人口
admin.han140.yanzhou.chenliu.xiangyi,geo.region.central.china.loweryellowjishui.southwestplain.county.xiangyi,county_identity,140,140,10000,source_itemized_county_identity,high,true,县级身份映射；不拆分或重复郡国人口
admin.han140.yanzhou.chenliu.waihuang,geo.region.central.china.loweryellowjishui.southwestplain.county.waihuang,county_identity,140,140,10000,source_itemized_county_identity,high,true,县级身份映射；不拆分或重复郡国人口
admin.han140.yanzhou.chenliu.xiaohuang,geo.region.central.china.loweryellowjishui.southwestplain.county.xiaohuang,county_identity,140,140,10000,source_itemized_county_identity,high,true,县级身份映射；不拆分或重复郡国人口
admin.han140.yanzhou.chenliu.donghun,geo.region.central.china.loweryellowjishui.southwestplain.county.donghun,county_identity,140,140,10000,source_itemized_county_identity,high,true,县级身份映射；不拆分或重复郡国人口
admin.han140.yanzhou.chenliu.jiyang,geo.region.central.china.loweryellowjishui.southwestplain.county.jiyang,county_identity,140,140,10000,source_itemized_county_identity,high,true,县级身份映射；不拆分或重复郡国人口
admin.han140.yanzhou.chenliu.pingqiu,geo.region.central.china.loweryellowjishui.southwestplain.county.pingqiu,county_identity,140,140,10000,source_itemized_county_identity,high,true,县级身份映射；不拆分或重复郡国人口
admin.han140.yanzhou.chenliu.fengqiu,geo.region.central.china.loweryellowjishui.southwestplain.county.fengqiu,county_identity,140,140,10000,source_itemized_county_identity,high,true,县级身份映射；不拆分或重复郡国人口
admin.han140.yanzhou.chenliu.suanzao,geo.region.central.china.loweryellowjishui.southwestplain.county.suanzao,county_identity,140,140,10000,source_itemized_county_identity,high,true,县级身份映射；不拆分或重复郡国人口
admin.han140.yanzhou.chenliu.changyuan,geo.region.central.china.loweryellowjishui.southwestplain.county.changyuan,county_identity,140,140,10000,source_itemized_county_identity,high,true,县级身份映射；不拆分或重复郡国人口
admin.han140.yanzhou.chenliu.jiwu,geo.region.central.china.loweryellowjishui.southwestplain.county.jiwu,county_identity,140,140,10000,source_itemized_county_identity,high,true,县级身份映射；不拆分或重复郡国人口
admin.han140.yanzhou.chenliu.kaocheng,geo.region.central.china.loweryellowjishui.southwestplain.county.kaocheng,county_identity,140,140,10000,source_itemized_county_identity,high,true,县级身份映射；不拆分或重复郡国人口
admin.han140.yanzhou.chenliu.yu,geo.region.central.china.loweryellowjishui.southwestplain.county.yu,county_identity,140,140,10000,source_itemized_county_identity,high,true,县级身份映射；不拆分或重复郡国人口
admin.han140.yanzhou.chenliu.fugou,geo.region.central.china.loweryellowjishui.southwestplain.county.fugou,county_identity,140,140,10000,source_itemized_county_identity,high,true,县级身份映射；不拆分或重复郡国人口
admin.han140.yanzhou.dong.puyang,geo.region.central.china.loweryellowjishui.northcentralplain.county.puyang,county_identity,140,140,10000,source_itemized_county_identity,high,true,县级身份映射；不拆分或重复郡国人口
admin.han140.yanzhou.dong.yan,geo.region.central.china.loweryellowjishui.northcentralplain.county.yan,county_identity,140,140,10000,source_itemized_county_identity,high,true,县级身份映射；不拆分或重复郡国人口
admin.han140.yanzhou.dong.baima,geo.region.central.china.loweryellowjishui.northcentralplain.county.baima,county_identity,140,140,10000,source_itemized_county_identity,high,true,县级身份映射；不拆分或重复郡国人口
admin.han140.yanzhou.dong.dunqiu,geo.region.central.china.loweryellowjishui.northcentralplain.county.dunqiu,county_identity,140,140,10000,source_itemized_county_identity,high,true,县级身份映射；不拆分或重复郡国人口
admin.han140.yanzhou.dong.donga,geo.region.central.china.loweryellowjishui.northcentralplain.county.donga,county_identity,140,140,10000,source_itemized_county_identity,high,true,县级身份映射；不拆分或重复郡国人口
admin.han140.yanzhou.dong.dongwuyang,geo.region.central.china.loweryellowjishui.northcentralplain.county.dongwuyang,county_identity,140,140,10000,source_itemized_county_identity,high,true,县级身份映射；不拆分或重复郡国人口
admin.han140.yanzhou.dong.fan,geo.region.central.china.loweryellowjishui.northcentralplain.county.fan,county_identity,140,140,10000,source_itemized_county_identity,high,true,县级身份映射；不拆分或重复郡国人口
admin.han140.yanzhou.dong.linyi,geo.region.central.china.loweryellowjishui.northcentralplain.county.linyi,county_identity,140,140,10000,source_itemized_county_identity,high,true,县级身份映射；不拆分或重复郡国人口
admin.han140.yanzhou.dong.boping,geo.region.central.china.loweryellowjishui.northcentralplain.county.boping,county_identity,140,140,10000,source_itemized_county_identity,high,true,县级身份映射；不拆分或重复郡国人口
admin.han140.yanzhou.dong.liaocheng,geo.region.central.china.loweryellowjishui.northcentralplain.county.liaocheng,county_identity,140,140,10000,source_itemized_county_identity,high,true,县级身份映射；不拆分或重复郡国人口
admin.han140.yanzhou.dong.fagan,geo.region.central.china.loweryellowjishui.northcentralplain.county.fagan,county_identity,140,140,10000,source_itemized_county_identity,high,true,县级身份映射；不拆分或重复郡国人口
admin.han140.yanzhou.dong.leping,geo.region.central.china.loweryellowjishui.northcentralplain.county.leping,county_identity,140,140,10000,source_itemized_county_identity,high,true,县级身份映射；不拆分或重复郡国人口
admin.han140.yanzhou.dong.yangping,geo.region.central.china.loweryellowjishui.northcentralplain.county.yangping,county_identity,140,140,10000,source_itemized_county_identity,high,true,县级身份映射；不拆分或重复郡国人口
admin.han140.yanzhou.dong.wei,geo.region.central.china.loweryellowjishui.northcentralplain.county.wei,county_identity,140,140,10000,source_itemized_county_identity,high,true,县级身份映射；不拆分或重复郡国人口
admin.han140.yanzhou.dong.gucheng,geo.region.central.china.loweryellowjishui.northcentralplain.county.gucheng,county_identity,140,140,10000,source_itemized_county_identity,high,true,县级身份映射；不拆分或重复郡国人口
admin.han140.yanzhou.dongping.wuyan,geo.region.east.china.wensishuiriverplain.northplain.county.wuyan,county_identity,140,140,10000,source_itemized_county_identity,high,true,县级身份映射；不拆分或重复郡国人口
admin.han140.yanzhou.dongping.dongpinglu,geo.region.east.china.wensishuiriverplain.northplain.county.dongpinglu,county_identity,140,140,10000,source_itemized_county_identity,high,true,县级身份映射；不拆分或重复郡国人口
admin.han140.yanzhou.dongping.fucheng,geo.region.east.china.wensishuiriverplain.northplain.county.fucheng,county_identity,140,140,10000,source_itemized_county_identity,high,true,县级身份映射；不拆分或重复郡国人口
admin.han140.yanzhou.dongping.zhang,geo.region.east.china.wensishuiriverplain.northplain.county.zhang,county_identity,140,140,10000,source_itemized_county_identity,high,true,县级身份映射；不拆分或重复郡国人口
admin.han140.yanzhou.dongping.shouzhang,geo.region.east.china.wensishuiriverplain.northplain.county.shouzhang,county_identity,140,140,10000,source_itemized_county_identity,high,true,县级身份映射；不拆分或重复郡国人口
admin.han140.yanzhou.dongping.xuchang,geo.region.east.china.wensishuiriverplain.northplain.county.xuchang,county_identity,140,140,10000,source_itemized_county_identity,high,true,县级身份映射；不拆分或重复郡国人口
admin.han140.yanzhou.dongping.zhuyang,geo.region.east.china.wensishuiriverplain.northplain.county.zhuyang,county_identity,140,140,10000,source_itemized_county_identity,high,true,县级身份映射；不拆分或重复郡国人口
admin.han140.yanzhou.rencheng.rencheng,geo.region.east.china.wensishuiriverplain.centralplain.county.rencheng,county_identity,140,140,10000,source_itemized_county_identity,high,true,县级身份映射；不拆分或重复郡国人口
admin.han140.yanzhou.rencheng.kangfu,geo.region.east.china.wensishuiriverplain.centralplain.county.kangfu,county_identity,140,140,10000,source_itemized_county_identity,high,true,县级身份映射；不拆分或重复郡国人口
admin.han140.yanzhou.rencheng.fan,geo.region.east.china.wensishuiriverplain.centralplain.county.fan,county_identity,140,140,10000,source_itemized_county_identity,high,true,县级身份映射；不拆分或重复郡国人口
admin.han140.yanzhou.taishan.fenggao,geo.region.east.china.taiyifoothill.centralbasin.county.fenggao,county_identity,140,140,10000,source_itemized_county_identity,high,true,县级身份映射；不拆分或重复郡国人口
admin.han140.yanzhou.taishan.bo,geo.region.east.china.taiyifoothill.centralbasin.county.bo,county_identity,140,140,10000,source_itemized_county_identity,high,true,县级身份映射；不拆分或重复郡国人口
admin.han140.yanzhou.taishan.liangfu,geo.region.east.china.taiyifoothill.centralbasin.county.liangfu,county_identity,140,140,10000,source_itemized_county_identity,high,true,县级身份映射；不拆分或重复郡国人口
admin.han140.yanzhou.taishan.juping,geo.region.east.china.taiyifoothill.centralbasin.county.juping,county_identity,140,140,10000,source_itemized_county_identity,high,true,县级身份映射；不拆分或重复郡国人口
admin.han140.yanzhou.taishan.ying,geo.region.east.china.taiyifoothill.centralbasin.county.ying,county_identity,140,140,10000,source_itemized_county_identity,high,true,县级身份映射；不拆分或重复郡国人口
admin.han140.yanzhou.taishan.shanchi,geo.region.east.china.taiyifoothill.centralbasin.county.shanchi,county_identity,140,140,10000,source_itemized_county_identity,high,true,县级身份映射；不拆分或重复郡国人口
admin.han140.yanzhou.taishan.laiwu,geo.region.east.china.taiyifoothill.centralbasin.county.laiwu,county_identity,140,140,10000,source_itemized_county_identity,high,true,县级身份映射；不拆分或重复郡国人口
admin.han140.yanzhou.taishan.gai,geo.region.east.china.taiyifoothill.centralbasin.county.gai,county_identity,140,140,10000,source_itemized_county_identity,high,true,县级身份映射；不拆分或重复郡国人口
admin.han140.yanzhou.taishan.nanwuyang,geo.region.east.china.taiyifoothill.centralbasin.county.nanwuyang,county_identity,140,140,10000,source_itemized_county_identity,high,true,县级身份映射；不拆分或重复郡国人口
admin.han140.yanzhou.taishan.nancheng,geo.region.east.china.taiyifoothill.centralbasin.county.nancheng,county_identity,140,140,10000,source_itemized_county_identity,high,true,县级身份映射；不拆分或重复郡国人口
admin.han140.yanzhou.taishan.fei,geo.region.east.china.taiyifoothill.centralbasin.county.fei,county_identity,140,140,10000,source_itemized_county_identity,high,true,县级身份映射；不拆分或重复郡国人口
admin.han140.yanzhou.taishan.mou,geo.region.east.china.taiyifoothill.centralbasin.county.mou,county_identity,140,140,10000,source_itemized_county_identity,high,true,县级身份映射；不拆分或重复郡国人口
admin.han140.yanzhou.jibei.lu,geo.region.east.china.taiyifoothill.northwestplain.county.lu,county_identity,140,140,10000,source_itemized_county_identity,high,true,县级身份映射；不拆分或重复郡国人口
admin.han140.yanzhou.jibei.sheqiu,geo.region.east.china.taiyifoothill.northwestplain.county.sheqiu,county_identity,140,140,10000,source_itemized_county_identity,high,true,县级身份映射；不拆分或重复郡国人口
admin.han140.yanzhou.jibei.cheng,geo.region.east.china.taiyifoothill.northwestplain.county.cheng,county_identity,140,140,10000,source_itemized_county_identity,high,true,县级身份映射；不拆分或重复郡国人口
admin.han140.yanzhou.jibei.chiping,geo.region.east.china.taiyifoothill.northwestplain.county.chiping,county_identity,140,140,10000,source_itemized_county_identity,high,true,县级身份映射；不拆分或重复郡国人口
admin.han140.yanzhou.jibei.gang,geo.region.east.china.taiyifoothill.northwestplain.county.gang,county_identity,140,140,10000,source_itemized_county_identity,high,true,县级身份映射；不拆分或重复郡国人口
admin.han140.yanzhou.shanyang.changyi,geo.region.east.china.wensishuiriverplain.westplain.county.changyi,county_identity,140,140,10000,source_itemized_county_identity,high,true,县级身份映射；不拆分或重复郡国人口
admin.han140.yanzhou.shanyang.dongmin,geo.region.east.china.wensishuiriverplain.westplain.county.dongmin,county_identity,140,140,10000,source_itemized_county_identity,high,true,县级身份映射；不拆分或重复郡国人口
admin.han140.yanzhou.shanyang.juye,geo.region.east.china.wensishuiriverplain.westplain.county.juye,county_identity,140,140,10000,source_itemized_county_identity,high,true,县级身份映射；不拆分或重复郡国人口
admin.han140.yanzhou.shanyang.gaoping,geo.region.east.china.wensishuiriverplain.westplain.county.gaoping,county_identity,140,140,10000,source_itemized_county_identity,high,true,县级身份映射；不拆分或重复郡国人口
admin.han140.yanzhou.shanyang.hulu,geo.region.east.china.wensishuiriverplain.westplain.county.hulu,county_identity,140,140,10000,source_itemized_county_identity,high,true,县级身份映射；不拆分或重复郡国人口
admin.han140.yanzhou.shanyang.nanpingyang,geo.region.east.china.wensishuiriverplain.westplain.county.nanpingyang,county_identity,140,140,10000,source_itemized_county_identity,high,true,县级身份映射；不拆分或重复郡国人口
admin.han140.yanzhou.shanyang.fangyu,geo.region.east.china.wensishuiriverplain.westplain.county.fangyu,county_identity,140,140,10000,source_itemized_county_identity,high,true,县级身份映射；不拆分或重复郡国人口
admin.han140.yanzhou.shanyang.xiaqiu,geo.region.east.china.wensishuiriverplain.westplain.county.xiaqiu,county_identity,140,140,10000,source_itemized_county_identity,high,true,县级身份映射；不拆分或重复郡国人口
admin.han140.yanzhou.shanyang.jinxiang,geo.region.east.china.wensishuiriverplain.westplain.county.jinxiang,county_identity,140,140,10000,source_itemized_county_identity,high,true,县级身份映射；不拆分或重复郡国人口
admin.han140.yanzhou.shanyang.fangdong,geo.region.east.china.wensishuiriverplain.westplain.county.fangdong,county_identity,140,140,10000,source_itemized_county_identity,high,true,县级身份映射；不拆分或重复郡国人口
admin.han140.yanzhou.jiyin.dingtao,geo.region.central.china.loweryellowjishui.southeastplain.county.dingtao,county_identity,140,140,10000,source_itemized_county_identity,high,true,县级身份映射；不拆分或重复郡国人口
admin.han140.yanzhou.jiyin.yuanju,geo.region.central.china.loweryellowjishui.southeastplain.county.yuanju,county_identity,140,140,10000,source_itemized_county_identity,high,true,县级身份映射；不拆分或重复郡国人口
admin.han140.yanzhou.jiyin.chengyang,geo.region.central.china.loweryellowjishui.southeastplain.county.chengyang,county_identity,140,140,10000,source_itemized_county_identity,high,true,县级身份映射；不拆分或重复郡国人口
admin.han140.yanzhou.jiyin.chengshi,geo.region.central.china.loweryellowjishui.southeastplain.county.chengshi,county_identity,140,140,10000,source_itemized_county_identity,high,true,县级身份映射；不拆分或重复郡国人口
admin.han140.yanzhou.jiyin.juyang,geo.region.central.china.loweryellowjishui.southeastplain.county.juyang,county_identity,140,140,10000,source_itemized_county_identity,high,true,县级身份映射；不拆分或重复郡国人口
admin.han140.yanzhou.jiyin.juancheng,geo.region.central.china.loweryellowjishui.southeastplain.county.juancheng,county_identity,140,140,10000,source_itemized_county_identity,high,true,县级身份映射；不拆分或重复郡国人口
admin.han140.yanzhou.jiyin.chihu,geo.region.central.china.loweryellowjishui.southeastplain.county.chihu,county_identity,140,140,10000,source_itemized_county_identity,high,true,县级身份映射；不拆分或重复郡国人口
admin.han140.yanzhou.jiyin.linqiu,geo.region.central.china.loweryellowjishui.southeastplain.county.linqiu,county_identity,140,140,10000,source_itemized_county_identity,high,true,县级身份映射；不拆分或重复郡国人口
admin.han140.yanzhou.jiyin.danfu,geo.region.central.china.loweryellowjishui.southeastplain.county.danfu,county_identity,140,140,10000,source_itemized_county_identity,high,true,县级身份映射；不拆分或重复郡国人口
admin.han140.yanzhou.jiyin.chengwu,geo.region.central.china.loweryellowjishui.southeastplain.county.chengwu,county_identity,140,140,10000,source_itemized_county_identity,high,true,县级身份映射；不拆分或重复郡国人口
admin.han140.yanzhou.jiyin.jishi,geo.region.central.china.loweryellowjishui.southeastplain.county.jishi,county_identity,140,140,10000,source_itemized_county_identity,high,true,县级身份映射；不拆分或重复郡国人口
admin.han140.xuzhou.donghai.tan,geo.region.east.china.yishuhuaihai.southeastcoastalplain.county.tan,county_identity,140,140,10000,source_itemized_county_identity,high,true,县级身份映射；不拆分或重复郡国人口
admin.han140.xuzhou.donghai.lanling,geo.region.east.china.yishuhuaihai.southeastcoastalplain.county.lanling,county_identity,140,140,10000,source_itemized_county_identity,high,true,县级身份映射；不拆分或重复郡国人口
admin.han140.xuzhou.donghai.qi,geo.region.east.china.yishuhuaihai.southeastcoastalplain.county.qi,county_identity,140,140,10000,source_itemized_county_identity,high,true,县级身份映射；不拆分或重复郡国人口
admin.han140.xuzhou.donghai.qu,geo.region.east.china.yishuhuaihai.southeastcoastalplain.county.qu,county_identity,140,140,10000,source_itemized_county_identity,high,true,县级身份映射；不拆分或重复郡国人口
admin.han140.xuzhou.donghai.xiangbi,geo.region.east.china.yishuhuaihai.southeastcoastalplain.county.xiangbi,county_identity,140,140,10000,source_itemized_county_identity,high,true,县级身份映射；不拆分或重复郡国人口
admin.han140.xuzhou.donghai.changlu,geo.region.east.china.yishuhuaihai.southeastcoastalplain.county.changlu,county_identity,140,140,10000,source_itemized_county_identity,high,true,县级身份映射；不拆分或重复郡国人口
admin.han140.xuzhou.donghai.cheng,geo.region.east.china.yishuhuaihai.southeastcoastalplain.county.cheng,county_identity,140,140,10000,source_itemized_county_identity,high,true,县级身份映射；不拆分或重复郡国人口
admin.han140.xuzhou.donghai.yinping,geo.region.east.china.yishuhuaihai.southeastcoastalplain.county.yinping,county_identity,140,140,10000,source_itemized_county_identity,high,true,县级身份映射；不拆分或重复郡国人口
admin.han140.xuzhou.donghai.licheng,geo.region.east.china.yishuhuaihai.southeastcoastalplain.county.licheng,county_identity,140,140,10000,source_itemized_county_identity,high,true,县级身份映射；不拆分或重复郡国人口
admin.han140.xuzhou.donghai.hecheng,geo.region.east.china.yishuhuaihai.southeastcoastalplain.county.hecheng,county_identity,140,140,10000,source_itemized_county_identity,high,true,县级身份映射；不拆分或重复郡国人口
admin.han140.xuzhou.donghai.zhuqi,geo.region.east.china.yishuhuaihai.southeastcoastalplain.county.zhuqi,county_identity,140,140,10000,source_itemized_county_identity,high,true,县级身份映射；不拆分或重复郡国人口
admin.han140.xuzhou.donghai.houqiu,geo.region.east.china.yishuhuaihai.southeastcoastalplain.county.houqiu,county_identity,140,140,10000,source_itemized_county_identity,high,true,县级身份映射；不拆分或重复郡国人口
admin.han140.xuzhou.donghai.ganyu,geo.region.east.china.yishuhuaihai.southeastcoastalplain.county.ganyu,county_identity,140,140,10000,source_itemized_county_identity,high,true,县级身份映射；不拆分或重复郡国人口
admin.han140.xuzhou.langya.kaiyang,geo.region.east.china.yishuhuaihai.northwestfoothill.county.kaiyang,county_identity,140,140,10000,source_itemized_county_identity,high,true,县级身份映射；不拆分或重复郡国人口
admin.han140.xuzhou.langya.dongwu,geo.region.east.china.yishuhuaihai.northwestfoothill.county.dongwu,county_identity,140,140,10000,source_itemized_county_identity,high,true,县级身份映射；不拆分或重复郡国人口
admin.han140.xuzhou.langya.langxie,geo.region.east.china.yishuhuaihai.northwestfoothill.county.langxie,county_identity,140,140,10000,source_itemized_county_identity,high,true,县级身份映射；不拆分或重复郡国人口
admin.han140.xuzhou.langya.dongwan,geo.region.east.china.yishuhuaihai.northwestfoothill.county.dongwan,county_identity,140,140,10000,source_itemized_county_identity,high,true,县级身份映射；不拆分或重复郡国人口
admin.han140.xuzhou.langya.xihai,geo.region.east.china.yishuhuaihai.northwestfoothill.county.xihai,county_identity,140,140,10000,source_itemized_county_identity,high,true,县级身份映射；不拆分或重复郡国人口
admin.han140.xuzhou.langya.zhu,geo.region.east.china.yishuhuaihai.northwestfoothill.county.zhu,county_identity,140,140,10000,source_itemized_county_identity,high,true,县级身份映射；不拆分或重复郡国人口
admin.han140.xuzhou.langya.ju,geo.region.east.china.yishuhuaihai.northwestfoothill.county.ju,county_identity,140,140,10000,source_itemized_county_identity,high,true,县级身份映射；不拆分或重复郡国人口
admin.han140.xuzhou.langya.dongan,geo.region.east.china.yishuhuaihai.northwestfoothill.county.dongan,county_identity,140,140,10000,source_itemized_county_identity,high,true,县级身份映射；不拆分或重复郡国人口
admin.han140.xuzhou.langya.yangdu,geo.region.east.china.yishuhuaihai.northwestfoothill.county.yangdu,county_identity,140,140,10000,source_itemized_county_identity,high,true,县级身份映射；不拆分或重复郡国人口
admin.han140.xuzhou.langya.linyi,geo.region.east.china.yishuhuaihai.northwestfoothill.county.linyi,county_identity,140,140,10000,source_itemized_county_identity,high,true,县级身份映射；不拆分或重复郡国人口
admin.han140.xuzhou.langya.jiqiu,geo.region.east.china.yishuhuaihai.northwestfoothill.county.jiqiu,county_identity,140,140,10000,source_itemized_county_identity,high,true,县级身份映射；不拆分或重复郡国人口
admin.han140.xuzhou.langya.zeng,geo.region.east.china.yishuhuaihai.northwestfoothill.county.zeng,county_identity,140,140,10000,source_itemized_county_identity,high,true,县级身份映射；不拆分或重复郡国人口
admin.han140.xuzhou.langya.gumu,geo.region.east.china.yishuhuaihai.northwestfoothill.county.gumu,county_identity,140,140,10000,source_itemized_county_identity,high,true,县级身份映射；不拆分或重复郡国人口
admin.han140.xuzhou.pengcheng.pengcheng,geo.region.east.china.sishuiriverplain.northwestplain.county.pengcheng,county_identity,140,140,10000,source_itemized_county_identity,high,true,县级身份映射；不拆分或重复郡国人口
admin.han140.xuzhou.pengcheng.wuyuan,geo.region.east.china.sishuiriverplain.northwestplain.county.wuyuan,county_identity,140,140,10000,source_itemized_county_identity,high,true,县级身份映射；不拆分或重复郡国人口
admin.han140.xuzhou.pengcheng.fuyang,geo.region.east.china.sishuiriverplain.northwestplain.county.fuyang,county_identity,140,140,10000,source_itemized_county_identity,high,true,县级身份映射；不拆分或重复郡国人口
admin.han140.xuzhou.pengcheng.lu,geo.region.east.china.sishuiriverplain.northwestplain.county.lu,county_identity,140,140,10000,source_itemized_county_identity,high,true,县级身份映射；不拆分或重复郡国人口
admin.han140.xuzhou.pengcheng.liu,geo.region.east.china.sishuiriverplain.northwestplain.county.liu,county_identity,140,140,10000,source_itemized_county_identity,high,true,县级身份映射；不拆分或重复郡国人口
admin.han140.xuzhou.pengcheng.wu,geo.region.east.china.sishuiriverplain.northwestplain.county.wu,county_identity,140,140,10000,source_itemized_county_identity,high,true,县级身份映射；不拆分或重复郡国人口
admin.han140.xuzhou.pengcheng.ziqiu,geo.region.east.china.sishuiriverplain.northwestplain.county.ziqiu,county_identity,140,140,10000,source_itemized_county_identity,high,true,县级身份映射；不拆分或重复郡国人口
admin.han140.xuzhou.pengcheng.yanqi,geo.region.east.china.sishuiriverplain.northwestplain.county.yanqi,county_identity,140,140,10000,source_itemized_county_identity,high,true,县级身份映射；不拆分或重复郡国人口
admin.han140.xuzhou.guangling.yanling,geo.region.east.china.jianghuaieast.centralplain.county.yanling,county_identity,140,140,10000,source_itemized_county_identity,high,true,县级身份映射；不拆分或重复郡国人口
admin.han140.xuzhou.guangling.jiangdu,geo.region.east.china.jianghuaieast.centralplain.county.jiangdu,county_identity,140,140,10000,source_itemized_county_identity,high,true,县级身份映射；不拆分或重复郡国人口
admin.han140.xuzhou.guangling.gaoyou,geo.region.east.china.jianghuaieast.centralplain.county.gaoyou,county_identity,140,140,10000,source_itemized_county_identity,high,true,县级身份映射；不拆分或重复郡国人口
admin.han140.xuzhou.guangling.pingan,geo.region.east.china.jianghuaieast.centralplain.county.pingan,county_identity,140,140,10000,source_itemized_county_identity,high,true,县级身份映射；不拆分或重复郡国人口
admin.han140.xuzhou.guangling.ling,geo.region.east.china.jianghuaieast.centralplain.county.ling,county_identity,140,140,10000,source_itemized_county_identity,high,true,县级身份映射；不拆分或重复郡国人口
admin.han140.xuzhou.guangling.dongyang,geo.region.east.china.jianghuaieast.centralplain.county.dongyang,county_identity,140,140,10000,source_itemized_county_identity,high,true,县级身份映射；不拆分或重复郡国人口
admin.han140.xuzhou.guangling.sheyang,geo.region.east.china.jianghuaieast.centralplain.county.sheyang,county_identity,140,140,10000,source_itemized_county_identity,high,true,县级身份映射；不拆分或重复郡国人口
admin.han140.xuzhou.guangling.yandu,geo.region.east.china.jianghuaieast.centralplain.county.yandu,county_identity,140,140,10000,source_itemized_county_identity,high,true,县级身份映射；不拆分或重复郡国人口
admin.han140.xuzhou.guangling.yu,geo.region.east.china.jianghuaieast.centralplain.county.yu,county_identity,140,140,10000,source_itemized_county_identity,high,true,县级身份映射；不拆分或重复郡国人口
admin.han140.xuzhou.guangling.tangyi,geo.region.east.china.jianghuaieast.centralplain.county.tangyi,county_identity,140,140,10000,source_itemized_county_identity,high,true,县级身份映射；不拆分或重复郡国人口
admin.han140.xuzhou.guangling.haixi,geo.region.east.china.jianghuaieast.centralplain.county.haixi,county_identity,140,140,10000,source_itemized_county_identity,high,true,县级身份映射；不拆分或重复郡国人口
admin.han140.xuzhou.xiapi.xiapei,geo.region.east.china.sishuiriverplain.southeastplain.county.xiapei,county_identity,140,140,10000,source_itemized_county_identity,high,true,县级身份映射；不拆分或重复郡国人口
admin.han140.xuzhou.xiapi.xu,geo.region.east.china.sishuiriverplain.southeastplain.county.xu,county_identity,140,140,10000,source_itemized_county_identity,high,true,县级身份映射；不拆分或重复郡国人口
admin.han140.xuzhou.xiapi.tong,geo.region.east.china.sishuiriverplain.southeastplain.county.tong,county_identity,140,140,10000,source_itemized_county_identity,high,true,县级身份映射；不拆分或重复郡国人口
admin.han140.xuzhou.xiapi.suiling,geo.region.east.china.sishuiriverplain.southeastplain.county.suiling,county_identity,140,140,10000,source_itemized_county_identity,high,true,县级身份映射；不拆分或重复郡国人口
admin.han140.xuzhou.xiapi.xiaxiang,geo.region.east.china.sishuiriverplain.southeastplain.county.xiaxiang,county_identity,140,140,10000,source_itemized_county_identity,high,true,县级身份映射；不拆分或重复郡国人口
admin.han140.xuzhou.xiapi.huaiyin,geo.region.east.china.sishuiriverplain.southeastplain.county.huaiyin,county_identity,140,140,10000,source_itemized_county_identity,high,true,县级身份映射；不拆分或重复郡国人口
admin.han140.xuzhou.xiapi.huaipu,geo.region.east.china.sishuiriverplain.southeastplain.county.huaipu,county_identity,140,140,10000,source_itemized_county_identity,high,true,县级身份映射；不拆分或重复郡国人口
admin.han140.xuzhou.xiapi.xutai,geo.region.east.china.sishuiriverplain.southeastplain.county.xutai,county_identity,140,140,10000,source_itemized_county_identity,high,true,县级身份映射；不拆分或重复郡国人口
admin.han140.xuzhou.xiapi.gaoshan,geo.region.east.china.sishuiriverplain.southeastplain.county.gaoshan,county_identity,140,140,10000,source_itemized_county_identity,high,true,县级身份映射；不拆分或重复郡国人口
admin.han140.xuzhou.xiapi.panjing,geo.region.east.china.sishuiriverplain.southeastplain.county.panjing,county_identity,140,140,10000,source_itemized_county_identity,high,true,县级身份映射；不拆分或重复郡国人口
admin.han140.xuzhou.xiapi.huailing,geo.region.east.china.sishuiriverplain.southeastplain.county.huailing,county_identity,140,140,10000,source_itemized_county_identity,high,true,县级身份映射；不拆分或重复郡国人口
admin.han140.xuzhou.xiapi.qulu,geo.region.east.china.sishuiriverplain.southeastplain.county.qulu,county_identity,140,140,10000,source_itemized_county_identity,high,true,县级身份映射；不拆分或重复郡国人口
admin.han140.xuzhou.xiapi.dongcheng,geo.region.east.china.sishuiriverplain.southeastplain.county.dongcheng,county_identity,140,140,10000,source_itemized_county_identity,high,true,县级身份映射；不拆分或重复郡国人口
admin.han140.xuzhou.xiapi.quyang,geo.region.east.china.sishuiriverplain.southeastplain.county.quyang,county_identity,140,140,10000,source_itemized_county_identity,high,true,县级身份映射；不拆分或重复郡国人口
admin.han140.xuzhou.xiapi.siwu,geo.region.east.china.sishuiriverplain.southeastplain.county.siwu,county_identity,140,140,10000,source_itemized_county_identity,high,true,县级身份映射；不拆分或重复郡国人口
admin.han140.xuzhou.xiapi.liangcheng,geo.region.east.china.sishuiriverplain.southeastplain.county.liangcheng,county_identity,140,140,10000,source_itemized_county_identity,high,true,县级身份映射；不拆分或重复郡国人口
admin.han140.xuzhou.xiapi.xiaqiu,geo.region.east.china.sishuiriverplain.southeastplain.county.xiaqiu,county_identity,140,140,10000,source_itemized_county_identity,high,true,县级身份映射；不拆分或重复郡国人口
admin.han140.qingzhou.jinan.dongpingling,geo.region.east.china.loweryellowjieastplain.southwestfoothillplain.county.dongpingling,county_identity,140,140,10000,source_itemized_county_identity,high,true,县级身份映射；不拆分或重复郡国人口
admin.han140.qingzhou.jinan.zhao,geo.region.east.china.loweryellowjieastplain.southwestfoothillplain.county.zhao,county_identity,140,140,10000,source_itemized_county_identity,high,true,县级身份映射；不拆分或重复郡国人口
admin.han140.qingzhou.jinan.yuling,geo.region.east.china.loweryellowjieastplain.southwestfoothillplain.county.yuling,county_identity,140,140,10000,source_itemized_county_identity,high,true,县级身份映射；不拆分或重复郡国人口
admin.han140.qingzhou.jinan.tai,geo.region.east.china.loweryellowjieastplain.southwestfoothillplain.county.tai,county_identity,140,140,10000,source_itemized_county_identity,high,true,县级身份映射；不拆分或重复郡国人口
admin.han140.qingzhou.jinan.jian,geo.region.east.china.loweryellowjieastplain.southwestfoothillplain.county.jian,county_identity,140,140,10000,source_itemized_county_identity,high,true,县级身份映射；不拆分或重复郡国人口
admin.han140.qingzhou.jinan.tugu,geo.region.east.china.loweryellowjieastplain.southwestfoothillplain.county.tugu,county_identity,140,140,10000,source_itemized_county_identity,high,true,县级身份映射；不拆分或重复郡国人口
admin.han140.qingzhou.jinan.liangzou,geo.region.east.china.loweryellowjieastplain.southwestfoothillplain.county.liangzou,county_identity,140,140,10000,source_itemized_county_identity,high,true,县级身份映射；不拆分或重复郡国人口
admin.han140.qingzhou.jinan.zouping,geo.region.east.china.loweryellowjieastplain.southwestfoothillplain.county.zouping,county_identity,140,140,10000,source_itemized_county_identity,high,true,县级身份映射；不拆分或重复郡国人口
admin.han140.qingzhou.jinan.dongzhaoyang,geo.region.east.china.loweryellowjieastplain.southwestfoothillplain.county.dongzhaoyang,county_identity,140,140,10000,source_itemized_county_identity,high,true,县级身份映射；不拆分或重复郡国人口
admin.han140.qingzhou.jinan.licheng,geo.region.east.china.loweryellowjieastplain.southwestfoothillplain.county.licheng,county_identity,140,140,10000,source_itemized_county_identity,high,true,县级身份映射；不拆分或重复郡国人口
admin.han140.qingzhou.pingyuan.pingyuan,geo.region.east.china.loweryellowjieastplain.northwestplain.pingyuancounty,county_identity,140,140,10000,source_itemized_county_identity,high,true,县级身份映射；不拆分或重复郡国人口
admin.han140.qingzhou.pingyuan.gaotang,geo.region.east.china.loweryellowjieastplain.northwestplain.county.gaotang,county_identity,140,140,10000,source_itemized_county_identity,high,true,县级身份映射；不拆分或重复郡国人口
admin.han140.qingzhou.pingyuan.ban,geo.region.east.china.loweryellowjieastplain.northwestplain.county.ban,county_identity,140,140,10000,source_itemized_county_identity,high,true,县级身份映射；不拆分或重复郡国人口
admin.han140.qingzhou.pingyuan.li,geo.region.east.china.loweryellowjieastplain.northwestplain.county.li,county_identity,140,140,10000,source_itemized_county_identity,high,true,县级身份映射；不拆分或重复郡国人口
admin.han140.qingzhou.pingyuan.zhua,geo.region.east.china.loweryellowjieastplain.northwestplain.county.zhua,county_identity,140,140,10000,source_itemized_county_identity,high,true,县级身份映射；不拆分或重复郡国人口
admin.han140.qingzhou.pingyuan.leling,geo.region.east.china.loweryellowjieastplain.northwestplain.county.leling,county_identity,140,140,10000,source_itemized_county_identity,high,true,县级身份映射；不拆分或重复郡国人口
admin.han140.qingzhou.pingyuan.shiyin,geo.region.east.china.loweryellowjieastplain.northwestplain.county.shiyin,county_identity,140,140,10000,source_itemized_county_identity,high,true,县级身份映射；不拆分或重复郡国人口
admin.han140.qingzhou.pingyuan.ande,geo.region.east.china.loweryellowjieastplain.northwestplain.county.ande,county_identity,140,140,10000,source_itemized_county_identity,high,true,县级身份映射；不拆分或重复郡国人口
admin.han140.qingzhou.pingyuan.yanci,geo.region.east.china.loweryellowjieastplain.northwestplain.county.yanci,county_identity,140,140,10000,source_itemized_county_identity,high,true,县级身份映射；不拆分或重复郡国人口
admin.han140.qingzhou.lean.linji,geo.region.east.china.loweryellowjieastplain.northeastcoastalplain.county.linji,county_identity,140,140,10000,source_itemized_county_identity,high,true,县级身份映射；不拆分或重复郡国人口
admin.han140.qingzhou.lean.qiancheng,geo.region.east.china.loweryellowjieastplain.northeastcoastalplain.county.qiancheng,county_identity,140,140,10000,source_itemized_county_identity,high,true,县级身份映射；不拆分或重复郡国人口
admin.han140.qingzhou.lean.gaowan,geo.region.east.china.loweryellowjieastplain.northeastcoastalplain.county.gaowan,county_identity,140,140,10000,source_itemized_county_identity,high,true,县级身份映射；不拆分或重复郡国人口
admin.han140.qingzhou.lean.lean,geo.region.east.china.loweryellowjieastplain.northeastcoastalplain.county.lean,county_identity,140,140,10000,source_itemized_county_identity,high,true,县级身份映射；不拆分或重复郡国人口
admin.han140.qingzhou.lean.bochang,geo.region.east.china.loweryellowjieastplain.northeastcoastalplain.county.bochang,county_identity,140,140,10000,source_itemized_county_identity,high,true,县级身份映射；不拆分或重复郡国人口
admin.han140.qingzhou.lean.liaocheng,geo.region.east.china.loweryellowjieastplain.northeastcoastalplain.county.liaocheng,county_identity,140,140,10000,source_itemized_county_identity,high,true,县级身份映射；不拆分或重复郡国人口
admin.han140.qingzhou.lean.li,geo.region.east.china.loweryellowjieastplain.northeastcoastalplain.county.li,county_identity,140,140,10000,source_itemized_county_identity,high,true,县级身份映射；不拆分或重复郡国人口
admin.han140.qingzhou.lean.yi,geo.region.east.china.loweryellowjieastplain.northeastcoastalplain.county.yi,county_identity,140,140,10000,source_itemized_county_identity,high,true,县级身份映射；不拆分或重复郡国人口
admin.han140.qingzhou.lean.shouguang,geo.region.east.china.loweryellowjieastplain.northeastcoastalplain.county.shouguang,county_identity,140,140,10000,source_itemized_county_identity,high,true,县级身份映射；不拆分或重复郡国人口
admin.han140.qingzhou.beihai.ju,geo.region.east.china.ziweijiaolaiplain.easternplain.county.ju,county_identity,140,140,10000,source_itemized_county_identity,high,true,县级身份映射；不拆分或重复郡国人口
admin.han140.qingzhou.beihai.yingling,geo.region.east.china.ziweijiaolaiplain.easternplain.county.yingling,county_identity,140,140,10000,source_itemized_county_identity,high,true,县级身份映射；不拆分或重复郡国人口
admin.han140.qingzhou.beihai.pingshou,geo.region.east.china.ziweijiaolaiplain.easternplain.county.pingshou,county_identity,140,140,10000,source_itemized_county_identity,high,true,县级身份映射；不拆分或重复郡国人口
admin.han140.qingzhou.beihai.duchang,geo.region.east.china.ziweijiaolaiplain.easternplain.county.duchang,county_identity,140,140,10000,source_itemized_county_identity,high,true,县级身份映射；不拆分或重复郡国人口
admin.han140.qingzhou.beihai.anqiu,geo.region.east.china.ziweijiaolaiplain.easternplain.county.anqiu,county_identity,140,140,10000,source_itemized_county_identity,high,true,县级身份映射；不拆分或重复郡国人口
admin.han140.qingzhou.beihai.chunyu,geo.region.east.china.ziweijiaolaiplain.easternplain.county.chunyu,county_identity,140,140,10000,source_itemized_county_identity,high,true,县级身份映射；不拆分或重复郡国人口
admin.han140.qingzhou.beihai.pingchang,geo.region.east.china.ziweijiaolaiplain.easternplain.county.pingchang,county_identity,140,140,10000,source_itemized_county_identity,high,true,县级身份映射；不拆分或重复郡国人口
admin.han140.qingzhou.beihai.zhuxu,geo.region.east.china.ziweijiaolaiplain.easternplain.county.zhuxu,county_identity,140,140,10000,source_itemized_county_identity,high,true,县级身份映射；不拆分或重复郡国人口
admin.han140.qingzhou.beihai.donganping,geo.region.east.china.ziweijiaolaiplain.easternplain.county.donganping,county_identity,140,140,10000,source_itemized_county_identity,high,true,县级身份映射；不拆分或重复郡国人口
admin.han140.qingzhou.beihai.gaomi,geo.region.east.china.ziweijiaolaiplain.easternplain.county.gaomi,county_identity,140,140,10000,source_itemized_county_identity,high,true,县级身份映射；不拆分或重复郡国人口
admin.han140.qingzhou.beihai.changan,geo.region.east.china.ziweijiaolaiplain.easternplain.county.changan,county_identity,140,140,10000,source_itemized_county_identity,high,true,县级身份映射；不拆分或重复郡国人口
admin.han140.qingzhou.beihai.yian,geo.region.east.china.ziweijiaolaiplain.easternplain.county.yian,county_identity,140,140,10000,source_itemized_county_identity,high,true,县级身份映射；不拆分或重复郡国人口
admin.han140.qingzhou.beihai.xiaodong,geo.region.east.china.ziweijiaolaiplain.easternplain.county.xiaodong,county_identity,140,140,10000,source_itemized_county_identity,high,true,县级身份映射；不拆分或重复郡国人口
admin.han140.qingzhou.beihai.jimo,geo.region.east.china.ziweijiaolaiplain.easternplain.county.jimo,county_identity,140,140,10000,source_itemized_county_identity,high,true,县级身份映射；不拆分或重复郡国人口
admin.han140.qingzhou.beihai.zhuangwu,geo.region.east.china.ziweijiaolaiplain.easternplain.county.zhuangwu,county_identity,140,140,10000,source_itemized_county_identity,high,true,县级身份映射；不拆分或重复郡国人口
admin.han140.qingzhou.beihai.xiami,geo.region.east.china.ziweijiaolaiplain.easternplain.county.xiami,county_identity,140,140,10000,source_itemized_county_identity,high,true,县级身份映射；不拆分或重复郡国人口
admin.han140.qingzhou.beihai.ting,geo.region.east.china.ziweijiaolaiplain.easternplain.county.ting,county_identity,140,140,10000,source_itemized_county_identity,high,true,县级身份映射；不拆分或重复郡国人口
admin.han140.qingzhou.beihai.guanyang,geo.region.east.china.ziweijiaolaiplain.easternplain.county.guanyang,county_identity,140,140,10000,source_itemized_county_identity,high,true,县级身份映射；不拆分或重复郡国人口
admin.han140.qingzhou.donglai.huang,geo.region.east.china.jiaodongpeninsula.northcoastalhills.county.huang,county_identity,140,140,10000,source_itemized_county_identity,high,true,县级身份映射；不拆分或重复郡国人口
admin.han140.qingzhou.donglai.mouping,geo.region.east.china.jiaodongpeninsula.northcoastalhills.county.mouping,county_identity,140,140,10000,source_itemized_county_identity,high,true,县级身份映射；不拆分或重复郡国人口
admin.han140.qingzhou.donglai.jian,geo.region.east.china.jiaodongpeninsula.northcoastalhills.county.jian,county_identity,140,140,10000,source_itemized_county_identity,high,true,县级身份映射；不拆分或重复郡国人口
admin.han140.qingzhou.donglai.qucheng,geo.region.east.china.jiaodongpeninsula.northcoastalhills.county.qucheng,county_identity,140,140,10000,source_itemized_county_identity,high,true,县级身份映射；不拆分或重复郡国人口
admin.han140.qingzhou.donglai.yi,geo.region.east.china.jiaodongpeninsula.northcoastalhills.county.yi,county_identity,140,140,10000,source_itemized_county_identity,high,true,县级身份映射；不拆分或重复郡国人口
admin.han140.qingzhou.donglai.dangli,geo.region.east.china.jiaodongpeninsula.northcoastalhills.county.dangli,county_identity,140,140,10000,source_itemized_county_identity,high,true,县级身份映射；不拆分或重复郡国人口
admin.han140.qingzhou.donglai.dongmou,geo.region.east.china.jiaodongpeninsula.northcoastalhills.county.dongmou,county_identity,140,140,10000,source_itemized_county_identity,high,true,县级身份映射；不拆分或重复郡国人口
admin.han140.qingzhou.donglai.changyang,geo.region.east.china.jiaodongpeninsula.northcoastalhills.county.changyang,county_identity,140,140,10000,source_itemized_county_identity,high,true,县级身份映射；不拆分或重复郡国人口
admin.han140.qingzhou.donglai.luxiang,geo.region.east.china.jiaodongpeninsula.northcoastalhills.county.luxiang,county_identity,140,140,10000,source_itemized_county_identity,high,true,县级身份映射；不拆分或重复郡国人口
admin.han140.qingzhou.donglai.changyan,geo.region.east.china.jiaodongpeninsula.northcoastalhills.county.changyan,county_identity,140,140,10000,source_itemized_county_identity,high,true,县级身份映射；不拆分或重复郡国人口
admin.han140.qingzhou.donglai.qianzou,geo.region.east.china.jiaodongpeninsula.northcoastalhills.county.qianzou,county_identity,140,140,10000,source_itemized_county_identity,high,true,县级身份映射；不拆分或重复郡国人口
admin.han140.qingzhou.donglai.gelu,geo.region.east.china.jiaodongpeninsula.northcoastalhills.county.gelu,county_identity,140,140,10000,source_itemized_county_identity,high,true,县级身份映射；不拆分或重复郡国人口
admin.han140.qingzhou.donglai.buqi,geo.region.east.china.jiaodongpeninsula.northcoastalhills.county.buqi,county_identity,140,140,10000,source_itemized_county_identity,high,true,县级身份映射；不拆分或重复郡国人口
admin.han140.qingzhou.qi.linzi,geo.region.east.china.ziweijiaolaiplain.westernfoothillplain.county.linzi,county_identity,140,140,10000,source_itemized_county_identity,high,true,县级身份映射；不拆分或重复郡国人口
admin.han140.qingzhou.qi.xian,geo.region.east.china.ziweijiaolaiplain.westernfoothillplain.county.xian,county_identity,140,140,10000,source_itemized_county_identity,high,true,县级身份映射；不拆分或重复郡国人口
admin.han140.qingzhou.qi.changguo,geo.region.east.china.ziweijiaolaiplain.westernfoothillplain.county.changguo,county_identity,140,140,10000,source_itemized_county_identity,high,true,县级身份映射；不拆分或重复郡国人口
admin.han140.qingzhou.qi.linqu,geo.region.east.china.ziweijiaolaiplain.westernfoothillplain.county.linqu,county_identity,140,140,10000,source_itemized_county_identity,high,true,县级身份映射；不拆分或重复郡国人口
admin.han140.qingzhou.qi.yan,geo.region.east.china.ziweijiaolaiplain.westernfoothillplain.county.yan,county_identity,140,140,10000,source_itemized_county_identity,high,true,县级身份映射；不拆分或重复郡国人口
admin.han140.qingzhou.qi.banyang,geo.region.east.china.ziweijiaolaiplain.westernfoothillplain.county.banyang,county_identity,140,140,10000,source_itemized_county_identity,high,true,县级身份映射；不拆分或重复郡国人口
admin.han140.jingzhou.nanyang.wan,geo.region.central.china.hanjianguppermiddle.northeastbasin.county.wan,county_identity,140,140,10000,source_itemized_county_identity,high,true,县级身份映射；不拆分或重复郡国人口
admin.han140.jingzhou.nanyang.guanjun,geo.region.central.china.hanjianguppermiddle.northeastbasin.county.guanjun,county_identity,140,140,10000,source_itemized_county_identity,high,true,县级身份映射；不拆分或重复郡国人口
admin.han140.jingzhou.nanyang.xie,geo.region.central.china.hanjianguppermiddle.northeastbasin.county.xie,county_identity,140,140,10000,source_itemized_county_identity,high,true,县级身份映射；不拆分或重复郡国人口
admin.han140.jingzhou.nanyang.xinye,geo.region.central.china.hanjianguppermiddle.northeastbasin.county.xinye,county_identity,140,140,10000,source_itemized_county_identity,high,true,县级身份映射；不拆分或重复郡国人口
admin.han140.jingzhou.nanyang.zhangling,geo.region.central.china.hanjianguppermiddle.northeastbasin.county.zhangling,county_identity,140,140,10000,source_itemized_county_identity,high,true,县级身份映射；不拆分或重复郡国人口
admin.han140.jingzhou.nanyang.xie.u897f9102,geo.region.central.china.hanjianguppermiddle.northeastbasin.county.xie.u897f9102,county_identity,140,140,10000,source_itemized_county_identity,high,true,县级身份映射；不拆分或重复郡国人口
admin.han140.jingzhou.nanyang.zhi,geo.region.central.china.hanjianguppermiddle.northeastbasin.county.zhi,county_identity,140,140,10000,source_itemized_county_identity,high,true,县级身份映射；不拆分或重复郡国人口
admin.han140.jingzhou.nanyang.luyang,geo.region.central.china.hanjianguppermiddle.northeastbasin.county.luyang,county_identity,140,140,10000,source_itemized_county_identity,high,true,县级身份映射；不拆分或重复郡国人口
admin.han140.jingzhou.nanyang.chou,geo.region.central.china.hanjianguppermiddle.northeastbasin.county.chou,county_identity,140,140,10000,source_itemized_county_identity,high,true,县级身份映射；不拆分或重复郡国人口
admin.han140.jingzhou.nanyang.duyang,geo.region.central.china.hanjianguppermiddle.northeastbasin.county.duyang,county_identity,140,140,10000,source_itemized_county_identity,high,true,县级身份映射；不拆分或重复郡国人口
admin.han140.jingzhou.nanyang.bowang,geo.region.central.china.hanjianguppermiddle.northeastbasin.county.bowang,county_identity,140,140,10000,source_itemized_county_identity,high,true,县级身份映射；不拆分或重复郡国人口
admin.han140.jingzhou.nanyang.wuyin,geo.region.central.china.hanjianguppermiddle.northeastbasin.county.wuyin,county_identity,140,140,10000,source_itemized_county_identity,high,true,县级身份映射；不拆分或重复郡国人口
admin.han140.jingzhou.nanyang.biyang,geo.region.central.china.hanjianguppermiddle.northeastbasin.county.biyang,county_identity,140,140,10000,source_itemized_county_identity,high,true,县级身份映射；不拆分或重复郡国人口
admin.han140.jingzhou.nanyang.fuyang,geo.region.central.china.hanjianguppermiddle.northeastbasin.county.fuyang,county_identity,140,140,10000,source_itemized_county_identity,high,true,县级身份映射；不拆分或重复郡国人口
admin.han140.jingzhou.nanyang.pingshi,geo.region.central.china.hanjianguppermiddle.northeastbasin.county.pingshi,county_identity,140,140,10000,source_itemized_county_identity,high,true,县级身份映射；不拆分或重复郡国人口
admin.han140.jingzhou.nanyang.jiyang,geo.region.central.china.hanjianguppermiddle.northeastbasin.county.jiyang,county_identity,140,140,10000,source_itemized_county_identity,high,true,县级身份映射；不拆分或重复郡国人口
admin.han140.jingzhou.nanyang.huyang,geo.region.central.china.hanjianguppermiddle.northeastbasin.county.huyang,county_identity,140,140,10000,source_itemized_county_identity,high,true,县级身份映射；不拆分或重复郡国人口
admin.han140.jingzhou.nanyang.sui,geo.region.central.china.hanjianguppermiddle.northeastbasin.county.sui,county_identity,140,140,10000,source_itemized_county_identity,high,true,县级身份映射；不拆分或重复郡国人口
admin.han140.jingzhou.nanyang.yuyang,geo.region.central.china.hanjianguppermiddle.northeastbasin.county.yuyang,county_identity,140,140,10000,source_itemized_county_identity,high,true,县级身份映射；不拆分或重复郡国人口
admin.han140.jingzhou.nanyang.nieyang,geo.region.central.china.hanjianguppermiddle.northeastbasin.county.nieyang,county_identity,140,140,10000,source_itemized_county_identity,high,true,县级身份映射；不拆分或重复郡国人口
admin.han140.jingzhou.nanyang.yin,geo.region.central.china.hanjianguppermiddle.northeastbasin.county.yin,county_identity,140,140,10000,source_itemized_county_identity,high,true,县级身份映射；不拆分或重复郡国人口
admin.han140.jingzhou.nanyang.zan,geo.region.central.china.hanjianguppermiddle.northeastbasin.county.zan,county_identity,140,140,10000,source_itemized_county_identity,high,true,县级身份映射；不拆分或重复郡国人口
admin.han140.jingzhou.nanyang.deng,geo.region.central.china.hanjianguppermiddle.northeastbasin.county.deng,county_identity,140,140,10000,source_itemized_county_identity,high,true,县级身份映射；不拆分或重复郡国人口
admin.han140.jingzhou.nanyang.shandu,geo.region.central.china.hanjianguppermiddle.northeastbasin.county.shandu,county_identity,140,140,10000,source_itemized_county_identity,high,true,县级身份映射；不拆分或重复郡国人口
admin.han140.jingzhou.nanyang.li,geo.region.central.china.hanjianguppermiddle.northeastbasin.county.li,county_identity,140,140,10000,source_itemized_county_identity,high,true,县级身份映射；不拆分或重复郡国人口
admin.han140.jingzhou.nanyang.rang,geo.region.central.china.hanjianguppermiddle.northeastbasin.county.rang,county_identity,140,140,10000,source_itemized_county_identity,high,true,县级身份映射；不拆分或重复郡国人口
admin.han140.jingzhou.nanyang.zhaoyang,geo.region.central.china.hanjianguppermiddle.northeastbasin.county.zhaoyang,county_identity,140,140,10000,source_itemized_county_identity,high,true,县级身份映射；不拆分或重复郡国人口
admin.han140.jingzhou.nanyang.caiyang,geo.region.central.china.hanjianguppermiddle.northeastbasin.county.caiyang,county_identity,140,140,10000,source_itemized_county_identity,high,true,县级身份映射；不拆分或重复郡国人口
admin.han140.jingzhou.nanyang.anzhong,geo.region.central.china.hanjianguppermiddle.northeastbasin.county.anzhong,county_identity,140,140,10000,source_itemized_county_identity,high,true,县级身份映射；不拆分或重复郡国人口
admin.han140.jingzhou.nanyang.zhuyang,geo.region.central.china.hanjianguppermiddle.northeastbasin.county.zhuyang,county_identity,140,140,10000,source_itemized_county_identity,high,true,县级身份映射；不拆分或重复郡国人口
admin.han140.jingzhou.nanyang.wudang,geo.region.central.china.hanjianguppermiddle.northeastbasin.county.wudang,county_identity,140,140,10000,source_itemized_county_identity,high,true,县级身份映射；不拆分或重复郡国人口
admin.han140.jingzhou.nanyang.shunyang,geo.region.central.china.hanjianguppermiddle.northeastbasin.county.shunyang,county_identity,140,140,10000,source_itemized_county_identity,high,true,县级身份映射；不拆分或重复郡国人口
admin.han140.jingzhou.nanyang.chengdu,geo.region.central.china.hanjianguppermiddle.northeastbasin.county.chengdu,county_identity,140,140,10000,source_itemized_county_identity,high,true,县级身份映射；不拆分或重复郡国人口
admin.han140.jingzhou.nanyang.xiangxiang,geo.region.central.china.hanjianguppermiddle.northeastbasin.county.xiangxiang,county_identity,140,140,10000,source_itemized_county_identity,high,true,县级身份映射；不拆分或重复郡国人口
admin.han140.jingzhou.nanyang.nanxiang,geo.region.central.china.hanjianguppermiddle.northeastbasin.county.nanxiang,county_identity,140,140,10000,source_itemized_county_identity,high,true,县级身份映射；不拆分或重复郡国人口
admin.han140.jingzhou.nanyang.danshui,geo.region.central.china.hanjianguppermiddle.northeastbasin.county.danshui,county_identity,140,140,10000,source_itemized_county_identity,high,true,县级身份映射；不拆分或重复郡国人口
admin.han140.jingzhou.nanyang.xi,geo.region.central.china.hanjianguppermiddle.northeastbasin.county.xi,county_identity,140,140,10000,source_itemized_county_identity,high,true,县级身份映射；不拆分或重复郡国人口
admin.han140.jingzhou.nan.jiangling,geo.region.central.china.jianghanplain.westernplain.county.jiangling,county_identity,140,140,10000,source_itemized_county_identity,high,true,县级身份映射；不拆分或重复郡国人口
admin.han140.jingzhou.nan.wu,geo.region.central.china.jianghanplain.westernplain.county.wu,county_identity,140,140,10000,source_itemized_county_identity,high,true,县级身份映射；不拆分或重复郡国人口
admin.han140.jingzhou.nan.zigui,geo.region.central.china.jianghanplain.westernplain.county.zigui,county_identity,140,140,10000,source_itemized_county_identity,high,true,县级身份映射；不拆分或重复郡国人口
admin.han140.jingzhou.nan.zhonglu,geo.region.central.china.jianghanplain.westernplain.county.zhonglu,county_identity,140,140,10000,source_itemized_county_identity,high,true,县级身份映射；不拆分或重复郡国人口
admin.han140.jingzhou.nan.bian,geo.region.central.china.jianghanplain.westernplain.county.bian,county_identity,140,140,10000,source_itemized_county_identity,high,true,县级身份映射；不拆分或重复郡国人口
admin.han140.jingzhou.nan.dangyang,geo.region.central.china.jianghanplain.westernplain.county.dangyang,county_identity,140,140,10000,source_itemized_county_identity,high,true,县级身份映射；不拆分或重复郡国人口
admin.han140.jingzhou.nan.huarong,geo.region.central.china.jianghanplain.westernplain.county.huarong,county_identity,140,140,10000,source_itemized_county_identity,high,true,县级身份映射；不拆分或重复郡国人口
admin.han140.jingzhou.nan.xiangyang,geo.region.central.china.jianghanplain.westernplain.county.xiangyang,county_identity,140,140,10000,source_itemized_county_identity,high,true,县级身份映射；不拆分或重复郡国人口
admin.han140.jingzhou.nan.qi,geo.region.central.china.jianghanplain.westernplain.county.qi,county_identity,140,140,10000,source_itemized_county_identity,high,true,县级身份映射；不拆分或重复郡国人口
admin.han140.jingzhou.nan.yicheng,geo.region.central.china.jianghanplain.westernplain.county.yicheng,county_identity,140,140,10000,source_itemized_county_identity,high,true,县级身份映射；不拆分或重复郡国人口
admin.han140.jingzhou.nan.ruo,geo.region.central.china.jianghanplain.westernplain.county.ruo,county_identity,140,140,10000,source_itemized_county_identity,high,true,县级身份映射；不拆分或重复郡国人口
admin.han140.jingzhou.nan.linju,geo.region.central.china.jianghanplain.westernplain.county.linju,county_identity,140,140,10000,source_itemized_county_identity,high,true,县级身份映射；不拆分或重复郡国人口
admin.han140.jingzhou.nan.zhijiang,geo.region.central.china.jianghanplain.westernplain.county.zhijiang,county_identity,140,140,10000,source_itemized_county_identity,high,true,县级身份映射；不拆分或重复郡国人口
admin.han140.jingzhou.nan.yidao,geo.region.central.china.jianghanplain.westernplain.county.yidao,county_identity,140,140,10000,source_itemized_county_identity,high,true,县级身份映射；不拆分或重复郡国人口
admin.han140.jingzhou.nan.yiling,geo.region.central.china.jianghanplain.westernplain.county.yiling,county_identity,140,140,10000,source_itemized_county_identity,high,true,县级身份映射；不拆分或重复郡国人口
admin.han140.jingzhou.nan.zhouling,geo.region.central.china.jianghanplain.westernplain.county.zhouling,county_identity,140,140,10000,source_itemized_county_identity,high,true,县级身份映射；不拆分或重复郡国人口
admin.han140.jingzhou.nan.henshan,geo.region.central.china.jianghanplain.westernplain.county.henshan,county_identity,140,140,10000,source_itemized_county_identity,high,true,县级身份映射；不拆分或重复郡国人口
admin.han140.jingzhou.jiangxia.xiling,geo.region.central.china.jianghanplain.easternriverlake.county.xiling,county_identity,140,140,10000,source_itemized_county_identity,high,true,县级身份映射；不拆分或重复郡国人口
admin.han140.jingzhou.jiangxia.xiyang,geo.region.central.china.jianghanplain.easternriverlake.county.xiyang,county_identity,140,140,10000,source_itemized_county_identity,high,true,县级身份映射；不拆分或重复郡国人口
admin.han140.jingzhou.jiangxia.di,geo.region.central.china.jianghanplain.easternriverlake.county.di,county_identity,140,140,10000,source_itemized_county_identity,high,true,县级身份映射；不拆分或重复郡国人口
admin.han140.jingzhou.jiangxia.meng,geo.region.central.china.jianghanplain.easternriverlake.county.meng,county_identity,140,140,10000,source_itemized_county_identity,high,true,县级身份映射；不拆分或重复郡国人口
admin.han140.jingzhou.jiangxia.jingling,geo.region.central.china.jianghanplain.easternriverlake.county.jingling,county_identity,140,140,10000,source_itemized_county_identity,high,true,县级身份映射；不拆分或重复郡国人口
admin.han140.jingzhou.jiangxia.yundu,geo.region.central.china.jianghanplain.easternriverlake.county.yundu,county_identity,140,140,10000,source_itemized_county_identity,high,true,县级身份映射；不拆分或重复郡国人口
admin.han140.jingzhou.jiangxia.shaxian,geo.region.central.china.jianghanplain.easternriverlake.county.shaxian,county_identity,140,140,10000,source_itemized_county_identity,high,true,县级身份映射；不拆分或重复郡国人口
admin.han140.jingzhou.jiangxia.zhu,geo.region.central.china.jianghanplain.easternriverlake.county.zhu,county_identity,140,140,10000,source_itemized_county_identity,high,true,县级身份映射；不拆分或重复郡国人口
admin.han140.jingzhou.jiangxia.xiazhi,geo.region.central.china.jianghanplain.easternriverlake.county.xiazhi,county_identity,140,140,10000,source_itemized_county_identity,high,true,县级身份映射；不拆分或重复郡国人口
admin.han140.jingzhou.jiangxia.qichun,geo.region.central.china.jianghanplain.easternriverlake.county.qichun,county_identity,140,140,10000,source_itemized_county_identity,high,true,县级身份映射；不拆分或重复郡国人口
admin.han140.jingzhou.jiangxia.e,geo.region.central.china.jianghanplain.easternriverlake.county.e,county_identity,140,140,10000,source_itemized_county_identity,high,true,县级身份映射；不拆分或重复郡国人口
admin.han140.jingzhou.jiangxia.pingchun,geo.region.central.china.jianghanplain.easternriverlake.county.pingchun,county_identity,140,140,10000,source_itemized_county_identity,high,true,县级身份映射；不拆分或重复郡国人口
admin.han140.jingzhou.jiangxia.nanxinshi,geo.region.central.china.jianghanplain.easternriverlake.county.nanxinshi,county_identity,140,140,10000,source_itemized_county_identity,high,true,县级身份映射；不拆分或重复郡国人口
admin.han140.jingzhou.jiangxia.anlu,geo.region.central.china.jianghanplain.easternriverlake.county.anlu,county_identity,140,140,10000,source_itemized_county_identity,high,true,县级身份映射；不拆分或重复郡国人口
admin.han140.jingzhou.lingling.quanling,geo.region.south.china.nanlingnorth.southwestbasin.county.quanling,county_identity,140,140,10000,source_itemized_county_identity,high,true,县级身份映射；不拆分或重复郡国人口
admin.han140.jingzhou.lingling.lingling,geo.region.south.china.nanlingnorth.southwestbasin.county.lingling,county_identity,140,140,10000,source_itemized_county_identity,high,true,县级身份映射；不拆分或重复郡国人口
admin.han140.jingzhou.lingling.yingdao,geo.region.south.china.nanlingnorth.southwestbasin.county.yingdao,county_identity,140,140,10000,source_itemized_county_identity,high,true,县级身份映射；不拆分或重复郡国人口
admin.han140.jingzhou.lingling.yingpu,geo.region.south.china.nanlingnorth.southwestbasin.county.yingpu,county_identity,140,140,10000,source_itemized_county_identity,high,true,县级身份映射；不拆分或重复郡国人口
admin.han140.jingzhou.lingling.lingdao,geo.region.south.china.nanlingnorth.southwestbasin.county.lingdao,county_identity,140,140,10000,source_itemized_county_identity,high,true,县级身份映射；不拆分或重复郡国人口
admin.han140.jingzhou.lingling.taoyang,geo.region.south.china.nanlingnorth.southwestbasin.county.taoyang,county_identity,140,140,10000,source_itemized_county_identity,high,true,县级身份映射；不拆分或重复郡国人口
admin.han140.jingzhou.lingling.duliang,geo.region.south.china.nanlingnorth.southwestbasin.county.duliang,county_identity,140,140,10000,source_itemized_county_identity,high,true,县级身份映射；不拆分或重复郡国人口
admin.han140.jingzhou.lingling.fuyi,geo.region.south.china.nanlingnorth.southwestbasin.county.fuyi,county_identity,140,140,10000,source_itemized_county_identity,high,true,县级身份映射；不拆分或重复郡国人口
admin.han140.jingzhou.lingling.shian,geo.region.south.china.nanlingnorth.southwestbasin.county.shian,county_identity,140,140,10000,source_itemized_county_identity,high,true,县级身份映射；不拆分或重复郡国人口
admin.han140.jingzhou.lingling.zhongan,geo.region.south.china.nanlingnorth.southwestbasin.county.zhongan,county_identity,140,140,10000,source_itemized_county_identity,high,true,县级身份映射；不拆分或重复郡国人口
admin.han140.jingzhou.lingling.xiangxiang,geo.region.south.china.nanlingnorth.southwestbasin.county.xiangxiang,county_identity,140,140,10000,source_itemized_county_identity,high,true,县级身份映射；不拆分或重复郡国人口
admin.han140.jingzhou.lingling.zhaoyang,geo.region.south.china.nanlingnorth.southwestbasin.county.zhaoyang,county_identity,140,140,10000,source_itemized_county_identity,high,true,县级身份映射；不拆分或重复郡国人口
admin.han140.jingzhou.lingling.zhengyang,geo.region.south.china.nanlingnorth.southwestbasin.county.zhengyang,county_identity,140,140,10000,source_itemized_county_identity,high,true,县级身份映射；不拆分或重复郡国人口
admin.han140.jingzhou.guiyang.chen,geo.region.south.china.nanlingnorth.southeastfoothill.county.chen,county_identity,140,140,10000,source_itemized_county_identity,high,true,县级身份映射；不拆分或重复郡国人口
admin.han140.jingzhou.guiyang.bian,geo.region.south.china.nanlingnorth.southeastfoothill.county.bian,county_identity,140,140,10000,source_itemized_county_identity,high,true,县级身份映射；不拆分或重复郡国人口
admin.han140.jingzhou.guiyang.leiyang,geo.region.south.china.nanlingnorth.southeastfoothill.county.leiyang,county_identity,140,140,10000,source_itemized_county_identity,high,true,县级身份映射；不拆分或重复郡国人口
admin.han140.jingzhou.guiyang.yinshan,geo.region.south.china.nanlingnorth.southeastfoothill.county.yinshan,county_identity,140,140,10000,source_itemized_county_identity,high,true,县级身份映射；不拆分或重复郡国人口
admin.han140.jingzhou.guiyang.nanping,geo.region.south.china.nanlingnorth.southeastfoothill.county.nanping,county_identity,140,140,10000,source_itemized_county_identity,high,true,县级身份映射；不拆分或重复郡国人口
admin.han140.jingzhou.guiyang.linwu,geo.region.south.china.nanlingnorth.southeastfoothill.county.linwu,county_identity,140,140,10000,source_itemized_county_identity,high,true,县级身份映射；不拆分或重复郡国人口
admin.han140.jingzhou.guiyang.guiyang,geo.region.south.china.nanlingnorth.southeastfoothill.county.guiyang,county_identity,140,140,10000,source_itemized_county_identity,high,true,县级身份映射；不拆分或重复郡国人口
admin.han140.jingzhou.guiyang.hankuang,geo.region.south.china.nanlingnorth.southeastfoothill.county.hankuang,county_identity,140,140,10000,source_itemized_county_identity,high,true,县级身份映射；不拆分或重复郡国人口
admin.han140.jingzhou.guiyang.chengyang,geo.region.south.china.nanlingnorth.southeastfoothill.county.chengyang,county_identity,140,140,10000,source_itemized_county_identity,high,true,县级身份映射；不拆分或重复郡国人口
admin.han140.jingzhou.guiyang.qujiang,geo.region.south.china.nanlingnorth.southeastfoothill.county.qujiang,county_identity,140,140,10000,source_itemized_county_identity,high,true,县级身份映射；不拆分或重复郡国人口
admin.han140.jingzhou.guiyang.yizhu,geo.region.south.china.nanlingnorth.southeastfoothill.county.yizhu,county_identity,140,140,10000,source_itemized_county_identity,high,true,县级身份映射；不拆分或重复郡国人口
admin.han140.jingzhou.wuling.linyuan,geo.region.south.china.dongtingxiangziyuanli.northwestbasin.county.linyuan,county_identity,140,140,10000,source_itemized_county_identity,high,true,县级身份映射；不拆分或重复郡国人口
admin.han140.jingzhou.wuling.yishou,geo.region.south.china.dongtingxiangziyuanli.northwestbasin.county.yishou,county_identity,140,140,10000,source_itemized_county_identity,high,true,县级身份映射；不拆分或重复郡国人口
admin.han140.jingzhou.wuling.chanling,geo.region.south.china.dongtingxiangziyuanli.northwestbasin.county.chanling,county_identity,140,140,10000,source_itemized_county_identity,high,true,县级身份映射；不拆分或重复郡国人口
admin.han140.jingzhou.wuling.lingyang,geo.region.south.china.dongtingxiangziyuanli.northwestbasin.county.lingyang,county_identity,140,140,10000,source_itemized_county_identity,high,true,县级身份映射；不拆分或重复郡国人口
admin.han140.jingzhou.wuling.chong,geo.region.south.china.dongtingxiangziyuanli.northwestbasin.county.chong,county_identity,140,140,10000,source_itemized_county_identity,high,true,县级身份映射；不拆分或重复郡国人口
admin.han140.jingzhou.wuling.yuanling,geo.region.south.china.dongtingxiangziyuanli.northwestbasin.county.yuanling,county_identity,140,140,10000,source_itemized_county_identity,high,true,县级身份映射；不拆分或重复郡国人口
admin.han140.jingzhou.wuling.chenyang,geo.region.south.china.dongtingxiangziyuanli.northwestbasin.county.chenyang,county_identity,140,140,10000,source_itemized_county_identity,high,true,县级身份映射；不拆分或重复郡国人口
admin.han140.jingzhou.wuling.youyang,geo.region.south.china.dongtingxiangziyuanli.northwestbasin.county.youyang,county_identity,140,140,10000,source_itemized_county_identity,high,true,县级身份映射；不拆分或重复郡国人口
admin.han140.jingzhou.wuling.qianling,geo.region.south.china.dongtingxiangziyuanli.northwestbasin.county.qianling,county_identity,140,140,10000,source_itemized_county_identity,high,true,县级身份映射；不拆分或重复郡国人口
admin.han140.jingzhou.wuling.tancheng,geo.region.south.china.dongtingxiangziyuanli.northwestbasin.county.tancheng,county_identity,140,140,10000,source_itemized_county_identity,high,true,县级身份映射；不拆分或重复郡国人口
admin.han140.jingzhou.wuling.yuannan,geo.region.south.china.dongtingxiangziyuanli.northwestbasin.county.yuannan,county_identity,140,140,10000,source_itemized_county_identity,high,true,县级身份映射；不拆分或重复郡国人口
admin.han140.jingzhou.wuling.zuotang,geo.region.south.china.dongtingxiangziyuanli.northwestbasin.county.zuotang,county_identity,140,140,10000,source_itemized_county_identity,high,true,县级身份映射；不拆分或重复郡国人口
admin.han140.jingzhou.changsha.linxiang,geo.region.south.china.dongtingxiangziyuanli.northeastplain.county.linxiang,county_identity,140,140,10000,source_itemized_county_identity,high,true,县级身份映射；不拆分或重复郡国人口
admin.han140.jingzhou.changsha.you,geo.region.south.china.dongtingxiangziyuanli.northeastplain.county.you,county_identity,140,140,10000,source_itemized_county_identity,high,true,县级身份映射；不拆分或重复郡国人口
admin.han140.jingzhou.changsha.tuling,geo.region.south.china.dongtingxiangziyuanli.northeastplain.county.tuling,county_identity,140,140,10000,source_itemized_county_identity,high,true,县级身份映射；不拆分或重复郡国人口
admin.han140.jingzhou.changsha.ancheng,geo.region.south.china.dongtingxiangziyuanli.northeastplain.county.ancheng,county_identity,140,140,10000,source_itemized_county_identity,high,true,县级身份映射；不拆分或重复郡国人口
admin.han140.jingzhou.changsha.ling,geo.region.south.china.dongtingxiangziyuanli.northeastplain.county.ling,county_identity,140,140,10000,source_itemized_county_identity,high,true,县级身份映射；不拆分或重复郡国人口
admin.han140.jingzhou.changsha.xiangnan,geo.region.south.china.dongtingxiangziyuanli.northeastplain.county.xiangnan,county_identity,140,140,10000,source_itemized_county_identity,high,true,县级身份映射；不拆分或重复郡国人口
admin.han140.jingzhou.changsha.liandao,geo.region.south.china.dongtingxiangziyuanli.northeastplain.county.liandao,county_identity,140,140,10000,source_itemized_county_identity,high,true,县级身份映射；不拆分或重复郡国人口
admin.han140.jingzhou.changsha.zhaoling,geo.region.south.china.dongtingxiangziyuanli.northeastplain.county.zhaoling,county_identity,140,140,10000,source_itemized_county_identity,high,true,县级身份映射；不拆分或重复郡国人口
admin.han140.jingzhou.changsha.yiyang,geo.region.south.china.dongtingxiangziyuanli.northeastplain.county.yiyang,county_identity,140,140,10000,source_itemized_county_identity,high,true,县级身份映射；不拆分或重复郡国人口
admin.han140.jingzhou.changsha.xiajun,geo.region.south.china.dongtingxiangziyuanli.northeastplain.county.xiajun,county_identity,140,140,10000,source_itemized_county_identity,high,true,县级身份映射；不拆分或重复郡国人口
admin.han140.jingzhou.changsha.luo,geo.region.south.china.dongtingxiangziyuanli.northeastplain.county.luo,county_identity,140,140,10000,source_itemized_county_identity,high,true,县级身份映射；不拆分或重复郡国人口
admin.han140.jingzhou.changsha.liling,geo.region.south.china.dongtingxiangziyuanli.northeastplain.county.liling,county_identity,140,140,10000,source_itemized_county_identity,high,true,县级身份映射；不拆分或重复郡国人口
admin.han140.jingzhou.changsha.rongling,geo.region.south.china.dongtingxiangziyuanli.northeastplain.county.rongling,county_identity,140,140,10000,source_itemized_county_identity,high,true,县级身份映射；不拆分或重复郡国人口
admin.han140.yangzhou.jiujiang.yinling,geo.region.east.china.huainanyangtzenorth.northcentralplain.county.yinling,county_identity,140,140,10000,source_itemized_county_identity,high,true,县级身份映射；不拆分或重复郡国人口
admin.han140.yangzhou.jiujiang.shouchun,geo.region.east.china.huainanyangtzenorth.northcentralplain.county.shouchun,county_identity,140,140,10000,source_itemized_county_identity,high,true,县级身份映射；不拆分或重复郡国人口
admin.han140.yangzhou.jiujiang.junqiu,geo.region.east.china.huainanyangtzenorth.northcentralplain.county.junqiu,county_identity,140,140,10000,source_itemized_county_identity,high,true,县级身份映射；不拆分或重复郡国人口
admin.han140.yangzhou.jiujiang.chengde,geo.region.east.china.huainanyangtzenorth.northcentralplain.county.chengde,county_identity,140,140,10000,source_itemized_county_identity,high,true,县级身份映射；不拆分或重复郡国人口
admin.han140.yangzhou.jiujiang.xiquyang,geo.region.east.china.huainanyangtzenorth.northcentralplain.county.xiquyang,county_identity,140,140,10000,source_itemized_county_identity,high,true,县级身份映射；不拆分或重复郡国人口
admin.han140.yangzhou.jiujiang.hefei,geo.region.east.china.huainanyangtzenorth.northcentralplain.county.hefei,county_identity,140,140,10000,source_itemized_county_identity,high,true,县级身份映射；不拆分或重复郡国人口
admin.han140.yangzhou.jiujiang.liyang,geo.region.east.china.huainanyangtzenorth.northcentralplain.county.liyang,county_identity,140,140,10000,source_itemized_county_identity,high,true,县级身份映射；不拆分或重复郡国人口
admin.han140.yangzhou.jiujiang.dangtu,geo.region.east.china.huainanyangtzenorth.northcentralplain.county.dangtu,county_identity,140,140,10000,source_itemized_county_identity,high,true,县级身份映射；不拆分或重复郡国人口
admin.han140.yangzhou.jiujiang.quanjiao,geo.region.east.china.huainanyangtzenorth.northcentralplain.county.quanjiao,county_identity,140,140,10000,source_itemized_county_identity,high,true,县级身份映射；不拆分或重复郡国人口
admin.han140.yangzhou.jiujiang.zhongchi,geo.region.east.china.huainanyangtzenorth.northcentralplain.county.zhongchi,county_identity,140,140,10000,source_itemized_county_identity,high,true,县级身份映射；不拆分或重复郡国人口
admin.han140.yangzhou.jiujiang.fuling,geo.region.east.china.huainanyangtzenorth.northcentralplain.county.fuling,county_identity,140,140,10000,source_itemized_county_identity,high,true,县级身份映射；不拆分或重复郡国人口
admin.han140.yangzhou.jiujiang.xiacai,geo.region.east.china.huainanyangtzenorth.northcentralplain.county.xiacai,county_identity,140,140,10000,source_itemized_county_identity,high,true,县级身份映射；不拆分或重复郡国人口
admin.han140.yangzhou.jiujiang.pinga,geo.region.east.china.huainanyangtzenorth.northcentralplain.county.pinga,county_identity,140,140,10000,source_itemized_county_identity,high,true,县级身份映射；不拆分或重复郡国人口
admin.han140.yangzhou.jiujiang.yicheng,geo.region.east.china.huainanyangtzenorth.northcentralplain.county.yicheng,county_identity,140,140,10000,source_itemized_county_identity,high,true,县级身份映射；不拆分或重复郡国人口
admin.han140.yangzhou.danyang.wanling,geo.region.east.china.loweryangtzetaihu.westernriverhills.county.wanling,county_identity,140,140,10000,source_itemized_county_identity,high,true,县级身份映射；不拆分或重复郡国人口
admin.han140.yangzhou.danyang.liyang,geo.region.east.china.loweryangtzetaihu.westernriverhills.county.liyang,county_identity,140,140,10000,source_itemized_county_identity,high,true,县级身份映射；不拆分或重复郡国人口
admin.han140.yangzhou.danyang.danyang,geo.region.east.china.loweryangtzetaihu.westernriverhills.county.danyang,county_identity,140,140,10000,source_itemized_county_identity,high,true,县级身份映射；不拆分或重复郡国人口
admin.han140.yangzhou.danyang.guzhang,geo.region.east.china.loweryangtzetaihu.westernriverhills.county.guzhang,county_identity,140,140,10000,source_itemized_county_identity,high,true,县级身份映射；不拆分或重复郡国人口
admin.han140.yangzhou.danyang.yuqian,geo.region.east.china.loweryangtzetaihu.westernriverhills.county.yuqian,county_identity,140,140,10000,source_itemized_county_identity,high,true,县级身份映射；不拆分或重复郡国人口
admin.han140.yangzhou.danyang.jing,geo.region.east.china.loweryangtzetaihu.westernriverhills.county.jing,county_identity,140,140,10000,source_itemized_county_identity,high,true,县级身份映射；不拆分或重复郡国人口
admin.han140.yangzhou.danyang.xi,geo.region.east.china.loweryangtzetaihu.westernriverhills.county.xi,county_identity,140,140,10000,source_itemized_county_identity,high,true,县级身份映射；不拆分或重复郡国人口
admin.han140.yangzhou.danyang.you,geo.region.east.china.loweryangtzetaihu.westernriverhills.county.you,county_identity,140,140,10000,source_itemized_county_identity,high,true,县级身份映射；不拆分或重复郡国人口
admin.han140.yangzhou.danyang.lingyang,geo.region.east.china.loweryangtzetaihu.westernriverhills.county.lingyang,county_identity,140,140,10000,source_itemized_county_identity,high,true,县级身份映射；不拆分或重复郡国人口
admin.han140.yangzhou.danyang.wuhu,geo.region.east.china.loweryangtzetaihu.westernriverhills.county.wuhu,county_identity,140,140,10000,source_itemized_county_identity,high,true,县级身份映射；不拆分或重复郡国人口
admin.han140.yangzhou.danyang.moling,geo.region.east.china.loweryangtzetaihu.westernriverhills.county.moling,county_identity,140,140,10000,source_itemized_county_identity,high,true,县级身份映射；不拆分或重复郡国人口
admin.han140.yangzhou.danyang.hushou,geo.region.east.china.loweryangtzetaihu.westernriverhills.county.hushou,county_identity,140,140,10000,source_itemized_county_identity,high,true,县级身份映射；不拆分或重复郡国人口
admin.han140.yangzhou.danyang.jurong,geo.region.east.china.loweryangtzetaihu.westernriverhills.county.jurong,county_identity,140,140,10000,source_itemized_county_identity,high,true,县级身份映射；不拆分或重复郡国人口
admin.han140.yangzhou.danyang.jiangcheng,geo.region.east.china.loweryangtzetaihu.westernriverhills.county.jiangcheng,county_identity,140,140,10000,source_itemized_county_identity,high,true,县级身份映射；不拆分或重复郡国人口
admin.han140.yangzhou.danyang.chungu,geo.region.east.china.loweryangtzetaihu.westernriverhills.county.chungu,county_identity,140,140,10000,source_itemized_county_identity,high,true,县级身份映射；不拆分或重复郡国人口
admin.han140.yangzhou.danyang.shicheng,geo.region.east.china.loweryangtzetaihu.westernriverhills.county.shicheng,county_identity,140,140,10000,source_itemized_county_identity,high,true,县级身份映射；不拆分或重复郡国人口
admin.han140.yangzhou.lujiang.shu,geo.region.east.china.huainanyangtzenorth.southwestfoothillriver.county.shu,county_identity,140,140,10000,source_itemized_county_identity,high,true,县级身份映射；不拆分或重复郡国人口
admin.han140.yangzhou.lujiang.yulou,geo.region.east.china.huainanyangtzenorth.southwestfoothillriver.county.yulou,county_identity,140,140,10000,source_itemized_county_identity,high,true,县级身份映射；不拆分或重复郡国人口
admin.han140.yangzhou.lujiang.xunyang,geo.region.east.china.huainanyangtzenorth.southwestfoothillriver.county.xunyang,county_identity,140,140,10000,source_itemized_county_identity,high,true,县级身份映射；不拆分或重复郡国人口
admin.han140.yangzhou.lujiang.qian,geo.region.east.china.huainanyangtzenorth.southwestfoothillriver.county.qian,county_identity,140,140,10000,source_itemized_county_identity,high,true,县级身份映射；不拆分或重复郡国人口
admin.han140.yangzhou.lujiang.linhu,geo.region.east.china.huainanyangtzenorth.southwestfoothillriver.county.linhu,county_identity,140,140,10000,source_itemized_county_identity,high,true,县级身份映射；不拆分或重复郡国人口
admin.han140.yangzhou.lujiang.longshu,geo.region.east.china.huainanyangtzenorth.southwestfoothillriver.county.longshu,county_identity,140,140,10000,source_itemized_county_identity,high,true,县级身份映射；不拆分或重复郡国人口
admin.han140.yangzhou.lujiang.xiangan,geo.region.east.china.huainanyangtzenorth.southwestfoothillriver.county.xiangan,county_identity,140,140,10000,source_itemized_county_identity,high,true,县级身份映射；不拆分或重复郡国人口
admin.han140.yangzhou.lujiang.wan,geo.region.east.china.huainanyangtzenorth.southwestfoothillriver.county.wan,county_identity,140,140,10000,source_itemized_county_identity,high,true,县级身份映射；不拆分或重复郡国人口
admin.han140.yangzhou.lujiang.juchao,geo.region.east.china.huainanyangtzenorth.southwestfoothillriver.county.juchao,county_identity,140,140,10000,source_itemized_county_identity,high,true,县级身份映射；不拆分或重复郡国人口
admin.han140.yangzhou.lujiang.liuanguo,geo.region.east.china.huainanyangtzenorth.southwestfoothillriver.county.liuanguo,county_identity,140,140,10000,source_itemized_county_identity,high,true,县级身份映射；不拆分或重复郡国人口
admin.han140.yangzhou.lujiang.liaohouguo,geo.region.east.china.huainanyangtzenorth.southwestfoothillriver.county.liaohouguo,county_identity,140,140,10000,source_itemized_county_identity,high,true,县级身份映射；不拆分或重复郡国人口
admin.han140.yangzhou.lujiang.anfeng,geo.region.east.china.huainanyangtzenorth.southwestfoothillriver.county.anfeng,county_identity,140,140,10000,source_itemized_county_identity,high,true,县级身份映射；不拆分或重复郡国人口
admin.han140.yangzhou.lujiang.yangquan,geo.region.east.china.huainanyangtzenorth.southwestfoothillriver.county.yangquan,county_identity,140,140,10000,source_itemized_county_identity,high,true,县级身份映射；不拆分或重复郡国人口
admin.han140.yangzhou.lujiang.anfeng.u5b8998ce,geo.region.east.china.huainanyangtzenorth.southwestfoothillriver.county.anfeng.u5b8998ce,county_identity,140,140,10000,source_itemized_county_identity,high,true,县级身份映射；不拆分或重复郡国人口
admin.han140.yangzhou.kuaiji.shanyin,geo.region.southeast.china.qiantangzhejianghills.eastcoastalriverhills.county.shanyin,county_identity,140,140,10000,source_itemized_county_identity,high,true,县级身份映射；不拆分或重复郡国人口
admin.han140.yangzhou.kuaiji.mao,geo.region.southeast.china.qiantangzhejianghills.eastcoastalriverhills.county.mao,county_identity,140,140,10000,source_itemized_county_identity,high,true,县级身份映射；不拆分或重复郡国人口
admin.han140.yangzhou.kuaiji.wushang,geo.region.southeast.china.qiantangzhejianghills.eastcoastalriverhills.county.wushang,county_identity,140,140,10000,source_itemized_county_identity,high,true,县级身份映射；不拆分或重复郡国人口
admin.han140.yangzhou.kuaiji.zhuji,geo.region.southeast.china.qiantangzhejianghills.eastcoastalriverhills.county.zhuji,county_identity,140,140,10000,source_itemized_county_identity,high,true,县级身份映射；不拆分或重复郡国人口
admin.han140.yangzhou.kuaiji.yuji,geo.region.southeast.china.qiantangzhejianghills.eastcoastalriverhills.county.yuji,county_identity,140,140,10000,source_itemized_county_identity,high,true,县级身份映射；不拆分或重复郡国人口
admin.han140.yangzhou.kuaiji.taimo,geo.region.southeast.china.qiantangzhejianghills.eastcoastalriverhills.county.taimo,county_identity,140,140,10000,source_itemized_county_identity,high,true,县级身份映射；不拆分或重复郡国人口
admin.han140.yangzhou.kuaiji.shangyu,geo.region.southeast.china.qiantangzhejianghills.eastcoastalriverhills.county.shangyu,county_identity,140,140,10000,source_itemized_county_identity,high,true,县级身份映射；不拆分或重复郡国人口
admin.han140.yangzhou.kuaiji.yan,geo.region.southeast.china.qiantangzhejianghills.eastcoastalriverhills.county.yan,county_identity,140,140,10000,source_itemized_county_identity,high,true,县级身份映射；不拆分或重复郡国人口
admin.han140.yangzhou.kuaiji.yuyao,geo.region.southeast.china.qiantangzhejianghills.eastcoastalriverhills.county.yuyao,county_identity,140,140,10000,source_itemized_county_identity,high,true,县级身份映射；不拆分或重复郡国人口
admin.han140.yangzhou.kuaiji.juzhang,geo.region.southeast.china.qiantangzhejianghills.eastcoastalriverhills.county.juzhang,county_identity,140,140,10000,source_itemized_county_identity,high,true,县级身份映射；不拆分或重复郡国人口
admin.han140.yangzhou.kuaiji.yin,geo.region.southeast.china.qiantangzhejianghills.eastcoastalriverhills.county.yin,county_identity,140,140,10000,source_itemized_county_identity,high,true,县级身份映射；不拆分或重复郡国人口
admin.han140.yangzhou.kuaiji.zhangan,geo.region.southeast.china.qiantangzhejianghills.eastcoastalriverhills.county.zhangan,county_identity,140,140,10000,source_itemized_county_identity,high,true,县级身份映射；不拆分或重复郡国人口
admin.han140.yangzhou.kuaiji.yongzhu,geo.region.southeast.china.qiantangzhejianghills.eastcoastalriverhills.county.yongzhu,county_identity,140,140,10000,source_itemized_county_identity,high,true,县级身份映射；不拆分或重复郡国人口
admin.han140.yangzhou.kuaiji.dongbu,geo.region.southeast.china.qiantangzhejianghills.eastcoastalriverhills.county.dongbu,county_identity,140,140,10000,source_itemized_county_identity,high,true,县级身份映射；不拆分或重复郡国人口
admin.han140.yangzhou.wu.wu,geo.region.east.china.loweryangtzetaihu.easterntaihuplain.county.wu,county_identity,140,140,10000,source_itemized_county_identity,high,true,县级身份映射；不拆分或重复郡国人口
admin.han140.yangzhou.wu.haiyan,geo.region.east.china.loweryangtzetaihu.easterntaihuplain.county.haiyan,county_identity,140,140,10000,source_itemized_county_identity,high,true,县级身份映射；不拆分或重复郡国人口
admin.han140.yangzhou.wu.wucheng,geo.region.east.china.loweryangtzetaihu.easterntaihuplain.county.wucheng,county_identity,140,140,10000,source_itemized_county_identity,high,true,县级身份映射；不拆分或重复郡国人口
admin.han140.yangzhou.wu.yuhang,geo.region.east.china.loweryangtzetaihu.easterntaihuplain.county.yuhang,county_identity,140,140,10000,source_itemized_county_identity,high,true,县级身份映射；不拆分或重复郡国人口
admin.han140.yangzhou.wu.piling,geo.region.east.china.loweryangtzetaihu.easterntaihuplain.county.piling,county_identity,140,140,10000,source_itemized_county_identity,high,true,县级身份映射；不拆分或重复郡国人口
admin.han140.yangzhou.wu.dantu,geo.region.east.china.loweryangtzetaihu.easterntaihuplain.county.dantu,county_identity,140,140,10000,source_itemized_county_identity,high,true,县级身份映射；不拆分或重复郡国人口
admin.han140.yangzhou.wu.qua,geo.region.east.china.loweryangtzetaihu.easterntaihuplain.county.qua,county_identity,140,140,10000,source_itemized_county_identity,high,true,县级身份映射；不拆分或重复郡国人口
admin.han140.yangzhou.wu.youquan,geo.region.east.china.loweryangtzetaihu.easterntaihuplain.county.youquan,county_identity,140,140,10000,source_itemized_county_identity,high,true,县级身份映射；不拆分或重复郡国人口
admin.han140.yangzhou.wu.an,geo.region.east.china.loweryangtzetaihu.easterntaihuplain.county.an,county_identity,140,140,10000,source_itemized_county_identity,high,true,县级身份映射；不拆分或重复郡国人口
admin.han140.yangzhou.wu.fuchun,geo.region.east.china.loweryangtzetaihu.easterntaihuplain.county.fuchun,county_identity,140,140,10000,source_itemized_county_identity,high,true,县级身份映射；不拆分或重复郡国人口
admin.han140.yangzhou.wu.yangxian,geo.region.east.china.loweryangtzetaihu.easterntaihuplain.county.yangxian,county_identity,140,140,10000,source_itemized_county_identity,high,true,县级身份映射；不拆分或重复郡国人口
admin.han140.yangzhou.wu.wuxi,geo.region.east.china.loweryangtzetaihu.easterntaihuplain.county.wuxi,county_identity,140,140,10000,source_itemized_county_identity,high,true,县级身份映射；不拆分或重复郡国人口
admin.han140.yangzhou.wu.lou,geo.region.east.china.loweryangtzetaihu.easterntaihuplain.county.lou,county_identity,140,140,10000,source_itemized_county_identity,high,true,县级身份映射；不拆分或重复郡国人口
admin.han140.yangzhou.yuzhang.nanchang,geo.region.southeast.china.ganpoyang.centralriverlakebasin.county.nanchang,county_identity,140,140,10000,source_itemized_county_identity,high,true,县级身份映射；不拆分或重复郡国人口
admin.han140.yangzhou.yuzhang.jiancheng,geo.region.southeast.china.ganpoyang.centralriverlakebasin.county.jiancheng,county_identity,140,140,10000,source_itemized_county_identity,high,true,县级身份映射；不拆分或重复郡国人口
admin.han140.yangzhou.yuzhang.xingan,geo.region.southeast.china.ganpoyang.centralriverlakebasin.county.xingan,county_identity,140,140,10000,source_itemized_county_identity,high,true,县级身份映射；不拆分或重复郡国人口
admin.han140.yangzhou.yuzhang.yichun,geo.region.southeast.china.ganpoyang.centralriverlakebasin.county.yichun,county_identity,140,140,10000,source_itemized_county_identity,high,true,县级身份映射；不拆分或重复郡国人口
admin.han140.yangzhou.yuzhang.luling,geo.region.southeast.china.ganpoyang.centralriverlakebasin.county.luling,county_identity,140,140,10000,source_itemized_county_identity,high,true,县级身份映射；不拆分或重复郡国人口
admin.han140.yangzhou.yuzhang.gan,geo.region.southeast.china.ganpoyang.centralriverlakebasin.county.gan,county_identity,140,140,10000,source_itemized_county_identity,high,true,县级身份映射；不拆分或重复郡国人口
admin.han140.yangzhou.yuzhang.yudu,geo.region.southeast.china.ganpoyang.centralriverlakebasin.county.yudu,county_identity,140,140,10000,source_itemized_county_identity,high,true,县级身份映射；不拆分或重复郡国人口
admin.han140.yangzhou.yuzhang.nanye,geo.region.southeast.china.ganpoyang.centralriverlakebasin.county.nanye,county_identity,140,140,10000,source_itemized_county_identity,high,true,县级身份映射；不拆分或重复郡国人口
admin.han140.yangzhou.yuzhang.nancheng,geo.region.southeast.china.ganpoyang.centralriverlakebasin.county.nancheng,county_identity,140,140,10000,source_itemized_county_identity,high,true,县级身份映射；不拆分或重复郡国人口
admin.han140.yangzhou.yuzhang.poyang,geo.region.southeast.china.ganpoyang.centralriverlakebasin.county.poyang,county_identity,140,140,10000,source_itemized_county_identity,high,true,县级身份映射；不拆分或重复郡国人口
admin.han140.yangzhou.yuzhang.liling,geo.region.southeast.china.ganpoyang.centralriverlakebasin.county.liling,county_identity,140,140,10000,source_itemized_county_identity,high,true,县级身份映射；不拆分或重复郡国人口
admin.han140.yangzhou.yuzhang.yuhan,geo.region.southeast.china.ganpoyang.centralriverlakebasin.county.yuhan,county_identity,140,140,10000,source_itemized_county_identity,high,true,县级身份映射；不拆分或重复郡国人口
admin.han140.yangzhou.yuzhang.qiaoyang,geo.region.southeast.china.ganpoyang.centralriverlakebasin.county.qiaoyang,county_identity,140,140,10000,source_itemized_county_identity,high,true,县级身份映射；不拆分或重复郡国人口
admin.han140.yangzhou.yuzhang.pengze,geo.region.southeast.china.ganpoyang.centralriverlakebasin.county.pengze,county_identity,140,140,10000,source_itemized_county_identity,high,true,县级身份映射；不拆分或重复郡国人口
admin.han140.yangzhou.yuzhang.chaisang,geo.region.southeast.china.ganpoyang.centralriverlakebasin.county.chaisang,county_identity,140,140,10000,source_itemized_county_identity,high,true,县级身份映射；不拆分或重复郡国人口
admin.han140.yangzhou.yuzhang.ai,geo.region.southeast.china.ganpoyang.centralriverlakebasin.county.ai,county_identity,140,140,10000,source_itemized_county_identity,high,true,县级身份映射；不拆分或重复郡国人口
admin.han140.yangzhou.yuzhang.haihun,geo.region.southeast.china.ganpoyang.centralriverlakebasin.county.haihun,county_identity,140,140,10000,source_itemized_county_identity,high,true,县级身份映射；不拆分或重复郡国人口
admin.han140.yangzhou.yuzhang.pingdu,geo.region.southeast.china.ganpoyang.centralriverlakebasin.county.pingdu,county_identity,140,140,10000,source_itemized_county_identity,high,true,县级身份映射；不拆分或重复郡国人口
admin.han140.yangzhou.yuzhang.shiyang,geo.region.southeast.china.ganpoyang.centralriverlakebasin.county.shiyang,county_identity,140,140,10000,source_itemized_county_identity,high,true,县级身份映射；不拆分或重复郡国人口
admin.han140.yangzhou.yuzhang.linru,geo.region.southeast.china.ganpoyang.centralriverlakebasin.county.linru,county_identity,140,140,10000,source_itemized_county_identity,high,true,县级身份映射；不拆分或重复郡国人口
admin.han140.yangzhou.yuzhang.jianchang,geo.region.southeast.china.ganpoyang.centralriverlakebasin.county.jianchang,county_identity,140,140,10000,source_itemized_county_identity,high,true,县级身份映射；不拆分或重复郡国人口
admin.han140.yizhou.hanzhong.nanzheng,geo.region.southwest.china.hanzhongqinba.centralhanriverbasin.county.nanzheng,county_identity,140,140,10000,source_itemized_county_identity,high,true,县级身份映射；不拆分或重复郡国人口
admin.han140.yizhou.hanzhong.chenggu,geo.region.southwest.china.hanzhongqinba.centralhanriverbasin.county.chenggu,county_identity,140,140,10000,source_itemized_county_identity,high,true,县级身份映射；不拆分或重复郡国人口
admin.han140.yizhou.hanzhong.xicheng,geo.region.southwest.china.hanzhongqinba.centralhanriverbasin.county.xicheng,county_identity,140,140,10000,source_itemized_county_identity,high,true,县级身份映射；不拆分或重复郡国人口
admin.han140.yizhou.hanzhong.baozhong,geo.region.southwest.china.hanzhongqinba.centralhanriverbasin.county.baozhong,county_identity,140,140,10000,source_itemized_county_identity,high,true,县级身份映射；不拆分或重复郡国人口
admin.han140.yizhou.hanzhong.mianyang,geo.region.southwest.china.hanzhongqinba.centralhanriverbasin.county.mianyang,county_identity,140,140,10000,source_itemized_county_identity,high,true,县级身份映射；不拆分或重复郡国人口
admin.han140.yizhou.hanzhong.anyang,geo.region.southwest.china.hanzhongqinba.centralhanriverbasin.county.anyang,county_identity,140,140,10000,source_itemized_county_identity,high,true,县级身份映射；不拆分或重复郡国人口
admin.han140.yizhou.hanzhong.xi,geo.region.southwest.china.hanzhongqinba.centralhanriverbasin.county.xi,county_identity,140,140,10000,source_itemized_county_identity,high,true,县级身份映射；不拆分或重复郡国人口
admin.han140.yizhou.hanzhong.shangyong,geo.region.southwest.china.hanzhongqinba.centralhanriverbasin.county.shangyong,county_identity,140,140,10000,source_itemized_county_identity,high,true,县级身份映射；不拆分或重复郡国人口
admin.han140.yizhou.hanzhong.fangling,geo.region.southwest.china.hanzhongqinba.centralhanriverbasin.county.fangling,county_identity,140,140,10000,source_itemized_county_identity,high,true,县级身份映射；不拆分或重复郡国人口
admin.han140.yizhou.ba.jiangzhou,geo.region.southwest.china.sichuanbasin.easternfoldbasin.county.jiangzhou,county_identity,140,140,10000,source_itemized_county_identity,high,true,县级身份映射；不拆分或重复郡国人口
admin.han140.yizhou.ba.dangqu,geo.region.southwest.china.sichuanbasin.easternfoldbasin.county.dangqu,county_identity,140,140,10000,source_itemized_county_identity,high,true,县级身份映射；不拆分或重复郡国人口
admin.han140.yizhou.ba.quren,geo.region.southwest.china.sichuanbasin.easternfoldbasin.county.quren,county_identity,140,140,10000,source_itemized_county_identity,high,true,县级身份映射；不拆分或重复郡国人口
admin.han140.yizhou.ba.langzhong,geo.region.southwest.china.sichuanbasin.easternfoldbasin.county.langzhong,county_identity,140,140,10000,source_itemized_county_identity,high,true,县级身份映射；不拆分或重复郡国人口
admin.han140.yizhou.ba.yufu,geo.region.southwest.china.sichuanbasin.easternfoldbasin.county.yufu,county_identity,140,140,10000,source_itemized_county_identity,high,true,县级身份映射；不拆分或重复郡国人口
admin.han140.yizhou.ba.hanshui,geo.region.southwest.china.sichuanbasin.easternfoldbasin.county.hanshui,county_identity,140,140,10000,source_itemized_county_identity,high,true,县级身份映射；不拆分或重复郡国人口
admin.han140.yizhou.ba.linjiang,geo.region.southwest.china.sichuanbasin.easternfoldbasin.county.linjiang,county_identity,140,140,10000,source_itemized_county_identity,high,true,县级身份映射；不拆分或重复郡国人口
admin.han140.yizhou.ba.zhi,geo.region.southwest.china.sichuanbasin.easternfoldbasin.county.zhi,county_identity,140,140,10000,source_itemized_county_identity,high,true,县级身份映射；不拆分或重复郡国人口
admin.han140.yizhou.ba.fuling,geo.region.southwest.china.sichuanbasin.easternfoldbasin.county.fuling,county_identity,140,140,10000,source_itemized_county_identity,high,true,县级身份映射；不拆分或重复郡国人口
admin.han140.yizhou.ba.dianjiang,geo.region.southwest.china.sichuanbasin.easternfoldbasin.county.dianjiang,county_identity,140,140,10000,source_itemized_county_identity,high,true,县级身份映射；不拆分或重复郡国人口
admin.han140.yizhou.ba.anyi,geo.region.southwest.china.sichuanbasin.easternfoldbasin.county.anyi,county_identity,140,140,10000,source_itemized_county_identity,high,true,县级身份映射；不拆分或重复郡国人口
admin.han140.yizhou.ba.pingdu,geo.region.southwest.china.sichuanbasin.easternfoldbasin.county.pingdu,county_identity,140,140,10000,source_itemized_county_identity,high,true,县级身份映射；不拆分或重复郡国人口
admin.han140.yizhou.ba.chongguo,geo.region.southwest.china.sichuanbasin.easternfoldbasin.county.chongguo,county_identity,140,140,10000,source_itemized_county_identity,high,true,县级身份映射；不拆分或重复郡国人口
admin.han140.yizhou.ba.xuanyi,geo.region.southwest.china.sichuanbasin.easternfoldbasin.county.xuanyi,county_identity,140,140,10000,source_itemized_county_identity,high,true,县级身份映射；不拆分或重复郡国人口
admin.han140.yizhou.ba.yichang,geo.region.southwest.china.sichuanbasin.easternfoldbasin.county.yichang,county_identity,140,140,10000,source_itemized_county_identity,medium,true,县级身份映射；不拆分或重复郡国人口
admin.han140.yizhou.guanghan.luo,geo.region.southwest.china.sichuanbasin.northwestchengduplain.county.luo,county_identity,140,140,10000,source_itemized_county_identity,high,true,县级身份映射；不拆分或重复郡国人口
admin.han140.yizhou.guanghan.xindu,geo.region.southwest.china.sichuanbasin.northwestchengduplain.county.xindu,county_identity,140,140,10000,source_itemized_county_identity,high,true,县级身份映射；不拆分或重复郡国人口
admin.han140.yizhou.guanghan.mianzhu,geo.region.southwest.china.sichuanbasin.northwestchengduplain.county.mianzhu,county_identity,140,140,10000,source_itemized_county_identity,high,true,县级身份映射；不拆分或重复郡国人口
admin.han140.yizhou.guanghan.shifang,geo.region.southwest.china.sichuanbasin.northwestchengduplain.county.shifang,county_identity,140,140,10000,source_itemized_county_identity,high,true,县级身份映射；不拆分或重复郡国人口
admin.han140.yizhou.guanghan.fu,geo.region.southwest.china.sichuanbasin.northwestchengduplain.county.fu,county_identity,140,140,10000,source_itemized_county_identity,high,true,县级身份映射；不拆分或重复郡国人口
admin.han140.yizhou.guanghan.zitong,geo.region.southwest.china.sichuanbasin.northwestchengduplain.county.zitong,county_identity,140,140,10000,source_itemized_county_identity,high,true,县级身份映射；不拆分或重复郡国人口
admin.han140.yizhou.guanghan.baishui,geo.region.southwest.china.sichuanbasin.northwestchengduplain.county.baishui,county_identity,140,140,10000,source_itemized_county_identity,high,true,县级身份映射；不拆分或重复郡国人口
admin.han140.yizhou.guanghan.jiameng,geo.region.southwest.china.sichuanbasin.northwestchengduplain.county.jiameng,county_identity,140,140,10000,source_itemized_county_identity,high,true,县级身份映射；不拆分或重复郡国人口
admin.han140.yizhou.guanghan.qi,geo.region.southwest.china.sichuanbasin.northwestchengduplain.county.qi,county_identity,140,140,10000,source_itemized_county_identity,high,true,县级身份映射；不拆分或重复郡国人口
admin.han140.yizhou.guanghan.yanyi,geo.region.southwest.china.sichuanbasin.northwestchengduplain.county.yanyi,county_identity,140,140,10000,source_itemized_county_identity,high,true,县级身份映射；不拆分或重复郡国人口
admin.han140.yizhou.guanghan.deyang,geo.region.southwest.china.sichuanbasin.northwestchengduplain.county.deyang,county_identity,140,140,10000,source_itemized_county_identity,high,true,县级身份映射；不拆分或重复郡国人口
admin.han140.yizhou.shu.chengdu,geo.region.southwest.china.sichuanbasin.centralchengduplain.county.chengdu,county_identity,140,140,10000,source_itemized_county_identity,high,true,县级身份映射；不拆分或重复郡国人口
admin.han140.yizhou.shu.pi,geo.region.southwest.china.sichuanbasin.centralchengduplain.county.pi,county_identity,140,140,10000,source_itemized_county_identity,high,true,县级身份映射；不拆分或重复郡国人口
admin.han140.yizhou.shu.jiangyuan,geo.region.southwest.china.sichuanbasin.centralchengduplain.county.jiangyuan,county_identity,140,140,10000,source_itemized_county_identity,high,true,县级身份映射；不拆分或重复郡国人口
admin.han140.yizhou.shu.fan,geo.region.southwest.china.sichuanbasin.centralchengduplain.county.fan,county_identity,140,140,10000,source_itemized_county_identity,high,true,县级身份映射；不拆分或重复郡国人口
admin.han140.yizhou.shu.yandu,geo.region.southwest.china.sichuanbasin.centralchengduplain.county.yandu,county_identity,140,140,10000,source_itemized_county_identity,high,true,县级身份映射；不拆分或重复郡国人口
admin.han140.yizhou.shu.linqiong,geo.region.southwest.china.sichuanbasin.centralchengduplain.county.linqiong,county_identity,140,140,10000,source_itemized_county_identity,high,true,县级身份映射；不拆分或重复郡国人口
admin.han140.yizhou.shu.jiandidao,geo.region.southwest.china.sichuanbasin.centralchengduplain.county.jiandidao,county_identity,140,140,10000,source_itemized_county_identity,high,true,县级身份映射；不拆分或重复郡国人口
admin.han140.yizhou.shu.wenjiangdao,geo.region.southwest.china.sichuanbasin.centralchengduplain.county.wenjiangdao,county_identity,140,140,10000,source_itemized_county_identity,high,true,县级身份映射；不拆分或重复郡国人口
admin.han140.yizhou.shu.baling,geo.region.southwest.china.sichuanbasin.centralchengduplain.county.baling,county_identity,140,140,10000,source_itemized_county_identity,high,true,县级身份映射；不拆分或重复郡国人口
admin.han140.yizhou.shu.yanrou,geo.region.southwest.china.sichuanbasin.centralchengduplain.county.yanrou,county_identity,140,140,10000,source_itemized_county_identity,high,true,县级身份映射；不拆分或重复郡国人口
admin.han140.yizhou.shu.miansidao,geo.region.southwest.china.sichuanbasin.centralchengduplain.county.miansidao,county_identity,140,140,10000,source_itemized_county_identity,high,true,县级身份映射；不拆分或重复郡国人口
admin.han140.yizhou.jianwei.wuyang,geo.region.southwest.china.sichuanbasin.southernriverhills.county.wuyang,county_identity,140,140,10000,source_itemized_county_identity,high,true,县级身份映射；不拆分或重复郡国人口
admin.han140.yizhou.jianwei.zizhong,geo.region.southwest.china.sichuanbasin.southernriverhills.county.zizhong,county_identity,140,140,10000,source_itemized_county_identity,high,true,县级身份映射；不拆分或重复郡国人口
admin.han140.yizhou.jianwei.niubing,geo.region.southwest.china.sichuanbasin.southernriverhills.county.niubing,county_identity,140,140,10000,source_itemized_county_identity,high,true,县级身份映射；不拆分或重复郡国人口
admin.han140.yizhou.jianwei.nanan,geo.region.southwest.china.sichuanbasin.southernriverhills.county.nanan,county_identity,140,140,10000,source_itemized_county_identity,high,true,县级身份映射；不拆分或重复郡国人口
admin.han140.yizhou.jianwei.bodao,geo.region.southwest.china.sichuanbasin.southernriverhills.county.bodao,county_identity,140,140,10000,source_itemized_county_identity,high,true,县级身份映射；不拆分或重复郡国人口
admin.han140.yizhou.jianwei.jiangyang,geo.region.southwest.china.sichuanbasin.southernriverhills.county.jiangyang,county_identity,140,140,10000,source_itemized_county_identity,high,true,县级身份映射；不拆分或重复郡国人口
admin.han140.yizhou.jianwei.fujie,geo.region.southwest.china.sichuanbasin.southernriverhills.county.fujie,county_identity,140,140,10000,source_itemized_county_identity,high,true,县级身份映射；不拆分或重复郡国人口
admin.han140.yizhou.jianwei.nanyan,geo.region.southwest.china.sichuanbasin.southernriverhills.county.nanyan,county_identity,140,140,10000,source_itemized_county_identity,high,true,县级身份映射；不拆分或重复郡国人口
admin.han140.yizhou.jianwei.yian,geo.region.southwest.china.sichuanbasin.southernriverhills.county.yian,county_identity,140,140,10000,source_itemized_county_identity,high,true,县级身份映射；不拆分或重复郡国人口
admin.han140.yizhou.zangke.guqielan,geo.region.southwest.china.yunguiplateau.northeastkarstplateau.county.guqielan,county_identity,140,140,10000,source_itemized_county_identity,high,true,县级身份映射；不拆分或重复郡国人口
admin.han140.yizhou.zangke.pingyi,geo.region.southwest.china.yunguiplateau.northeastkarstplateau.county.pingyi,county_identity,140,140,10000,source_itemized_county_identity,high,true,县级身份映射；不拆分或重复郡国人口
admin.han140.yizhou.zangke.bi,geo.region.southwest.china.yunguiplateau.northeastkarstplateau.county.bi,county_identity,140,140,10000,source_itemized_county_identity,high,true,县级身份映射；不拆分或重复郡国人口
admin.han140.yizhou.zangke.wulian,geo.region.southwest.china.yunguiplateau.northeastkarstplateau.county.wulian,county_identity,140,140,10000,source_itemized_county_identity,high,true,县级身份映射；不拆分或重复郡国人口
admin.han140.yizhou.zangke.tanzhi,geo.region.southwest.china.yunguiplateau.northeastkarstplateau.county.tanzhi,county_identity,140,140,10000,source_itemized_county_identity,high,true,县级身份映射；不拆分或重复郡国人口
admin.han140.yizhou.zangke.yelang,geo.region.southwest.china.yunguiplateau.northeastkarstplateau.county.yelang,county_identity,140,140,10000,source_itemized_county_identity,high,true,县级身份映射；不拆分或重复郡国人口
admin.han140.yizhou.zangke.tongbing,geo.region.southwest.china.yunguiplateau.northeastkarstplateau.county.tongbing,county_identity,140,140,10000,source_itemized_county_identity,high,true,县级身份映射；不拆分或重复郡国人口
admin.han140.yizhou.zangke.tangao,geo.region.southwest.china.yunguiplateau.northeastkarstplateau.county.tangao,county_identity,140,140,10000,source_itemized_county_identity,high,true,县级身份映射；不拆分或重复郡国人口
admin.han140.yizhou.zangke.loujiang,geo.region.southwest.china.yunguiplateau.northeastkarstplateau.county.loujiang,county_identity,140,140,10000,source_itemized_county_identity,high,true,县级身份映射；不拆分或重复郡国人口
admin.han140.yizhou.zangke.wudan,geo.region.southwest.china.yunguiplateau.northeastkarstplateau.county.wudan,county_identity,140,140,10000,source_itemized_county_identity,high,true,县级身份映射；不拆分或重复郡国人口
admin.han140.yizhou.zangke.wanwen,geo.region.southwest.china.yunguiplateau.northeastkarstplateau.county.wanwen,county_identity,140,140,10000,source_itemized_county_identity,high,true,县级身份映射；不拆分或重复郡国人口
admin.han140.yizhou.zangke.tanfeng,geo.region.southwest.china.yunguiplateau.northeastkarstplateau.county.tanfeng,county_identity,140,140,10000,source_itemized_county_identity,high,true,县级身份映射；不拆分或重复郡国人口
admin.han140.yizhou.zangke.louwo,geo.region.southwest.china.yunguiplateau.northeastkarstplateau.county.louwo,county_identity,140,140,10000,source_itemized_county_identity,high,true,县级身份映射；不拆分或重复郡国人口
admin.han140.yizhou.zangke.juting,geo.region.southwest.china.yunguiplateau.northeastkarstplateau.county.juting,county_identity,140,140,10000,source_itemized_county_identity,high,true,县级身份映射；不拆分或重复郡国人口
admin.han140.yizhou.zangke.jincheng,geo.region.southwest.china.yunguiplateau.northeastkarstplateau.county.jincheng,county_identity,140,140,10000,source_itemized_county_identity,high,true,县级身份映射；不拆分或重复郡国人口
admin.han140.yizhou.zangke.xisui,geo.region.southwest.china.yunguiplateau.northeastkarstplateau.county.xisui,county_identity,140,140,10000,source_itemized_county_identity,high,true,县级身份映射；不拆分或重复郡国人口
admin.han140.yizhou.yuexi.qiongdu,geo.region.southwest.china.hengduansouth.northeastanningvalley.county.qiongdu,county_identity,140,140,10000,source_itemized_county_identity,high,true,县级身份映射；不拆分或重复郡国人口
admin.han140.yizhou.yuexi.suijiu,geo.region.southwest.china.hengduansouth.northeastanningvalley.county.suijiu,county_identity,140,140,10000,source_itemized_county_identity,high,true,县级身份映射；不拆分或重复郡国人口
admin.han140.yizhou.yuexi.lingguandao,geo.region.southwest.china.hengduansouth.northeastanningvalley.county.lingguandao,county_identity,140,140,10000,source_itemized_county_identity,high,true,县级身份映射；不拆分或重复郡国人口
admin.han140.yizhou.yuexi.taideng,geo.region.southwest.china.hengduansouth.northeastanningvalley.county.taideng,county_identity,140,140,10000,source_itemized_county_identity,high,true,县级身份映射；不拆分或重复郡国人口
admin.han140.yizhou.yuexi.qingling,geo.region.southwest.china.hengduansouth.northeastanningvalley.county.qingling,county_identity,140,140,10000,source_itemized_county_identity,high,true,县级身份映射；不拆分或重复郡国人口
admin.han140.yizhou.yuexi.beishui,geo.region.southwest.china.hengduansouth.northeastanningvalley.county.beishui,county_identity,140,140,10000,source_itemized_county_identity,high,true,县级身份映射；不拆分或重复郡国人口
admin.han140.yizhou.yuexi.sanfeng,geo.region.southwest.china.hengduansouth.northeastanningvalley.county.sanfeng,county_identity,140,140,10000,source_itemized_county_identity,high,true,县级身份映射；不拆分或重复郡国人口
admin.han140.yizhou.yuexi.huiwu,geo.region.southwest.china.hengduansouth.northeastanningvalley.county.huiwu,county_identity,140,140,10000,source_itemized_county_identity,high,true,县级身份映射；不拆分或重复郡国人口
admin.han140.yizhou.yuexi.dingji,geo.region.southwest.china.hengduansouth.northeastanningvalley.county.dingji,county_identity,140,140,10000,source_itemized_county_identity,high,true,县级身份映射；不拆分或重复郡国人口
admin.han140.yizhou.yuexi.chan,geo.region.southwest.china.hengduansouth.northeastanningvalley.county.chan,county_identity,140,140,10000,source_itemized_county_identity,high,true,县级身份映射；不拆分或重复郡国人口
admin.han140.yizhou.yuexi.sushi,geo.region.southwest.china.hengduansouth.northeastanningvalley.county.sushi,county_identity,140,140,10000,source_itemized_county_identity,high,true,县级身份映射；不拆分或重复郡国人口
admin.han140.yizhou.yuexi.daji,geo.region.southwest.china.hengduansouth.northeastanningvalley.county.daji,county_identity,140,140,10000,source_itemized_county_identity,high,true,县级身份映射；不拆分或重复郡国人口
admin.han140.yizhou.yuexi.jiqin,geo.region.southwest.china.hengduansouth.northeastanningvalley.county.jiqin,county_identity,140,140,10000,source_itemized_county_identity,high,true,县级身份映射；不拆分或重复郡国人口
admin.han140.yizhou.yuexi.gufu,geo.region.southwest.china.hengduansouth.northeastanningvalley.county.gufu,county_identity,140,140,10000,source_itemized_county_identity,high,true,县级身份映射；不拆分或重复郡国人口
admin.han140.yizhou.yizhou.dianchi,geo.region.southwest.china.yunguiplateau.centralyunnanbasin.county.dianchi,county_identity,140,140,10000,source_itemized_county_identity,high,true,县级身份映射；不拆分或重复郡国人口
admin.han140.yizhou.yizhou.shengxiu,geo.region.southwest.china.yunguiplateau.centralyunnanbasin.county.shengxiu,county_identity,140,140,10000,source_itemized_county_identity,high,true,县级身份映射；不拆分或重复郡国人口
admin.han140.yizhou.yizhou.yuyuan,geo.region.southwest.china.yunguiplateau.centralyunnanbasin.county.yuyuan,county_identity,140,140,10000,source_itemized_county_identity,high,true,县级身份映射；不拆分或重复郡国人口
admin.han140.yizhou.yizhou.lugao,geo.region.southwest.china.yunguiplateau.centralyunnanbasin.county.lugao,county_identity,140,140,10000,source_itemized_county_identity,high,true,县级身份映射；不拆分或重复郡国人口
admin.han140.yizhou.yizhou.bigu,geo.region.southwest.china.yunguiplateau.centralyunnanbasin.county.bigu,county_identity,140,140,10000,source_itemized_county_identity,high,true,县级身份映射；不拆分或重复郡国人口
admin.han140.yizhou.yizhou.wuzhuo,geo.region.southwest.china.yunguiplateau.centralyunnanbasin.county.wuzhuo,county_identity,140,140,10000,source_itemized_county_identity,high,true,县级身份映射；不拆分或重复郡国人口
admin.han140.yizhou.yizhou.jianling,geo.region.southwest.china.yunguiplateau.centralyunnanbasin.county.jianling,county_identity,140,140,10000,source_itemized_county_identity,high,true,县级身份映射；不拆分或重复郡国人口
admin.han140.yizhou.yizhou.guchang,geo.region.southwest.china.yunguiplateau.centralyunnanbasin.county.guchang,county_identity,140,140,10000,source_itemized_county_identity,high,true,县级身份映射；不拆分或重复郡国人口
admin.han140.yizhou.yizhou.mumi,geo.region.southwest.china.yunguiplateau.centralyunnanbasin.county.mumi,county_identity,140,140,10000,source_itemized_county_identity,high,true,县级身份映射；不拆分或重复郡国人口
admin.han140.yizhou.yizhou.wei,geo.region.southwest.china.yunguiplateau.centralyunnanbasin.county.wei,county_identity,140,140,10000,source_itemized_county_identity,high,true,县级身份映射；不拆分或重复郡国人口
admin.han140.yizhou.yizhou.kunze,geo.region.southwest.china.yunguiplateau.centralyunnanbasin.county.kunze,county_identity,140,140,10000,source_itemized_county_identity,high,true,县级身份映射；不拆分或重复郡国人口
admin.han140.yizhou.yizhou.tonglai,geo.region.southwest.china.yunguiplateau.centralyunnanbasin.county.tonglai,county_identity,140,140,10000,source_itemized_county_identity,high,true,县级身份映射；不拆分或重复郡国人口
admin.han140.yizhou.yizhou.tonglao,geo.region.southwest.china.yunguiplateau.centralyunnanbasin.county.tonglao,county_identity,140,140,10000,source_itemized_county_identity,high,true,县级身份映射；不拆分或重复郡国人口
admin.han140.yizhou.yizhou.shuangbo,geo.region.southwest.china.yunguiplateau.centralyunnanbasin.county.shuangbo,county_identity,140,140,10000,source_itemized_county_identity,high,true,县级身份映射；不拆分或重复郡国人口
admin.han140.yizhou.yizhou.lianran,geo.region.southwest.china.yunguiplateau.centralyunnanbasin.county.lianran,county_identity,140,140,10000,source_itemized_county_identity,high,true,县级身份映射；不拆分或重复郡国人口
admin.han140.yizhou.yizhou.longdong,geo.region.southwest.china.yunguiplateau.centralyunnanbasin.county.longdong,county_identity,140,140,10000,source_itemized_county_identity,high,true,县级身份映射；不拆分或重复郡国人口
admin.han140.yizhou.yizhou.qinzang,geo.region.southwest.china.yunguiplateau.centralyunnanbasin.county.qinzang,county_identity,140,140,10000,source_itemized_county_identity,high,true,县级身份映射；不拆分或重复郡国人口
admin.han140.yizhou.yongchang.buwei,geo.region.southwest.china.hengduansouth.southwestlancangfrontier.county.buwei,county_identity,140,140,10000,source_itemized_county_identity,high,true,县级身份映射；不拆分或重复郡国人口
admin.han140.yizhou.yongchang.suitang,geo.region.southwest.china.hengduansouth.southwestlancangfrontier.county.suitang,county_identity,140,140,10000,source_itemized_county_identity,high,true,县级身份映射；不拆分或重复郡国人口
admin.han140.yizhou.yongchang.bisu,geo.region.southwest.china.hengduansouth.southwestlancangfrontier.county.bisu,county_identity,140,140,10000,source_itemized_county_identity,high,true,县级身份映射；不拆分或重复郡国人口
admin.han140.yizhou.yongchang.yeyu,geo.region.southwest.china.hengduansouth.southwestlancangfrontier.county.yeyu,county_identity,140,140,10000,source_itemized_county_identity,high,true,县级身份映射；不拆分或重复郡国人口
admin.han140.yizhou.yongchang.xielong,geo.region.southwest.china.hengduansouth.southwestlancangfrontier.county.xielong,county_identity,140,140,10000,source_itemized_county_identity,high,true,县级身份映射；不拆分或重复郡国人口
admin.han140.yizhou.yongchang.yunnan,geo.region.southwest.china.hengduansouth.southwestlancangfrontier.county.yunnan,county_identity,140,140,10000,source_itemized_county_identity,high,true,县级身份映射；不拆分或重复郡国人口
admin.han140.yizhou.yongchang.ailao,geo.region.southwest.china.hengduansouth.southwestlancangfrontier.county.ailao,county_identity,140,140,10000,source_itemized_county_identity,high,true,县级身份映射；不拆分或重复郡国人口
admin.han140.yizhou.yongchang.bonan,geo.region.southwest.china.hengduansouth.southwestlancangfrontier.county.bonan,county_identity,140,140,10000,source_itemized_county_identity,high,true,县级身份映射；不拆分或重复郡国人口
admin.han140.yizhou.guanghanshuguo.yinpingdao,geo.region.southwest.china.westernsichuanmountains.northqiangcorridor.county.yinpingdao,county_identity,140,140,10000,source_itemized_county_identity,high,true,县级身份映射；不拆分或重复郡国人口
admin.han140.yizhou.guanghanshuguo.diandidao,geo.region.southwest.china.westernsichuanmountains.northqiangcorridor.county.diandidao,county_identity,140,140,10000,source_itemized_county_identity,high,true,县级身份映射；不拆分或重复郡国人口
admin.han140.yizhou.guanghanshuguo.gangdidao,geo.region.southwest.china.westernsichuanmountains.northqiangcorridor.county.gangdidao,county_identity,140,140,10000,source_itemized_county_identity,high,true,县级身份映射；不拆分或重复郡国人口
admin.han140.yizhou.shushuguo.yijia,geo.region.southwest.china.westernsichuanmountains.centralplateaucorridor.county.yijia,county_identity,140,140,10000,source_itemized_county_identity,high,true,县级身份映射；不拆分或重复郡国人口
admin.han140.yizhou.shushuguo.yandao,geo.region.southwest.china.westernsichuanmountains.centralplateaucorridor.county.yandao,county_identity,140,140,10000,source_itemized_county_identity,high,true,县级身份映射；不拆分或重复郡国人口
admin.han140.yizhou.shushuguo.xi,geo.region.southwest.china.westernsichuanmountains.centralplateaucorridor.county.xi,county_identity,140,140,10000,source_itemized_county_identity,high,true,县级身份映射；不拆分或重复郡国人口
admin.han140.yizhou.shushuguo.maoniu,geo.region.southwest.china.westernsichuanmountains.centralplateaucorridor.county.maoniu,county_identity,140,140,10000,source_itemized_county_identity,high,true,县级身份映射；不拆分或重复郡国人口
admin.han140.yizhou.jianweishuguo.zhuti,geo.region.southwest.china.westernsichuanmountains.southmountaincorridor.county.zhuti,county_identity,140,140,10000,source_itemized_county_identity,high,true,县级身份映射；不拆分或重复郡国人口
admin.han140.yizhou.jianweishuguo.yiyang,geo.region.southwest.china.westernsichuanmountains.southmountaincorridor.county.yiyang,county_identity,140,140,10000,source_itemized_county_identity,high,true,县级身份映射；不拆分或重复郡国人口
admin.han140.liangzhou.longxi.didao,geo.region.northwest.china.longyouweishui.centraltaoweivalleys.county.didao,county_identity,140,140,10000,source_itemized_county_identity,high,true,县级身份映射；不拆分或重复郡国人口
admin.han140.liangzhou.longxi.an,geo.region.northwest.china.longyouweishui.centraltaoweivalleys.county.an,county_identity,140,140,10000,source_itemized_county_identity,high,true,县级身份映射；不拆分或重复郡国人口
admin.han140.liangzhou.longxi.didao.u6c109053,geo.region.northwest.china.longyouweishui.centraltaoweivalleys.county.didao.u6c109053,county_identity,140,140,10000,source_itemized_county_identity,high,true,县级身份映射；不拆分或重复郡国人口
admin.han140.liangzhou.longxi.shouyang,geo.region.northwest.china.longyouweishui.centraltaoweivalleys.county.shouyang,county_identity,140,140,10000,source_itemized_county_identity,high,true,县级身份映射；不拆分或重复郡国人口
admin.han140.liangzhou.longxi.daxia,geo.region.northwest.china.longyouweishui.centraltaoweivalleys.county.daxia,county_identity,140,140,10000,source_itemized_county_identity,high,true,县级身份映射；不拆分或重复郡国人口
admin.han140.liangzhou.longxi.xiangwu,geo.region.northwest.china.longyouweishui.centraltaoweivalleys.county.xiangwu,county_identity,140,140,10000,source_itemized_county_identity,high,true,县级身份映射；不拆分或重复郡国人口
admin.han140.liangzhou.longxi.lintao,geo.region.northwest.china.longyouweishui.centraltaoweivalleys.county.lintao,county_identity,140,140,10000,source_itemized_county_identity,high,true,县级身份映射；不拆分或重复郡国人口
admin.han140.liangzhou.longxi.fuhan,geo.region.northwest.china.longyouweishui.centraltaoweivalleys.county.fuhan,county_identity,140,140,10000,source_itemized_county_identity,high,true,县级身份映射；不拆分或重复郡国人口
admin.han140.liangzhou.longxi.baishi,geo.region.northwest.china.longyouweishui.centraltaoweivalleys.county.baishi,county_identity,140,140,10000,source_itemized_county_identity,high,true,县级身份映射；不拆分或重复郡国人口
admin.han140.liangzhou.longxi.zhang,geo.region.northwest.china.longyouweishui.centraltaoweivalleys.county.zhang,county_identity,140,140,10000,source_itemized_county_identity,high,true,县级身份映射；不拆分或重复郡国人口
admin.han140.liangzhou.longxi.heguan,geo.region.northwest.china.longyouweishui.centraltaoweivalleys.county.heguan,county_identity,140,140,10000,source_itemized_county_identity,high,true,县级身份映射；不拆分或重复郡国人口
admin.han140.liangzhou.hanyang.ji,geo.region.northwest.china.longyouweishui.southeastweishuibasin.county.ji,county_identity,140,140,10000,source_itemized_county_identity,high,true,县级身份映射；不拆分或重复郡国人口
admin.han140.liangzhou.hanyang.wangheng,geo.region.northwest.china.longyouweishui.southeastweishuibasin.county.wangheng,county_identity,140,140,10000,source_itemized_county_identity,high,true,县级身份映射；不拆分或重复郡国人口
admin.han140.liangzhou.hanyang.ayang,geo.region.northwest.china.longyouweishui.southeastweishuibasin.county.ayang,county_identity,140,140,10000,source_itemized_county_identity,high,true,县级身份映射；不拆分或重复郡国人口
admin.han140.liangzhou.hanyang.lueyang,geo.region.northwest.china.longyouweishui.southeastweishuibasin.county.lueyang,county_identity,140,140,10000,source_itemized_county_identity,high,true,县级身份映射；不拆分或重复郡国人口
admin.han140.liangzhou.hanyang.yongshi,geo.region.northwest.china.longyouweishui.southeastweishuibasin.county.yongshi,county_identity,140,140,10000,source_itemized_county_identity,high,true,县级身份映射；不拆分或重复郡国人口
admin.han140.liangzhou.hanyang.chengji,geo.region.northwest.china.longyouweishui.southeastweishuibasin.county.chengji,county_identity,140,140,10000,source_itemized_county_identity,high,true,县级身份映射；不拆分或重复郡国人口
admin.han140.liangzhou.hanyang.long,geo.region.northwest.china.longyouweishui.southeastweishuibasin.county.long,county_identity,140,140,10000,source_itemized_county_identity,high,true,县级身份映射；不拆分或重复郡国人口
admin.han140.liangzhou.hanyang.huandao,geo.region.northwest.china.longyouweishui.southeastweishuibasin.county.huandao,county_identity,140,140,10000,source_itemized_county_identity,high,true,县级身份映射；不拆分或重复郡国人口
admin.han140.liangzhou.hanyang.langan,geo.region.northwest.china.longyouweishui.southeastweishuibasin.county.langan,county_identity,140,140,10000,source_itemized_county_identity,high,true,县级身份映射；不拆分或重复郡国人口
admin.han140.liangzhou.hanyang.pingxiang,geo.region.northwest.china.longyouweishui.southeastweishuibasin.county.pingxiang,county_identity,140,140,10000,source_itemized_county_identity,high,true,县级身份映射；不拆分或重复郡国人口
admin.han140.liangzhou.hanyang.xianqin,geo.region.northwest.china.longyouweishui.southeastweishuibasin.county.xianqin,county_identity,140,140,10000,source_itemized_county_identity,high,true,县级身份映射；不拆分或重复郡国人口
admin.han140.liangzhou.hanyang.shanggui,geo.region.northwest.china.longyouweishui.southeastweishuibasin.county.shanggui,county_identity,140,140,10000,source_itemized_county_identity,high,true,县级身份映射；不拆分或重复郡国人口
admin.han140.liangzhou.hanyang.xi,geo.region.northwest.china.longyouweishui.southeastweishuibasin.county.xi,county_identity,140,140,10000,source_itemized_county_identity,high,true,县级身份映射；不拆分或重复郡国人口
admin.han140.liangzhou.wudu.xiabian,geo.region.northwest.china.longnanqinba.centraljialingmountaincorridor.county.xiabian,county_identity,140,140,10000,source_itemized_county_identity,high,true,县级身份映射；不拆分或重复郡国人口
admin.han140.liangzhou.wudu.wududao,geo.region.northwest.china.longnanqinba.centraljialingmountaincorridor.county.wududao,county_identity,140,140,10000,source_itemized_county_identity,high,true,县级身份映射；不拆分或重复郡国人口
admin.han140.liangzhou.wudu.shanglu,geo.region.northwest.china.longnanqinba.centraljialingmountaincorridor.county.shanglu,county_identity,140,140,10000,source_itemized_county_identity,high,true,县级身份映射；不拆分或重复郡国人口
admin.han140.liangzhou.wudu.gudao,geo.region.northwest.china.longnanqinba.centraljialingmountaincorridor.county.gudao,county_identity,140,140,10000,source_itemized_county_identity,high,true,县级身份映射；不拆分或重复郡国人口
admin.han140.liangzhou.wudu.hechi,geo.region.northwest.china.longnanqinba.centraljialingmountaincorridor.county.hechi,county_identity,140,140,10000,source_itemized_county_identity,high,true,县级身份映射；不拆分或重复郡国人口
admin.han140.liangzhou.wudu.ju,geo.region.northwest.china.longnanqinba.centraljialingmountaincorridor.county.ju,county_identity,140,140,10000,source_itemized_county_identity,high,true,县级身份映射；不拆分或重复郡国人口
admin.han140.liangzhou.wudu.qiangdao,geo.region.northwest.china.longnanqinba.centraljialingmountaincorridor.county.qiangdao,county_identity,140,140,10000,source_itemized_county_identity,high,true,县级身份映射；不拆分或重复郡国人口
admin.han140.liangzhou.jincheng.yunwu,geo.region.northwest.china.hehuangyellowupper.easternyellowriverbasin.county.yunwu,county_identity,140,140,10000,source_itemized_county_identity,high,true,县级身份映射；不拆分或重复郡国人口
admin.han140.liangzhou.jincheng.haowei,geo.region.northwest.china.hehuangyellowupper.easternyellowriverbasin.county.haowei,county_identity,140,140,10000,source_itemized_county_identity,high,true,县级身份映射；不拆分或重复郡国人口
admin.han140.liangzhou.jincheng.lingju,geo.region.northwest.china.hehuangyellowupper.easternyellowriverbasin.county.lingju,county_identity,140,140,10000,source_itemized_county_identity,high,true,县级身份映射；不拆分或重复郡国人口
admin.han140.liangzhou.jincheng.zhiyang,geo.region.northwest.china.hehuangyellowupper.easternyellowriverbasin.county.zhiyang,county_identity,140,140,10000,source_itemized_county_identity,high,true,县级身份映射；不拆分或重复郡国人口
admin.han140.liangzhou.jincheng.jincheng,geo.region.northwest.china.hehuangyellowupper.easternyellowriverbasin.county.jincheng,county_identity,140,140,10000,source_itemized_county_identity,high,true,县级身份映射；不拆分或重复郡国人口
admin.han140.liangzhou.jincheng.yuzhong,geo.region.northwest.china.hehuangyellowupper.easternyellowriverbasin.county.yuzhong,county_identity,140,140,10000,source_itemized_county_identity,high,true,县级身份映射；不拆分或重复郡国人口
admin.han140.liangzhou.jincheng.linqiang,geo.region.northwest.china.hehuangyellowupper.easternyellowriverbasin.county.linqiang,county_identity,140,140,10000,source_itemized_county_identity,high,true,县级身份映射；不拆分或重复郡国人口
admin.han140.liangzhou.jincheng.poqiang,geo.region.northwest.china.hehuangyellowupper.easternyellowriverbasin.county.poqiang,county_identity,140,140,10000,source_itemized_county_identity,high,true,县级身份映射；不拆分或重复郡国人口
admin.han140.liangzhou.jincheng.anyi,geo.region.northwest.china.hehuangyellowupper.easternyellowriverbasin.county.anyi,county_identity,140,140,10000,source_itemized_county_identity,high,true,县级身份映射；不拆分或重复郡国人口
admin.han140.liangzhou.jincheng.yunjie,geo.region.northwest.china.hehuangyellowupper.easternyellowriverbasin.county.yunjie,county_identity,140,140,10000,source_itemized_county_identity,high,true,县级身份映射；不拆分或重复郡国人口
admin.han140.liangzhou.anding.linjing,geo.region.northwest.china.loessnorthwest.southcentraljinghehills.county.linjing,county_identity,140,140,10000,source_itemized_county_identity,high,true,县级身份映射；不拆分或重复郡国人口
admin.han140.liangzhou.anding.gaoping,geo.region.northwest.china.loessnorthwest.southcentraljinghehills.county.gaoping,county_identity,140,140,10000,source_itemized_county_identity,high,true,县级身份映射；不拆分或重复郡国人口
admin.han140.liangzhou.anding.zhaona,geo.region.northwest.china.loessnorthwest.southcentraljinghehills.county.zhaona,county_identity,140,140,10000,source_itemized_county_identity,high,true,县级身份映射；不拆分或重复郡国人口
admin.han140.liangzhou.anding.wuzhi,geo.region.northwest.china.loessnorthwest.southcentraljinghehills.county.wuzhi,county_identity,140,140,10000,source_itemized_county_identity,high,true,县级身份映射；不拆分或重复郡国人口
admin.han140.liangzhou.anding.sanshui,geo.region.northwest.china.loessnorthwest.southcentraljinghehills.county.sanshui,county_identity,140,140,10000,source_itemized_county_identity,high,true,县级身份映射；不拆分或重复郡国人口
admin.han140.liangzhou.anding.yinpan,geo.region.northwest.china.loessnorthwest.southcentraljinghehills.county.yinpan,county_identity,140,140,10000,source_itemized_county_identity,high,true,县级身份映射；不拆分或重复郡国人口
admin.han140.liangzhou.anding.pengyang,geo.region.northwest.china.loessnorthwest.southcentraljinghehills.county.pengyang,county_identity,140,140,10000,source_itemized_county_identity,high,true,县级身份映射；不拆分或重复郡国人口
admin.han140.liangzhou.anding.chungu,geo.region.northwest.china.loessnorthwest.southcentraljinghehills.county.chungu,county_identity,140,140,10000,source_itemized_county_identity,high,true,县级身份映射；不拆分或重复郡国人口
admin.han140.liangzhou.beidi.fuping,geo.region.northwest.china.loessnorthwest.northeastordosmargin.county.fuping,county_identity,140,140,10000,source_itemized_county_identity,high,true,县级身份映射；不拆分或重复郡国人口
admin.han140.liangzhou.beidi.niyang,geo.region.northwest.china.loessnorthwest.northeastordosmargin.county.niyang,county_identity,140,140,10000,source_itemized_county_identity,high,true,县级身份映射；不拆分或重复郡国人口
admin.han140.liangzhou.beidi.yiju,geo.region.northwest.china.loessnorthwest.northeastordosmargin.county.yiju,county_identity,140,140,10000,source_itemized_county_identity,high,true,县级身份映射；不拆分或重复郡国人口
admin.han140.liangzhou.beidi.lian,geo.region.northwest.china.loessnorthwest.northeastordosmargin.county.lian,county_identity,140,140,10000,source_itemized_county_identity,high,true,县级身份映射；不拆分或重复郡国人口
admin.han140.liangzhou.beidi.can,geo.region.northwest.china.loessnorthwest.northeastordosmargin.county.can,county_identity,140,140,10000,source_itemized_county_identity,high,true,县级身份映射；不拆分或重复郡国人口
admin.han140.liangzhou.beidi.lingzhou,geo.region.northwest.china.loessnorthwest.northeastordosmargin.county.lingzhou,county_identity,140,140,10000,source_itemized_county_identity,high,true,县级身份映射；不拆分或重复郡国人口
admin.han140.liangzhou.wuwei.guzang,geo.region.northwest.china.hexicorridor.eastshiyanghebasin.county.guzang,county_identity,140,140,10000,source_itemized_county_identity,high,true,县级身份映射；不拆分或重复郡国人口
admin.han140.liangzhou.wuwei.zhangyi,geo.region.northwest.china.hexicorridor.eastshiyanghebasin.county.zhangyi,county_identity,140,140,10000,source_itemized_county_identity,high,true,县级身份映射；不拆分或重复郡国人口
admin.han140.liangzhou.wuwei.wuwei,geo.region.northwest.china.hexicorridor.eastshiyanghebasin.county.wuwei,county_identity,140,140,10000,source_itemized_county_identity,high,true,县级身份映射；不拆分或重复郡国人口
admin.han140.liangzhou.wuwei.xiutu,geo.region.northwest.china.hexicorridor.eastshiyanghebasin.county.xiutu,county_identity,140,140,10000,source_itemized_county_identity,high,true,县级身份映射；不拆分或重复郡国人口
admin.han140.liangzhou.wuwei.xuci,geo.region.northwest.china.hexicorridor.eastshiyanghebasin.county.xuci,county_identity,140,140,10000,source_itemized_county_identity,high,true,县级身份映射；不拆分或重复郡国人口
admin.han140.liangzhou.wuwei.luanniao,geo.region.northwest.china.hexicorridor.eastshiyanghebasin.county.luanniao,county_identity,140,140,10000,source_itemized_county_identity,high,true,县级身份映射；不拆分或重复郡国人口
admin.han140.liangzhou.wuwei.po,geo.region.northwest.china.hexicorridor.eastshiyanghebasin.county.po,county_identity,140,140,10000,source_itemized_county_identity,high,true,县级身份映射；不拆分或重复郡国人口
admin.han140.liangzhou.wuwei.aowei,geo.region.northwest.china.hexicorridor.eastshiyanghebasin.county.aowei,county_identity,140,140,10000,source_itemized_county_identity,high,true,县级身份映射；不拆分或重复郡国人口
admin.han140.liangzhou.wuwei.xuanwei,geo.region.northwest.china.hexicorridor.eastshiyanghebasin.county.xuanwei,county_identity,140,140,10000,source_itemized_county_identity,high,true,县级身份映射；不拆分或重复郡国人口
admin.han140.liangzhou.wuwei.cangsong,geo.region.northwest.china.hexicorridor.eastshiyanghebasin.county.cangsong,county_identity,140,140,10000,source_itemized_county_identity,high,true,县级身份映射；不拆分或重复郡国人口
admin.han140.liangzhou.wuwei.zhanyin,geo.region.northwest.china.hexicorridor.eastshiyanghebasin.county.zhanyin,county_identity,140,140,10000,source_itemized_county_identity,high,true,县级身份映射；不拆分或重复郡国人口
admin.han140.liangzhou.wuwei.zuli,geo.region.northwest.china.hexicorridor.eastshiyanghebasin.county.zuli,county_identity,140,140,10000,source_itemized_county_identity,high,true,县级身份映射；不拆分或重复郡国人口
admin.han140.liangzhou.wuwei.xianmei,geo.region.northwest.china.hexicorridor.eastshiyanghebasin.county.xianmei,county_identity,140,140,10000,source_itemized_county_identity,high,true,县级身份映射；不拆分或重复郡国人口
admin.han140.liangzhou.wuwei.zuoqi,geo.region.northwest.china.hexicorridor.eastshiyanghebasin.county.zuoqi,county_identity,140,140,10000,source_itemized_county_identity,high,true,县级身份映射；不拆分或重复郡国人口
admin.han140.liangzhou.zhangye.lude,geo.region.northwest.china.hexicorridor.centralheiheoasis.county.lude,county_identity,140,140,10000,source_itemized_county_identity,high,true,县级身份映射；不拆分或重复郡国人口
admin.han140.liangzhou.zhangye.zhaowu,geo.region.northwest.china.hexicorridor.centralheiheoasis.county.zhaowu,county_identity,140,140,10000,source_itemized_county_identity,high,true,县级身份映射；不拆分或重复郡国人口
admin.han140.liangzhou.zhangye.shandan,geo.region.northwest.china.hexicorridor.centralheiheoasis.county.shandan,county_identity,140,140,10000,source_itemized_county_identity,high,true,县级身份映射；不拆分或重复郡国人口
admin.han140.liangzhou.zhangye.dichi,geo.region.northwest.china.hexicorridor.centralheiheoasis.county.dichi,county_identity,140,140,10000,source_itemized_county_identity,high,true,县级身份映射；不拆分或重复郡国人口
admin.han140.liangzhou.zhangye.wulan,geo.region.northwest.china.hexicorridor.centralheiheoasis.county.wulan,county_identity,140,140,10000,source_itemized_county_identity,high,true,县级身份映射；不拆分或重复郡国人口
admin.han140.liangzhou.zhangye.rile,geo.region.northwest.china.hexicorridor.centralheiheoasis.county.rile,county_identity,140,140,10000,source_itemized_county_identity,high,true,县级身份映射；不拆分或重复郡国人口
admin.han140.liangzhou.zhangye.lijian,geo.region.northwest.china.hexicorridor.centralheiheoasis.county.lijian,county_identity,140,140,10000,source_itemized_county_identity,high,true,县级身份映射；不拆分或重复郡国人口
admin.han140.liangzhou.zhangye.fanhe,geo.region.northwest.china.hexicorridor.centralheiheoasis.county.fanhe,county_identity,140,140,10000,source_itemized_county_identity,high,true,县级身份映射；不拆分或重复郡国人口
admin.han140.liangzhou.jiuquan.fulu,geo.region.northwest.china.hexicorridor.centralwestjiuquanoasis.county.fulu,county_identity,140,140,10000,source_itemized_county_identity,high,true,县级身份映射；不拆分或重复郡国人口
admin.han140.liangzhou.jiuquan.biaoshi,geo.region.northwest.china.hexicorridor.centralwestjiuquanoasis.county.biaoshi,county_identity,140,140,10000,source_itemized_county_identity,high,true,县级身份映射；不拆分或重复郡国人口
admin.han140.liangzhou.jiuquan.leguan,geo.region.northwest.china.hexicorridor.centralwestjiuquanoasis.county.leguan,county_identity,140,140,10000,source_itemized_county_identity,high,true,县级身份映射；不拆分或重复郡国人口
admin.han140.liangzhou.jiuquan.yumen,geo.region.northwest.china.hexicorridor.centralwestjiuquanoasis.county.yumen,county_identity,140,140,10000,source_itemized_county_identity,high,true,县级身份映射；不拆分或重复郡国人口
admin.han140.liangzhou.jiuquan.huishui,geo.region.northwest.china.hexicorridor.centralwestjiuquanoasis.county.huishui,county_identity,140,140,10000,source_itemized_county_identity,high,true,县级身份映射；不拆分或重复郡国人口
admin.han140.liangzhou.jiuquan.shatou,geo.region.northwest.china.hexicorridor.centralwestjiuquanoasis.county.shatou,county_identity,140,140,10000,source_itemized_county_identity,high,true,县级身份映射；不拆分或重复郡国人口
admin.han140.liangzhou.jiuquan.anmi,geo.region.northwest.china.hexicorridor.centralwestjiuquanoasis.county.anmi,county_identity,140,140,10000,source_itemized_county_identity,high,true,县级身份映射；不拆分或重复郡国人口
admin.han140.liangzhou.jiuquan.ganqi,geo.region.northwest.china.hexicorridor.centralwestjiuquanoasis.county.ganqi,county_identity,140,140,10000,source_itemized_county_identity,high,true,县级身份映射；不拆分或重复郡国人口
admin.han140.liangzhou.jiuquan.yanshou,geo.region.northwest.china.hexicorridor.centralwestjiuquanoasis.county.yanshou,county_identity,140,140,10000,source_itemized_county_identity,high,true,县级身份映射；不拆分或重复郡国人口
admin.han140.liangzhou.dunhuang.dunhuang,geo.region.northwest.china.hexicorridor.westdunhuangshulebasin.county.dunhuang,county_identity,140,140,10000,source_itemized_county_identity,high,true,县级身份映射；不拆分或重复郡国人口
admin.han140.liangzhou.dunhuang.mingan,geo.region.northwest.china.hexicorridor.westdunhuangshulebasin.county.mingan,county_identity,140,140,10000,source_itemized_county_identity,high,true,县级身份映射；不拆分或重复郡国人口
admin.han140.liangzhou.dunhuang.xiaogu,geo.region.northwest.china.hexicorridor.westdunhuangshulebasin.county.xiaogu,county_identity,140,140,10000,source_itemized_county_identity,high,true,县级身份映射；不拆分或重复郡国人口
admin.han140.liangzhou.dunhuang.pinquan,geo.region.northwest.china.hexicorridor.westdunhuangshulebasin.county.pinquan,county_identity,140,140,10000,source_itemized_county_identity,high,true,县级身份映射；不拆分或重复郡国人口
admin.han140.liangzhou.dunhuang.yanzhi,geo.region.northwest.china.hexicorridor.westdunhuangshulebasin.county.yanzhi,county_identity,140,140,10000,source_itemized_county_identity,high,true,县级身份映射；不拆分或重复郡国人口
admin.han140.liangzhou.dunhuang.longle,geo.region.northwest.china.hexicorridor.westdunhuangshulebasin.county.longle,county_identity,140,140,10000,source_itemized_county_identity,high,true,县级身份映射；不拆分或重复郡国人口
admin.han140.liangzhou.zhangyeshuguo.houguan,geo.region.northwest.china.hexicorridor.centralnorthfrontiercorridor.county.houguan,county_identity,140,140,10000,source_itemized_county_identity,high,true,县级身份映射；不拆分或重复郡国人口
admin.han140.liangzhou.zhangyeshuguo.zuoqi,geo.region.northwest.china.hexicorridor.centralnorthfrontiercorridor.county.zuoqi,county_identity,140,140,10000,source_itemized_county_identity,high,true,县级身份映射；不拆分或重复郡国人口
admin.han140.liangzhou.zhangyeshuguo.qianren,geo.region.northwest.china.hexicorridor.centralnorthfrontiercorridor.county.qianren,county_identity,140,140,10000,source_itemized_county_identity,high,true,县级身份映射；不拆分或重复郡国人口
admin.han140.liangzhou.zhangyeshuguo.simaguan,geo.region.northwest.china.hexicorridor.centralnorthfrontiercorridor.county.simaguan,county_identity,140,140,10000,source_itemized_county_identity,high,true,县级身份映射；不拆分或重复郡国人口
admin.han140.liangzhou.zhangyeshuguo.qianrenguan,geo.region.northwest.china.hexicorridor.centralnorthfrontiercorridor.county.qianrenguan,county_identity,140,140,10000,source_itemized_county_identity,high,true,县级身份映射；不拆分或重复郡国人口
admin.han140.liangzhou.zhangyejuyanshuguo.juyan,geo.region.northwest.china.juyanblackriverlower.northernterminaloasis.county.juyan,county_identity,140,140,10000,source_itemized_county_identity,high,true,县级身份映射；不拆分或重复郡国人口
admin.han140.bingzhou.shangdang.changzi,geo.region.north.china.taihangshangdang.southwestbasin.county.changzi,county_identity,140,140,10000,source_itemized_county_identity,high,true,县级身份映射；不拆分或重复郡国人口
admin.han140.bingzhou.shangdang.tunliu,geo.region.north.china.taihangshangdang.southwestbasin.county.tunliu,county_identity,140,140,10000,source_itemized_county_identity,high,true,县级身份映射；不拆分或重复郡国人口
admin.han140.bingzhou.shangdang.tongdi,geo.region.north.china.taihangshangdang.southwestbasin.county.tongdi,county_identity,140,140,10000,source_itemized_county_identity,high,true,县级身份映射；不拆分或重复郡国人口
admin.han140.bingzhou.shangdang.zhan,geo.region.north.china.taihangshangdang.southwestbasin.county.zhan,county_identity,140,140,10000,source_itemized_county_identity,high,true,县级身份映射；不拆分或重复郡国人口
admin.han140.bingzhou.shangdang.nie,geo.region.north.china.taihangshangdang.southwestbasin.county.nie,county_identity,140,140,10000,source_itemized_county_identity,high,true,县级身份映射；不拆分或重复郡国人口
admin.han140.bingzhou.shangdang.xiangyuan,geo.region.north.china.taihangshangdang.southwestbasin.county.xiangyuan,county_identity,140,140,10000,source_itemized_county_identity,high,true,县级身份映射；不拆分或重复郡国人口
admin.han140.bingzhou.shangdang.huguan,geo.region.north.china.taihangshangdang.southwestbasin.huguancounty,county_identity,140,140,10000,source_itemized_county_identity,high,true,县级身份映射；不拆分或重复郡国人口
admin.han140.bingzhou.shangdang.xuanshi,geo.region.north.china.taihangshangdang.southwestbasin.county.xuanshi,county_identity,140,140,10000,source_itemized_county_identity,high,true,县级身份映射；不拆分或重复郡国人口
admin.han140.bingzhou.shangdang.gaodu,geo.region.north.china.taihangshangdang.southwestbasin.county.gaodu,county_identity,140,140,10000,source_itemized_county_identity,high,true,县级身份映射；不拆分或重复郡国人口
admin.han140.bingzhou.shangdang.lu,geo.region.north.china.taihangshangdang.southwestbasin.county.lu,county_identity,140,140,10000,source_itemized_county_identity,high,true,县级身份映射；不拆分或重复郡国人口
admin.han140.bingzhou.shangdang.yishi,geo.region.north.china.taihangshangdang.southwestbasin.county.yishi,county_identity,140,140,10000,source_itemized_county_identity,high,true,县级身份映射；不拆分或重复郡国人口
admin.han140.bingzhou.shangdang.yanga,geo.region.north.china.taihangshangdang.southwestbasin.county.yanga,county_identity,140,140,10000,source_itemized_county_identity,high,true,县级身份映射；不拆分或重复郡国人口
admin.han140.bingzhou.shangdang.guyuan,geo.region.north.china.taihangshangdang.southwestbasin.county.guyuan,county_identity,140,140,10000,source_itemized_county_identity,high,true,县级身份映射；不拆分或重复郡国人口
admin.han140.bingzhou.taiyuan.jinyang,geo.region.north.china.fenriverluliang.northcentralbasin.jinyangcounty,county_identity,140,140,10000,source_itemized_county_identity,high,true,县级身份映射；不拆分或重复郡国人口
admin.han140.bingzhou.taiyuan.jiexiu,geo.region.north.china.fenriverluliang.northcentralbasin.county.jiexiu,county_identity,140,140,10000,source_itemized_county_identity,high,true,县级身份映射；不拆分或重复郡国人口
admin.han140.bingzhou.taiyuan.yuci,geo.region.north.china.fenriverluliang.northcentralbasin.county.yuci,county_identity,140,140,10000,source_itemized_county_identity,high,true,县级身份映射；不拆分或重复郡国人口
admin.han140.bingzhou.taiyuan.zhongdu,geo.region.north.china.fenriverluliang.northcentralbasin.county.zhongdu,county_identity,140,140,10000,source_itemized_county_identity,high,true,县级身份映射；不拆分或重复郡国人口
admin.han140.bingzhou.taiyuan.yuchi,geo.region.north.china.fenriverluliang.northcentralbasin.county.yuchi,county_identity,140,140,10000,source_itemized_county_identity,high,true,县级身份映射；不拆分或重复郡国人口
admin.han140.bingzhou.taiyuan.zishi,geo.region.north.china.fenriverluliang.northcentralbasin.county.zishi,county_identity,140,140,10000,source_itemized_county_identity,high,true,县级身份映射；不拆分或重复郡国人口
admin.han140.bingzhou.taiyuan.langmeng,geo.region.north.china.fenriverluliang.northcentralbasin.county.langmeng,county_identity,140,140,10000,source_itemized_county_identity,high,true,县级身份映射；不拆分或重复郡国人口
admin.han140.bingzhou.taiyuan.wu,geo.region.north.china.fenriverluliang.northcentralbasin.county.wu,county_identity,140,140,10000,source_itemized_county_identity,high,true,县级身份映射；不拆分或重复郡国人口
admin.han140.bingzhou.taiyuan.yu,geo.region.north.china.fenriverluliang.northcentralbasin.county.yu,county_identity,140,140,10000,source_itemized_county_identity,high,true,县级身份映射；不拆分或重复郡国人口
admin.han140.bingzhou.taiyuan.pingtao,geo.region.north.china.fenriverluliang.northcentralbasin.county.pingtao,county_identity,140,140,10000,source_itemized_county_identity,high,true,县级身份映射；不拆分或重复郡国人口
admin.han140.bingzhou.taiyuan.jingling,geo.region.north.china.fenriverluliang.northcentralbasin.county.jingling,county_identity,140,140,10000,source_itemized_county_identity,high,true,县级身份映射；不拆分或重复郡国人口
admin.han140.bingzhou.taiyuan.yangqu,geo.region.north.china.fenriverluliang.northcentralbasin.county.yangqu,county_identity,140,140,10000,source_itemized_county_identity,high,true,县级身份映射；不拆分或重复郡国人口
admin.han140.bingzhou.taiyuan.daling,geo.region.north.china.fenriverluliang.northcentralbasin.county.daling,county_identity,140,140,10000,source_itemized_county_identity,high,true,县级身份映射；不拆分或重复郡国人口
admin.han140.bingzhou.taiyuan.qi,geo.region.north.china.fenriverluliang.northcentralbasin.county.qi,county_identity,140,140,10000,source_itemized_county_identity,high,true,县级身份映射；不拆分或重复郡国人口
admin.han140.bingzhou.taiyuan.lusi,geo.region.north.china.fenriverluliang.northcentralbasin.county.lusi,county_identity,140,140,10000,source_itemized_county_identity,high,true,县级身份映射；不拆分或重复郡国人口
admin.han140.bingzhou.taiyuan.yangyi,geo.region.north.china.fenriverluliang.northcentralbasin.county.yangyi,county_identity,140,140,10000,source_itemized_county_identity,high,true,县级身份映射；不拆分或重复郡国人口
admin.han140.bingzhou.shang.fushi,geo.region.northwest.china.northshaanxiloess.northeastwudinghills.county.fushi,county_identity,140,140,10000,source_itemized_county_identity,high,true,县级身份映射；不拆分或重复郡国人口
admin.han140.bingzhou.shang.baitu,geo.region.northwest.china.northshaanxiloess.northeastwudinghills.county.baitu,county_identity,140,140,10000,source_itemized_county_identity,high,true,县级身份映射；不拆分或重复郡国人口
admin.han140.bingzhou.shang.qiyuan,geo.region.northwest.china.northshaanxiloess.northeastwudinghills.county.qiyuan,county_identity,140,140,10000,source_itemized_county_identity,high,true,县级身份映射；不拆分或重复郡国人口
admin.han140.bingzhou.shang.sheyan,geo.region.northwest.china.northshaanxiloess.northeastwudinghills.county.sheyan,county_identity,140,140,10000,source_itemized_county_identity,high,true,县级身份映射；不拆分或重复郡国人口
admin.han140.bingzhou.shang.diaoyin,geo.region.northwest.china.northshaanxiloess.northeastwudinghills.county.diaoyin,county_identity,140,140,10000,source_itemized_county_identity,high,true,县级身份映射；不拆分或重复郡国人口
admin.han140.bingzhou.shang.zhenlin,geo.region.northwest.china.northshaanxiloess.northeastwudinghills.county.zhenlin,county_identity,140,140,10000,source_itemized_county_identity,high,true,县级身份映射；不拆分或重复郡国人口
admin.han140.bingzhou.shang.dingyang,geo.region.northwest.china.northshaanxiloess.northeastwudinghills.county.dingyang,county_identity,140,140,10000,source_itemized_county_identity,high,true,县级身份映射；不拆分或重复郡国人口
admin.han140.bingzhou.shang.gaonu,geo.region.northwest.china.northshaanxiloess.northeastwudinghills.county.gaonu,county_identity,140,140,10000,source_itemized_county_identity,high,true,县级身份映射；不拆分或重复郡国人口
admin.han140.bingzhou.shang.guizi,geo.region.northwest.china.northshaanxiloess.northeastwudinghills.county.guizi,county_identity,140,140,10000,source_itemized_county_identity,high,true,县级身份映射；不拆分或重复郡国人口
admin.han140.bingzhou.shang.houguan,geo.region.northwest.china.northshaanxiloess.northeastwudinghills.county.houguan,county_identity,140,140,10000,source_itemized_county_identity,high,true,县级身份映射；不拆分或重复郡国人口
admin.han140.bingzhou.xihe.chishi,geo.region.north.china.fenriverluliang.westernluliangyellowvalleys.county.chishi,county_identity,140,140,10000,source_itemized_county_identity,high,true,县级身份映射；不拆分或重复郡国人口
admin.han140.bingzhou.xihe.pingding,geo.region.north.china.fenriverluliang.westernluliangyellowvalleys.county.pingding,county_identity,140,140,10000,source_itemized_county_identity,high,true,县级身份映射；不拆分或重复郡国人口
admin.han140.bingzhou.xihe.meiji,geo.region.north.china.fenriverluliang.westernluliangyellowvalleys.county.meiji,county_identity,140,140,10000,source_itemized_county_identity,high,true,县级身份映射；不拆分或重复郡国人口
admin.han140.bingzhou.xihe.lejie,geo.region.north.china.fenriverluliang.westernluliangyellowvalleys.county.lejie,county_identity,140,140,10000,source_itemized_county_identity,high,true,县级身份映射；不拆分或重复郡国人口
admin.han140.bingzhou.xihe.zhongyang,geo.region.north.china.fenriverluliang.westernluliangyellowvalleys.county.zhongyang,county_identity,140,140,10000,source_itemized_county_identity,high,true,县级身份映射；不拆分或重复郡国人口
admin.han140.bingzhou.xihe.gaolang,geo.region.north.china.fenriverluliang.westernluliangyellowvalleys.county.gaolang,county_identity,140,140,10000,source_itemized_county_identity,high,true,县级身份映射；不拆分或重复郡国人口
admin.han140.bingzhou.xihe.pingzhou,geo.region.north.china.fenriverluliang.westernluliangyellowvalleys.county.pingzhou,county_identity,140,140,10000,source_itemized_county_identity,high,true,县级身份映射；不拆分或重复郡国人口
admin.han140.bingzhou.xihe.pinglu,geo.region.north.china.fenriverluliang.westernluliangyellowvalleys.county.pinglu,county_identity,140,140,10000,source_itemized_county_identity,high,true,县级身份映射；不拆分或重复郡国人口
admin.han140.bingzhou.xihe.yilan,geo.region.north.china.fenriverluliang.westernluliangyellowvalleys.county.yilan,county_identity,140,140,10000,source_itemized_county_identity,high,true,县级身份映射；不拆分或重复郡国人口
admin.han140.bingzhou.xihe.yuanyin,geo.region.north.china.fenriverluliang.westernluliangyellowvalleys.county.yuanyin,county_identity,140,140,10000,source_itemized_county_identity,high,true,县级身份映射；不拆分或重复郡国人口
admin.han140.bingzhou.xihe.lin,geo.region.north.china.fenriverluliang.westernluliangyellowvalleys.county.lin,county_identity,140,140,10000,source_itemized_county_identity,high,true,县级身份映射；不拆分或重复郡国人口
admin.han140.bingzhou.xihe.yuanyang,geo.region.north.china.fenriverluliang.westernluliangyellowvalleys.county.yuanyang,county_identity,140,140,10000,source_itemized_county_identity,high,true,县级身份映射；不拆分或重复郡国人口
admin.han140.bingzhou.xihe.yanyan,geo.region.north.china.fenriverluliang.westernluliangyellowvalleys.county.yanyan,county_identity,140,140,10000,source_itemized_county_identity,high,true,县级身份映射；不拆分或重复郡国人口
admin.han140.bingzhou.wuyuan.jiuyuan,geo.region.north.china.hetaoyellowbend.northcentraloasisplain.county.jiuyuan,county_identity,140,140,10000,source_itemized_county_identity,high,true,县级身份映射；不拆分或重复郡国人口
admin.han140.bingzhou.wuyuan.wuyuan,geo.region.north.china.hetaoyellowbend.northcentraloasisplain.county.wuyuan,county_identity,140,140,10000,source_itemized_county_identity,high,true,县级身份映射；不拆分或重复郡国人口
admin.han140.bingzhou.wuyuan.linwo,geo.region.north.china.hetaoyellowbend.northcentraloasisplain.county.linwo,county_identity,140,140,10000,source_itemized_county_identity,high,true,县级身份映射；不拆分或重复郡国人口
admin.han140.bingzhou.wuyuan.wenguo,geo.region.north.china.hetaoyellowbend.northcentraloasisplain.county.wenguo,county_identity,140,140,10000,source_itemized_county_identity,high,true,县级身份映射；不拆分或重复郡国人口
admin.han140.bingzhou.wuyuan.heyin,geo.region.north.china.hetaoyellowbend.northcentraloasisplain.county.heyin,county_identity,140,140,10000,source_itemized_county_identity,high,true,县级身份映射；不拆分或重复郡国人口
admin.han140.bingzhou.wuyuan.wudu,geo.region.north.china.hetaoyellowbend.northcentraloasisplain.county.wudu,county_identity,140,140,10000,source_itemized_county_identity,high,true,县级身份映射；不拆分或重复郡国人口
admin.han140.bingzhou.wuyuan.yiliang,geo.region.north.china.hetaoyellowbend.northcentraloasisplain.county.yiliang,county_identity,140,140,10000,source_itemized_county_identity,high,true,县级身份映射；不拆分或重复郡国人口
admin.han140.bingzhou.wuyuan.manbo,geo.region.north.china.hetaoyellowbend.northcentraloasisplain.county.manbo,county_identity,140,140,10000,source_itemized_county_identity,high,true,县级身份映射；不拆分或重复郡国人口
admin.han140.bingzhou.wuyuan.chengyi,geo.region.north.china.hetaoyellowbend.northcentraloasisplain.county.chengyi,county_identity,140,140,10000,source_itemized_county_identity,high,true,县级身份映射；不拆分或重复郡国人口
admin.han140.bingzhou.wuyuan.xian,geo.region.north.china.hetaoyellowbend.northcentraloasisplain.county.xian,county_identity,140,140,10000,source_itemized_county_identity,high,true,县级身份映射；不拆分或重复郡国人口
admin.han140.bingzhou.yunzhong.yunzhong,geo.region.north.china.yinshansouth.southeasttumochuanplain.county.yunzhong,county_identity,140,140,10000,source_itemized_county_identity,high,true,县级身份映射；不拆分或重复郡国人口
admin.han140.bingzhou.yunzhong.xianyang,geo.region.north.china.yinshansouth.southeasttumochuanplain.county.xianyang,county_identity,140,140,10000,source_itemized_county_identity,high,true,县级身份映射；不拆分或重复郡国人口
admin.han140.bingzhou.yunzhong.jiling,geo.region.north.china.yinshansouth.southeasttumochuanplain.county.jiling,county_identity,140,140,10000,source_itemized_county_identity,high,true,县级身份映射；不拆分或重复郡国人口
admin.han140.bingzhou.yunzhong.shaling,geo.region.north.china.yinshansouth.southeasttumochuanplain.county.shaling,county_identity,140,140,10000,source_itemized_county_identity,high,true,县级身份映射；不拆分或重复郡国人口
admin.han140.bingzhou.yunzhong.shanan,geo.region.north.china.yinshansouth.southeasttumochuanplain.county.shanan,county_identity,140,140,10000,source_itemized_county_identity,high,true,县级身份映射；不拆分或重复郡国人口
admin.han140.bingzhou.yunzhong.beiyu,geo.region.north.china.yinshansouth.southeasttumochuanplain.county.beiyu,county_identity,140,140,10000,source_itemized_county_identity,high,true,县级身份映射；不拆分或重复郡国人口
admin.han140.bingzhou.yunzhong.wuquan,geo.region.north.china.yinshansouth.southeasttumochuanplain.county.wuquan,county_identity,140,140,10000,source_itemized_county_identity,high,true,县级身份映射；不拆分或重复郡国人口
admin.han140.bingzhou.yunzhong.yuanyang,geo.region.north.china.yinshansouth.southeasttumochuanplain.county.yuanyang,county_identity,140,140,10000,source_itemized_county_identity,high,true,县级身份映射；不拆分或重复郡国人口
admin.han140.bingzhou.yunzhong.dingxiang,geo.region.north.china.yinshansouth.southeasttumochuanplain.county.dingxiang,county_identity,140,140,10000,source_itemized_county_identity,high,true,县级身份映射；不拆分或重复郡国人口
admin.han140.bingzhou.yunzhong.chengle,geo.region.north.china.yinshansouth.southeasttumochuanplain.county.chengle,county_identity,140,140,10000,source_itemized_county_identity,high,true,县级身份映射；不拆分或重复郡国人口
admin.han140.bingzhou.yunzhong.wujin,geo.region.north.china.yinshansouth.southeasttumochuanplain.county.wujin,county_identity,140,140,10000,source_itemized_county_identity,high,true,县级身份映射；不拆分或重复郡国人口
admin.han140.bingzhou.dingxiang.shanwu,geo.region.north.china.yinshansouth.southcentralfoothillplain.county.shanwu,county_identity,140,140,10000,source_itemized_county_identity,high,true,县级身份映射；不拆分或重复郡国人口
admin.han140.bingzhou.dingxiang.tongguo,geo.region.north.china.yinshansouth.southcentralfoothillplain.county.tongguo,county_identity,140,140,10000,source_itemized_county_identity,high,true,县级身份映射；不拆分或重复郡国人口
admin.han140.bingzhou.dingxiang.wucheng,geo.region.north.china.yinshansouth.southcentralfoothillplain.county.wucheng,county_identity,140,140,10000,source_itemized_county_identity,high,true,县级身份映射；不拆分或重复郡国人口
admin.han140.bingzhou.dingxiang.luo,geo.region.north.china.yinshansouth.southcentralfoothillplain.county.luo,county_identity,140,140,10000,source_itemized_county_identity,high,true,县级身份映射；不拆分或重复郡国人口
admin.han140.bingzhou.dingxiang.zhongling,geo.region.north.china.yinshansouth.southcentralfoothillplain.county.zhongling,county_identity,140,140,10000,source_itemized_county_identity,high,true,县级身份映射；不拆分或重复郡国人口
admin.han140.bingzhou.yanmen.yinguan,geo.region.north.china.yanmensanggan.centraldatongbasin.county.yinguan,county_identity,140,140,10000,source_itemized_county_identity,high,true,县级身份映射；不拆分或重复郡国人口
admin.han140.bingzhou.yanmen.fanzhi,geo.region.north.china.yanmensanggan.centraldatongbasin.county.fanzhi,county_identity,140,140,10000,source_itemized_county_identity,high,true,县级身份映射；不拆分或重复郡国人口
admin.han140.bingzhou.yanmen.loufan,geo.region.north.china.yanmensanggan.centraldatongbasin.county.loufan,county_identity,140,140,10000,source_itemized_county_identity,high,true,县级身份映射；不拆分或重复郡国人口
admin.han140.bingzhou.yanmen.wuzhou,geo.region.north.china.yanmensanggan.centraldatongbasin.county.wuzhou,county_identity,140,140,10000,source_itemized_county_identity,high,true,县级身份映射；不拆分或重复郡国人口
admin.han140.bingzhou.yanmen.wangtao,geo.region.north.china.yanmensanggan.centraldatongbasin.county.wangtao,county_identity,140,140,10000,source_itemized_county_identity,high,true,县级身份映射；不拆分或重复郡国人口
admin.han140.bingzhou.yanmen.juyang,geo.region.north.china.yanmensanggan.centraldatongbasin.county.juyang,county_identity,140,140,10000,source_itemized_county_identity,high,true,县级身份映射；不拆分或重复郡国人口
admin.han140.bingzhou.yanmen.guo,geo.region.north.china.yanmensanggan.centraldatongbasin.county.guo,county_identity,140,140,10000,source_itemized_county_identity,high,true,县级身份映射；不拆分或重复郡国人口
admin.han140.bingzhou.yanmen.pingcheng,geo.region.north.china.yanmensanggan.centraldatongbasin.county.pingcheng,county_identity,140,140,10000,source_itemized_county_identity,high,true,县级身份映射；不拆分或重复郡国人口
admin.han140.bingzhou.yanmen.lei,geo.region.north.china.yanmensanggan.centraldatongbasin.county.lei,county_identity,140,140,10000,source_itemized_county_identity,high,true,县级身份映射；不拆分或重复郡国人口
admin.han140.bingzhou.yanmen.mayi,geo.region.north.china.yanmensanggan.centraldatongbasin.county.mayi,county_identity,140,140,10000,source_itemized_county_identity,high,true,县级身份映射；不拆分或重复郡国人口
admin.han140.bingzhou.yanmen.lucheng,geo.region.north.china.yanmensanggan.centraldatongbasin.county.lucheng,county_identity,140,140,10000,source_itemized_county_identity,high,true,县级身份映射；不拆分或重复郡国人口
admin.han140.bingzhou.yanmen.yanwu,geo.region.north.china.yanmensanggan.centraldatongbasin.county.yanwu,county_identity,140,140,10000,source_itemized_county_identity,high,true,县级身份映射；不拆分或重复郡国人口
admin.han140.bingzhou.yanmen.yuanping,geo.region.north.china.yanmensanggan.centraldatongbasin.county.yuanping,county_identity,140,140,10000,source_itemized_county_identity,high,true,县级身份映射；不拆分或重复郡国人口
admin.han140.bingzhou.yanmen.qiangyin,geo.region.north.china.yanmensanggan.centraldatongbasin.county.qiangyin,county_identity,140,140,10000,source_itemized_county_identity,high,true,县级身份映射；不拆分或重复郡国人口
admin.han140.bingzhou.shuofang.linrong,geo.region.north.china.hetaoyellowbend.southwestyellowriverplain.county.linrong,county_identity,140,140,10000,source_itemized_county_identity,high,true,县级身份映射；不拆分或重复郡国人口
admin.han140.bingzhou.shuofang.sanfeng,geo.region.north.china.hetaoyellowbend.southwestyellowriverplain.county.sanfeng,county_identity,140,140,10000,source_itemized_county_identity,high,true,县级身份映射；不拆分或重复郡国人口
admin.han140.bingzhou.shuofang.shuofang,geo.region.north.china.hetaoyellowbend.southwestyellowriverplain.county.shuofang,county_identity,140,140,10000,source_itemized_county_identity,high,true,县级身份映射；不拆分或重复郡国人口
admin.han140.bingzhou.shuofang.woye,geo.region.north.china.hetaoyellowbend.southwestyellowriverplain.county.woye,county_identity,140,140,10000,source_itemized_county_identity,high,true,县级身份映射；不拆分或重复郡国人口
admin.han140.bingzhou.shuofang.yanmu,geo.region.north.china.hetaoyellowbend.southwestyellowriverplain.county.yanmu,county_identity,140,140,10000,source_itemized_county_identity,high,true,县级身份映射；不拆分或重复郡国人口
admin.han140.bingzhou.shuofang.dacheng,geo.region.north.china.hetaoyellowbend.southwestyellowriverplain.county.dacheng,county_identity,140,140,10000,source_itemized_county_identity,high,true,县级身份映射；不拆分或重复郡国人口
admin.han140.youzhou.zhuo.zhuo,geo.region.north.china.hebei.northwestplain.zhuocounty,county_identity,140,140,10000,source_itemized_county_identity,high,true,县级身份映射；不拆分或重复郡国人口
admin.han140.youzhou.zhuo.nai,geo.region.north.china.hebei.northwestplain.county.nai,county_identity,140,140,10000,source_itemized_county_identity,high,true,县级身份映射；不拆分或重复郡国人口
admin.han140.youzhou.zhuo.guan,geo.region.north.china.hebei.northwestplain.county.guan,county_identity,140,140,10000,source_itemized_county_identity,high,true,县级身份映射；不拆分或重复郡国人口
admin.han140.youzhou.zhuo.fanyang,geo.region.north.china.hebei.northwestplain.county.fanyang,county_identity,140,140,10000,source_itemized_county_identity,high,true,县级身份映射；不拆分或重复郡国人口
admin.han140.youzhou.zhuo.liangxiang,geo.region.north.china.hebei.northwestplain.county.liangxiang,county_identity,140,140,10000,source_itemized_county_identity,high,true,县级身份映射；不拆分或重复郡国人口
admin.han140.youzhou.zhuo.beixincheng,geo.region.north.china.hebei.northwestplain.county.beixincheng,county_identity,140,140,10000,source_itemized_county_identity,high,true,县级身份映射；不拆分或重复郡国人口
admin.han140.youzhou.zhuo.fangcheng,geo.region.north.china.hebei.northwestplain.county.fangcheng,county_identity,140,140,10000,source_itemized_county_identity,high,true,县级身份映射；不拆分或重复郡国人口
admin.han140.youzhou.guangyang.ji,geo.region.north.china.hebei.northcentralplain.jicounty,county_identity,140,140,10000,source_itemized_county_identity,high,true,县级身份映射；不拆分或重复郡国人口
admin.han140.youzhou.guangyang.yanyang,geo.region.north.china.hebei.northcentralplain.county.yanyang,county_identity,140,140,10000,source_itemized_county_identity,high,true,县级身份映射；不拆分或重复郡国人口
admin.han140.youzhou.guangyang.changping,geo.region.north.china.hebei.northcentralplain.county.changping,county_identity,140,140,10000,source_itemized_county_identity,high,true,县级身份映射；不拆分或重复郡国人口
admin.han140.youzhou.guangyang.jundu,geo.region.north.china.hebei.northcentralplain.county.jundu,county_identity,140,140,10000,source_itemized_county_identity,high,true,县级身份映射；不拆分或重复郡国人口
admin.han140.youzhou.guangyang.anci,geo.region.north.china.hebei.northcentralplain.county.anci,county_identity,140,140,10000,source_itemized_county_identity,high,true,县级身份映射；不拆分或重复郡国人口
admin.han140.youzhou.dai.gaoliu,geo.region.north.china.yanbeigreatwall.westernbasin.county.gaoliu,county_identity,140,140,10000,source_itemized_county_identity,high,true,县级身份映射；不拆分或重复郡国人口
admin.han140.youzhou.dai.sanggan,geo.region.north.china.yanbeigreatwall.westernbasin.county.sanggan,county_identity,140,140,10000,source_itemized_county_identity,high,true,县级身份映射；不拆分或重复郡国人口
admin.han140.youzhou.dai.daoren,geo.region.north.china.yanbeigreatwall.westernbasin.county.daoren,county_identity,140,140,10000,source_itemized_county_identity,high,true,县级身份映射；不拆分或重复郡国人口
admin.han140.youzhou.dai.dangcheng,geo.region.north.china.yanbeigreatwall.westernbasin.county.dangcheng,county_identity,140,140,10000,source_itemized_county_identity,high,true,县级身份映射；不拆分或重复郡国人口
admin.han140.youzhou.dai.macheng,geo.region.north.china.yanbeigreatwall.westernbasin.county.macheng,county_identity,140,140,10000,source_itemized_county_identity,high,true,县级身份映射；不拆分或重复郡国人口
admin.han140.youzhou.dai.banshi,geo.region.north.china.yanbeigreatwall.westernbasin.county.banshi,county_identity,140,140,10000,source_itemized_county_identity,high,true,县级身份映射；不拆分或重复郡国人口
admin.han140.youzhou.dai.nishi,geo.region.north.china.yanbeigreatwall.westernbasin.county.nishi,county_identity,140,140,10000,source_itemized_county_identity,high,true,县级身份映射；不拆分或重复郡国人口
admin.han140.youzhou.dai.beipingyi,geo.region.north.china.yanbeigreatwall.westernbasin.county.beipingyi,county_identity,140,140,10000,source_itemized_county_identity,high,true,县级身份映射；不拆分或重复郡国人口
admin.han140.youzhou.dai.donganyang,geo.region.north.china.yanbeigreatwall.westernbasin.county.donganyang,county_identity,140,140,10000,source_itemized_county_identity,high,true,县级身份映射；不拆分或重复郡国人口
admin.han140.youzhou.dai.pingshu,geo.region.north.china.yanbeigreatwall.westernbasin.county.pingshu,county_identity,140,140,10000,source_itemized_county_identity,high,true,县级身份映射；不拆分或重复郡国人口
admin.han140.youzhou.dai.dai,geo.region.north.china.yanbeigreatwall.westernbasin.county.dai,county_identity,140,140,10000,source_itemized_county_identity,high,true,县级身份映射；不拆分或重复郡国人口
admin.han140.youzhou.shanggu.juyang,geo.region.north.china.yanbeigreatwall.easternmountainbasin.county.juyang,county_identity,140,140,10000,source_itemized_county_identity,high,true,县级身份映射；不拆分或重复郡国人口
admin.han140.youzhou.shanggu.pan,geo.region.north.china.yanbeigreatwall.easternmountainbasin.county.pan,county_identity,140,140,10000,source_itemized_county_identity,high,true,县级身份映射；不拆分或重复郡国人口
admin.han140.youzhou.shanggu.ning,geo.region.north.china.yanbeigreatwall.easternmountainbasin.county.ning,county_identity,140,140,10000,source_itemized_county_identity,high,true,县级身份映射；不拆分或重复郡国人口
admin.han140.youzhou.shanggu.yanning,geo.region.north.china.yanbeigreatwall.easternmountainbasin.county.yanning,county_identity,140,140,10000,source_itemized_county_identity,high,true,县级身份映射；不拆分或重复郡国人口
admin.han140.youzhou.shanggu.juyong,geo.region.north.china.yanbeigreatwall.easternmountainbasin.county.juyong,county_identity,140,140,10000,source_itemized_county_identity,high,true,县级身份映射；不拆分或重复郡国人口
admin.han140.youzhou.shanggu.goumou,geo.region.north.china.yanbeigreatwall.easternmountainbasin.county.goumou,county_identity,140,140,10000,source_itemized_county_identity,high,true,县级身份映射；不拆分或重复郡国人口
admin.han140.youzhou.shanggu.zhuolu,geo.region.north.china.yanbeigreatwall.easternmountainbasin.county.zhuolu,county_identity,140,140,10000,source_itemized_county_identity,high,true,县级身份映射；不拆分或重复郡国人口
admin.han140.youzhou.shanggu.xialuo,geo.region.north.china.yanbeigreatwall.easternmountainbasin.county.xialuo,county_identity,140,140,10000,source_itemized_county_identity,high,true,县级身份映射；不拆分或重复郡国人口
admin.han140.youzhou.yuyang.yuyang,geo.region.north.china.yanshanliaoxi.southwestplain.county.yuyang,county_identity,140,140,10000,source_itemized_county_identity,high,true,县级身份映射；不拆分或重复郡国人口
admin.han140.youzhou.yuyang.hunu,geo.region.north.china.yanshanliaoxi.southwestplain.county.hunu,county_identity,140,140,10000,source_itemized_county_identity,high,true,县级身份映射；不拆分或重复郡国人口
admin.han140.youzhou.yuyang.lu,geo.region.north.china.yanshanliaoxi.southwestplain.county.lu,county_identity,140,140,10000,source_itemized_county_identity,high,true,县级身份映射；不拆分或重复郡国人口
admin.han140.youzhou.yuyang.yongnu,geo.region.north.china.yanshanliaoxi.southwestplain.county.yongnu,county_identity,140,140,10000,source_itemized_county_identity,high,true,县级身份映射；不拆分或重复郡国人口
admin.han140.youzhou.yuyang.quanzhou,geo.region.north.china.yanshanliaoxi.southwestplain.county.quanzhou,county_identity,140,140,10000,source_itemized_county_identity,high,true,县级身份映射；不拆分或重复郡国人口
admin.han140.youzhou.yuyang.pinggu,geo.region.north.china.yanshanliaoxi.southwestplain.county.pinggu,county_identity,140,140,10000,source_itemized_county_identity,high,true,县级身份映射；不拆分或重复郡国人口
admin.han140.youzhou.yuyang.anle,geo.region.north.china.yanshanliaoxi.southwestplain.county.anle,county_identity,140,140,10000,source_itemized_county_identity,high,true,县级身份映射；不拆分或重复郡国人口
admin.han140.youzhou.yuyang.zhixi,geo.region.north.china.yanshanliaoxi.southwestplain.county.zhixi,county_identity,140,140,10000,source_itemized_county_identity,high,true,县级身份映射；不拆分或重复郡国人口
admin.han140.youzhou.yuyang.guangping,geo.region.north.china.yanshanliaoxi.southwestplain.county.guangping,county_identity,140,140,10000,source_itemized_county_identity,high,true,县级身份映射；不拆分或重复郡国人口
admin.han140.youzhou.youbeiping.tuyin,geo.region.north.china.yanshanliaoxi.centralfoothillplain.tuyincounty,county_identity,140,140,10000,source_itemized_county_identity,high,true,县级身份映射；不拆分或重复郡国人口
admin.han140.youzhou.youbeiping.xuwu,geo.region.north.china.yanshanliaoxi.centralfoothillplain.county.xuwu,county_identity,140,140,10000,source_itemized_county_identity,high,true,县级身份映射；不拆分或重复郡国人口
admin.han140.youzhou.youbeiping.junmi,geo.region.north.china.yanshanliaoxi.centralfoothillplain.county.junmi,county_identity,140,140,10000,source_itemized_county_identity,high,true,县级身份映射；不拆分或重复郡国人口
admin.han140.youzhou.youbeiping.wuzhong,geo.region.north.china.yanshanliaoxi.centralfoothillplain.county.wuzhong,county_identity,140,140,10000,source_itemized_county_identity,high,true,县级身份映射；不拆分或重复郡国人口
admin.han140.youzhou.liaoxi.yangle,geo.region.north.china.yanshanliaoxi.northeastcorridor.county.yangle,county_identity,140,140,10000,source_itemized_county_identity,high,true,县级身份映射；不拆分或重复郡国人口
admin.han140.youzhou.liaoxi.haiyang,geo.region.north.china.yanshanliaoxi.northeastcorridor.county.haiyang,county_identity,140,140,10000,source_itemized_county_identity,high,true,县级身份映射；不拆分或重复郡国人口
admin.han140.youzhou.liaoxi.lingzhi,geo.region.north.china.yanshanliaoxi.northeastcorridor.county.lingzhi,county_identity,140,140,10000,source_itemized_county_identity,high,true,县级身份映射；不拆分或重复郡国人口
admin.han140.youzhou.liaoxi.feiru,geo.region.north.china.yanshanliaoxi.northeastcorridor.county.feiru,county_identity,140,140,10000,source_itemized_county_identity,high,true,县级身份映射；不拆分或重复郡国人口
admin.han140.youzhou.liaoxi.linyu,geo.region.north.china.yanshanliaoxi.northeastcorridor.county.linyu,county_identity,140,140,10000,source_itemized_county_identity,high,true,县级身份映射；不拆分或重复郡国人口
admin.han140.youzhou.liaodong.xiangping,geo.region.northeast.asia.liaodongkoreanorth.liaoheriverplain.xiangpingcounty,county_identity,140,140,10000,source_itemized_county_identity,high,true,县级身份映射；不拆分或重复郡国人口
admin.han140.youzhou.liaodong.xinchang,geo.region.northeast.asia.liaodongkoreanorth.liaoheriverplain.county.xinchang,county_identity,140,140,10000,source_itemized_county_identity,high,true,县级身份映射；不拆分或重复郡国人口
admin.han140.youzhou.liaodong.wulu,geo.region.northeast.asia.liaodongkoreanorth.liaoheriverplain.county.wulu,county_identity,140,140,10000,source_itemized_county_identity,high,true,县级身份映射；不拆分或重复郡国人口
admin.han140.youzhou.liaodong.wangping,geo.region.northeast.asia.liaodongkoreanorth.liaoheriverplain.county.wangping,county_identity,140,140,10000,source_itemized_county_identity,high,true,县级身份映射；不拆分或重复郡国人口
admin.han140.youzhou.liaodong.houcheng,geo.region.northeast.asia.liaodongkoreanorth.liaoheriverplain.county.houcheng,county_identity,140,140,10000,source_itemized_county_identity,high,true,县级身份映射；不拆分或重复郡国人口
admin.han140.youzhou.liaodong.anfu,geo.region.northeast.asia.liaodongkoreanorth.liaoheriverplain.county.anfu,county_identity,140,140,10000,source_itemized_county_identity,high,true,县级身份映射；不拆分或重复郡国人口
admin.han140.youzhou.liaodong.pingguo,geo.region.northeast.asia.liaodongkoreanorth.liaoheriverplain.county.pingguo,county_identity,140,140,10000,source_itemized_county_identity,high,true,县级身份映射；不拆分或重复郡国人口
admin.han140.youzhou.liaodong.xianping,geo.region.northeast.asia.liaodongkoreanorth.liaoheriverplain.county.xianping,county_identity,140,140,10000,source_itemized_county_identity,high,true,县级身份映射；不拆分或重复郡国人口
admin.han140.youzhou.liaodong.wen,geo.region.northeast.asia.liaodongkoreanorth.liaoheriverplain.county.wen,county_identity,140,140,10000,source_itemized_county_identity,high,true,县级身份映射；不拆分或重复郡国人口
admin.han140.youzhou.liaodong.fanhan,geo.region.northeast.asia.liaodongkoreanorth.liaoheriverplain.county.fanhan,county_identity,140,140,10000,source_itemized_county_identity,high,true,县级身份映射；不拆分或重复郡国人口
admin.han140.youzhou.liaodong.tashi,geo.region.northeast.asia.liaodongkoreanorth.liaoheriverplain.county.tashi,county_identity,140,140,10000,source_itemized_county_identity,high,true,县级身份映射；不拆分或重复郡国人口
admin.han140.youzhou.xuantu.gaojuli,geo.region.northeast.asia.liaodongkoreanorth.easternmountainfrontier.county.gaojuli,county_identity,140,140,10000,source_itemized_county_identity,high,true,县级身份映射；不拆分或重复郡国人口
admin.han140.youzhou.xuantu.xigaima,geo.region.northeast.asia.liaodongkoreanorth.easternmountainfrontier.county.xigaima,county_identity,140,140,10000,source_itemized_county_identity,high,true,县级身份映射；不拆分或重复郡国人口
admin.han140.youzhou.xuantu.shangyintai,geo.region.northeast.asia.liaodongkoreanorth.easternmountainfrontier.county.shangyintai,county_identity,140,140,10000,source_itemized_county_identity,high,true,县级身份映射；不拆分或重复郡国人口
admin.han140.youzhou.xuantu.gaoxian,geo.region.northeast.asia.liaodongkoreanorth.easternmountainfrontier.county.gaoxian,county_identity,140,140,10000,source_itemized_county_identity,high,true,县级身份映射；不拆分或重复郡国人口
admin.han140.youzhou.xuantu.houcheng,geo.region.northeast.asia.liaodongkoreanorth.easternmountainfrontier.county.houcheng,county_identity,140,140,10000,source_itemized_county_identity,high,true,县级身份映射；不拆分或重复郡国人口
admin.han140.youzhou.xuantu.liaoyang,geo.region.northeast.asia.liaodongkoreanorth.easternmountainfrontier.county.liaoyang,county_identity,140,140,10000,source_itemized_county_identity,high,true,县级身份映射；不拆分或重复郡国人口
admin.han140.youzhou.lelang.chaoxian,geo.region.northeast.asia.liaodongkoreanorth.koreanorthwestplain.chaoxiancounty,county_identity,140,140,10000,source_itemized_county_identity,high,true,县级身份映射；不拆分或重复郡国人口
admin.han140.youzhou.lelang.u279a6,geo.region.northeast.asia.liaodongkoreanorth.koreanorthwestplain.county.u279a6,county_identity,140,140,10000,source_itemized_county_identity,high,true,县级身份映射；不拆分或重复郡国人口
admin.han140.youzhou.lelang.peishui,geo.region.northeast.asia.liaodongkoreanorth.koreanorthwestplain.county.peishui,county_identity,140,140,10000,source_itemized_county_identity,high,true,县级身份映射；不拆分或重复郡国人口
admin.han140.youzhou.lelang.hanzi,geo.region.northeast.asia.liaodongkoreanorth.koreanorthwestplain.county.hanzi,county_identity,140,140,10000,source_itemized_county_identity,high,true,县级身份映射；不拆分或重复郡国人口
admin.han140.youzhou.lelang.zhanchan,geo.region.northeast.asia.liaodongkoreanorth.koreanorthwestplain.county.zhanchan,county_identity,140,140,10000,source_itemized_county_identity,high,true,县级身份映射；不拆分或重复郡国人口
admin.han140.youzhou.lelang.suicheng,geo.region.northeast.asia.liaodongkoreanorth.koreanorthwestplain.county.suicheng,county_identity,140,140,10000,source_itemized_county_identity,high,true,县级身份映射；不拆分或重复郡国人口
admin.han140.youzhou.lelang.zengdi,geo.region.northeast.asia.liaodongkoreanorth.koreanorthwestplain.county.zengdi,county_identity,140,140,10000,source_itemized_county_identity,high,true,县级身份映射；不拆分或重复郡国人口
admin.han140.youzhou.lelang.daifang,geo.region.northeast.asia.liaodongkoreanorth.koreanorthwestplain.county.daifang,county_identity,140,140,10000,source_itemized_county_identity,high,true,县级身份映射；不拆分或重复郡国人口
admin.han140.youzhou.lelang.siwang,geo.region.northeast.asia.liaodongkoreanorth.koreanorthwestplain.county.siwang,county_identity,140,140,10000,source_itemized_county_identity,high,true,县级身份映射；不拆分或重复郡国人口
admin.han140.youzhou.lelang.haiming,geo.region.northeast.asia.liaodongkoreanorth.koreanorthwestplain.county.haiming,county_identity,140,140,10000,source_itemized_county_identity,high,true,县级身份映射；不拆分或重复郡国人口
admin.han140.youzhou.lelang.liekou,geo.region.northeast.asia.liaodongkoreanorth.koreanorthwestplain.county.liekou,county_identity,140,140,10000,source_itemized_county_identity,high,true,县级身份映射；不拆分或重复郡国人口
admin.han140.youzhou.lelang.changcen,geo.region.northeast.asia.liaodongkoreanorth.koreanorthwestplain.county.changcen,county_identity,140,140,10000,source_itemized_county_identity,high,true,县级身份映射；不拆分或重复郡国人口
admin.han140.youzhou.lelang.tun,geo.region.northeast.asia.liaodongkoreanorth.koreanorthwestplain.county.tun,county_identity,140,140,10000,source_itemized_county_identity,high,true,县级身份映射；不拆分或重复郡国人口
admin.han140.youzhou.lelang.zhaoming,geo.region.northeast.asia.liaodongkoreanorth.koreanorthwestplain.county.zhaoming,county_identity,140,140,10000,source_itemized_county_identity,high,true,县级身份映射；不拆分或重复郡国人口
admin.han140.youzhou.lelang.loufang,geo.region.northeast.asia.liaodongkoreanorth.koreanorthwestplain.county.loufang,county_identity,140,140,10000,source_itemized_county_identity,high,true,县级身份映射；不拆分或重复郡国人口
admin.han140.youzhou.lelang.tixi,geo.region.northeast.asia.liaodongkoreanorth.koreanorthwestplain.county.tixi,county_identity,140,140,10000,source_itemized_county_identity,high,true,县级身份映射；不拆分或重复郡国人口
admin.han140.youzhou.lelang.hunmi,geo.region.northeast.asia.liaodongkoreanorth.koreanorthwestplain.county.hunmi,county_identity,140,140,10000,source_itemized_county_identity,high,true,县级身份映射；不拆分或重复郡国人口
admin.han140.youzhou.lelang.ledu,geo.region.northeast.asia.liaodongkoreanorth.koreanorthwestplain.county.ledu,county_identity,140,140,10000,source_itemized_county_identity,high,true,县级身份映射；不拆分或重复郡国人口
admin.han140.youzhou.liaodongshuguo.changliao,geo.region.northeast.asia.liaodongkoreanorth.westernfrontier.county.changliao,county_identity,140,140,10000,source_itemized_county_identity,high,true,县级身份映射；不拆分或重复郡国人口
admin.han140.youzhou.liaodongshuguo.bintu,geo.region.northeast.asia.liaodongkoreanorth.westernfrontier.county.bintu,county_identity,140,140,10000,source_itemized_county_identity,high,true,县级身份映射；不拆分或重复郡国人口
admin.han140.youzhou.liaodongshuguo.tuhe,geo.region.northeast.asia.liaodongkoreanorth.westernfrontier.county.tuhe,county_identity,140,140,10000,source_itemized_county_identity,high,true,县级身份映射；不拆分或重复郡国人口
admin.han140.youzhou.liaodongshuguo.wulu,geo.region.northeast.asia.liaodongkoreanorth.westernfrontier.county.wulu,county_identity,140,140,10000,source_itemized_county_identity,high,true,县级身份映射；不拆分或重复郡国人口
admin.han140.youzhou.liaodongshuguo.xiandu,geo.region.northeast.asia.liaodongkoreanorth.westernfrontier.county.xiandu,county_identity,140,140,10000,source_itemized_county_identity,high,true,县级身份映射；不拆分或重复郡国人口
admin.han140.youzhou.liaodongshuguo.fang,geo.region.northeast.asia.liaodongkoreanorth.westernfrontier.county.fang,county_identity,140,140,10000,source_itemized_county_identity,high,true,县级身份映射；不拆分或重复郡国人口
admin.han140.jiaozhou.nanhai.fanyu,geo.region.south.china.pearlriverdelta.eastcentraldeltafoothills.county.fanyu,county_identity,140,140,10000,source_itemized_county_identity,high,true,县级身份映射；不拆分或重复郡国人口
admin.han140.jiaozhou.nanhai.boluo,geo.region.south.china.pearlriverdelta.eastcentraldeltafoothills.county.boluo,county_identity,140,140,10000,source_itemized_county_identity,high,true,县级身份映射；不拆分或重复郡国人口
admin.han140.jiaozhou.nanhai.zhongsu,geo.region.south.china.pearlriverdelta.eastcentraldeltafoothills.county.zhongsu,county_identity,140,140,10000,source_itemized_county_identity,high,true,县级身份映射；不拆分或重复郡国人口
admin.han140.jiaozhou.nanhai.longchuan,geo.region.south.china.pearlriverdelta.eastcentraldeltafoothills.county.longchuan,county_identity,140,140,10000,source_itemized_county_identity,high,true,县级身份映射；不拆分或重复郡国人口
admin.han140.jiaozhou.nanhai.sihui,geo.region.south.china.pearlriverdelta.eastcentraldeltafoothills.county.sihui,county_identity,140,140,10000,source_itemized_county_identity,high,true,县级身份映射；不拆分或重复郡国人口
admin.han140.jiaozhou.nanhai.jieyang,geo.region.south.china.pearlriverdelta.eastcentraldeltafoothills.county.jieyang,county_identity,140,140,10000,source_itemized_county_identity,high,true,县级身份映射；不拆分或重复郡国人口
admin.han140.jiaozhou.nanhai.zengcheng,geo.region.south.china.pearlriverdelta.eastcentraldeltafoothills.county.zengcheng,county_identity,140,140,10000,source_itemized_county_identity,high,true,县级身份映射；不拆分或重复郡国人口
admin.han140.jiaozhou.cangwu.yanxin,geo.region.south.china.xijiangyujiang.easternxijiangbasin.county.yanxin,county_identity,140,140,10000,source_itemized_county_identity,high,true,县级身份映射；不拆分或重复郡国人口
admin.han140.jiaozhou.cangwu.xiemu,geo.region.south.china.xijiangyujiang.easternxijiangbasin.county.xiemu,county_identity,140,140,10000,source_itemized_county_identity,high,true,县级身份映射；不拆分或重复郡国人口
admin.han140.jiaozhou.cangwu.gaoyao,geo.region.south.china.xijiangyujiang.easternxijiangbasin.county.gaoyao,county_identity,140,140,10000,source_itemized_county_identity,high,true,县级身份映射；不拆分或重复郡国人口
admin.han140.jiaozhou.cangwu.fengyang,geo.region.south.china.xijiangyujiang.easternxijiangbasin.county.fengyang,county_identity,140,140,10000,source_itemized_county_identity,high,true,县级身份映射；不拆分或重复郡国人口
admin.han140.jiaozhou.cangwu.linhe,geo.region.south.china.xijiangyujiang.easternxijiangbasin.county.linhe,county_identity,140,140,10000,source_itemized_county_identity,high,true,县级身份映射；不拆分或重复郡国人口
admin.han140.jiaozhou.cangwu.duanxi,geo.region.south.china.xijiangyujiang.easternxijiangbasin.county.duanxi,county_identity,140,140,10000,source_itemized_county_identity,high,true,县级身份映射；不拆分或重复郡国人口
admin.han140.jiaozhou.cangwu.fengcheng,geo.region.south.china.xijiangyujiang.easternxijiangbasin.county.fengcheng,county_identity,140,140,10000,source_itemized_county_identity,high,true,县级身份映射；不拆分或重复郡国人口
admin.han140.jiaozhou.cangwu.fuchuan,geo.region.south.china.xijiangyujiang.easternxijiangbasin.county.fuchuan,county_identity,140,140,10000,source_itemized_county_identity,high,true,县级身份映射；不拆分或重复郡国人口
admin.han140.jiaozhou.cangwu.lipu,geo.region.south.china.xijiangyujiang.easternxijiangbasin.county.lipu,county_identity,140,140,10000,source_itemized_county_identity,high,true,县级身份映射；不拆分或重复郡国人口
admin.han140.jiaozhou.cangwu.mengling,geo.region.south.china.xijiangyujiang.easternxijiangbasin.county.mengling,county_identity,140,140,10000,source_itemized_county_identity,high,true,县级身份映射；不拆分或重复郡国人口
admin.han140.jiaozhou.cangwu.zhangping,geo.region.south.china.xijiangyujiang.easternxijiangbasin.county.zhangping,county_identity,140,140,10000,source_itemized_county_identity,high,true,县级身份映射；不拆分或重复郡国人口
admin.han140.jiaozhou.yulin.bushan,geo.region.south.china.xijiangyujiang.centralyujiangbasin.county.bushan,county_identity,140,140,10000,source_itemized_county_identity,high,true,县级身份映射；不拆分或重复郡国人口
admin.han140.jiaozhou.yulin.anyan,geo.region.south.china.xijiangyujiang.centralyujiangbasin.county.anyan,county_identity,140,140,10000,source_itemized_county_identity,high,true,县级身份映射；不拆分或重复郡国人口
admin.han140.jiaozhou.yulin.kelin,geo.region.south.china.xijiangyujiang.centralyujiangbasin.county.kelin,county_identity,140,140,10000,source_itemized_county_identity,high,true,县级身份映射；不拆分或重复郡国人口
admin.han140.jiaozhou.yulin.yanyu,geo.region.south.china.xijiangyujiang.centralyujiangbasin.county.yanyu,county_identity,140,140,10000,source_itemized_county_identity,high,true,县级身份映射；不拆分或重复郡国人口
admin.han140.jiaozhou.yulin.zhongliu,geo.region.south.china.xijiangyujiang.centralyujiangbasin.county.zhongliu,county_identity,140,140,10000,source_itemized_county_identity,high,true,县级身份映射；不拆分或重复郡国人口
admin.han140.jiaozhou.yulin.guilin,geo.region.south.china.xijiangyujiang.centralyujiangbasin.county.guilin,county_identity,140,140,10000,source_itemized_county_identity,high,true,县级身份映射；不拆分或重复郡国人口
admin.han140.jiaozhou.yulin.tanzhong,geo.region.south.china.xijiangyujiang.centralyujiangbasin.county.tanzhong,county_identity,140,140,10000,source_itemized_county_identity,high,true,县级身份映射；不拆分或重复郡国人口
admin.han140.jiaozhou.yulin.linchen,geo.region.south.china.xijiangyujiang.centralyujiangbasin.county.linchen,county_identity,140,140,10000,source_itemized_county_identity,high,true,县级身份映射；不拆分或重复郡国人口
admin.han140.jiaozhou.yulin.dingzhou,geo.region.south.china.xijiangyujiang.centralyujiangbasin.county.dingzhou,county_identity,140,140,10000,source_itemized_county_identity,high,true,县级身份映射；不拆分或重复郡国人口
admin.han140.jiaozhou.yulin.zengshi,geo.region.south.china.xijiangyujiang.centralyujiangbasin.county.zengshi,county_identity,140,140,10000,source_itemized_county_identity,high,true,县级身份映射；不拆分或重复郡国人口
admin.han140.jiaozhou.yulin.lingfang,geo.region.south.china.xijiangyujiang.centralyujiangbasin.county.lingfang,county_identity,140,140,10000,source_itemized_county_identity,high,true,县级身份映射；不拆分或重复郡国人口
admin.han140.jiaozhou.hepu.hepu,geo.region.south.china.beibugulfcoast.northeastcoastalplain.county.hepu,county_identity,140,140,10000,source_itemized_county_identity,high,true,县级身份映射；不拆分或重复郡国人口
admin.han140.jiaozhou.hepu.xuwen,geo.region.south.china.beibugulfcoast.northeastcoastalplain.county.xuwen,county_identity,140,140,10000,source_itemized_county_identity,high,true,县级身份映射；不拆分或重复郡国人口
admin.han140.jiaozhou.hepu.gaoliang,geo.region.south.china.beibugulfcoast.northeastcoastalplain.county.gaoliang,county_identity,140,140,10000,source_itemized_county_identity,high,true,县级身份映射；不拆分或重复郡国人口
admin.han140.jiaozhou.hepu.linyuan,geo.region.south.china.beibugulfcoast.northeastcoastalplain.county.linyuan,county_identity,140,140,10000,source_itemized_county_identity,high,true,县级身份映射；不拆分或重复郡国人口
admin.han140.jiaozhou.hepu.zhuya,geo.region.south.china.beibugulfcoast.northeastcoastalplain.county.zhuya,county_identity,140,140,10000,source_itemized_county_identity,high,true,县级身份映射；不拆分或重复郡国人口
admin.han140.jiaozhou.jiaozhi.longbian,geo.region.southeastasia.redriverdelta.centralnortherndelta.county.longbian,county_identity,140,140,10000,source_itemized_county_identity,high,true,县级身份映射；不拆分或重复郡国人口
admin.han140.jiaozhou.jiaozhi.lei,geo.region.southeastasia.redriverdelta.centralnortherndelta.county.lei,county_identity,140,140,10000,source_itemized_county_identity,high,true,县级身份映射；不拆分或重复郡国人口
admin.han140.jiaozhou.jiaozhi.anding,geo.region.southeastasia.redriverdelta.centralnortherndelta.county.anding,county_identity,140,140,10000,source_itemized_county_identity,high,true,县级身份映射；不拆分或重复郡国人口
admin.han140.jiaozhou.jiaozhi.goulou,geo.region.southeastasia.redriverdelta.centralnortherndelta.county.goulou,county_identity,140,140,10000,source_itemized_county_identity,high,true,县级身份映射；不拆分或重复郡国人口
admin.han140.jiaozhou.jiaozhi.miling,geo.region.southeastasia.redriverdelta.centralnortherndelta.county.miling,county_identity,140,140,10000,source_itemized_county_identity,high,true,县级身份映射；不拆分或重复郡国人口
admin.han140.jiaozhou.jiaozhi.quyang,geo.region.southeastasia.redriverdelta.centralnortherndelta.county.quyang,county_identity,140,140,10000,source_itemized_county_identity,high,true,县级身份映射；不拆分或重复郡国人口
admin.han140.jiaozhou.jiaozhi.beidai,geo.region.southeastasia.redriverdelta.centralnortherndelta.county.beidai,county_identity,140,140,10000,source_itemized_county_identity,high,true,县级身份映射；不拆分或重复郡国人口
admin.han140.jiaozhou.jiaozhi.jixu,geo.region.southeastasia.redriverdelta.centralnortherndelta.county.jixu,county_identity,140,140,10000,source_itemized_county_identity,high,true,县级身份映射；不拆分或重复郡国人口
admin.han140.jiaozhou.jiaozhi.xiyu,geo.region.southeastasia.redriverdelta.centralnortherndelta.county.xiyu,county_identity,140,140,10000,source_itemized_county_identity,high,true,县级身份映射；不拆分或重复郡国人口
admin.han140.jiaozhou.jiaozhi.zhu,geo.region.southeastasia.redriverdelta.centralnortherndelta.county.zhu,county_identity,140,140,10000,source_itemized_county_identity,high,true,县级身份映射；不拆分或重复郡国人口
admin.han140.jiaozhou.jiaozhi.fengxi,geo.region.southeastasia.redriverdelta.centralnortherndelta.county.fengxi,county_identity,140,140,10000,source_itemized_county_identity,high,true,县级身份映射；不拆分或重复郡国人口
admin.han140.jiaozhou.jiaozhi.wanghai,geo.region.southeastasia.redriverdelta.centralnortherndelta.county.wanghai,county_identity,140,140,10000,source_itemized_county_identity,high,true,县级身份映射；不拆分或重复郡国人口
admin.han140.jiaozhou.jiuzhen.xupu,geo.region.southeastasia.northcentralvietnam.northmariverbasin.county.xupu,county_identity,140,140,10000,source_itemized_county_identity,high,true,县级身份映射；不拆分或重复郡国人口
admin.han140.jiaozhou.jiuzhen.jufeng,geo.region.southeastasia.northcentralvietnam.northmariverbasin.county.jufeng,county_identity,140,140,10000,source_itemized_county_identity,high,true,县级身份映射；不拆分或重复郡国人口
admin.han140.jiaozhou.jiuzhen.xianhuan,geo.region.southeastasia.northcentralvietnam.northmariverbasin.county.xianhuan,county_identity,140,140,10000,source_itemized_county_identity,high,true,县级身份映射；不拆分或重复郡国人口
admin.han140.jiaozhou.jiuzhen.wugong,geo.region.southeastasia.northcentralvietnam.northmariverbasin.county.wugong,county_identity,140,140,10000,source_itemized_county_identity,high,true,县级身份映射；不拆分或重复郡国人口
admin.han140.jiaozhou.jiuzhen.wubian,geo.region.southeastasia.northcentralvietnam.northmariverbasin.county.wubian,county_identity,140,140,10000,source_itemized_county_identity,high,true,县级身份映射；不拆分或重复郡国人口
admin.han140.jiaozhou.rinan.xijuan,geo.region.southeastasia.northcentralvietnam.centralcoastalstrip.county.xijuan,county_identity,140,140,10000,source_itemized_county_identity,high,true,县级身份映射；不拆分或重复郡国人口
admin.han140.jiaozhou.rinan.zhuwu,geo.region.southeastasia.northcentralvietnam.centralcoastalstrip.county.zhuwu,county_identity,140,140,10000,source_itemized_county_identity,high,true,县级身份映射；不拆分或重复郡国人口
admin.han140.jiaozhou.rinan.lurong,geo.region.southeastasia.northcentralvietnam.centralcoastalstrip.county.lurong,county_identity,140,140,10000,source_itemized_county_identity,high,true,县级身份映射；不拆分或重复郡国人口
admin.han140.jiaozhou.rinan.xianglin,geo.region.southeastasia.northcentralvietnam.centralcoastalstrip.county.xianglin,county_identity,140,140,10000,source_itemized_county_identity,high,true,县级身份映射；不拆分或重复郡国人口
admin.han140.jiaozhou.rinan.bijing,geo.region.southeastasia.northcentralvietnam.centralcoastalstrip.county.bijing,county_identity,140,140,10000,source_itemized_county_identity,high,true,县级身份映射；不拆分或重复郡国人口
