admin_unit_id,parent_admin_unit_id,unit_type,name_140,canonical_name,seat_admin_unit_id,valid_from_year,valid_to_year,source_ids,confidence,notes
admin.han140.han,,empire,漢,汉,,140,140,source.hou_han_shu.jun_guo_zhi,high,140年行政截面根节点
admin.han140.sili,admin.han140.han,province,司隸校尉部,司隶校尉部,,140,140,source.hou_han_shu.jun_guo_zhi,high,郡国志区域汇总层；不是刺史部
admin.han140.sili.henan,admin.han140.sili,other,河南尹,河南尹,admin.han140.sili.henan.luoyang,140,140,source.hou_han_shu.jun_guo_zhi,high,卷二十九郡国一；京畿尹级单位
admin.han140.sili.henei,admin.han140.sili,commandery,河內郡,河内郡,admin.han140.sili.henei.huai,140,140,source.hou_han_shu.jun_guo_zhi,high,卷二十九郡国一
admin.han140.sili.hedong,admin.han140.sili,commandery,河東郡,河东郡,admin.han140.sili.hedong.anyi,140,140,source.hou_han_shu.jun_guo_zhi,high,卷二十九郡国一
admin.han140.sili.hongnong,admin.han140.sili,commandery,弘農郡,弘农郡,admin.han140.sili.hongnong.hongnong,140,140,source.hou_han_shu.jun_guo_zhi,high,卷二十九郡国一
admin.han140.sili.jingzhao,admin.han140.sili,other,京兆尹,京兆尹,admin.han140.sili.jingzhao.changan,140,140,source.hou_han_shu.jun_guo_zhi,high,卷二十九郡国一；三辅尹级单位
admin.han140.sili.zuopingyi,admin.han140.sili,other,左馮翊,左冯翊,admin.han140.sili.zuopingyi.gaoling,140,140,source.hou_han_shu.jun_guo_zhi,high,卷二十九郡国一；三辅单位
admin.han140.sili.youfufeng,admin.han140.sili,other,右扶風,右扶风,admin.han140.sili.youfufeng.huaili,140,140,source.hou_han_shu.jun_guo_zhi,high,卷二十九郡国一；三辅单位
admin.han140.youzhou,admin.han140.han,province,幽州刺史部,幽州,,140,140,source.hou_han_shu.jun_guo_zhi,high,郡国志州级汇总层
admin.han140.youzhou.zhuo,admin.han140.youzhou,commandery,涿郡,涿郡,admin.han140.youzhou.zhuo.zhuo,140,140,source.hou_han_shu.jun_guo_zhi,high,卷三十三郡国五
admin.han140.youzhou.guangyang,admin.han140.youzhou,commandery,廣陽郡,广阳郡,admin.han140.youzhou.guangyang.ji,140,140,source.hou_han_shu.jun_guo_zhi,high,卷三十三郡国五
admin.han140.youzhou.dai,admin.han140.youzhou,commandery,代郡,代郡,admin.han140.youzhou.dai.gaoliu,140,140,source.hou_han_shu.jun_guo_zhi,high,卷三十三郡国五
admin.han140.youzhou.shanggu,admin.han140.youzhou,commandery,上谷郡,上谷郡,admin.han140.youzhou.shanggu.juyang,140,140,source.hou_han_shu.jun_guo_zhi,high,卷三十三郡国五
admin.han140.youzhou.yuyang,admin.han140.youzhou,commandery,漁陽郡,渔阳郡,admin.han140.youzhou.yuyang.yuyang,140,140,source.hou_han_shu.jun_guo_zhi,high,卷三十三郡国五
admin.han140.youzhou.youbeiping,admin.han140.youzhou,commandery,右北平郡,右北平郡,admin.han140.youzhou.youbeiping.tuyin,140,140,source.hou_han_shu.jun_guo_zhi,high,卷三十三郡国五
admin.han140.youzhou.liaoxi,admin.han140.youzhou,commandery,遼西郡,辽西郡,admin.han140.youzhou.liaoxi.yangle,140,140,source.hou_han_shu.jun_guo_zhi,high,卷三十三郡国五
admin.han140.youzhou.liaodong,admin.han140.youzhou,commandery,遼東郡,辽东郡,admin.han140.youzhou.liaodong.xiangping,140,140,source.hou_han_shu.jun_guo_zhi,high,卷三十三郡国五；原文人口疑脱二十万位
admin.han140.youzhou.xuantu,admin.han140.youzhou,commandery,玄菟郡,玄菟郡,admin.han140.youzhou.xuantu.gaojuli,140,140,source.hou_han_shu.jun_guo_zhi,high,卷三十三郡国五；原文户数疑脱首位
admin.han140.youzhou.lelang,admin.han140.youzhou,commandery,樂浪郡,乐浪郡,admin.han140.youzhou.lelang.chaoxian,140,140,source.hou_han_shu.jun_guo_zhi,high,卷三十三郡国五
admin.han140.youzhou.liaodongshuguo,admin.han140.youzhou,other,遼東屬國,辽东属国,admin.han140.youzhou.liaodongshuguo.changliao,140,140,source.hou_han_shu.jun_guo_zhi,high,属国都尉别领六城；原文独缺户口
admin.han140.jizhou,admin.han140.han,province,冀州刺史部,冀州,,140,140,source.hou_han_shu.jun_guo_zhi,high,郡国志州级汇总层
admin.han140.jizhou.wei,admin.han140.jizhou,commandery,魏郡,魏郡,admin.han140.jizhou.wei.ye,140,140,source.hou_han_shu.jun_guo_zhi,high,卷三十郡国二
admin.han140.jizhou.julu,admin.han140.jizhou,commandery,鉅鹿郡,钜鹿郡,admin.han140.jizhou.julu.yingtao,140,140,source.hou_han_shu.jun_guo_zhi,high,卷三十郡国二
admin.han140.jizhou.zhongshan,admin.han140.jizhou,kingdom,中山國,中山国,admin.han140.jizhou.zhongshan.lunu,140,140,source.hou_han_shu.jun_guo_zhi,high,卷三十郡国二
admin.han140.jizhou.anping,admin.han140.jizhou,kingdom,安平國,安平国,admin.han140.jizhou.anping.xindu,140,140,source.hou_han_shu.jun_guo_zhi,high,卷三十郡国二
admin.han140.jizhou.changshan,admin.han140.jizhou,kingdom,常山國,常山国,admin.han140.jizhou.changshan.yuanshi,140,140,source.hou_han_shu.jun_guo_zhi,high,卷三十郡国二
admin.han140.jizhou.hejian,admin.han140.jizhou,kingdom,河間國,河间国,admin.han140.jizhou.hejian.lecheng,140,140,source.hou_han_shu.jun_guo_zhi,medium,四库本网页转录作河間郡；其他公开转录与诸侯王沿革作河間國
admin.han140.jizhou.qinghe,admin.han140.jizhou,kingdom,清河國,清河国,admin.han140.jizhou.qinghe.ganling,140,140,source.hou_han_shu.jun_guo_zhi,high,卷三十郡国二；现代校录表误作清川国
admin.han140.jizhou.zhao,admin.han140.jizhou,kingdom,趙國,赵国,admin.han140.jizhou.zhao.handan,140,140,source.hou_han_shu.jun_guo_zhi,high,卷三十郡国二
admin.han140.jizhou.bohai,admin.han140.jizhou,commandery,勃海郡,勃海郡,admin.han140.jizhou.bohai.nanpi,140,140,source.hou_han_shu.jun_guo_zhi,high,卷三十郡国二；与后世常见渤海写法分离
admin.han140.yuzhou,admin.han140.han,province,豫州刺史部,豫州,,140,140,source.hou_han_shu.jun_guo_zhi,high,郡国志州级汇总层
admin.han140.yuzhou.yingchuan,admin.han140.yuzhou,commandery,潁川郡,颍川郡,admin.han140.yuzhou.yingchuan.yangdi,140,140,source.hou_han_shu.jun_guo_zhi,high,卷三十郡国二
admin.han140.yuzhou.runan,admin.han140.yuzhou,commandery,汝南郡,汝南郡,admin.han140.yuzhou.runan.pingyu,140,140,source.hou_han_shu.jun_guo_zhi,high,卷三十郡国二
admin.han140.yuzhou.liang,admin.han140.yuzhou,kingdom,梁國,梁国,admin.han140.yuzhou.liang.xiayi,140,140,source.hou_han_shu.jun_guo_zhi,high,卷三十郡国二
admin.han140.yuzhou.pei,admin.han140.yuzhou,kingdom,沛國,沛国,admin.han140.yuzhou.pei.xiang,140,140,source.hou_han_shu.jun_guo_zhi,high,卷三十郡国二；原文人口疑与相邻陈国误置百万位
admin.han140.yuzhou.chen,admin.han140.yuzhou,kingdom,陳國,陈国,admin.han140.yuzhou.chen.chen,140,140,source.hou_han_shu.jun_guo_zhi,high,卷三十郡国二；原文人口疑与相邻沛国误置百万位
admin.han140.yuzhou.lu,admin.han140.yuzhou,kingdom,魯國,鲁国,admin.han140.yuzhou.lu.lu,140,140,source.hou_han_shu.jun_guo_zhi,high,卷三十郡国二
admin.han140.yanzhou,admin.han140.han,province,兗州刺史部,兖州,,140,140,source.hou_han_shu.jun_guo_zhi,high,郡国志州级汇总层
admin.han140.yanzhou.chenliu,admin.han140.yanzhou,commandery,陳留郡,陈留郡,admin.han140.yanzhou.chenliu.chenliu,140,140,source.hou_han_shu.jun_guo_zhi,high,卷三十一郡国三
admin.han140.yanzhou.dong,admin.han140.yanzhou,commandery,東郡,东郡,admin.han140.yanzhou.dong.puyang,140,140,source.hou_han_shu.jun_guo_zhi,high,卷三十一郡国三
admin.han140.yanzhou.dongping,admin.han140.yanzhou,kingdom,東平國,东平国,admin.han140.yanzhou.dongping.wuyan,140,140,source.hou_han_shu.jun_guo_zhi,high,卷三十一郡国三
admin.han140.yanzhou.rencheng,admin.han140.yanzhou,kingdom,任城國,任城国,admin.han140.yanzhou.rencheng.rencheng,140,140,source.hou_han_shu.jun_guo_zhi,high,卷三十一郡国三
admin.han140.yanzhou.taishan,admin.han140.yanzhou,commandery,泰山郡,泰山郡,admin.han140.yanzhou.taishan.fenggao,140,140,source.hou_han_shu.jun_guo_zhi,high,卷三十一郡国三；原文户数疑脱十万位
admin.han140.yanzhou.jibei,admin.han140.yanzhou,kingdom,濟北國,济北国,admin.han140.yanzhou.jibei.lu,140,140,source.hou_han_shu.jun_guo_zhi,high,卷三十一郡国三
admin.han140.yanzhou.shanyang,admin.han140.yanzhou,commandery,山陽郡,山阳郡,admin.han140.yanzhou.shanyang.changyi,140,140,source.hou_han_shu.jun_guo_zhi,high,卷三十一郡国三
admin.han140.yanzhou.jiyin,admin.han140.yanzhou,commandery,濟陰郡,济阴郡,admin.han140.yanzhou.jiyin.dingtao,140,140,source.hou_han_shu.jun_guo_zhi,high,卷三十一郡国三
admin.han140.xuzhou,admin.han140.han,province,徐州刺史部,徐州,,140,140,source.hou_han_shu.jun_guo_zhi,high,郡国志州级汇总层
admin.han140.xuzhou.donghai,admin.han140.xuzhou,commandery,東海郡,东海郡,admin.han140.xuzhou.donghai.tan,140,140,source.hou_han_shu.jun_guo_zhi,high,卷三十一郡国三
admin.han140.xuzhou.langya,admin.han140.xuzhou,kingdom,琅邪國,琅邪国,admin.han140.xuzhou.langya.kaiyang,140,140,source.hou_han_shu.jun_guo_zhi,high,卷三十一郡国三；原文户数疑脱十万位
admin.han140.xuzhou.pengcheng,admin.han140.xuzhou,kingdom,彭城國,彭城国,admin.han140.xuzhou.pengcheng.pengcheng,140,140,source.hou_han_shu.jun_guo_zhi,high,卷三十一郡国三
admin.han140.xuzhou.guangling,admin.han140.xuzhou,commandery,廣陵郡,广陵郡,admin.han140.xuzhou.guangling.yanling,140,140,source.hou_han_shu.jun_guo_zhi,high,卷三十一郡国三
admin.han140.xuzhou.xiapi,admin.han140.xuzhou,kingdom,下邳國,下邳国,admin.han140.xuzhou.xiapi.xiapei,140,140,source.hou_han_shu.jun_guo_zhi,high,卷三十一郡国三
admin.han140.qingzhou,admin.han140.han,province,青州刺史部,青州,,140,140,source.hou_han_shu.jun_guo_zhi,high,郡国志州级汇总层
admin.han140.qingzhou.jinan,admin.han140.qingzhou,kingdom,濟南國,济南国,admin.han140.qingzhou.jinan.dongpingling,140,140,source.hou_han_shu.jun_guo_zhi,medium,卷三十二郡国四；公开转录作济南国，四库网页转录作济南郡；126年复封后140年按国
admin.han140.qingzhou.pingyuan,admin.han140.qingzhou,commandery,平原郡,平原郡,admin.han140.qingzhou.pingyuan.pingyuan,140,140,source.hou_han_shu.jun_guo_zhi,high,卷三十二郡国四
admin.han140.qingzhou.lean,admin.han140.qingzhou,kingdom,樂安國,乐安国,admin.han140.qingzhou.lean.linji,140,140,source.hou_han_shu.jun_guo_zhi,high,卷三十二郡国四
admin.han140.qingzhou.beihai,admin.han140.qingzhou,kingdom,北海國,北海国,admin.han140.qingzhou.beihai.ju,140,140,source.hou_han_shu.jun_guo_zhi,high,卷三十二郡国四
admin.han140.qingzhou.donglai,admin.han140.qingzhou,commandery,東萊郡,东莱郡,admin.han140.qingzhou.donglai.huang,140,140,source.hou_han_shu.jun_guo_zhi,high,卷三十二郡国四
admin.han140.qingzhou.qi,admin.han140.qingzhou,kingdom,齊國,齐国,admin.han140.qingzhou.qi.linzi,140,140,source.hou_han_shu.jun_guo_zhi,high,卷三十二郡国四
admin.han140.jingzhou,admin.han140.han,province,荊州刺史部,荆州,,140,140,source.hou_han_shu.jun_guo_zhi,high,郡国志州级汇总层
admin.han140.jingzhou.nanyang,admin.han140.jingzhou,commandery,南陽郡,南阳郡,admin.han140.jingzhou.nanyang.wan,140,140,source.hou_han_shu.jun_guo_zhi,high,卷三十二郡国四
admin.han140.jingzhou.nan,admin.han140.jingzhou,commandery,南郡,南郡,admin.han140.jingzhou.nan.jiangling,140,140,source.hou_han_shu.jun_guo_zhi,high,卷三十二郡国四
admin.han140.jingzhou.jiangxia,admin.han140.jingzhou,commandery,江夏郡,江夏郡,admin.han140.jingzhou.jiangxia.xiling,140,140,source.hou_han_shu.jun_guo_zhi,high,卷三十二郡国四
admin.han140.jingzhou.lingling,admin.han140.jingzhou,commandery,零陵郡,零陵郡,admin.han140.jingzhou.lingling.quanling,140,140,source.hou_han_shu.jun_guo_zhi,high,卷三十二郡国四
admin.han140.jingzhou.guiyang,admin.han140.jingzhou,commandery,桂陽郡,桂阳郡,admin.han140.jingzhou.guiyang.chen,140,140,source.hou_han_shu.jun_guo_zhi,high,卷三十二郡国四
admin.han140.jingzhou.wuling,admin.han140.jingzhou,commandery,武陵郡,武陵郡,admin.han140.jingzhou.wuling.linyuan,140,140,source.hou_han_shu.jun_guo_zhi,high,卷三十二郡国四
admin.han140.jingzhou.changsha,admin.han140.jingzhou,commandery,長沙郡,长沙郡,admin.han140.jingzhou.changsha.linxiang,140,140,source.hou_han_shu.jun_guo_zhi,high,卷三十二郡国四
admin.han140.yangzhou,admin.han140.han,province,揚州刺史部,扬州,,140,140,source.hou_han_shu.jun_guo_zhi,high,郡国志州级汇总层
admin.han140.yangzhou.jiujiang,admin.han140.yangzhou,commandery,九江郡,九江郡,admin.han140.yangzhou.jiujiang.yinling,140,140,source.hou_han_shu.jun_guo_zhi,high,卷三十二郡国四
admin.han140.yangzhou.danyang,admin.han140.yangzhou,commandery,丹陽郡,丹阳郡,admin.han140.yangzhou.danyang.wanling,140,140,source.hou_han_shu.jun_guo_zhi,high,卷三十二郡国四
admin.han140.yangzhou.lujiang,admin.han140.yangzhou,commandery,廬江郡,庐江郡,admin.han140.yangzhou.lujiang.shu,140,140,source.hou_han_shu.jun_guo_zhi,high,卷三十二郡国四
admin.han140.yangzhou.kuaiji,admin.han140.yangzhou,commandery,㑹稽郡,会稽郡,admin.han140.yangzhou.kuaiji.shanyin,140,140,source.hou_han_shu.jun_guo_zhi,high,卷三十二郡国四
admin.han140.yangzhou.wu,admin.han140.yangzhou,commandery,吳郡,吴郡,admin.han140.yangzhou.wu.wu,140,140,source.hou_han_shu.jun_guo_zhi,high,卷三十二郡国四
admin.han140.yangzhou.yuzhang,admin.han140.yangzhou,commandery,豫章郡,豫章郡,admin.han140.yangzhou.yuzhang.nanchang,140,140,source.hou_han_shu.jun_guo_zhi,high,卷三十二郡国四
admin.han140.yizhou,admin.han140.han,province,益州刺史部,益州,,140,140,source.hou_han_shu.jun_guo_zhi,high,郡国志州级汇总层
admin.han140.yizhou.hanzhong,admin.han140.yizhou,commandery,漢中郡,汉中郡,admin.han140.yizhou.hanzhong.nanzheng,140,140,source.hou_han_shu.jun_guo_zhi,high,卷三十三郡国五
admin.han140.yizhou.ba,admin.han140.yizhou,commandery,巴郡,巴郡,admin.han140.yizhou.ba.jiangzhou,140,140,source.hou_han_shu.jun_guo_zhi,high,卷三十三郡国五
admin.han140.yizhou.guanghan,admin.han140.yizhou,commandery,廣漢郡,广汉郡,admin.han140.yizhou.guanghan.luo,140,140,source.hou_han_shu.jun_guo_zhi,high,卷三十三郡国五
admin.han140.yizhou.shu,admin.han140.yizhou,commandery,蜀郡,蜀郡,admin.han140.yizhou.shu.chengdu,140,140,source.hou_han_shu.jun_guo_zhi,high,卷三十三郡国五
admin.han140.yizhou.jianwei,admin.han140.yizhou,commandery,犍為郡,犍为郡,admin.han140.yizhou.jianwei.wuyang,140,140,source.hou_han_shu.jun_guo_zhi,high,卷三十三郡国五
admin.han140.yizhou.zangke,admin.han140.yizhou,commandery,牂牁郡,牂牁郡,admin.han140.yizhou.zangke.guqielan,140,140,source.hou_han_shu.jun_guo_zhi,high,卷三十三郡国五
admin.han140.yizhou.yuexi,admin.han140.yizhou,commandery,越嶲郡,越巂郡,admin.han140.yizhou.yuexi.qiongdu,140,140,source.hou_han_shu.jun_guo_zhi,high,卷三十三郡国五
admin.han140.yizhou.yizhou,admin.han140.yizhou,commandery,益州郡,益州郡,admin.han140.yizhou.yizhou.dianchi,140,140,source.hou_han_shu.jun_guo_zhi,high,卷三十三郡国五
admin.han140.yizhou.yongchang,admin.han140.yizhou,commandery,永昌郡,永昌郡,admin.han140.yizhou.yongchang.buwei,140,140,source.hou_han_shu.jun_guo_zhi,high,卷三十三郡国五；原文户均人口异常但无可采用修正
admin.han140.yizhou.guanghanshuguo,admin.han140.yizhou,other,廣漢屬國,广汉属国,admin.han140.yizhou.guanghanshuguo.yinpingdao,140,140,source.hou_han_shu.jun_guo_zhi,high,属国都尉别领三城；旧注作属蜀郡，校勘据辖县改属广汉郡
admin.han140.yizhou.shushuguo,admin.han140.yizhou,other,蜀郡屬國,蜀郡属国,admin.han140.yizhou.shushuguo.yijia,140,140,source.hou_han_shu.jun_guo_zhi,high,属国都尉别领四城
admin.han140.yizhou.jianweishuguo,admin.han140.yizhou,other,犍為屬國,犍为属国,admin.han140.yizhou.jianweishuguo.zhuti,140,140,source.hou_han_shu.jun_guo_zhi,high,属国都尉别领二城
admin.han140.liangzhou,admin.han140.han,province,涼州刺史部,凉州,,140,140,source.hou_han_shu.jun_guo_zhi,high,郡国志州级汇总层
admin.han140.liangzhou.longxi,admin.han140.liangzhou,commandery,隴西郡,陇西郡,admin.han140.liangzhou.longxi.didao,140,140,source.hou_han_shu.jun_guo_zhi,high,卷三十三郡国五
admin.han140.liangzhou.hanyang,admin.han140.liangzhou,commandery,漢陽郡,汉阳郡,admin.han140.liangzhou.hanyang.ji,140,140,source.hou_han_shu.jun_guo_zhi,high,卷三十三郡国五
admin.han140.liangzhou.wudu,admin.han140.liangzhou,commandery,武都郡,武都郡,admin.han140.liangzhou.wudu.xiabian,140,140,source.hou_han_shu.jun_guo_zhi,high,卷三十三郡国五
admin.han140.liangzhou.jincheng,admin.han140.liangzhou,commandery,金城郡,金城郡,admin.han140.liangzhou.jincheng.yunwu,140,140,source.hou_han_shu.jun_guo_zhi,high,卷三十三郡国五
admin.han140.liangzhou.anding,admin.han140.liangzhou,commandery,安定郡,安定郡,admin.han140.liangzhou.anding.linjing,140,140,source.hou_han_shu.jun_guo_zhi,high,卷三十三郡国五
admin.han140.liangzhou.beidi,admin.han140.liangzhou,commandery,北地郡,北地郡,admin.han140.liangzhou.beidi.fuping,140,140,source.hou_han_shu.jun_guo_zhi,high,卷三十三郡国五；四库网页转录缺“三”，公开校勘转录作户三千一百二十二
admin.han140.liangzhou.wuwei,admin.han140.liangzhou,commandery,武威郡,武威郡,admin.han140.liangzhou.wuwei.guzang,140,140,source.hou_han_shu.jun_guo_zhi,high,卷三十三郡国五；四库网页转录作万四十三，公开校勘转录及影印整理作万四十二
admin.han140.liangzhou.zhangye,admin.han140.liangzhou,commandery,張掖郡,张掖郡,admin.han140.liangzhou.zhangye.lude,140,140,source.hou_han_shu.jun_guo_zhi,high,卷三十三郡国五
admin.han140.liangzhou.jiuquan,admin.han140.liangzhou,commandery,酒泉郡,酒泉郡,admin.han140.liangzhou.jiuquan.fulu,140,140,source.hou_han_shu.jun_guo_zhi,high,卷三十三郡国五；原文只载户数，口数缺失
admin.han140.liangzhou.dunhuang,admin.han140.liangzhou,commandery,敦煌郡,敦煌郡,admin.han140.liangzhou.dunhuang.dunhuang,140,140,source.hou_han_shu.jun_guo_zhi,high,卷三十三郡国五；原文户数疑脱千位，原值与现代校录补正分存
admin.han140.liangzhou.zhangyeshuguo,admin.han140.liangzhou,other,張掖屬國,张掖属国,admin.han140.liangzhou.zhangyeshuguo.houguan,140,140,source.hou_han_shu.jun_guo_zhi,high,属国都尉别领五城
admin.han140.liangzhou.zhangyejuyanshuguo,admin.han140.liangzhou,other,張掖居延屬國,张掖居延属国,admin.han140.liangzhou.zhangyejuyanshuguo.juyan,140,140,source.hou_han_shu.jun_guo_zhi,high,属国都尉别领一城
admin.han140.bingzhou,admin.han140.han,province,并州刺史部,并州,,140,140,source.hou_han_shu.jun_guo_zhi,high,郡国志州级汇总层
admin.han140.bingzhou.shangdang,admin.han140.bingzhou,commandery,上黨郡,上党郡,admin.han140.bingzhou.shangdang.changzi,140,140,source.hou_han_shu.jun_guo_zhi,high,卷三十三郡国五
admin.han140.bingzhou.taiyuan,admin.han140.bingzhou,commandery,太原郡,太原郡,admin.han140.bingzhou.taiyuan.jinyang,140,140,source.hou_han_shu.jun_guo_zhi,high,卷三十三郡国五
admin.han140.bingzhou.shang,admin.han140.bingzhou,commandery,上郡,上郡,admin.han140.bingzhou.shang.fushi,140,140,source.hou_han_shu.jun_guo_zhi,high,卷三十三郡国五
admin.han140.bingzhou.xihe,admin.han140.bingzhou,commandery,西河郡,西河郡,admin.han140.bingzhou.xihe.chishi,140,140,source.hou_han_shu.jun_guo_zhi,high,卷三十三郡国五
admin.han140.bingzhou.wuyuan,admin.han140.bingzhou,commandery,五原郡,五原郡,admin.han140.bingzhou.wuyuan.jiuyuan,140,140,source.hou_han_shu.jun_guo_zhi,high,卷三十三郡国五
admin.han140.bingzhou.yunzhong,admin.han140.bingzhou,commandery,雲中郡,云中郡,admin.han140.bingzhou.yunzhong.yunzhong,140,140,source.hou_han_shu.jun_guo_zhi,high,卷三十三郡国五
admin.han140.bingzhou.dingxiang,admin.han140.bingzhou,commandery,定襄郡,定襄郡,admin.han140.bingzhou.dingxiang.shanwu,140,140,source.hou_han_shu.jun_guo_zhi,high,卷三十三郡国五
admin.han140.bingzhou.yanmen,admin.han140.bingzhou,commandery,鴈門郡,雁门郡,admin.han140.bingzhou.yanmen.yinguan,140,140,source.hou_han_shu.jun_guo_zhi,high,卷三十三郡国五
admin.han140.bingzhou.shuofang,admin.han140.bingzhou,commandery,朔方郡,朔方郡,admin.han140.bingzhou.shuofang.linrong,140,140,source.hou_han_shu.jun_guo_zhi,high,卷三十三郡国五
admin.han140.jiaozhou,admin.han140.han,province,交州刺史部,交州,,140,140,source.hou_han_shu.jun_guo_zhi,high,郡国志州级汇总层
admin.han140.jiaozhou.nanhai,admin.han140.jiaozhou,commandery,南海郡,南海郡,admin.han140.jiaozhou.nanhai.fanyu,140,140,source.hou_han_shu.jun_guo_zhi,high,卷三十三郡国五
admin.han140.jiaozhou.cangwu,admin.han140.jiaozhou,commandery,蒼梧郡,苍梧郡,admin.han140.jiaozhou.cangwu.yanxin,140,140,source.hou_han_shu.jun_guo_zhi,high,卷三十三郡国五
admin.han140.jiaozhou.yulin,admin.han140.jiaozhou,commandery,鬱林郡,郁林郡,admin.han140.jiaozhou.yulin.bushan,140,140,source.hou_han_shu.jun_guo_zhi,high,卷三十三郡国五；原文户口均缺失
admin.han140.jiaozhou.hepu,admin.han140.jiaozhou,commandery,合浦郡,合浦郡,admin.han140.jiaozhou.hepu.hepu,140,140,source.hou_han_shu.jun_guo_zhi,high,卷三十三郡国五
admin.han140.jiaozhou.jiaozhi,admin.han140.jiaozhou,commandery,交趾郡,交趾郡,admin.han140.jiaozhou.jiaozhi.longbian,140,140,source.hou_han_shu.jun_guo_zhi,high,卷三十三郡国五；原文户口均缺失
admin.han140.jiaozhou.jiuzhen,admin.han140.jiaozhou,commandery,九真郡,九真郡,admin.han140.jiaozhou.jiuzhen.xupu,140,140,source.hou_han_shu.jun_guo_zhi,high,卷三十三郡国五
admin.han140.jiaozhou.rinan,admin.han140.jiaozhou,commandery,日南郡,日南郡,admin.han140.jiaozhou.rinan.xijuan,140,140,source.hou_han_shu.jun_guo_zhi,high,卷三十三郡国五
admin.han140.sili.henan.luoyang,admin.han140.sili.henan,county,雒阳,雒阳,,140,140,source.hou_han_shu.jun_guo_zhi,high,郡国志卷109县级列项第1项；原文首列为郡国治所
admin.han140.sili.henan.henan,admin.han140.sili.henan,county,河南,河南,,140,140,source.hou_han_shu.jun_guo_zhi,high,郡国志卷109县级列项第2项
admin.han140.sili.henan.liang,admin.han140.sili.henan,county,梁,梁,,140,140,source.hou_han_shu.jun_guo_zhi,high,郡国志卷109县级列项第3项
admin.han140.sili.henan.yingyang,admin.han140.sili.henan,county,荥阳,荥阳,,140,140,source.hou_han_shu.jun_guo_zhi,high,郡国志卷109县级列项第4项
admin.han140.sili.henan.juan,admin.han140.sili.henan,county,卷,卷,,140,140,source.hou_han_shu.jun_guo_zhi,high,郡国志卷109县级列项第5项
admin.han140.sili.henan.yuanwu,admin.han140.sili.henan,county,原武,原武,,140,140,source.hou_han_shu.jun_guo_zhi,high,郡国志卷109县级列项第6项
admin.han140.sili.henan.yangwu,admin.han140.sili.henan,county,阳武,阳武,,140,140,source.hou_han_shu.jun_guo_zhi,high,郡国志卷109县级列项第7项
admin.han140.sili.henan.zhongmou,admin.han140.sili.henan,county,中牟,中牟,,140,140,source.hou_han_shu.jun_guo_zhi,high,郡国志卷109县级列项第8项
admin.han140.sili.henan.kaifeng,admin.han140.sili.henan,county,开封,开封,,140,140,source.hou_han_shu.jun_guo_zhi,high,郡国志卷109县级列项第9项
admin.han140.sili.henan.wanling,admin.han140.sili.henan,county,菀陵,菀陵,,140,140,source.hou_han_shu.jun_guo_zhi,high,郡国志卷109县级列项第10项
admin.han140.sili.henan.pingyin,admin.han140.sili.henan,county,平阴,平阴,,140,140,source.hou_han_shu.jun_guo_zhi,high,郡国志卷109县级列项第11项
admin.han140.sili.henan.gucheng,admin.han140.sili.henan,county,谷城,谷城,,140,140,source.hou_han_shu.jun_guo_zhi,high,郡国志卷109县级列项第12项
admin.han140.sili.henan.goushi,admin.han140.sili.henan,county,缑氏,缑氏,,140,140,source.hou_han_shu.jun_guo_zhi,high,郡国志卷109县级列项第13项
admin.han140.sili.henan.gong,admin.han140.sili.henan,county,巩,巩,,140,140,source.hou_han_shu.jun_guo_zhi,high,郡国志卷109县级列项第14项
admin.han140.sili.henan.chenggao,admin.han140.sili.henan,county,成睾,成睾,,140,140,source.hou_han_shu.jun_guo_zhi,high,郡国志卷109县级列项第15项
admin.han140.sili.henan.jing,admin.han140.sili.henan,county,京,京,,140,140,source.hou_han_shu.jun_guo_zhi,high,郡国志卷109县级列项第16项
admin.han140.sili.henan.mi,admin.han140.sili.henan,county,密,密,,140,140,source.hou_han_shu.jun_guo_zhi,high,郡国志卷109县级列项第17项
admin.han140.sili.henan.xincheng,admin.han140.sili.henan,county,新城,新城,,140,140,source.hou_han_shu.jun_guo_zhi,high,郡国志卷109县级列项第18项
admin.han140.sili.henan.yanshi,admin.han140.sili.henan,county,匽师,匽师,,140,140,source.hou_han_shu.jun_guo_zhi,high,郡国志卷109县级列项第19项
admin.han140.sili.henan.xinzheng,admin.han140.sili.henan,county,新郑,新郑,,140,140,source.hou_han_shu.jun_guo_zhi,high,郡国志卷109县级列项第20项
admin.han140.sili.henan.ping,admin.han140.sili.henan,county,平,平,,140,140,source.hou_han_shu.jun_guo_zhi,high,郡国志卷109县级列项第21项
admin.han140.sili.henei.huai,admin.han140.sili.henei,county,怀,怀,,140,140,source.hou_han_shu.jun_guo_zhi,high,郡国志卷109县级列项第1项；原文首列为郡国治所
admin.han140.sili.henei.heyang,admin.han140.sili.henei,county,河阳,河阳,,140,140,source.hou_han_shu.jun_guo_zhi,high,郡国志卷109县级列项第2项
admin.han140.sili.henei.zhi,admin.han140.sili.henei,county,轵,轵,,140,140,source.hou_han_shu.jun_guo_zhi,high,郡国志卷109县级列项第3项
admin.han140.sili.henei.bo,admin.han140.sili.henei,county,波,波,,140,140,source.hou_han_shu.jun_guo_zhi,high,郡国志卷109县级列项第4项
admin.han140.sili.henei.qinshui,admin.han140.sili.henei,county,沁水,沁水,,140,140,source.hou_han_shu.jun_guo_zhi,high,郡国志卷109县级列项第5项
admin.han140.sili.henei.yewang,admin.han140.sili.henei,county,野王,野王,,140,140,source.hou_han_shu.jun_guo_zhi,high,郡国志卷109县级列项第6项
admin.han140.sili.henei.wen,admin.han140.sili.henei,county,温,温,,140,140,source.hou_han_shu.jun_guo_zhi,high,郡国志卷109县级列项第7项
admin.han140.sili.henei.zhou,admin.han140.sili.henei,county,州,州,,140,140,source.hou_han_shu.jun_guo_zhi,high,郡国志卷109县级列项第8项
admin.han140.sili.henei.pinggao,admin.han140.sili.henei,county,平睾,平睾,,140,140,source.hou_han_shu.jun_guo_zhi,high,郡国志卷109县级列项第9项
admin.han140.sili.henei.shanyangyi,admin.han140.sili.henei,county,山阳邑,山阳邑,,140,140,source.hou_han_shu.jun_guo_zhi,high,郡国志卷109县级列项第10项
admin.han140.sili.henei.wude,admin.han140.sili.henei,county,武德,武德,,140,140,source.hou_han_shu.jun_guo_zhi,high,郡国志卷109县级列项第11项
admin.han140.sili.henei.huojia,admin.han140.sili.henei,county,获嘉,获嘉,,140,140,source.hou_han_shu.jun_guo_zhi,high,郡国志卷109县级列项第12项
admin.han140.sili.henei.xiuwu,admin.han140.sili.henei,county,修武,修武,,140,140,source.hou_han_shu.jun_guo_zhi,high,郡国志卷109县级列项第13项
admin.han140.sili.henei.gong,admin.han140.sili.henei,county,共,共,,140,140,source.hou_han_shu.jun_guo_zhi,high,郡国志卷109县级列项第14项
admin.han140.sili.henei.ji,admin.han140.sili.henei,county,汲,汲,,140,140,source.hou_han_shu.jun_guo_zhi,high,郡国志卷109县级列项第15项
admin.han140.sili.henei.zhaoge,admin.han140.sili.henei,county,朝歌,朝歌,,140,140,source.hou_han_shu.jun_guo_zhi,high,郡国志卷109县级列项第16项
admin.han140.sili.henei.dangyin,admin.han140.sili.henei,county,荡阴,荡阴,,140,140,source.hou_han_shu.jun_guo_zhi,high,郡国志卷109县级列项第17项
admin.han140.sili.henei.linlu,admin.han140.sili.henei,county,林虑,林虑,,140,140,source.hou_han_shu.jun_guo_zhi,high,郡国志卷109县级列项第18项
admin.han140.sili.hedong.anyi,admin.han140.sili.hedong,county,安邑,安邑,,140,140,source.hou_han_shu.jun_guo_zhi,high,郡国志卷109县级列项第1项；原文首列为郡国治所
admin.han140.sili.hedong.yang,admin.han140.sili.hedong,county,杨,杨,,140,140,source.hou_han_shu.jun_guo_zhi,high,郡国志卷109县级列项第2项
admin.han140.sili.hedong.pingyang,admin.han140.sili.hedong,county,平阳,平阳,,140,140,source.hou_han_shu.jun_guo_zhi,high,郡国志卷109县级列项第3项
admin.han140.sili.hedong.linfen,admin.han140.sili.hedong,county,临汾,临汾,,140,140,source.hou_han_shu.jun_guo_zhi,high,郡国志卷109县级列项第4项
admin.han140.sili.hedong.fenyin,admin.han140.sili.hedong,county,汾阴,汾阴,,140,140,source.hou_han_shu.jun_guo_zhi,high,郡国志卷109县级列项第5项
admin.han140.sili.hedong.puban,admin.han140.sili.hedong,county,蒲坂,蒲坂,,140,140,source.hou_han_shu.jun_guo_zhi,high,郡国志卷109县级列项第6项
admin.han140.sili.hedong.dayang,admin.han140.sili.hedong,county,大阳,大阳,,140,140,source.hou_han_shu.jun_guo_zhi,high,郡国志卷109县级列项第7项
admin.han140.sili.hedong.jie,admin.han140.sili.hedong,county,解,解,,140,140,source.hou_han_shu.jun_guo_zhi,high,郡国志卷109县级列项第8项
admin.han140.sili.hedong.pishi,admin.han140.sili.hedong,county,皮氏,皮氏,,140,140,source.hou_han_shu.jun_guo_zhi,high,郡国志卷109县级列项第9项
admin.han140.sili.hedong.wenxiyi,admin.han140.sili.hedong,county,闻喜邑,闻喜邑,,140,140,source.hou_han_shu.jun_guo_zhi,high,郡国志卷109县级列项第10项
admin.han140.sili.hedong.jiangyi,admin.han140.sili.hedong,county,绛邑,绛邑,,140,140,source.hou_han_shu.jun_guo_zhi,high,郡国志卷109县级列项第11项
admin.han140.sili.hedong.yongan,admin.han140.sili.hedong,county,永安,永安,,140,140,source.hou_han_shu.jun_guo_zhi,high,郡国志卷109县级列项第12项
admin.han140.sili.hedong.hebei,admin.han140.sili.hedong,county,河北,河北,,140,140,source.hou_han_shu.jun_guo_zhi,high,郡国志卷109县级列项第13项
admin.han140.sili.hedong.yishi,admin.han140.sili.hedong,county,猗氏,猗氏,,140,140,source.hou_han_shu.jun_guo_zhi,high,郡国志卷109县级列项第14项
admin.han140.sili.hedong.yuan,admin.han140.sili.hedong,county,垣,垣,,140,140,source.hou_han_shu.jun_guo_zhi,high,郡国志卷109县级列项第15项
admin.han140.sili.hedong.xiangling,admin.han140.sili.hedong,county,襄陵,襄陵,,140,140,source.hou_han_shu.jun_guo_zhi,high,郡国志卷109县级列项第16项
admin.han140.sili.hedong.beiqu,admin.han140.sili.hedong,county,北屈,北屈,,140,140,source.hou_han_shu.jun_guo_zhi,high,郡国志卷109县级列项第17项
admin.han140.sili.hedong.puzi,admin.han140.sili.hedong,county,蒲子,蒲子,,140,140,source.hou_han_shu.jun_guo_zhi,high,郡国志卷109县级列项第18项
admin.han140.sili.hedong.huoze,admin.han140.sili.hedong,county,濩泽,濩泽,,140,140,source.hou_han_shu.jun_guo_zhi,high,郡国志卷109县级列项第19项
admin.han140.sili.hedong.duanshi,admin.han140.sili.hedong,county,端氏,端氏,,140,140,source.hou_han_shu.jun_guo_zhi,high,郡国志卷109县级列项第20项
admin.han140.sili.hongnong.hongnong,admin.han140.sili.hongnong,county,弘农,弘农,,140,140,source.hou_han_shu.jun_guo_zhi,high,郡国志卷109县级列项第1项；原文首列为郡国治所
admin.han140.sili.hongnong.shan,admin.han140.sili.hongnong,county,陕,陕,,140,140,source.hou_han_shu.jun_guo_zhi,high,郡国志卷109县级列项第2项
admin.han140.sili.hongnong.minchi,admin.han140.sili.hongnong,county,黾池,黾池,,140,140,source.hou_han_shu.jun_guo_zhi,high,郡国志卷109县级列项第3项
admin.han140.sili.hongnong.xinan,admin.han140.sili.hongnong,county,新安,新安,,140,140,source.hou_han_shu.jun_guo_zhi,high,郡国志卷109县级列项第4项
admin.han140.sili.hongnong.yiyang,admin.han140.sili.hongnong,county,宜阳,宜阳,,140,140,source.hou_han_shu.jun_guo_zhi,high,郡国志卷109县级列项第5项
admin.han140.sili.hongnong.luhun,admin.han140.sili.hongnong,county,陆浑,陆浑,,140,140,source.hou_han_shu.jun_guo_zhi,high,郡国志卷109县级列项第6项
admin.han140.sili.hongnong.lushi,admin.han140.sili.hongnong,county,卢氏,卢氏,,140,140,source.hou_han_shu.jun_guo_zhi,high,郡国志卷109县级列项第7项
admin.han140.sili.hongnong.hu,admin.han140.sili.hongnong,county,湖,湖,,140,140,source.hou_han_shu.jun_guo_zhi,high,郡国志卷109县级列项第8项
admin.han140.sili.hongnong.huayin,admin.han140.sili.hongnong,county,华阴,华阴,,140,140,source.hou_han_shu.jun_guo_zhi,high,郡国志卷109县级列项第9项
admin.han140.sili.jingzhao.changan,admin.han140.sili.jingzhao,county,长安,长安,,140,140,source.hou_han_shu.jun_guo_zhi,high,郡国志卷109县级列项第1项；原文首列为郡国治所
admin.han140.sili.jingzhao.baling,admin.han140.sili.jingzhao,county,霸陵,霸陵,,140,140,source.hou_han_shu.jun_guo_zhi,high,郡国志卷109县级列项第2项
admin.han140.sili.jingzhao.duling,admin.han140.sili.jingzhao,county,杜陵,杜陵,,140,140,source.hou_han_shu.jun_guo_zhi,high,郡国志卷109县级列项第3项
admin.han140.sili.jingzhao.zheng,admin.han140.sili.jingzhao,county,郑,郑,,140,140,source.hou_han_shu.jun_guo_zhi,high,郡国志卷109县级列项第4项
admin.han140.sili.jingzhao.xinfeng,admin.han140.sili.jingzhao,county,新丰,新丰,,140,140,source.hou_han_shu.jun_guo_zhi,high,郡国志卷109县级列项第5项
admin.han140.sili.jingzhao.lantian,admin.han140.sili.jingzhao,county,蓝田,蓝田,,140,140,source.hou_han_shu.jun_guo_zhi,high,郡国志卷109县级列项第6项
admin.han140.sili.jingzhao.changling,admin.han140.sili.jingzhao,county,长陵,长陵,,140,140,source.hou_han_shu.jun_guo_zhi,high,郡国志卷109县级列项第7项
admin.han140.sili.jingzhao.shang,admin.han140.sili.jingzhao,county,商,商,,140,140,source.hou_han_shu.jun_guo_zhi,high,郡国志卷109县级列项第8项
admin.han140.sili.jingzhao.shangluo,admin.han140.sili.jingzhao,county,上雒,上雒,,140,140,source.hou_han_shu.jun_guo_zhi,high,郡国志卷109县级列项第9项
admin.han140.sili.jingzhao.yangling,admin.han140.sili.jingzhao,county,阳陵,阳陵,,140,140,source.hou_han_shu.jun_guo_zhi,high,郡国志卷109县级列项第10项
admin.han140.sili.zuopingyi.gaoling,admin.han140.sili.zuopingyi,county,高陵,高陵,,140,140,source.hou_han_shu.jun_guo_zhi,high,郡国志卷109县级列项第1项；原文首列为郡国治所
admin.han140.sili.zuopingyi.chiyang,admin.han140.sili.zuopingyi,county,池阳,池阳,,140,140,source.hou_han_shu.jun_guo_zhi,high,郡国志卷109县级列项第2项
admin.han140.sili.zuopingyi.yunyang,admin.han140.sili.zuopingyi,county,云阳,云阳,,140,140,source.hou_han_shu.jun_guo_zhi,high,郡国志卷109县级列项第3项
admin.han140.sili.zuopingyi.duiyu,admin.han140.sili.zuopingyi,county,祋祤,祋祤,,140,140,source.hou_han_shu.jun_guo_zhi,high,郡国志卷109县级列项第4项
admin.han140.sili.zuopingyi.pinyang,admin.han140.sili.zuopingyi,county,频阳,频阳,,140,140,source.hou_han_shu.jun_guo_zhi,high,郡国志卷109县级列项第5项
admin.han140.sili.zuopingyi.monian,admin.han140.sili.zuopingyi,county,万年,万年,,140,140,source.hou_han_shu.jun_guo_zhi,high,郡国志卷109县级列项第6项
admin.han140.sili.zuopingyi.lianshao,admin.han140.sili.zuopingyi,county,莲勺,莲勺,,140,140,source.hou_han_shu.jun_guo_zhi,high,郡国志卷109县级列项第7项
admin.han140.sili.zuopingyi.zhongquan,admin.han140.sili.zuopingyi,county,重泉,重泉,,140,140,source.hou_han_shu.jun_guo_zhi,high,郡国志卷109县级列项第8项
admin.han140.sili.zuopingyi.linjin,admin.han140.sili.zuopingyi,county,临晋,临晋,,140,140,source.hou_han_shu.jun_guo_zhi,high,郡国志卷109县级列项第9项
admin.han140.sili.zuopingyi.heyang,admin.han140.sili.zuopingyi,county,合阳,合阳,,140,140,source.hou_han_shu.jun_guo_zhi,high,郡国志卷109县级列项第10项
admin.han140.sili.zuopingyi.xiayang,admin.han140.sili.zuopingyi,county,夏阳,夏阳,,140,140,source.hou_han_shu.jun_guo_zhi,high,郡国志卷109县级列项第11项
admin.han140.sili.zuopingyi.ya,admin.han140.sili.zuopingyi,county,衙,衙,,140,140,source.hou_han_shu.jun_guo_zhi,high,郡国志卷109县级列项第12项
admin.han140.sili.zuopingyi.suyi,admin.han140.sili.zuopingyi,county,粟邑,粟邑,,140,140,source.hou_han_shu.jun_guo_zhi,high,郡国志卷109县级列项第13项
admin.han140.sili.youfufeng.huaili,admin.han140.sili.youfufeng,county,槐里,槐里,,140,140,source.hou_han_shu.jun_guo_zhi,high,郡国志卷109县级列项第1项；原文首列为郡国治所
admin.han140.sili.youfufeng.anling,admin.han140.sili.youfufeng,county,安陵,安陵,,140,140,source.hou_han_shu.jun_guo_zhi,high,郡国志卷109县级列项第2项
admin.han140.sili.youfufeng.pingling,admin.han140.sili.youfufeng,county,平陵,平陵,,140,140,source.hou_han_shu.jun_guo_zhi,high,郡国志卷109县级列项第3项
admin.han140.sili.youfufeng.maoling,admin.han140.sili.youfufeng,county,茂陵,茂陵,,140,140,source.hou_han_shu.jun_guo_zhi,high,郡国志卷109县级列项第4项
admin.han140.sili.youfufeng.hufeng,admin.han140.sili.youfufeng,county,鄠丰,鄠丰,,140,140,source.hou_han_shu.jun_guo_zhi,high,郡国志卷109县级列项第5项
admin.han140.sili.youfufeng.mei,admin.han140.sili.youfufeng,county,郿,郿,,140,140,source.hou_han_shu.jun_guo_zhi,high,郡国志卷109县级列项第6项
admin.han140.sili.youfufeng.wugong,admin.han140.sili.youfufeng,county,武功,武功,,140,140,source.hou_han_shu.jun_guo_zhi,high,郡国志卷109县级列项第7项
admin.han140.sili.youfufeng.chencang,admin.han140.sili.youfufeng,county,陈仓,陈仓,,140,140,source.hou_han_shu.jun_guo_zhi,high,郡国志卷109县级列项第8项
admin.han140.sili.youfufeng.qian,admin.han140.sili.youfufeng,county,汧,汧,,140,140,source.hou_han_shu.jun_guo_zhi,high,郡国志卷109县级列项第9项
admin.han140.sili.youfufeng.yumi,admin.han140.sili.youfufeng,county,渝麋,渝麋,,140,140,source.hou_han_shu.jun_guo_zhi,high,郡国志卷109县级列项第10项
admin.han140.sili.youfufeng.yong,admin.han140.sili.youfufeng,county,雍,雍,,140,140,source.hou_han_shu.jun_guo_zhi,high,郡国志卷109县级列项第11项
admin.han140.sili.youfufeng.xunyi,admin.han140.sili.youfufeng,county,栒邑,栒邑,,140,140,source.hou_han_shu.jun_guo_zhi,high,郡国志卷109县级列项第12项
admin.han140.sili.youfufeng.meiyang,admin.han140.sili.youfufeng,county,美阳,美阳,,140,140,source.hou_han_shu.jun_guo_zhi,high,郡国志卷109县级列项第13项
admin.han140.sili.youfufeng.qi,admin.han140.sili.youfufeng,county,漆,漆,,140,140,source.hou_han_shu.jun_guo_zhi,high,郡国志卷109县级列项第14项
admin.han140.sili.youfufeng.duyang,admin.han140.sili.youfufeng,county,杜阳,杜阳,,140,140,source.hou_han_shu.jun_guo_zhi,high,郡国志卷109县级列项第15项
admin.han140.yuzhou.yingchuan.yangdi,admin.han140.yuzhou.yingchuan,county,阳翟,阳翟,,140,140,source.hou_han_shu.jun_guo_zhi,high,郡国志卷110县级列项第1项；原文首列为郡国治所
admin.han140.yuzhou.yingchuan.xiang,admin.han140.yuzhou.yingchuan,county,襄,襄,,140,140,source.hou_han_shu.jun_guo_zhi,high,郡国志卷110县级列项第2项
admin.han140.yuzhou.yingchuan.xiangcheng,admin.han140.yuzhou.yingchuan,county,襄城,襄城,,140,140,source.hou_han_shu.jun_guo_zhi,high,郡国志卷110县级列项第3项
admin.han140.yuzhou.yingchuan.kunyang,admin.han140.yuzhou.yingchuan,county,昆阳,昆阳,,140,140,source.hou_han_shu.jun_guo_zhi,high,郡国志卷110县级列项第4项
admin.han140.yuzhou.yingchuan.dingling,admin.han140.yuzhou.yingchuan,county,定陵,定陵,,140,140,source.hou_han_shu.jun_guo_zhi,high,郡国志卷110县级列项第5项
admin.han140.yuzhou.yingchuan.wuyangyi,admin.han140.yuzhou.yingchuan,county,舞阳邑,舞阳邑,,140,140,source.hou_han_shu.jun_guo_zhi,high,郡国志卷110县级列项第6项
admin.han140.yuzhou.yingchuan.yan,admin.han140.yuzhou.yingchuan,county,郾,郾,,140,140,source.hou_han_shu.jun_guo_zhi,high,郡国志卷110县级列项第7项
admin.han140.yuzhou.yingchuan.linying,admin.han140.yuzhou.yingchuan,county,临颍,临颍,,140,140,source.hou_han_shu.jun_guo_zhi,high,郡国志卷110县级列项第8项
admin.han140.yuzhou.yingchuan.yingyang,admin.han140.yuzhou.yingchuan,county,颍阳,颍阳,,140,140,source.hou_han_shu.jun_guo_zhi,high,郡国志卷110县级列项第9项
admin.han140.yuzhou.yingchuan.yingyin,admin.han140.yuzhou.yingchuan,county,颍阴,颍阴,,140,140,source.hou_han_shu.jun_guo_zhi,high,郡国志卷110县级列项第10项
admin.han140.yuzhou.yingchuan.xu,admin.han140.yuzhou.yingchuan,county,许,许,,140,140,source.hou_han_shu.jun_guo_zhi,high,郡国志卷110县级列项第11项
admin.han140.yuzhou.yingchuan.xinji,admin.han140.yuzhou.yingchuan,county,新汲,新汲,,140,140,source.hou_han_shu.jun_guo_zhi,high,郡国志卷110县级列项第12项
admin.han140.yuzhou.yingchuan.yanling,admin.han140.yuzhou.yingchuan,county,鄢陵,鄢陵,,140,140,source.hou_han_shu.jun_guo_zhi,high,郡国志卷110县级列项第13项
admin.han140.yuzhou.yingchuan.changshe,admin.han140.yuzhou.yingchuan,county,长社,长社,,140,140,source.hou_han_shu.jun_guo_zhi,high,郡国志卷110县级列项第14项
admin.han140.yuzhou.yingchuan.yangcheng,admin.han140.yuzhou.yingchuan,county,阳城,阳城,,140,140,source.hou_han_shu.jun_guo_zhi,high,郡国志卷110县级列项第15项
admin.han140.yuzhou.yingchuan.fucheng,admin.han140.yuzhou.yingchuan,county,父城,父城,,140,140,source.hou_han_shu.jun_guo_zhi,high,郡国志卷110县级列项第16项
admin.han140.yuzhou.yingchuan.lunshi,admin.han140.yuzhou.yingchuan,county,轮氏,轮氏,,140,140,source.hou_han_shu.jun_guo_zhi,high,郡国志卷110县级列项第17项
admin.han140.yuzhou.runan.pingyu,admin.han140.yuzhou.runan,county,平舆,平舆,,140,140,source.hou_han_shu.jun_guo_zhi,high,郡国志卷110县级列项第1项；原文首列为郡国治所
admin.han140.yuzhou.runan.xinyang,admin.han140.yuzhou.runan,county,新阳,新阳,,140,140,source.hou_han_shu.jun_guo_zhi,high,郡国志卷110县级列项第2项
admin.han140.yuzhou.runan.xiping,admin.han140.yuzhou.runan,county,西平,西平,,140,140,source.hou_han_shu.jun_guo_zhi,high,郡国志卷110县级列项第3项
admin.han140.yuzhou.runan.shangcai,admin.han140.yuzhou.runan,county,上蔡,上蔡,,140,140,source.hou_han_shu.jun_guo_zhi,high,郡国志卷110县级列项第4项
admin.han140.yuzhou.runan.nandun,admin.han140.yuzhou.runan,county,南顿,南顿,,140,140,source.hou_han_shu.jun_guo_zhi,high,郡国志卷110县级列项第5项
admin.han140.yuzhou.runan.ruyin,admin.han140.yuzhou.runan,county,汝阴,汝阴,,140,140,source.hou_han_shu.jun_guo_zhi,high,郡国志卷110县级列项第6项
admin.han140.yuzhou.runan.ruyang,admin.han140.yuzhou.runan,county,汝阳,汝阳,,140,140,source.hou_han_shu.jun_guo_zhi,high,郡国志卷110县级列项第7项
admin.han140.yuzhou.runan.xinxi,admin.han140.yuzhou.runan,county,新息,新息,,140,140,source.hou_han_shu.jun_guo_zhi,high,郡国志卷110县级列项第8项
admin.han140.yuzhou.runan.beiyichun,admin.han140.yuzhou.runan,county,北宜春,北宜春,,140,140,source.hou_han_shu.jun_guo_zhi,high,郡国志卷110县级列项第9项
admin.han140.yuzhou.runan.qiang,admin.han140.yuzhou.runan,county,㶏强,㶏强,,140,140,source.hou_han_shu.jun_guo_zhi,high,郡国志卷110县级列项第10项
admin.han140.yuzhou.runan.quyang,admin.han140.yuzhou.runan,county,灈阳,灈阳,,140,140,source.hou_han_shu.jun_guo_zhi,high,郡国志卷110县级列项第11项
admin.han140.yuzhou.runan.qisi,admin.han140.yuzhou.runan,county,期思,期思,,140,140,source.hou_han_shu.jun_guo_zhi,high,郡国志卷110县级列项第12项
admin.han140.yuzhou.runan.yangan,admin.han140.yuzhou.runan,county,阳安,阳安,,140,140,source.hou_han_shu.jun_guo_zhi,high,郡国志卷110县级列项第13项
admin.han140.yuzhou.runan.xiang,admin.han140.yuzhou.runan,county,项,项,,140,140,source.hou_han_shu.jun_guo_zhi,high,郡国志卷110县级列项第14项
admin.han140.yuzhou.runan.xihua,admin.han140.yuzhou.runan,county,西华,西华,,140,140,source.hou_han_shu.jun_guo_zhi,high,郡国志卷110县级列项第15项
admin.han140.yuzhou.runan.xiyang,admin.han140.yuzhou.runan,county,细阳,细阳,,140,140,source.hou_han_shu.jun_guo_zhi,high,郡国志卷110县级列项第16项
admin.han140.yuzhou.runan.ancheng,admin.han140.yuzhou.runan,county,安城,安城,,140,140,source.hou_han_shu.jun_guo_zhi,high,郡国志卷110县级列项第17项
admin.han140.yuzhou.runan.wufang,admin.han140.yuzhou.runan,county,吴房,吴房,,140,140,source.hou_han_shu.jun_guo_zhi,high,郡国志卷110县级列项第18项
admin.han140.yuzhou.runan.tongyang,admin.han140.yuzhou.runan,county,鮦阳,鮦阳,,140,140,source.hou_han_shu.jun_guo_zhi,high,郡国志卷110县级列项第19项
admin.han140.yuzhou.runan.shenyang,admin.han140.yuzhou.runan,county,慎阳,慎阳,,140,140,source.hou_han_shu.jun_guo_zhi,high,郡国志卷110县级列项第20项
admin.han140.yuzhou.runan.shen,admin.han140.yuzhou.runan,county,慎,慎,,140,140,source.hou_han_shu.jun_guo_zhi,high,郡国志卷110县级列项第21项
admin.han140.yuzhou.runan.xincai,admin.han140.yuzhou.runan,county,新蔡,新蔡,,140,140,source.hou_han_shu.jun_guo_zhi,high,郡国志卷110县级列项第22项
admin.han140.yuzhou.runan.anyang,admin.han140.yuzhou.runan,county,安阳,安阳,,140,140,source.hou_han_shu.jun_guo_zhi,high,郡国志卷110县级列项第23项
admin.han140.yuzhou.runan.fubo,admin.han140.yuzhou.runan,county,富波,富波,,140,140,source.hou_han_shu.jun_guo_zhi,high,郡国志卷110县级列项第24项
admin.han140.yuzhou.runan.yilu,admin.han140.yuzhou.runan,county,宜禄,宜禄,,140,140,source.hou_han_shu.jun_guo_zhi,high,郡国志卷110县级列项第25项
admin.han140.yuzhou.runan.langling,admin.han140.yuzhou.runan,county,朗陵,朗陵,,140,140,source.hou_han_shu.jun_guo_zhi,high,郡国志卷110县级列项第26项
admin.han140.yuzhou.runan.yiyang,admin.han140.yuzhou.runan,county,弋阳,弋阳,,140,140,source.hou_han_shu.jun_guo_zhi,high,郡国志卷110县级列项第27项
admin.han140.yuzhou.runan.zhaoling,admin.han140.yuzhou.runan,county,召陵,召陵,,140,140,source.hou_han_shu.jun_guo_zhi,high,郡国志卷110县级列项第28项
admin.han140.yuzhou.runan.zhengqiang,admin.han140.yuzhou.runan,county,征羌,征羌,,140,140,source.hou_han_shu.jun_guo_zhi,high,郡国志卷110县级列项第29项
admin.han140.yuzhou.runan.sishan,admin.han140.yuzhou.runan,county,思善,思善,,140,140,source.hou_han_shu.jun_guo_zhi,high,郡国志卷110县级列项第30项
admin.han140.yuzhou.runan.song,admin.han140.yuzhou.runan,county,宋,宋,,140,140,source.hou_han_shu.jun_guo_zhi,high,郡国志卷110县级列项第31项
admin.han140.yuzhou.runan.baoxin,admin.han140.yuzhou.runan,county,襃信,襃信,,140,140,source.hou_han_shu.jun_guo_zhi,high,郡国志卷110县级列项第32项
admin.han140.yuzhou.runan.yuanlu,admin.han140.yuzhou.runan,county,原鹿,原鹿,,140,140,source.hou_han_shu.jun_guo_zhi,high,郡国志卷110县级列项第33项
admin.han140.yuzhou.runan.dingying,admin.han140.yuzhou.runan,county,定颍,定颍,,140,140,source.hou_han_shu.jun_guo_zhi,high,郡国志卷110县级列项第34项
admin.han140.yuzhou.runan.gushi,admin.han140.yuzhou.runan,county,固始,固始,,140,140,source.hou_han_shu.jun_guo_zhi,high,郡国志卷110县级列项第35项
admin.han140.yuzhou.runan.shansang,admin.han140.yuzhou.runan,county,山桑,山桑,,140,140,source.hou_han_shu.jun_guo_zhi,high,郡国志卷110县级列项第36项
admin.han140.yuzhou.runan.chengfu,admin.han140.yuzhou.runan,county,城父,城父,,140,140,source.hou_han_shu.jun_guo_zhi,high,郡国志卷110县级列项第37项
admin.han140.yuzhou.liang.xiayi,admin.han140.yuzhou.liang,county,下邑,下邑,,140,140,source.hou_han_shu.jun_guo_zhi,high,郡国志卷110县级列项第1项；原文首列为郡国治所
admin.han140.yuzhou.liang.suiyang,admin.han140.yuzhou.liang,county,睢阳,睢阳,,140,140,source.hou_han_shu.jun_guo_zhi,high,郡国志卷110县级列项第2项
admin.han140.yuzhou.liang.yu,admin.han140.yuzhou.liang,county,虞,虞,,140,140,source.hou_han_shu.jun_guo_zhi,high,郡国志卷110县级列项第3项
admin.han140.yuzhou.liang.dang,admin.han140.yuzhou.liang,county,砀,砀,,140,140,source.hou_han_shu.jun_guo_zhi,high,郡国志卷110县级列项第4项
admin.han140.yuzhou.liang.meng,admin.han140.yuzhou.liang,county,蒙,蒙,,140,140,source.hou_han_shu.jun_guo_zhi,high,郡国志卷110县级列项第5项
admin.han140.yuzhou.liang.gushou,admin.han140.yuzhou.liang,county,谷熟,谷熟,,140,140,source.hou_han_shu.jun_guo_zhi,high,郡国志卷110县级列项第6项
admin.han140.yuzhou.liang.yan,admin.han140.yuzhou.liang,county,鄢,鄢,,140,140,source.hou_han_shu.jun_guo_zhi,high,郡国志卷110县级列项第7项
admin.han140.yuzhou.liang.zhuling,admin.han140.yuzhou.liang,county,宁陵,宁陵,,140,140,source.hou_han_shu.jun_guo_zhi,high,郡国志卷110县级列项第8项
admin.han140.yuzhou.liang.bo,admin.han140.yuzhou.liang,county,薄,薄,,140,140,source.hou_han_shu.jun_guo_zhi,high,郡国志卷110县级列项第9项
admin.han140.yuzhou.pei.xiang,admin.han140.yuzhou.pei,county,相,相,,140,140,source.hou_han_shu.jun_guo_zhi,high,郡国志卷110县级列项第1项；原文首列为郡国治所
admin.han140.yuzhou.pei.xiao,admin.han140.yuzhou.pei,county,萧,萧,,140,140,source.hou_han_shu.jun_guo_zhi,high,郡国志卷110县级列项第2项
admin.han140.yuzhou.pei.pei,admin.han140.yuzhou.pei,county,沛,沛,,140,140,source.hou_han_shu.jun_guo_zhi,high,郡国志卷110县级列项第3项
admin.han140.yuzhou.pei.fengxi,admin.han140.yuzhou.pei,county,丰西,丰西,,140,140,source.hou_han_shu.jun_guo_zhi,high,郡国志卷110县级列项第4项
admin.han140.yuzhou.pei.zan,admin.han140.yuzhou.pei,county,酇,酇,,140,140,source.hou_han_shu.jun_guo_zhi,high,郡国志卷110县级列项第5项
admin.han140.yuzhou.pei.guyang,admin.han140.yuzhou.pei,county,谷阳,谷阳,,140,140,source.hou_han_shu.jun_guo_zhi,high,郡国志卷110县级列项第6项
admin.han140.yuzhou.pei.qiao,admin.han140.yuzhou.pei,county,谯,谯,,140,140,source.hou_han_shu.jun_guo_zhi,high,郡国志卷110县级列项第7项
admin.han140.yuzhou.pei.xiao.u6d28,admin.han140.yuzhou.pei,county,洨,洨,,140,140,source.hou_han_shu.jun_guo_zhi,high,郡国志卷110县级列项第8项
admin.han140.yuzhou.pei.qi,admin.han140.yuzhou.pei,county,蕲,蕲,,140,140,source.hou_han_shu.jun_guo_zhi,high,郡国志卷110县级列项第9项
admin.han140.yuzhou.pei.zhi,admin.han140.yuzhou.pei,county,銍,銍,,140,140,source.hou_han_shu.jun_guo_zhi,high,郡国志卷110县级列项第10项
admin.han140.yuzhou.pei.dan,admin.han140.yuzhou.pei,county,郸,郸,,140,140,source.hou_han_shu.jun_guo_zhi,high,郡国志卷110县级列项第11项
admin.han140.yuzhou.pei.jianping,admin.han140.yuzhou.pei,county,建平,建平,,140,140,source.hou_han_shu.jun_guo_zhi,high,郡国志卷110县级列项第12项
admin.han140.yuzhou.pei.linsui,admin.han140.yuzhou.pei,county,临睢,临睢,,140,140,source.hou_han_shu.jun_guo_zhi,high,郡国志卷110县级列项第13项
admin.han140.yuzhou.pei.zhuyi,admin.han140.yuzhou.pei,county,竹邑,竹邑,,140,140,source.hou_han_shu.jun_guo_zhi,high,郡国志卷110县级列项第14项
admin.han140.yuzhou.pei.gongqiu,admin.han140.yuzhou.pei,county,公丘,公丘,,140,140,source.hou_han_shu.jun_guo_zhi,high,郡国志卷110县级列项第15项
admin.han140.yuzhou.pei.longkang,admin.han140.yuzhou.pei,county,龙亢,龙亢,,140,140,source.hou_han_shu.jun_guo_zhi,high,郡国志卷110县级列项第16项
admin.han140.yuzhou.pei.xiang.u5411,admin.han140.yuzhou.pei,county,向,向,,140,140,source.hou_han_shu.jun_guo_zhi,high,郡国志卷110县级列项第17项
admin.han140.yuzhou.pei.fuchi,admin.han140.yuzhou.pei,county,符离,符离,,140,140,source.hou_han_shu.jun_guo_zhi,high,郡国志卷110县级列项第18项
admin.han140.yuzhou.pei.hong,admin.han140.yuzhou.pei,county,虹,虹,,140,140,source.hou_han_shu.jun_guo_zhi,high,郡国志卷110县级列项第19项
admin.han140.yuzhou.pei.taiqiu,admin.han140.yuzhou.pei,county,太丘,太丘,,140,140,source.hou_han_shu.jun_guo_zhi,high,郡国志卷110县级列项第20项
admin.han140.yuzhou.pei.zhuqiu,admin.han140.yuzhou.pei,county,杼秋,杼秋,,140,140,source.hou_han_shu.jun_guo_zhi,high,郡国志卷110县级列项第21项
admin.han140.yuzhou.chen.chen,admin.han140.yuzhou.chen,county,陈,陈,,140,140,source.hou_han_shu.jun_guo_zhi,high,郡国志卷110县级列项第1项；原文首列为郡国治所
admin.han140.yuzhou.chen.yangxia,admin.han140.yuzhou.chen,county,阳夏,阳夏,,140,140,source.hou_han_shu.jun_guo_zhi,high,郡国志卷110县级列项第2项
admin.han140.yuzhou.chen.zhuping,admin.han140.yuzhou.chen,county,宁平,宁平,,140,140,source.hou_han_shu.jun_guo_zhi,high,郡国志卷110县级列项第3项
admin.han140.yuzhou.chen.ku,admin.han140.yuzhou.chen,county,苦,苦,,140,140,source.hou_han_shu.jun_guo_zhi,high,郡国志卷110县级列项第4项
admin.han140.yuzhou.chen.zhe,admin.han140.yuzhou.chen,county,柘,柘,,140,140,source.hou_han_shu.jun_guo_zhi,high,郡国志卷110县级列项第5项
admin.han140.yuzhou.chen.xinping,admin.han140.yuzhou.chen,county,新平,新平,,140,140,source.hou_han_shu.jun_guo_zhi,high,郡国志卷110县级列项第6项
admin.han140.yuzhou.chen.fule,admin.han140.yuzhou.chen,county,扶乐,扶乐,,140,140,source.hou_han_shu.jun_guo_zhi,high,郡国志卷110县级列项第7项
admin.han140.yuzhou.chen.wuping,admin.han140.yuzhou.chen,county,武平,武平,,140,140,source.hou_han_shu.jun_guo_zhi,high,郡国志卷110县级列项第8项
admin.han140.yuzhou.chen.changping,admin.han140.yuzhou.chen,county,长平,长平,,140,140,source.hou_han_shu.jun_guo_zhi,high,郡国志卷110县级列项第9项
admin.han140.yuzhou.lu.lu,admin.han140.yuzhou.lu,county,鲁,鲁,,140,140,source.hou_han_shu.jun_guo_zhi,high,郡国志卷110县级列项第1项；原文首列为郡国治所
admin.han140.yuzhou.lu.zou,admin.han140.yuzhou.lu,county,驺,驺,,140,140,source.hou_han_shu.jun_guo_zhi,high,郡国志卷110县级列项第2项
admin.han140.yuzhou.lu.fan,admin.han140.yuzhou.lu,county,蕃,蕃,,140,140,source.hou_han_shu.jun_guo_zhi,high,郡国志卷110县级列项第3项
admin.han140.yuzhou.lu.xie,admin.han140.yuzhou.lu,county,薛,薛,,140,140,source.hou_han_shu.jun_guo_zhi,high,郡国志卷110县级列项第4项
admin.han140.yuzhou.lu.bian,admin.han140.yuzhou.lu,county,卞,卞,,140,140,source.hou_han_shu.jun_guo_zhi,high,郡国志卷110县级列项第5项
admin.han140.yuzhou.lu.wenyang,admin.han140.yuzhou.lu,county,汶阳,汶阳,,140,140,source.hou_han_shu.jun_guo_zhi,high,郡国志卷110县级列项第6项
admin.han140.jizhou.wei.ye,admin.han140.jizhou.wei,county,邺,邺,,140,140,source.hou_han_shu.jun_guo_zhi,high,郡国志卷110县级列项第1项；原文首列为郡国治所
admin.han140.jizhou.wei.fanyang,admin.han140.jizhou.wei,county,繁阳,繁阳,,140,140,source.hou_han_shu.jun_guo_zhi,high,郡国志卷110县级列项第2项
admin.han140.jizhou.wei.neihuangqinghe,admin.han140.jizhou.wei,county,内黄清河,内黄清河,,140,140,source.hou_han_shu.jun_guo_zhi,high,郡国志卷110县级列项第3项
admin.han140.jizhou.wei.wei,admin.han140.jizhou.wei,county,魏,魏,,140,140,source.hou_han_shu.jun_guo_zhi,high,郡国志卷110县级列项第4项
admin.han140.jizhou.wei.yuancheng,admin.han140.jizhou.wei,county,元城,元城,,140,140,source.hou_han_shu.jun_guo_zhi,high,郡国志卷110县级列项第5项
admin.han140.jizhou.wei.liyang,admin.han140.jizhou.wei,county,黎阳,黎阳,,140,140,source.hou_han_shu.jun_guo_zhi,high,郡国志卷110县级列项第6项
admin.han140.jizhou.wei.yinan,admin.han140.jizhou.wei,county,阴安,阴安,,140,140,source.hou_han_shu.jun_guo_zhi,high,郡国志卷110县级列项第7项
admin.han140.jizhou.wei.guantao,admin.han140.jizhou.wei,county,馆陶,馆陶,,140,140,source.hou_han_shu.jun_guo_zhi,high,郡国志卷110县级列项第8项
admin.han140.jizhou.wei.qingyuan,admin.han140.jizhou.wei,county,清渊,清渊,,140,140,source.hou_han_shu.jun_guo_zhi,high,郡国志卷110县级列项第9项
admin.han140.jizhou.wei.pingen,admin.han140.jizhou.wei,county,平恩,平恩,,140,140,source.hou_han_shu.jun_guo_zhi,high,郡国志卷110县级列项第10项
admin.han140.jizhou.wei.sha,admin.han140.jizhou.wei,county,沙,沙,,140,140,source.hou_han_shu.jun_guo_zhi,high,郡国志卷110县级列项第11项
admin.han140.jizhou.wei.chiqiu,admin.han140.jizhou.wei,county,斥丘,斥丘,,140,140,source.hou_han_shu.jun_guo_zhi,high,郡国志卷110县级列项第12项
admin.han140.jizhou.wei.wuan,admin.han140.jizhou.wei,county,武安,武安,,140,140,source.hou_han_shu.jun_guo_zhi,high,郡国志卷110县级列项第13项
admin.han140.jizhou.wei.quliang,admin.han140.jizhou.wei,county,曲梁,曲梁,,140,140,source.hou_han_shu.jun_guo_zhi,high,郡国志卷110县级列项第14项
admin.han140.jizhou.wei.liangqi,admin.han140.jizhou.wei,county,梁期,梁期,,140,140,source.hou_han_shu.jun_guo_zhi,high,郡国志卷110县级列项第15项
admin.han140.jizhou.julu.yingtao,admin.han140.jizhou.julu,county,廮陶,廮陶,,140,140,source.hou_han_shu.jun_guo_zhi,high,郡国志卷110县级列项第1项；原文首列为郡国治所
admin.han140.jizhou.julu.julu,admin.han140.jizhou.julu,county,钜鹿,钜鹿,,140,140,source.hou_han_shu.jun_guo_zhi,high,郡国志卷110县级列项第2项
admin.han140.jizhou.julu.yangshi,admin.han140.jizhou.julu,county,杨氏,杨氏,,140,140,source.hou_han_shu.jun_guo_zhi,high,郡国志卷110县级列项第3项
admin.han140.jizhou.julu.qiao,admin.han140.jizhou.julu,county,鄡,鄡,,140,140,source.hou_han_shu.jun_guo_zhi,high,郡国志卷110县级列项第4项
admin.han140.jizhou.julu.xiaquyang,admin.han140.jizhou.julu,county,下曲阳,下曲阳,,140,140,source.hou_han_shu.jun_guo_zhi,high,郡国志卷110县级列项第5项
admin.han140.jizhou.julu.ren,admin.han140.jizhou.julu,county,任,任,,140,140,source.hou_han_shu.jun_guo_zhi,high,郡国志卷110县级列项第6项
admin.han140.jizhou.julu.nanhe,admin.han140.jizhou.julu,county,南和,南和,,140,140,source.hou_han_shu.jun_guo_zhi,high,郡国志卷110县级列项第7项
admin.han140.jizhou.julu.yanping,admin.han140.jizhou.julu,county,广平,广平,,140,140,source.hou_han_shu.jun_guo_zhi,high,郡国志卷110县级列项第8项
admin.han140.jizhou.julu.chizhang,admin.han140.jizhou.julu,county,斥章,斥章,,140,140,source.hou_han_shu.jun_guo_zhi,high,郡国志卷110县级列项第9项
admin.han140.jizhou.julu.guangzong,admin.han140.jizhou.julu,county,广宗,广宗,,140,140,source.hou_han_shu.jun_guo_zhi,high,郡国志卷110县级列项第10项
admin.han140.jizhou.julu.quzhou,admin.han140.jizhou.julu,county,曲周,曲周,,140,140,source.hou_han_shu.jun_guo_zhi,high,郡国志卷110县级列项第11项
admin.han140.jizhou.julu.lieren,admin.han140.jizhou.julu,county,列人,列人,,140,140,source.hou_han_shu.jun_guo_zhi,high,郡国志卷110县级列项第12项
admin.han140.jizhou.julu.yannian,admin.han140.jizhou.julu,county,广年,广年,,140,140,source.hou_han_shu.jun_guo_zhi,high,郡国志卷110县级列项第13项
admin.han140.jizhou.julu.pingxiang,admin.han140.jizhou.julu,county,平乡,平乡,,140,140,source.hou_han_shu.jun_guo_zhi,high,郡国志卷110县级列项第14项
admin.han140.jizhou.julu.nan,admin.han140.jizhou.julu,county,南䜌,南䜌,,140,140,source.hou_han_shu.jun_guo_zhi,high,郡国志卷110县级列项第15项
admin.han140.jizhou.changshan.yuanshi,admin.han140.jizhou.changshan,county,元氏,元氏,,140,140,source.hou_han_shu.jun_guo_zhi,high,郡国志卷110县级列项第1项；原文首列为郡国治所
admin.han140.jizhou.changshan.gaoyi,admin.han140.jizhou.changshan,county,高邑,高邑,,140,140,source.hou_han_shu.jun_guo_zhi,high,郡国志卷110县级列项第2项
admin.han140.jizhou.changshan.duxiang,admin.han140.jizhou.changshan,county,都乡,都乡,,140,140,source.hou_han_shu.jun_guo_zhi,high,郡国志卷110县级列项第3项
admin.han140.jizhou.changshan.nanxingtang,admin.han140.jizhou.changshan,county,南行唐,南行唐,,140,140,source.hou_han_shu.jun_guo_zhi,high,郡国志卷110县级列项第4项
admin.han140.jizhou.changshan.fangzi,admin.han140.jizhou.changshan,county,房子,房子,,140,140,source.hou_han_shu.jun_guo_zhi,high,郡国志卷110县级列项第5项
admin.han140.jizhou.changshan.pingji,admin.han140.jizhou.changshan,county,平棘,平棘,,140,140,source.hou_han_shu.jun_guo_zhi,high,郡国志卷110县级列项第6项
admin.han140.jizhou.changshan.luancheng,admin.han140.jizhou.changshan,county,栾城,栾城,,140,140,source.hou_han_shu.jun_guo_zhi,high,郡国志卷110县级列项第7项
admin.han140.jizhou.changshan.jiumen,admin.han140.jizhou.changshan,county,九门,九门,,140,140,source.hou_han_shu.jun_guo_zhi,high,郡国志卷110县级列项第8项
admin.han140.jizhou.changshan.lingshou,admin.han140.jizhou.changshan,county,灵寿,灵寿,,140,140,source.hou_han_shu.jun_guo_zhi,high,郡国志卷110县级列项第9项
admin.han140.jizhou.changshan.puwu,admin.han140.jizhou.changshan,county,蒲吾,蒲吾,,140,140,source.hou_han_shu.jun_guo_zhi,high,郡国志卷110县级列项第10项
admin.han140.jizhou.changshan.jingxing,admin.han140.jizhou.changshan,county,井陉,井陉,,140,140,source.hou_han_shu.jun_guo_zhi,high,郡国志卷110县级列项第11项
admin.han140.jizhou.changshan.zhending,admin.han140.jizhou.changshan,county,真定,真定,,140,140,source.hou_han_shu.jun_guo_zhi,high,郡国志卷110县级列项第12项
admin.han140.jizhou.changshan.shangai,admin.han140.jizhou.changshan,county,上艾,上艾,,140,140,source.hou_han_shu.jun_guo_zhi,high,郡国志卷110县级列项第13项
admin.han140.jizhou.zhongshan.lunu,admin.han140.jizhou.zhongshan,county,卢奴,卢奴,,140,140,source.hou_han_shu.jun_guo_zhi,high,郡国志卷110县级列项第1项；原文首列为郡国治所
admin.han140.jizhou.zhongshan.beiping,admin.han140.jizhou.zhongshan,county,北平,北平,,140,140,source.hou_han_shu.jun_guo_zhi,high,郡国志卷110县级列项第2项
admin.han140.jizhou.zhongshan.wuji,admin.han140.jizhou.zhongshan,county,毋极,毋极,,140,140,source.hou_han_shu.jun_guo_zhi,high,郡国志卷110县级列项第3项
admin.han140.jizhou.zhongshan.xinshi,admin.han140.jizhou.zhongshan,county,新市,新市,,140,140,source.hou_han_shu.jun_guo_zhi,high,郡国志卷110县级列项第4项
admin.han140.jizhou.zhongshan.wangdu,admin.han140.jizhou.zhongshan,county,望都,望都,,140,140,source.hou_han_shu.jun_guo_zhi,high,郡国志卷110县级列项第5项
admin.han140.jizhou.zhongshan.tang,admin.han140.jizhou.zhongshan,county,唐,唐,,140,140,source.hou_han_shu.jun_guo_zhi,high,郡国志卷110县级列项第6项
admin.han140.jizhou.zhongshan.anguo,admin.han140.jizhou.zhongshan,county,安国,安国,,140,140,source.hou_han_shu.jun_guo_zhi,high,郡国志卷110县级列项第7项
admin.han140.jizhou.zhongshan.anxi,admin.han140.jizhou.zhongshan,county,安憙,安憙,,140,140,source.hou_han_shu.jun_guo_zhi,high,郡国志卷110县级列项第8项
admin.han140.jizhou.zhongshan.yichang,admin.han140.jizhou.zhongshan,county,汉昌,汉昌,,140,140,source.hou_han_shu.jun_guo_zhi,high,郡国志卷110县级列项第9项
admin.han140.jizhou.zhongshan.liwu,admin.han140.jizhou.zhongshan,county,蠡吾,蠡吾,,140,140,source.hou_han_shu.jun_guo_zhi,high,郡国志卷110县级列项第10项
admin.han140.jizhou.zhongshan.shangquyang,admin.han140.jizhou.zhongshan,county,上曲阳,上曲阳,,140,140,source.hou_han_shu.jun_guo_zhi,high,郡国志卷110县级列项第11项
admin.han140.jizhou.zhongshan.puyin,admin.han140.jizhou.zhongshan,county,蒲阴,蒲阴,,140,140,source.hou_han_shu.jun_guo_zhi,high,郡国志卷110县级列项第12项
admin.han140.jizhou.zhongshan.yanchang,admin.han140.jizhou.zhongshan,county,广昌,广昌,,140,140,source.hou_han_shu.jun_guo_zhi,high,郡国志卷110县级列项第13项
admin.han140.jizhou.anping.xindu,admin.han140.jizhou.anping,county,信都,信都,,140,140,source.hou_han_shu.jun_guo_zhi,high,郡国志卷110县级列项第1项；原文首列为郡国治所
admin.han140.jizhou.anping.fucheng,admin.han140.jizhou.anping,county,阜城,阜城,,140,140,source.hou_han_shu.jun_guo_zhi,high,郡国志卷110县级列项第2项
admin.han140.jizhou.anping.nangong,admin.han140.jizhou.anping,county,南宫,南宫,,140,140,source.hou_han_shu.jun_guo_zhi,high,郡国志卷110县级列项第3项
admin.han140.jizhou.anping.fuliu,admin.han140.jizhou.anping,county,扶柳,扶柳,,140,140,source.hou_han_shu.jun_guo_zhi,high,郡国志卷110县级列项第4项
admin.han140.jizhou.anping.xiabo,admin.han140.jizhou.anping,county,下博,下博,,140,140,source.hou_han_shu.jun_guo_zhi,high,郡国志卷110县级列项第5项
admin.han140.jizhou.anping.wuyi,admin.han140.jizhou.anping,county,武邑,武邑,,140,140,source.hou_han_shu.jun_guo_zhi,high,郡国志卷110县级列项第6项
admin.han140.jizhou.anping.guanjin,admin.han140.jizhou.anping,county,观津,观津,,140,140,source.hou_han_shu.jun_guo_zhi,high,郡国志卷110县级列项第7项
admin.han140.jizhou.anping.jingxi,admin.han140.jizhou.anping,county,经西,经西,,140,140,source.hou_han_shu.jun_guo_zhi,high,郡国志卷110县级列项第8项
admin.han140.jizhou.anping.tangyang,admin.han140.jizhou.anping,county,堂阳,堂阳,,140,140,source.hou_han_shu.jun_guo_zhi,high,郡国志卷110县级列项第9项
admin.han140.jizhou.anping.wusui,admin.han140.jizhou.anping,county,武遂,武遂,,140,140,source.hou_han_shu.jun_guo_zhi,high,郡国志卷110县级列项第10项
admin.han140.jizhou.anping.raoyang,admin.han140.jizhou.anping,county,饶阳,饶阳,,140,140,source.hou_han_shu.jun_guo_zhi,high,郡国志卷110县级列项第11项
admin.han140.jizhou.anping.anping,admin.han140.jizhou.anping,county,安平,安平,,140,140,source.hou_han_shu.jun_guo_zhi,high,郡国志卷110县级列项第12项
admin.han140.jizhou.anping.nanshenze,admin.han140.jizhou.anping,county,南深泽,南深泽,,140,140,source.hou_han_shu.jun_guo_zhi,high,郡国志卷110县级列项第13项
admin.han140.jizhou.hejian.lecheng,admin.han140.jizhou.hejian,county,乐成,乐成,,140,140,source.hou_han_shu.jun_guo_zhi,high,郡国志卷110县级列项第1项；原文首列为郡国治所
admin.han140.jizhou.hejian.gonggao,admin.han140.jizhou.hejian,county,弓高,弓高,,140,140,source.hou_han_shu.jun_guo_zhi,high,郡国志卷110县级列项第2项
admin.han140.jizhou.hejian.yi,admin.han140.jizhou.hejian,county,易,易,,140,140,source.hou_han_shu.jun_guo_zhi,high,郡国志卷110县级列项第3项
admin.han140.jizhou.hejian.wuyuan,admin.han140.jizhou.hejian,county,武垣,武垣,,140,140,source.hou_han_shu.jun_guo_zhi,high,郡国志卷110县级列项第4项
admin.han140.jizhou.hejian.zhongshui,admin.han140.jizhou.hejian,county,中水,中水,,140,140,source.hou_han_shu.jun_guo_zhi,high,郡国志卷110县级列项第5项
admin.han140.jizhou.hejian.mo,admin.han140.jizhou.hejian,county,鄚,鄚,,140,140,source.hou_han_shu.jun_guo_zhi,high,郡国志卷110县级列项第6项
admin.han140.jizhou.hejian.gaoyang,admin.han140.jizhou.hejian,county,高阳,高阳,,140,140,source.hou_han_shu.jun_guo_zhi,high,郡国志卷110县级列项第7项
admin.han140.jizhou.hejian.wenan,admin.han140.jizhou.hejian,county,文安,文安,,140,140,source.hou_han_shu.jun_guo_zhi,high,郡国志卷110县级列项第8项
admin.han140.jizhou.hejian.shuzhou,admin.han140.jizhou.hejian,county,束州,束州,,140,140,source.hou_han_shu.jun_guo_zhi,high,郡国志卷110县级列项第9项
admin.han140.jizhou.hejian.chengping,admin.han140.jizhou.hejian,county,成平,成平,,140,140,source.hou_han_shu.jun_guo_zhi,high,郡国志卷110县级列项第10项
admin.han140.jizhou.hejian.dongpingshu,admin.han140.jizhou.hejian,county,东平舒,东平舒,,140,140,source.hou_han_shu.jun_guo_zhi,high,郡国志卷110县级列项第11项
admin.han140.jizhou.qinghe.ganling,admin.han140.jizhou.qinghe,county,甘陵,甘陵,,140,140,source.hou_han_shu.jun_guo_zhi,high,郡国志卷110县级列项第1项；原文首列为郡国治所
admin.han140.jizhou.qinghe.beiqiu,admin.han140.jizhou.qinghe,county,贝丘,贝丘,,140,140,source.hou_han_shu.jun_guo_zhi,high,郡国志卷110县级列项第2项
admin.han140.jizhou.qinghe.dongwucheng,admin.han140.jizhou.qinghe,county,东武成,东武成,,140,140,source.hou_han_shu.jun_guo_zhi,high,郡国志卷110县级列项第3项
admin.han140.jizhou.qinghe.yu,admin.han140.jizhou.qinghe,county,鄃,鄃,,140,140,source.hou_han_shu.jun_guo_zhi,high,郡国志卷110县级列项第4项
admin.han140.jizhou.qinghe.ling,admin.han140.jizhou.qinghe,county,灵,灵,,140,140,source.hou_han_shu.jun_guo_zhi,high,郡国志卷110县级列项第5项
admin.han140.jizhou.qinghe.yimu,admin.han140.jizhou.qinghe,county,绎幕,绎幕,,140,140,source.hou_han_shu.jun_guo_zhi,high,郡国志卷110县级列项第6项
admin.han140.jizhou.qinghe.yanchuan,admin.han140.jizhou.qinghe,county,广川,广川,,140,140,source.hou_han_shu.jun_guo_zhi,high,郡国志卷110县级列项第7项
admin.han140.jizhou.zhao.handan,admin.han140.jizhou.zhao,county,邯郸,邯郸,,140,140,source.hou_han_shu.jun_guo_zhi,high,郡国志卷110县级列项第1项；原文首列为郡国治所
admin.han140.jizhou.zhao.yiyang,admin.han140.jizhou.zhao,county,易阳,易阳,,140,140,source.hou_han_shu.jun_guo_zhi,high,郡国志卷110县级列项第2项
admin.han140.jizhou.zhao.xiangguo,admin.han140.jizhou.zhao,county,襄国,襄国,,140,140,source.hou_han_shu.jun_guo_zhi,high,郡国志卷110县级列项第3项
admin.han140.jizhou.zhao.boren,admin.han140.jizhou.zhao,county,柏人,柏人,,140,140,source.hou_han_shu.jun_guo_zhi,high,郡国志卷110县级列项第4项
admin.han140.jizhou.zhao.zhongqiu,admin.han140.jizhou.zhao,county,中丘,中丘,,140,140,source.hou_han_shu.jun_guo_zhi,high,郡国志卷110县级列项第5项
admin.han140.jizhou.bohai.nanpi,admin.han140.jizhou.bohai,county,南皮,南皮,,140,140,source.hou_han_shu.jun_guo_zhi,high,郡国志卷110县级列项第1项；原文首列为郡国治所
admin.han140.jizhou.bohai.gaocheng,admin.han140.jizhou.bohai,county,高城,高城,,140,140,source.hou_han_shu.jun_guo_zhi,high,郡国志卷110县级列项第2项
admin.han140.jizhou.bohai.zhonghe,admin.han140.jizhou.bohai,county,重合,重合,,140,140,source.hou_han_shu.jun_guo_zhi,high,郡国志卷110县级列项第3项
admin.han140.jizhou.bohai.fuyang,admin.han140.jizhou.bohai,county,浮阳,浮阳,,140,140,source.hou_han_shu.jun_guo_zhi,high,郡国志卷110县级列项第4项
admin.han140.jizhou.bohai.dongguang,admin.han140.jizhou.bohai,county,东光,东光,,140,140,source.hou_han_shu.jun_guo_zhi,high,郡国志卷110县级列项第5项
admin.han140.jizhou.bohai.zhangwu,admin.han140.jizhou.bohai,county,章武,章武,,140,140,source.hou_han_shu.jun_guo_zhi,high,郡国志卷110县级列项第6项
admin.han140.jizhou.bohai.yangxin,admin.han140.jizhou.bohai,county,阳信,阳信,,140,140,source.hou_han_shu.jun_guo_zhi,high,郡国志卷110县级列项第7项
admin.han140.jizhou.bohai.xiu,admin.han140.jizhou.bohai,county,修,修,,140,140,source.hou_han_shu.jun_guo_zhi,high,郡国志卷110县级列项第8项
admin.han140.yanzhou.chenliu.chenliu,admin.han140.yanzhou.chenliu,county,陈留,陈留,,140,140,source.hou_han_shu.jun_guo_zhi,high,郡国志卷111县级列项第1项；原文首列为郡国治所
admin.han140.yanzhou.chenliu.junyi,admin.han140.yanzhou.chenliu,county,浚仪,浚仪,,140,140,source.hou_han_shu.jun_guo_zhi,high,郡国志卷111县级列项第2项
admin.han140.yanzhou.chenliu.weishi,admin.han140.yanzhou.chenliu,county,尉氏,尉氏,,140,140,source.hou_han_shu.jun_guo_zhi,high,郡国志卷111县级列项第3项
admin.han140.yanzhou.chenliu.yongqiu,admin.han140.yanzhou.chenliu,county,雍丘,雍丘,,140,140,source.hou_han_shu.jun_guo_zhi,high,郡国志卷111县级列项第4项
admin.han140.yanzhou.chenliu.xiangyi,admin.han140.yanzhou.chenliu,county,襄邑,襄邑,,140,140,source.hou_han_shu.jun_guo_zhi,high,郡国志卷111县级列项第5项
admin.han140.yanzhou.chenliu.waihuang,admin.han140.yanzhou.chenliu,county,外黄,外黄,,140,140,source.hou_han_shu.jun_guo_zhi,high,郡国志卷111县级列项第6项
admin.han140.yanzhou.chenliu.xiaohuang,admin.han140.yanzhou.chenliu,county,小黄,小黄,,140,140,source.hou_han_shu.jun_guo_zhi,high,郡国志卷111县级列项第7项
admin.han140.yanzhou.chenliu.donghun,admin.han140.yanzhou.chenliu,county,东昬,东昬,,140,140,source.hou_han_shu.jun_guo_zhi,high,郡国志卷111县级列项第8项
admin.han140.yanzhou.chenliu.jiyang,admin.han140.yanzhou.chenliu,county,济阳,济阳,,140,140,source.hou_han_shu.jun_guo_zhi,high,郡国志卷111县级列项第9项
admin.han140.yanzhou.chenliu.pingqiu,admin.han140.yanzhou.chenliu,county,平丘,平丘,,140,140,source.hou_han_shu.jun_guo_zhi,high,郡国志卷111县级列项第10项
admin.han140.yanzhou.chenliu.fengqiu,admin.han140.yanzhou.chenliu,county,封丘,封丘,,140,140,source.hou_han_shu.jun_guo_zhi,high,郡国志卷111县级列项第11项
admin.han140.yanzhou.chenliu.suanzao,admin.han140.yanzhou.chenliu,county,酸枣,酸枣,,140,140,source.hou_han_shu.jun_guo_zhi,high,郡国志卷111县级列项第12项
admin.han140.yanzhou.chenliu.changyuan,admin.han140.yanzhou.chenliu,county,长垣,长垣,,140,140,source.hou_han_shu.jun_guo_zhi,high,郡国志卷111县级列项第13项
admin.han140.yanzhou.chenliu.jiwu,admin.han140.yanzhou.chenliu,county,己吾,己吾,,140,140,source.hou_han_shu.jun_guo_zhi,high,郡国志卷111县级列项第14项
admin.han140.yanzhou.chenliu.kaocheng,admin.han140.yanzhou.chenliu,county,考城,考城,,140,140,source.hou_han_shu.jun_guo_zhi,high,郡国志卷111县级列项第15项
admin.han140.yanzhou.chenliu.yu,admin.han140.yanzhou.chenliu,county,圉,圉,,140,140,source.hou_han_shu.jun_guo_zhi,high,郡国志卷111县级列项第16项
admin.han140.yanzhou.chenliu.fugou,admin.han140.yanzhou.chenliu,county,扶沟,扶沟,,140,140,source.hou_han_shu.jun_guo_zhi,high,郡国志卷111县级列项第17项
admin.han140.yanzhou.dong.puyang,admin.han140.yanzhou.dong,county,濮阳,濮阳,,140,140,source.hou_han_shu.jun_guo_zhi,high,郡国志卷111县级列项第1项；原文首列为郡国治所
admin.han140.yanzhou.dong.yan,admin.han140.yanzhou.dong,county,燕,燕,,140,140,source.hou_han_shu.jun_guo_zhi,high,郡国志卷111县级列项第2项
admin.han140.yanzhou.dong.baima,admin.han140.yanzhou.dong,county,白马,白马,,140,140,source.hou_han_shu.jun_guo_zhi,high,郡国志卷111县级列项第3项
admin.han140.yanzhou.dong.dunqiu,admin.han140.yanzhou.dong,county,顿丘,顿丘,,140,140,source.hou_han_shu.jun_guo_zhi,high,郡国志卷111县级列项第4项
admin.han140.yanzhou.dong.donga,admin.han140.yanzhou.dong,county,东阿,东阿,,140,140,source.hou_han_shu.jun_guo_zhi,high,郡国志卷111县级列项第5项
admin.han140.yanzhou.dong.dongwuyang,admin.han140.yanzhou.dong,county,东武阳,东武阳,,140,140,source.hou_han_shu.jun_guo_zhi,high,郡国志卷111县级列项第6项
admin.han140.yanzhou.dong.fan,admin.han140.yanzhou.dong,county,范,范,,140,140,source.hou_han_shu.jun_guo_zhi,high,郡国志卷111县级列项第7项
admin.han140.yanzhou.dong.linyi,admin.han140.yanzhou.dong,county,临邑,临邑,,140,140,source.hou_han_shu.jun_guo_zhi,high,郡国志卷111县级列项第8项
admin.han140.yanzhou.dong.boping,admin.han140.yanzhou.dong,county,博平,博平,,140,140,source.hou_han_shu.jun_guo_zhi,high,郡国志卷111县级列项第9项
admin.han140.yanzhou.dong.liaocheng,admin.han140.yanzhou.dong,county,聊城,聊城,,140,140,source.hou_han_shu.jun_guo_zhi,high,郡国志卷111县级列项第10项
admin.han140.yanzhou.dong.fagan,admin.han140.yanzhou.dong,county,发干,发干,,140,140,source.hou_han_shu.jun_guo_zhi,high,郡国志卷111县级列项第11项
admin.han140.yanzhou.dong.leping,admin.han140.yanzhou.dong,county,乐平,乐平,,140,140,source.hou_han_shu.jun_guo_zhi,high,郡国志卷111县级列项第12项
admin.han140.yanzhou.dong.yangping,admin.han140.yanzhou.dong,county,阳平,阳平,,140,140,source.hou_han_shu.jun_guo_zhi,high,郡国志卷111县级列项第13项
admin.han140.yanzhou.dong.wei,admin.han140.yanzhou.dong,county,衞,衞,,140,140,source.hou_han_shu.jun_guo_zhi,high,郡国志卷111县级列项第14项
admin.han140.yanzhou.dong.gucheng,admin.han140.yanzhou.dong,county,谷城,谷城,,140,140,source.hou_han_shu.jun_guo_zhi,high,郡国志卷111县级列项第15项
admin.han140.yanzhou.dongping.wuyan,admin.han140.yanzhou.dongping,county,无盐,无盐,,140,140,source.hou_han_shu.jun_guo_zhi,high,郡国志卷111县级列项第1项；原文首列为郡国治所
admin.han140.yanzhou.dongping.dongpinglu,admin.han140.yanzhou.dongping,county,东平陆,东平陆,,140,140,source.hou_han_shu.jun_guo_zhi,high,郡国志卷111县级列项第2项
admin.han140.yanzhou.dongping.fucheng,admin.han140.yanzhou.dongping,county,富成,富成,,140,140,source.hou_han_shu.jun_guo_zhi,high,郡国志卷111县级列项第3项
admin.han140.yanzhou.dongping.zhang,admin.han140.yanzhou.dongping,county,章,章,,140,140,source.hou_han_shu.jun_guo_zhi,high,郡国志卷111县级列项第4项
admin.han140.yanzhou.dongping.shouzhang,admin.han140.yanzhou.dongping,county,寿张,寿张,,140,140,source.hou_han_shu.jun_guo_zhi,high,郡国志卷111县级列项第5项
admin.han140.yanzhou.dongping.xuchang,admin.han140.yanzhou.dongping,county,须昌,须昌,,140,140,source.hou_han_shu.jun_guo_zhi,high,郡国志卷111县级列项第6项
admin.han140.yanzhou.dongping.zhuyang,admin.han140.yanzhou.dongping,county,宁阳,宁阳,,140,140,source.hou_han_shu.jun_guo_zhi,high,郡国志卷111县级列项第7项
admin.han140.yanzhou.rencheng.rencheng,admin.han140.yanzhou.rencheng,county,任城,任城,,140,140,source.hou_han_shu.jun_guo_zhi,high,郡国志卷111县级列项第1项；原文首列为郡国治所
admin.han140.yanzhou.rencheng.kangfu,admin.han140.yanzhou.rencheng,county,亢父,亢父,,140,140,source.hou_han_shu.jun_guo_zhi,high,郡国志卷111县级列项第2项
admin.han140.yanzhou.rencheng.fan,admin.han140.yanzhou.rencheng,county,樊,樊,,140,140,source.hou_han_shu.jun_guo_zhi,high,郡国志卷111县级列项第3项
admin.han140.yanzhou.taishan.fenggao,admin.han140.yanzhou.taishan,county,奉高,奉高,,140,140,source.hou_han_shu.jun_guo_zhi,high,郡国志卷111县级列项第1项；原文首列为郡国治所
admin.han140.yanzhou.taishan.bo,admin.han140.yanzhou.taishan,county,博,博,,140,140,source.hou_han_shu.jun_guo_zhi,high,郡国志卷111县级列项第2项
admin.han140.yanzhou.taishan.liangfu,admin.han140.yanzhou.taishan,county,梁甫,梁甫,,140,140,source.hou_han_shu.jun_guo_zhi,high,郡国志卷111县级列项第3项
admin.han140.yanzhou.taishan.juping,admin.han140.yanzhou.taishan,county,钜平,钜平,,140,140,source.hou_han_shu.jun_guo_zhi,high,郡国志卷111县级列项第4项
admin.han140.yanzhou.taishan.ying,admin.han140.yanzhou.taishan,county,嬴,嬴,,140,140,source.hou_han_shu.jun_guo_zhi,high,郡国志卷111县级列项第5项
admin.han140.yanzhou.taishan.shanchi,admin.han140.yanzhou.taishan,county,山茌,山茌,,140,140,source.hou_han_shu.jun_guo_zhi,high,郡国志卷111县级列项第6项
admin.han140.yanzhou.taishan.laiwu,admin.han140.yanzhou.taishan,county,莱芜,莱芜,,140,140,source.hou_han_shu.jun_guo_zhi,high,郡国志卷111县级列项第7项
admin.han140.yanzhou.taishan.gai,admin.han140.yanzhou.taishan,county,盖,盖,,140,140,source.hou_han_shu.jun_guo_zhi,high,郡国志卷111县级列项第8项
admin.han140.yanzhou.taishan.nanwuyang,admin.han140.yanzhou.taishan,county,南武阳,南武阳,,140,140,source.hou_han_shu.jun_guo_zhi,high,郡国志卷111县级列项第9项
admin.han140.yanzhou.taishan.nancheng,admin.han140.yanzhou.taishan,county,南城,南城,,140,140,source.hou_han_shu.jun_guo_zhi,high,郡国志卷111县级列项第10项
admin.han140.yanzhou.taishan.fei,admin.han140.yanzhou.taishan,county,费,费,,140,140,source.hou_han_shu.jun_guo_zhi,high,郡国志卷111县级列项第11项
admin.han140.yanzhou.taishan.mou,admin.han140.yanzhou.taishan,county,牟,牟,,140,140,source.hou_han_shu.jun_guo_zhi,high,郡国志卷111县级列项第12项
admin.han140.yanzhou.jibei.lu,admin.han140.yanzhou.jibei,county,卢,卢,,140,140,source.hou_han_shu.jun_guo_zhi,high,郡国志卷111县级列项第1项；原文首列为郡国治所
admin.han140.yanzhou.jibei.sheqiu,admin.han140.yanzhou.jibei,county,蛇丘,蛇丘,,140,140,source.hou_han_shu.jun_guo_zhi,high,郡国志卷111县级列项第2项
admin.han140.yanzhou.jibei.cheng,admin.han140.yanzhou.jibei,county,成,成,,140,140,source.hou_han_shu.jun_guo_zhi,high,郡国志卷111县级列项第3项
admin.han140.yanzhou.jibei.chiping,admin.han140.yanzhou.jibei,county,茌平,茌平,,140,140,source.hou_han_shu.jun_guo_zhi,high,郡国志卷111县级列项第4项
admin.han140.yanzhou.jibei.gang,admin.han140.yanzhou.jibei,county,刚,刚,,140,140,source.hou_han_shu.jun_guo_zhi,high,郡国志卷111县级列项第5项
admin.han140.yanzhou.shanyang.changyi,admin.han140.yanzhou.shanyang,county,昌邑,昌邑,,140,140,source.hou_han_shu.jun_guo_zhi,high,郡国志卷111县级列项第1项；原文首列为郡国治所
admin.han140.yanzhou.shanyang.dongmin,admin.han140.yanzhou.shanyang,county,东缗,东缗,,140,140,source.hou_han_shu.jun_guo_zhi,high,郡国志卷111县级列项第2项
admin.han140.yanzhou.shanyang.juye,admin.han140.yanzhou.shanyang,county,钜野,钜野,,140,140,source.hou_han_shu.jun_guo_zhi,high,郡国志卷111县级列项第3项
admin.han140.yanzhou.shanyang.gaoping,admin.han140.yanzhou.shanyang,county,高平,高平,,140,140,source.hou_han_shu.jun_guo_zhi,high,郡国志卷111县级列项第4项
admin.han140.yanzhou.shanyang.hulu,admin.han140.yanzhou.shanyang,county,湖陆,湖陆,,140,140,source.hou_han_shu.jun_guo_zhi,high,郡国志卷111县级列项第5项
admin.han140.yanzhou.shanyang.nanpingyang,admin.han140.yanzhou.shanyang,county,南平阳,南平阳,,140,140,source.hou_han_shu.jun_guo_zhi,high,郡国志卷111县级列项第6项
admin.han140.yanzhou.shanyang.fangyu,admin.han140.yanzhou.shanyang,county,方与,方与,,140,140,source.hou_han_shu.jun_guo_zhi,high,郡国志卷111县级列项第7项
admin.han140.yanzhou.shanyang.xiaqiu,admin.han140.yanzhou.shanyang,county,瑕丘,瑕丘,,140,140,source.hou_han_shu.jun_guo_zhi,high,郡国志卷111县级列项第8项
admin.han140.yanzhou.shanyang.jinxiang,admin.han140.yanzhou.shanyang,county,金乡,金乡,,140,140,source.hou_han_shu.jun_guo_zhi,high,郡国志卷111县级列项第9项
admin.han140.yanzhou.shanyang.fangdong,admin.han140.yanzhou.shanyang,county,防东,防东,,140,140,source.hou_han_shu.jun_guo_zhi,high,郡国志卷111县级列项第10项
admin.han140.yanzhou.jiyin.dingtao,admin.han140.yanzhou.jiyin,county,定陶,定陶,,140,140,source.hou_han_shu.jun_guo_zhi,high,郡国志卷111县级列项第1项；原文首列为郡国治所
admin.han140.yanzhou.jiyin.yuanju,admin.han140.yanzhou.jiyin,county,冤句,冤句,,140,140,source.hou_han_shu.jun_guo_zhi,high,郡国志卷111县级列项第2项
admin.han140.yanzhou.jiyin.chengyang,admin.han140.yanzhou.jiyin,county,成阳,成阳,,140,140,source.hou_han_shu.jun_guo_zhi,high,郡国志卷111县级列项第3项
admin.han140.yanzhou.jiyin.chengshi,admin.han140.yanzhou.jiyin,county,乘氏,乘氏,,140,140,source.hou_han_shu.jun_guo_zhi,high,郡国志卷111县级列项第4项
admin.han140.yanzhou.jiyin.juyang,admin.han140.yanzhou.jiyin,county,句阳,句阳,,140,140,source.hou_han_shu.jun_guo_zhi,high,郡国志卷111县级列项第5项
admin.han140.yanzhou.jiyin.juancheng,admin.han140.yanzhou.jiyin,county,鄄城,鄄城,,140,140,source.hou_han_shu.jun_guo_zhi,high,郡国志卷111县级列项第6项
admin.han140.yanzhou.jiyin.chihu,admin.han140.yanzhou.jiyin,county,离狐,离狐,,140,140,source.hou_han_shu.jun_guo_zhi,high,郡国志卷111县级列项第7项
admin.han140.yanzhou.jiyin.linqiu,admin.han140.yanzhou.jiyin,county,廪丘,廪丘,,140,140,source.hou_han_shu.jun_guo_zhi,high,郡国志卷111县级列项第8项
admin.han140.yanzhou.jiyin.danfu,admin.han140.yanzhou.jiyin,county,单父,单父,,140,140,source.hou_han_shu.jun_guo_zhi,high,郡国志卷111县级列项第9项
admin.han140.yanzhou.jiyin.chengwu,admin.han140.yanzhou.jiyin,county,成武,成武,,140,140,source.hou_han_shu.jun_guo_zhi,high,郡国志卷111县级列项第10项
admin.han140.yanzhou.jiyin.jishi,admin.han140.yanzhou.jiyin,county,己氏,己氏,,140,140,source.hou_han_shu.jun_guo_zhi,high,郡国志卷111县级列项第11项
admin.han140.xuzhou.donghai.tan,admin.han140.xuzhou.donghai,county,郯,郯,,140,140,source.hou_han_shu.jun_guo_zhi,high,郡国志卷111县级列项第1项；原文首列为郡国治所
admin.han140.xuzhou.donghai.lanling,admin.han140.xuzhou.donghai,county,兰陵,兰陵,,140,140,source.hou_han_shu.jun_guo_zhi,high,郡国志卷111县级列项第2项
admin.han140.xuzhou.donghai.qi,admin.han140.xuzhou.donghai,county,戚,戚,,140,140,source.hou_han_shu.jun_guo_zhi,high,郡国志卷111县级列项第3项
admin.han140.xuzhou.donghai.qu,admin.han140.xuzhou.donghai,county,朐,朐,,140,140,source.hou_han_shu.jun_guo_zhi,high,郡国志卷111县级列项第4项
admin.han140.xuzhou.donghai.xiangbi,admin.han140.xuzhou.donghai,county,襄贲,襄贲,,140,140,source.hou_han_shu.jun_guo_zhi,high,郡国志卷111县级列项第5项
admin.han140.xuzhou.donghai.changlu,admin.han140.xuzhou.donghai,county,昌虑,昌虑,,140,140,source.hou_han_shu.jun_guo_zhi,high,郡国志卷111县级列项第6项
admin.han140.xuzhou.donghai.cheng,admin.han140.xuzhou.donghai,county,承,承,,140,140,source.hou_han_shu.jun_guo_zhi,high,郡国志卷111县级列项第7项
admin.han140.xuzhou.donghai.yinping,admin.han140.xuzhou.donghai,county,阴平,阴平,,140,140,source.hou_han_shu.jun_guo_zhi,high,郡国志卷111县级列项第8项
admin.han140.xuzhou.donghai.licheng,admin.han140.xuzhou.donghai,county,利城,利城,,140,140,source.hou_han_shu.jun_guo_zhi,high,郡国志卷111县级列项第9项
admin.han140.xuzhou.donghai.hecheng,admin.han140.xuzhou.donghai,county,合城,合城,,140,140,source.hou_han_shu.jun_guo_zhi,high,郡国志卷111县级列项第10项
admin.han140.xuzhou.donghai.zhuqi,admin.han140.xuzhou.donghai,county,祝其,祝其,,140,140,source.hou_han_shu.jun_guo_zhi,high,郡国志卷111县级列项第11项
admin.han140.xuzhou.donghai.houqiu,admin.han140.xuzhou.donghai,county,厚丘,厚丘,,140,140,source.hou_han_shu.jun_guo_zhi,high,郡国志卷111县级列项第12项
admin.han140.xuzhou.donghai.ganyu,admin.han140.xuzhou.donghai,county,赣榆,赣榆,,140,140,source.hou_han_shu.jun_guo_zhi,high,郡国志卷111县级列项第13项
admin.han140.xuzhou.langya.kaiyang,admin.han140.xuzhou.langya,county,开阳,开阳,,140,140,source.hou_han_shu.jun_guo_zhi,high,郡国志卷111县级列项第1项；原文首列为郡国治所
admin.han140.xuzhou.langya.dongwu,admin.han140.xuzhou.langya,county,东武,东武,,140,140,source.hou_han_shu.jun_guo_zhi,high,郡国志卷111县级列项第2项
admin.han140.xuzhou.langya.langxie,admin.han140.xuzhou.langya,county,琅邪,琅邪,,140,140,source.hou_han_shu.jun_guo_zhi,high,郡国志卷111县级列项第3项
admin.han140.xuzhou.langya.dongwan,admin.han140.xuzhou.langya,county,东莞,东莞,,140,140,source.hou_han_shu.jun_guo_zhi,high,郡国志卷111县级列项第4项
admin.han140.xuzhou.langya.xihai,admin.han140.xuzhou.langya,county,西海,西海,,140,140,source.hou_han_shu.jun_guo_zhi,high,郡国志卷111县级列项第5项
admin.han140.xuzhou.langya.zhu,admin.han140.xuzhou.langya,county,诸,诸,,140,140,source.hou_han_shu.jun_guo_zhi,high,郡国志卷111县级列项第6项
admin.han140.xuzhou.langya.ju,admin.han140.xuzhou.langya,county,莒,莒,,140,140,source.hou_han_shu.jun_guo_zhi,high,郡国志卷111县级列项第7项
admin.han140.xuzhou.langya.dongan,admin.han140.xuzhou.langya,county,东安,东安,,140,140,source.hou_han_shu.jun_guo_zhi,high,郡国志卷111县级列项第8项
admin.han140.xuzhou.langya.yangdu,admin.han140.xuzhou.langya,county,阳都,阳都,,140,140,source.hou_han_shu.jun_guo_zhi,high,郡国志卷111县级列项第9项
admin.han140.xuzhou.langya.linyi,admin.han140.xuzhou.langya,county,临沂,临沂,,140,140,source.hou_han_shu.jun_guo_zhi,high,郡国志卷111县级列项第10项
admin.han140.xuzhou.langya.jiqiu,admin.han140.xuzhou.langya,county,即丘,即丘,,140,140,source.hou_han_shu.jun_guo_zhi,high,郡国志卷111县级列项第11项
admin.han140.xuzhou.langya.zeng,admin.han140.xuzhou.langya,county,缯,缯,,140,140,source.hou_han_shu.jun_guo_zhi,high,郡国志卷111县级列项第12项
admin.han140.xuzhou.langya.gumu,admin.han140.xuzhou.langya,county,姑幕,姑幕,,140,140,source.hou_han_shu.jun_guo_zhi,high,郡国志卷111县级列项第13项
admin.han140.xuzhou.pengcheng.pengcheng,admin.han140.xuzhou.pengcheng,county,彭城,彭城,,140,140,source.hou_han_shu.jun_guo_zhi,high,郡国志卷111县级列项第1项；原文首列为郡国治所
admin.han140.xuzhou.pengcheng.wuyuan,admin.han140.xuzhou.pengcheng,county,武原,武原,,140,140,source.hou_han_shu.jun_guo_zhi,high,郡国志卷111县级列项第2项
admin.han140.xuzhou.pengcheng.fuyang,admin.han140.xuzhou.pengcheng,county,傅阳,傅阳,,140,140,source.hou_han_shu.jun_guo_zhi,high,郡国志卷111县级列项第3项
admin.han140.xuzhou.pengcheng.lu,admin.han140.xuzhou.pengcheng,county,吕,吕,,140,140,source.hou_han_shu.jun_guo_zhi,high,郡国志卷111县级列项第4项
admin.han140.xuzhou.pengcheng.liu,admin.han140.xuzhou.pengcheng,county,留,留,,140,140,source.hou_han_shu.jun_guo_zhi,high,郡国志卷111县级列项第5项
admin.han140.xuzhou.pengcheng.wu,admin.han140.xuzhou.pengcheng,county,梧,梧,,140,140,source.hou_han_shu.jun_guo_zhi,high,郡国志卷111县级列项第6项
admin.han140.xuzhou.pengcheng.ziqiu,admin.han140.xuzhou.pengcheng,county,菑丘,菑丘,,140,140,source.hou_han_shu.jun_guo_zhi,high,郡国志卷111县级列项第7项
admin.han140.xuzhou.pengcheng.yanqi,admin.han140.xuzhou.pengcheng,county,广戚,广戚,,140,140,source.hou_han_shu.jun_guo_zhi,high,郡国志卷111县级列项第8项
admin.han140.xuzhou.guangling.yanling,admin.han140.xuzhou.guangling,county,广陵,广陵,,140,140,source.hou_han_shu.jun_guo_zhi,high,郡国志卷111县级列项第1项；原文首列为郡国治所
admin.han140.xuzhou.guangling.jiangdu,admin.han140.xuzhou.guangling,county,江都,江都,,140,140,source.hou_han_shu.jun_guo_zhi,high,郡国志卷111县级列项第2项
admin.han140.xuzhou.guangling.gaoyou,admin.han140.xuzhou.guangling,county,高邮,高邮,,140,140,source.hou_han_shu.jun_guo_zhi,high,郡国志卷111县级列项第3项
admin.han140.xuzhou.guangling.pingan,admin.han140.xuzhou.guangling,county,平安,平安,,140,140,source.hou_han_shu.jun_guo_zhi,high,郡国志卷111县级列项第4项
admin.han140.xuzhou.guangling.ling,admin.han140.xuzhou.guangling,county,淩,淩,,140,140,source.hou_han_shu.jun_guo_zhi,high,郡国志卷111县级列项第5项
admin.han140.xuzhou.guangling.dongyang,admin.han140.xuzhou.guangling,county,东阳,东阳,,140,140,source.hou_han_shu.jun_guo_zhi,high,郡国志卷111县级列项第6项
admin.han140.xuzhou.guangling.sheyang,admin.han140.xuzhou.guangling,county,射阳,射阳,,140,140,source.hou_han_shu.jun_guo_zhi,high,郡国志卷111县级列项第7项
admin.han140.xuzhou.guangling.yandu,admin.han140.xuzhou.guangling,county,盐渎,盐渎,,140,140,source.hou_han_shu.jun_guo_zhi,high,郡国志卷111县级列项第8项
admin.han140.xuzhou.guangling.yu,admin.han140.xuzhou.guangling,county,舆,舆,,140,140,source.hou_han_shu.jun_guo_zhi,high,郡国志卷111县级列项第9项
admin.han140.xuzhou.guangling.tangyi,admin.han140.xuzhou.guangling,county,堂邑,堂邑,,140,140,source.hou_han_shu.jun_guo_zhi,high,郡国志卷111县级列项第10项
admin.han140.xuzhou.guangling.haixi,admin.han140.xuzhou.guangling,county,海西,海西,,140,140,source.hou_han_shu.jun_guo_zhi,high,郡国志卷111县级列项第11项
admin.han140.xuzhou.xiapi.xiapei,admin.han140.xuzhou.xiapi,county,下邳,下邳,,140,140,source.hou_han_shu.jun_guo_zhi,high,郡国志卷111县级列项第1项；原文首列为郡国治所
admin.han140.xuzhou.xiapi.xu,admin.han140.xuzhou.xiapi,county,徐,徐,,140,140,source.hou_han_shu.jun_guo_zhi,high,郡国志卷111县级列项第2项
admin.han140.xuzhou.xiapi.tong,admin.han140.xuzhou.xiapi,county,僮,僮,,140,140,source.hou_han_shu.jun_guo_zhi,high,郡国志卷111县级列项第3项
admin.han140.xuzhou.xiapi.suiling,admin.han140.xuzhou.xiapi,county,睢陵,睢陵,,140,140,source.hou_han_shu.jun_guo_zhi,high,郡国志卷111县级列项第4项
admin.han140.xuzhou.xiapi.xiaxiang,admin.han140.xuzhou.xiapi,county,下相,下相,,140,140,source.hou_han_shu.jun_guo_zhi,high,郡国志卷111县级列项第5项
admin.han140.xuzhou.xiapi.huaiyin,admin.han140.xuzhou.xiapi,county,淮阴,淮阴,,140,140,source.hou_han_shu.jun_guo_zhi,high,郡国志卷111县级列项第6项
admin.han140.xuzhou.xiapi.huaipu,admin.han140.xuzhou.xiapi,county,淮浦,淮浦,,140,140,source.hou_han_shu.jun_guo_zhi,high,郡国志卷111县级列项第7项
admin.han140.xuzhou.xiapi.xutai,admin.han140.xuzhou.xiapi,county,盱台,盱台,,140,140,source.hou_han_shu.jun_guo_zhi,high,郡国志卷111县级列项第8项
admin.han140.xuzhou.xiapi.gaoshan,admin.han140.xuzhou.xiapi,county,高山,高山,,140,140,source.hou_han_shu.jun_guo_zhi,high,郡国志卷111县级列项第9项
admin.han140.xuzhou.xiapi.panjing,admin.han140.xuzhou.xiapi,county,潘旌,潘旌,,140,140,source.hou_han_shu.jun_guo_zhi,high,郡国志卷111县级列项第10项
admin.han140.xuzhou.xiapi.huailing,admin.han140.xuzhou.xiapi,county,淮陵,淮陵,,140,140,source.hou_han_shu.jun_guo_zhi,high,郡国志卷111县级列项第11项
admin.han140.xuzhou.xiapi.qulu,admin.han140.xuzhou.xiapi,county,取虑,取虑,,140,140,source.hou_han_shu.jun_guo_zhi,high,郡国志卷111县级列项第12项
admin.han140.xuzhou.xiapi.dongcheng,admin.han140.xuzhou.xiapi,county,东成,东成,,140,140,source.hou_han_shu.jun_guo_zhi,high,郡国志卷111县级列项第13项
admin.han140.xuzhou.xiapi.quyang,admin.han140.xuzhou.xiapi,county,曲阳,曲阳,,140,140,source.hou_han_shu.jun_guo_zhi,high,郡国志卷111县级列项第14项
admin.han140.xuzhou.xiapi.siwu,admin.han140.xuzhou.xiapi,county,司吾,司吾,,140,140,source.hou_han_shu.jun_guo_zhi,high,郡国志卷111县级列项第15项
admin.han140.xuzhou.xiapi.liangcheng,admin.han140.xuzhou.xiapi,county,良成,良成,,140,140,source.hou_han_shu.jun_guo_zhi,high,郡国志卷111县级列项第16项
admin.han140.xuzhou.xiapi.xiaqiu,admin.han140.xuzhou.xiapi,county,夏丘,夏丘,,140,140,source.hou_han_shu.jun_guo_zhi,high,郡国志卷111县级列项第17项
admin.han140.qingzhou.jinan.dongpingling,admin.han140.qingzhou.jinan,county,东平陵,东平陵,,140,140,source.hou_han_shu.jun_guo_zhi,high,郡国志卷112县级列项第1项；原文首列为郡国治所
admin.han140.qingzhou.jinan.zhao,admin.han140.qingzhou.jinan,county,着,着,,140,140,source.hou_han_shu.jun_guo_zhi,high,郡国志卷112县级列项第2项
admin.han140.qingzhou.jinan.yuling,admin.han140.qingzhou.jinan,county,於陵,於陵,,140,140,source.hou_han_shu.jun_guo_zhi,high,郡国志卷112县级列项第3项
admin.han140.qingzhou.jinan.tai,admin.han140.qingzhou.jinan,county,台,台,,140,140,source.hou_han_shu.jun_guo_zhi,high,郡国志卷112县级列项第4项
admin.han140.qingzhou.jinan.jian,admin.han140.qingzhou.jinan,county,菅,菅,,140,140,source.hou_han_shu.jun_guo_zhi,high,郡国志卷112县级列项第5项
admin.han140.qingzhou.jinan.tugu,admin.han140.qingzhou.jinan,county,土鼓,土鼓,,140,140,source.hou_han_shu.jun_guo_zhi,high,郡国志卷112县级列项第6项
admin.han140.qingzhou.jinan.liangzou,admin.han140.qingzhou.jinan,county,梁邹,梁邹,,140,140,source.hou_han_shu.jun_guo_zhi,high,郡国志卷112县级列项第7项
admin.han140.qingzhou.jinan.zouping,admin.han140.qingzhou.jinan,county,邹平,邹平,,140,140,source.hou_han_shu.jun_guo_zhi,high,郡国志卷112县级列项第8项
admin.han140.qingzhou.jinan.dongzhaoyang,admin.han140.qingzhou.jinan,county,东朝阳,东朝阳,,140,140,source.hou_han_shu.jun_guo_zhi,high,郡国志卷112县级列项第9项
admin.han140.qingzhou.jinan.licheng,admin.han140.qingzhou.jinan,county,历城,历城,,140,140,source.hou_han_shu.jun_guo_zhi,high,郡国志卷112县级列项第10项
admin.han140.qingzhou.pingyuan.pingyuan,admin.han140.qingzhou.pingyuan,county,平原,平原,,140,140,source.hou_han_shu.jun_guo_zhi,high,郡国志卷112县级列项第1项；原文首列为郡国治所
admin.han140.qingzhou.pingyuan.gaotang,admin.han140.qingzhou.pingyuan,county,高唐,高唐,,140,140,source.hou_han_shu.jun_guo_zhi,high,郡国志卷112县级列项第2项
admin.han140.qingzhou.pingyuan.ban,admin.han140.qingzhou.pingyuan,county,般,般,,140,140,source.hou_han_shu.jun_guo_zhi,high,郡国志卷112县级列项第3项
admin.han140.qingzhou.pingyuan.li,admin.han140.qingzhou.pingyuan,county,鬲,鬲,,140,140,source.hou_han_shu.jun_guo_zhi,high,郡国志卷112县级列项第4项
admin.han140.qingzhou.pingyuan.zhua,admin.han140.qingzhou.pingyuan,county,祝阿,祝阿,,140,140,source.hou_han_shu.jun_guo_zhi,high,郡国志卷112县级列项第5项
admin.han140.qingzhou.pingyuan.leling,admin.han140.qingzhou.pingyuan,county,乐陵,乐陵,,140,140,source.hou_han_shu.jun_guo_zhi,high,郡国志卷112县级列项第6项
admin.han140.qingzhou.pingyuan.shiyin,admin.han140.qingzhou.pingyuan,county,湿阴,湿阴,,140,140,source.hou_han_shu.jun_guo_zhi,high,郡国志卷112县级列项第7项
admin.han140.qingzhou.pingyuan.ande,admin.han140.qingzhou.pingyuan,county,安德,安德,,140,140,source.hou_han_shu.jun_guo_zhi,high,郡国志卷112县级列项第8项
admin.han140.qingzhou.pingyuan.yanci,admin.han140.qingzhou.pingyuan,county,厌次,厌次,,140,140,source.hou_han_shu.jun_guo_zhi,high,郡国志卷112县级列项第9项
admin.han140.qingzhou.lean.linji,admin.han140.qingzhou.lean,county,临济,临济,,140,140,source.hou_han_shu.jun_guo_zhi,high,郡国志卷112县级列项第1项；原文首列为郡国治所
admin.han140.qingzhou.lean.qiancheng,admin.han140.qingzhou.lean,county,千乘,千乘,,140,140,source.hou_han_shu.jun_guo_zhi,high,郡国志卷112县级列项第2项
admin.han140.qingzhou.lean.gaowan,admin.han140.qingzhou.lean,county,高菀,高菀,,140,140,source.hou_han_shu.jun_guo_zhi,high,郡国志卷112县级列项第3项
admin.han140.qingzhou.lean.lean,admin.han140.qingzhou.lean,county,乐安,乐安,,140,140,source.hou_han_shu.jun_guo_zhi,high,郡国志卷112县级列项第4项
admin.han140.qingzhou.lean.bochang,admin.han140.qingzhou.lean,county,博昌,博昌,,140,140,source.hou_han_shu.jun_guo_zhi,high,郡国志卷112县级列项第5项
admin.han140.qingzhou.lean.liaocheng,admin.han140.qingzhou.lean,county,蓼城,蓼城,,140,140,source.hou_han_shu.jun_guo_zhi,high,郡国志卷112县级列项第6项
admin.han140.qingzhou.lean.li,admin.han140.qingzhou.lean,county,利,利,,140,140,source.hou_han_shu.jun_guo_zhi,high,郡国志卷112县级列项第7项
admin.han140.qingzhou.lean.yi,admin.han140.qingzhou.lean,county,益,益,,140,140,source.hou_han_shu.jun_guo_zhi,high,郡国志卷112县级列项第8项
admin.han140.qingzhou.lean.shouguang,admin.han140.qingzhou.lean,county,寿光,寿光,,140,140,source.hou_han_shu.jun_guo_zhi,high,郡国志卷112县级列项第9项
admin.han140.qingzhou.beihai.ju,admin.han140.qingzhou.beihai,county,剧,剧,,140,140,source.hou_han_shu.jun_guo_zhi,high,郡国志卷112县级列项第1项；原文首列为郡国治所
admin.han140.qingzhou.beihai.yingling,admin.han140.qingzhou.beihai,county,营陵,营陵,,140,140,source.hou_han_shu.jun_guo_zhi,high,郡国志卷112县级列项第2项
admin.han140.qingzhou.beihai.pingshou,admin.han140.qingzhou.beihai,county,平寿,平寿,,140,140,source.hou_han_shu.jun_guo_zhi,high,郡国志卷112县级列项第3项
admin.han140.qingzhou.beihai.duchang,admin.han140.qingzhou.beihai,county,都昌,都昌,,140,140,source.hou_han_shu.jun_guo_zhi,high,郡国志卷112县级列项第4项
admin.han140.qingzhou.beihai.anqiu,admin.han140.qingzhou.beihai,county,安丘,安丘,,140,140,source.hou_han_shu.jun_guo_zhi,high,郡国志卷112县级列项第5项
admin.han140.qingzhou.beihai.chunyu,admin.han140.qingzhou.beihai,county,淳于,淳于,,140,140,source.hou_han_shu.jun_guo_zhi,high,郡国志卷112县级列项第6项
admin.han140.qingzhou.beihai.pingchang,admin.han140.qingzhou.beihai,county,平昌,平昌,,140,140,source.hou_han_shu.jun_guo_zhi,high,郡国志卷112县级列项第7项
admin.han140.qingzhou.beihai.zhuxu,admin.han140.qingzhou.beihai,county,朱虚,朱虚,,140,140,source.hou_han_shu.jun_guo_zhi,high,郡国志卷112县级列项第8项
admin.han140.qingzhou.beihai.donganping,admin.han140.qingzhou.beihai,county,东安平,东安平,,140,140,source.hou_han_shu.jun_guo_zhi,high,郡国志卷112县级列项第9项
admin.han140.qingzhou.beihai.gaomi,admin.han140.qingzhou.beihai,county,高密,高密,,140,140,source.hou_han_shu.jun_guo_zhi,high,郡国志卷112县级列项第10项
admin.han140.qingzhou.beihai.changan,admin.han140.qingzhou.beihai,county,昌安,昌安,,140,140,source.hou_han_shu.jun_guo_zhi,high,郡国志卷112县级列项第11项
admin.han140.qingzhou.beihai.yian,admin.han140.qingzhou.beihai,county,夷安,夷安,,140,140,source.hou_han_shu.jun_guo_zhi,high,郡国志卷112县级列项第12项
admin.han140.qingzhou.beihai.xiaodong,admin.han140.qingzhou.beihai,county,胶东,胶东,,140,140,source.hou_han_shu.jun_guo_zhi,high,郡国志卷112县级列项第13项
admin.han140.qingzhou.beihai.jimo,admin.han140.qingzhou.beihai,county,即墨,即墨,,140,140,source.hou_han_shu.jun_guo_zhi,high,郡国志卷112县级列项第14项
admin.han140.qingzhou.beihai.zhuangwu,admin.han140.qingzhou.beihai,county,壮武,壮武,,140,140,source.hou_han_shu.jun_guo_zhi,high,郡国志卷112县级列项第15项
admin.han140.qingzhou.beihai.xiami,admin.han140.qingzhou.beihai,county,下密,下密,,140,140,source.hou_han_shu.jun_guo_zhi,high,郡国志卷112县级列项第16项
admin.han140.qingzhou.beihai.ting,admin.han140.qingzhou.beihai,county,挺,挺,,140,140,source.hou_han_shu.jun_guo_zhi,high,郡国志卷112县级列项第17项
admin.han140.qingzhou.beihai.guanyang,admin.han140.qingzhou.beihai,county,观阳,观阳,,140,140,source.hou_han_shu.jun_guo_zhi,high,郡国志卷112县级列项第18项
admin.han140.qingzhou.donglai.huang,admin.han140.qingzhou.donglai,county,黄,黄,,140,140,source.hou_han_shu.jun_guo_zhi,high,郡国志卷112县级列项第1项；原文首列为郡国治所
admin.han140.qingzhou.donglai.mouping,admin.han140.qingzhou.donglai,county,牟平,牟平,,140,140,source.hou_han_shu.jun_guo_zhi,high,郡国志卷112县级列项第2项
admin.han140.qingzhou.donglai.jian,admin.han140.qingzhou.donglai,county,惤,惤,,140,140,source.hou_han_shu.jun_guo_zhi,high,郡国志卷112县级列项第3项
admin.han140.qingzhou.donglai.qucheng,admin.han140.qingzhou.donglai,county,曲成,曲成,,140,140,source.hou_han_shu.jun_guo_zhi,high,郡国志卷112县级列项第4项
admin.han140.qingzhou.donglai.yi,admin.han140.qingzhou.donglai,county,掖,掖,,140,140,source.hou_han_shu.jun_guo_zhi,high,郡国志卷112县级列项第5项
admin.han140.qingzhou.donglai.dangli,admin.han140.qingzhou.donglai,county,当利,当利,,140,140,source.hou_han_shu.jun_guo_zhi,high,郡国志卷112县级列项第6项
admin.han140.qingzhou.donglai.dongmou,admin.han140.qingzhou.donglai,county,东牟,东牟,,140,140,source.hou_han_shu.jun_guo_zhi,high,郡国志卷112县级列项第7项
admin.han140.qingzhou.donglai.changyang,admin.han140.qingzhou.donglai,county,昌阳,昌阳,,140,140,source.hou_han_shu.jun_guo_zhi,high,郡国志卷112县级列项第8项
admin.han140.qingzhou.donglai.luxiang,admin.han140.qingzhou.donglai,county,卢乡,卢乡,,140,140,source.hou_han_shu.jun_guo_zhi,high,郡国志卷112县级列项第9项
admin.han140.qingzhou.donglai.changyan,admin.han140.qingzhou.donglai,county,长广,长广,,140,140,source.hou_han_shu.jun_guo_zhi,high,郡国志卷112县级列项第10项
admin.han140.qingzhou.donglai.qianzou,admin.han140.qingzhou.donglai,county,黔陬,黔陬,,140,140,source.hou_han_shu.jun_guo_zhi,high,郡国志卷112县级列项第11项
admin.han140.qingzhou.donglai.gelu,admin.han140.qingzhou.donglai,county,葛卢,葛卢,,140,140,source.hou_han_shu.jun_guo_zhi,high,郡国志卷112县级列项第12项
admin.han140.qingzhou.donglai.buqi,admin.han140.qingzhou.donglai,county,不其,不其,,140,140,source.hou_han_shu.jun_guo_zhi,high,郡国志卷112县级列项第13项
admin.han140.qingzhou.qi.linzi,admin.han140.qingzhou.qi,county,临菑,临菑,,140,140,source.hou_han_shu.jun_guo_zhi,high,郡国志卷112县级列项第1项；原文首列为郡国治所
admin.han140.qingzhou.qi.xian,admin.han140.qingzhou.qi,county,西安,西安,,140,140,source.hou_han_shu.jun_guo_zhi,high,郡国志卷112县级列项第2项
admin.han140.qingzhou.qi.changguo,admin.han140.qingzhou.qi,county,昌国,昌国,,140,140,source.hou_han_shu.jun_guo_zhi,high,郡国志卷112县级列项第3项
admin.han140.qingzhou.qi.linqu,admin.han140.qingzhou.qi,county,临朐,临朐,,140,140,source.hou_han_shu.jun_guo_zhi,high,郡国志卷112县级列项第4项
admin.han140.qingzhou.qi.yan,admin.han140.qingzhou.qi,county,广,广,,140,140,source.hou_han_shu.jun_guo_zhi,high,郡国志卷112县级列项第5项
admin.han140.qingzhou.qi.banyang,admin.han140.qingzhou.qi,county,般阳,般阳,,140,140,source.hou_han_shu.jun_guo_zhi,high,郡国志卷112县级列项第6项
admin.han140.jingzhou.nanyang.wan,admin.han140.jingzhou.nanyang,county,宛,宛,,140,140,source.hou_han_shu.jun_guo_zhi,high,郡国志卷112县级列项第1项；原文首列为郡国治所
admin.han140.jingzhou.nanyang.guanjun,admin.han140.jingzhou.nanyang,county,冠军,冠军,,140,140,source.hou_han_shu.jun_guo_zhi,high,郡国志卷112县级列项第2项
admin.han140.jingzhou.nanyang.xie,admin.han140.jingzhou.nanyang,county,叶,叶,,140,140,source.hou_han_shu.jun_guo_zhi,high,郡国志卷112县级列项第3项
admin.han140.jingzhou.nanyang.xinye,admin.han140.jingzhou.nanyang,county,新野,新野,,140,140,source.hou_han_shu.jun_guo_zhi,high,郡国志卷112县级列项第4项
admin.han140.jingzhou.nanyang.zhangling,admin.han140.jingzhou.nanyang,county,章陵,章陵,,140,140,source.hou_han_shu.jun_guo_zhi,high,郡国志卷112县级列项第5项
admin.han140.jingzhou.nanyang.xie.u897f9102,admin.han140.jingzhou.nanyang,county,西鄂,西鄂,,140,140,source.hou_han_shu.jun_guo_zhi,high,郡国志卷112县级列项第6项
admin.han140.jingzhou.nanyang.zhi,admin.han140.jingzhou.nanyang,county,雉,雉,,140,140,source.hou_han_shu.jun_guo_zhi,high,郡国志卷112县级列项第7项
admin.han140.jingzhou.nanyang.luyang,admin.han140.jingzhou.nanyang,county,鲁阳,鲁阳,,140,140,source.hou_han_shu.jun_guo_zhi,high,郡国志卷112县级列项第8项
admin.han140.jingzhou.nanyang.chou,admin.han140.jingzhou.nanyang,county,犨,犨,,140,140,source.hou_han_shu.jun_guo_zhi,high,郡国志卷112县级列项第9项
admin.han140.jingzhou.nanyang.duyang,admin.han140.jingzhou.nanyang,county,堵阳,堵阳,,140,140,source.hou_han_shu.jun_guo_zhi,high,郡国志卷112县级列项第10项
admin.han140.jingzhou.nanyang.bowang,admin.han140.jingzhou.nanyang,county,博望,博望,,140,140,source.hou_han_shu.jun_guo_zhi,high,郡国志卷112县级列项第11项
admin.han140.jingzhou.nanyang.wuyin,admin.han140.jingzhou.nanyang,county,舞阴,舞阴,,140,140,source.hou_han_shu.jun_guo_zhi,high,郡国志卷112县级列项第12项
admin.han140.jingzhou.nanyang.biyang,admin.han140.jingzhou.nanyang,county,比阳,比阳,,140,140,source.hou_han_shu.jun_guo_zhi,high,郡国志卷112县级列项第13项
admin.han140.jingzhou.nanyang.fuyang,admin.han140.jingzhou.nanyang,county,复阳,复阳,,140,140,source.hou_han_shu.jun_guo_zhi,high,郡国志卷112县级列项第14项
admin.han140.jingzhou.nanyang.pingshi,admin.han140.jingzhou.nanyang,county,平氏,平氏,,140,140,source.hou_han_shu.jun_guo_zhi,high,郡国志卷112县级列项第15项
admin.han140.jingzhou.nanyang.jiyang,admin.han140.jingzhou.nanyang,county,棘阳,棘阳,,140,140,source.hou_han_shu.jun_guo_zhi,high,郡国志卷112县级列项第16项
admin.han140.jingzhou.nanyang.huyang,admin.han140.jingzhou.nanyang,county,湖阳,湖阳,,140,140,source.hou_han_shu.jun_guo_zhi,high,郡国志卷112县级列项第17项
admin.han140.jingzhou.nanyang.sui,admin.han140.jingzhou.nanyang,county,随,随,,140,140,source.hou_han_shu.jun_guo_zhi,high,郡国志卷112县级列项第18项
admin.han140.jingzhou.nanyang.yuyang,admin.han140.jingzhou.nanyang,county,育阳,育阳,,140,140,source.hou_han_shu.jun_guo_zhi,high,郡国志卷112县级列项第19项
admin.han140.jingzhou.nanyang.nieyang,admin.han140.jingzhou.nanyang,county,涅阳,涅阳,,140,140,source.hou_han_shu.jun_guo_zhi,high,郡国志卷112县级列项第20项
admin.han140.jingzhou.nanyang.yin,admin.han140.jingzhou.nanyang,county,阴,阴,,140,140,source.hou_han_shu.jun_guo_zhi,high,郡国志卷112县级列项第21项
admin.han140.jingzhou.nanyang.zan,admin.han140.jingzhou.nanyang,county,酇,酇,,140,140,source.hou_han_shu.jun_guo_zhi,high,郡国志卷112县级列项第22项
admin.han140.jingzhou.nanyang.deng,admin.han140.jingzhou.nanyang,county,邓,邓,,140,140,source.hou_han_shu.jun_guo_zhi,high,郡国志卷112县级列项第23项
admin.han140.jingzhou.nanyang.shandu,admin.han140.jingzhou.nanyang,county,山都,山都,,140,140,source.hou_han_shu.jun_guo_zhi,high,郡国志卷112县级列项第24项
admin.han140.jingzhou.nanyang.li,admin.han140.jingzhou.nanyang,county,郦,郦,,140,140,source.hou_han_shu.jun_guo_zhi,high,郡国志卷112县级列项第25项
admin.han140.jingzhou.nanyang.rang,admin.han140.jingzhou.nanyang,county,穰,穰,,140,140,source.hou_han_shu.jun_guo_zhi,high,郡国志卷112县级列项第26项
admin.han140.jingzhou.nanyang.zhaoyang,admin.han140.jingzhou.nanyang,county,朝阳,朝阳,,140,140,source.hou_han_shu.jun_guo_zhi,high,郡国志卷112县级列项第27项
admin.han140.jingzhou.nanyang.caiyang,admin.han140.jingzhou.nanyang,county,蔡阳,蔡阳,,140,140,source.hou_han_shu.jun_guo_zhi,high,郡国志卷112县级列项第28项
admin.han140.jingzhou.nanyang.anzhong,admin.han140.jingzhou.nanyang,county,安衆,安衆,,140,140,source.hou_han_shu.jun_guo_zhi,high,郡国志卷112县级列项第29项
admin.han140.jingzhou.nanyang.zhuyang,admin.han140.jingzhou.nanyang,county,筑阳,筑阳,,140,140,source.hou_han_shu.jun_guo_zhi,high,郡国志卷112县级列项第30项
admin.han140.jingzhou.nanyang.wudang,admin.han140.jingzhou.nanyang,county,武当,武当,,140,140,source.hou_han_shu.jun_guo_zhi,high,郡国志卷112县级列项第31项
admin.han140.jingzhou.nanyang.shunyang,admin.han140.jingzhou.nanyang,county,顺阳,顺阳,,140,140,source.hou_han_shu.jun_guo_zhi,high,郡国志卷112县级列项第32项
admin.han140.jingzhou.nanyang.chengdu,admin.han140.jingzhou.nanyang,county,成都,成都,,140,140,source.hou_han_shu.jun_guo_zhi,high,郡国志卷112县级列项第33项
admin.han140.jingzhou.nanyang.xiangxiang,admin.han140.jingzhou.nanyang,county,襄乡,襄乡,,140,140,source.hou_han_shu.jun_guo_zhi,high,郡国志卷112县级列项第34项
admin.han140.jingzhou.nanyang.nanxiang,admin.han140.jingzhou.nanyang,county,南乡,南乡,,140,140,source.hou_han_shu.jun_guo_zhi,high,郡国志卷112县级列项第35项
admin.han140.jingzhou.nanyang.danshui,admin.han140.jingzhou.nanyang,county,丹水,丹水,,140,140,source.hou_han_shu.jun_guo_zhi,high,郡国志卷112县级列项第36项
admin.han140.jingzhou.nanyang.xi,admin.han140.jingzhou.nanyang,county,析,析,,140,140,source.hou_han_shu.jun_guo_zhi,high,郡国志卷112县级列项第37项
admin.han140.jingzhou.nan.jiangling,admin.han140.jingzhou.nan,county,江陵,江陵,,140,140,source.hou_han_shu.jun_guo_zhi,high,郡国志卷112县级列项第1项；原文首列为郡国治所
admin.han140.jingzhou.nan.wu,admin.han140.jingzhou.nan,county,巫,巫,,140,140,source.hou_han_shu.jun_guo_zhi,high,郡国志卷112县级列项第2项
admin.han140.jingzhou.nan.zigui,admin.han140.jingzhou.nan,county,秭归,秭归,,140,140,source.hou_han_shu.jun_guo_zhi,high,郡国志卷112县级列项第3项
admin.han140.jingzhou.nan.zhonglu,admin.han140.jingzhou.nan,county,中卢,中卢,,140,140,source.hou_han_shu.jun_guo_zhi,high,郡国志卷112县级列项第4项
admin.han140.jingzhou.nan.bian,admin.han140.jingzhou.nan,county,编,编,,140,140,source.hou_han_shu.jun_guo_zhi,high,郡国志卷112县级列项第5项
admin.han140.jingzhou.nan.dangyang,admin.han140.jingzhou.nan,county,当阳,当阳,,140,140,source.hou_han_shu.jun_guo_zhi,high,郡国志卷112县级列项第6项
admin.han140.jingzhou.nan.huarong,admin.han140.jingzhou.nan,county,华容,华容,,140,140,source.hou_han_shu.jun_guo_zhi,high,郡国志卷112县级列项第7项
admin.han140.jingzhou.nan.xiangyang,admin.han140.jingzhou.nan,county,襄阳,襄阳,,140,140,source.hou_han_shu.jun_guo_zhi,high,郡国志卷112县级列项第8项
admin.han140.jingzhou.nan.qi,admin.han140.jingzhou.nan,county,邔,邔,,140,140,source.hou_han_shu.jun_guo_zhi,high,郡国志卷112县级列项第9项
admin.han140.jingzhou.nan.yicheng,admin.han140.jingzhou.nan,county,宜城,宜城,,140,140,source.hou_han_shu.jun_guo_zhi,high,郡国志卷112县级列项第10项
admin.han140.jingzhou.nan.ruo,admin.han140.jingzhou.nan,county,鄀,鄀,,140,140,source.hou_han_shu.jun_guo_zhi,high,郡国志卷112县级列项第11项
admin.han140.jingzhou.nan.linju,admin.han140.jingzhou.nan,county,临沮,临沮,,140,140,source.hou_han_shu.jun_guo_zhi,high,郡国志卷112县级列项第12项
admin.han140.jingzhou.nan.zhijiang,admin.han140.jingzhou.nan,county,枝江,枝江,,140,140,source.hou_han_shu.jun_guo_zhi,high,郡国志卷112县级列项第13项
admin.han140.jingzhou.nan.yidao,admin.han140.jingzhou.nan,county,夷道,夷道,,140,140,source.hou_han_shu.jun_guo_zhi,high,郡国志卷112县级列项第14项
admin.han140.jingzhou.nan.yiling,admin.han140.jingzhou.nan,county,夷陵,夷陵,,140,140,source.hou_han_shu.jun_guo_zhi,high,郡国志卷112县级列项第15项
admin.han140.jingzhou.nan.zhouling,admin.han140.jingzhou.nan,county,州陵,州陵,,140,140,source.hou_han_shu.jun_guo_zhi,high,郡国志卷112县级列项第16项
admin.han140.jingzhou.nan.henshan,admin.han140.jingzhou.nan,county,很山,很山,,140,140,source.hou_han_shu.jun_guo_zhi,high,郡国志卷112县级列项第17项
admin.han140.jingzhou.jiangxia.xiling,admin.han140.jingzhou.jiangxia,county,西陵,西陵,,140,140,source.hou_han_shu.jun_guo_zhi,high,郡国志卷112县级列项第1项；原文首列为郡国治所
admin.han140.jingzhou.jiangxia.xiyang,admin.han140.jingzhou.jiangxia,county,西阳,西阳,,140,140,source.hou_han_shu.jun_guo_zhi,high,郡国志卷112县级列项第2项
admin.han140.jingzhou.jiangxia.di,admin.han140.jingzhou.jiangxia,county,軑,軑,,140,140,source.hou_han_shu.jun_guo_zhi,high,郡国志卷112县级列项第3项
admin.han140.jingzhou.jiangxia.meng,admin.han140.jingzhou.jiangxia,county,鄳,鄳,,140,140,source.hou_han_shu.jun_guo_zhi,high,郡国志卷112县级列项第4项
admin.han140.jingzhou.jiangxia.jingling,admin.han140.jingzhou.jiangxia,county,竟陵,竟陵,,140,140,source.hou_han_shu.jun_guo_zhi,high,郡国志卷112县级列项第5项
admin.han140.jingzhou.jiangxia.yundu,admin.han140.jingzhou.jiangxia,county,云杜,云杜,,140,140,source.hou_han_shu.jun_guo_zhi,high,郡国志卷112县级列项第6项
admin.han140.jingzhou.jiangxia.shaxian,admin.han140.jingzhou.jiangxia,county,沙羡,沙羡,,140,140,source.hou_han_shu.jun_guo_zhi,high,郡国志卷112县级列项第7项
admin.han140.jingzhou.jiangxia.zhu,admin.han140.jingzhou.jiangxia,county,邾,邾,,140,140,source.hou_han_shu.jun_guo_zhi,high,郡国志卷112县级列项第8项
admin.han140.jingzhou.jiangxia.xiazhi,admin.han140.jingzhou.jiangxia,county,下雉,下雉,,140,140,source.hou_han_shu.jun_guo_zhi,high,郡国志卷112县级列项第9项
admin.han140.jingzhou.jiangxia.qichun,admin.han140.jingzhou.jiangxia,county,蕲春,蕲春,,140,140,source.hou_han_shu.jun_guo_zhi,high,郡国志卷112县级列项第10项
admin.han140.jingzhou.jiangxia.e,admin.han140.jingzhou.jiangxia,county,鄂,鄂,,140,140,source.hou_han_shu.jun_guo_zhi,high,郡国志卷112县级列项第11项
admin.han140.jingzhou.jiangxia.pingchun,admin.han140.jingzhou.jiangxia,county,平春,平春,,140,140,source.hou_han_shu.jun_guo_zhi,high,郡国志卷112县级列项第12项
admin.han140.jingzhou.jiangxia.nanxinshi,admin.han140.jingzhou.jiangxia,county,南新市,南新市,,140,140,source.hou_han_shu.jun_guo_zhi,high,郡国志卷112县级列项第13项
admin.han140.jingzhou.jiangxia.anlu,admin.han140.jingzhou.jiangxia,county,安陆,安陆,,140,140,source.hou_han_shu.jun_guo_zhi,high,郡国志卷112县级列项第14项
admin.han140.jingzhou.lingling.quanling,admin.han140.jingzhou.lingling,county,泉陵,泉陵,,140,140,source.hou_han_shu.jun_guo_zhi,high,郡国志卷112县级列项第1项；原文首列为郡国治所
admin.han140.jingzhou.lingling.lingling,admin.han140.jingzhou.lingling,county,零陵,零陵,,140,140,source.hou_han_shu.jun_guo_zhi,high,郡国志卷112县级列项第2项
admin.han140.jingzhou.lingling.yingdao,admin.han140.jingzhou.lingling,county,营道,营道,,140,140,source.hou_han_shu.jun_guo_zhi,high,郡国志卷112县级列项第3项
admin.han140.jingzhou.lingling.yingpu,admin.han140.jingzhou.lingling,county,营浦,营浦,,140,140,source.hou_han_shu.jun_guo_zhi,high,郡国志卷112县级列项第4项
admin.han140.jingzhou.lingling.lingdao,admin.han140.jingzhou.lingling,county,泠道,泠道,,140,140,source.hou_han_shu.jun_guo_zhi,high,郡国志卷112县级列项第5项
admin.han140.jingzhou.lingling.taoyang,admin.han140.jingzhou.lingling,county,洮阳,洮阳,,140,140,source.hou_han_shu.jun_guo_zhi,high,郡国志卷112县级列项第6项
admin.han140.jingzhou.lingling.duliang,admin.han140.jingzhou.lingling,county,都梁,都梁,,140,140,source.hou_han_shu.jun_guo_zhi,high,郡国志卷112县级列项第7项
admin.han140.jingzhou.lingling.fuyi,admin.han140.jingzhou.lingling,county,夫夷,夫夷,,140,140,source.hou_han_shu.jun_guo_zhi,high,郡国志卷112县级列项第8项
admin.han140.jingzhou.lingling.shian,admin.han140.jingzhou.lingling,county,始安,始安,,140,140,source.hou_han_shu.jun_guo_zhi,high,郡国志卷112县级列项第9项
admin.han140.jingzhou.lingling.zhongan,admin.han140.jingzhou.lingling,county,重安,重安,,140,140,source.hou_han_shu.jun_guo_zhi,high,郡国志卷112县级列项第10项
admin.han140.jingzhou.lingling.xiangxiang,admin.han140.jingzhou.lingling,county,湘乡,湘乡,,140,140,source.hou_han_shu.jun_guo_zhi,high,郡国志卷112县级列项第11项
admin.han140.jingzhou.lingling.zhaoyang,admin.han140.jingzhou.lingling,county,昭阳,昭阳,,140,140,source.hou_han_shu.jun_guo_zhi,high,郡国志卷112县级列项第12项
admin.han140.jingzhou.lingling.zhengyang,admin.han140.jingzhou.lingling,county,烝阳,烝阳,,140,140,source.hou_han_shu.jun_guo_zhi,high,郡国志卷112县级列项第13项
admin.han140.jingzhou.guiyang.chen,admin.han140.jingzhou.guiyang,county,郴,郴,,140,140,source.hou_han_shu.jun_guo_zhi,high,郡国志卷112县级列项第1项；原文首列为郡国治所
admin.han140.jingzhou.guiyang.bian,admin.han140.jingzhou.guiyang,county,便,便,,140,140,source.hou_han_shu.jun_guo_zhi,high,郡国志卷112县级列项第2项
admin.han140.jingzhou.guiyang.leiyang,admin.han140.jingzhou.guiyang,county,耒阳,耒阳,,140,140,source.hou_han_shu.jun_guo_zhi,high,郡国志卷112县级列项第3项
admin.han140.jingzhou.guiyang.yinshan,admin.han140.jingzhou.guiyang,county,阴山,阴山,,140,140,source.hou_han_shu.jun_guo_zhi,high,郡国志卷112县级列项第4项
admin.han140.jingzhou.guiyang.nanping,admin.han140.jingzhou.guiyang,county,南平,南平,,140,140,source.hou_han_shu.jun_guo_zhi,high,郡国志卷112县级列项第5项
admin.han140.jingzhou.guiyang.linwu,admin.han140.jingzhou.guiyang,county,临武,临武,,140,140,source.hou_han_shu.jun_guo_zhi,high,郡国志卷112县级列项第6项
admin.han140.jingzhou.guiyang.guiyang,admin.han140.jingzhou.guiyang,county,桂阳,桂阳,,140,140,source.hou_han_shu.jun_guo_zhi,high,郡国志卷112县级列项第7项
admin.han140.jingzhou.guiyang.hankuang,admin.han140.jingzhou.guiyang,county,含洭,含洭,,140,140,source.hou_han_shu.jun_guo_zhi,high,郡国志卷112县级列项第8项
admin.han140.jingzhou.guiyang.chengyang,admin.han140.jingzhou.guiyang,county,浈阳,浈阳,,140,140,source.hou_han_shu.jun_guo_zhi,high,郡国志卷112县级列项第9项
admin.han140.jingzhou.guiyang.qujiang,admin.han140.jingzhou.guiyang,county,曲江,曲江,,140,140,source.hou_han_shu.jun_guo_zhi,high,郡国志卷112县级列项第10项
admin.han140.jingzhou.guiyang.yizhu,admin.han140.jingzhou.guiyang,county,汉宁,汉宁,,140,140,source.hou_han_shu.jun_guo_zhi,high,郡国志卷112县级列项第11项
admin.han140.jingzhou.wuling.linyuan,admin.han140.jingzhou.wuling,county,临沅,临沅,,140,140,source.hou_han_shu.jun_guo_zhi,high,郡国志卷112县级列项第1项；原文首列为郡国治所
admin.han140.jingzhou.wuling.yishou,admin.han140.jingzhou.wuling,county,汉寿,汉寿,,140,140,source.hou_han_shu.jun_guo_zhi,high,郡国志卷112县级列项第2项
admin.han140.jingzhou.wuling.chanling,admin.han140.jingzhou.wuling,county,孱陵,孱陵,,140,140,source.hou_han_shu.jun_guo_zhi,high,郡国志卷112县级列项第3项
admin.han140.jingzhou.wuling.lingyang,admin.han140.jingzhou.wuling,county,零阳,零阳,,140,140,source.hou_han_shu.jun_guo_zhi,high,郡国志卷112县级列项第4项
admin.han140.jingzhou.wuling.chong,admin.han140.jingzhou.wuling,county,充,充,,140,140,source.hou_han_shu.jun_guo_zhi,high,郡国志卷112县级列项第5项
admin.han140.jingzhou.wuling.yuanling,admin.han140.jingzhou.wuling,county,沅陵,沅陵,,140,140,source.hou_han_shu.jun_guo_zhi,high,郡国志卷112县级列项第6项
admin.han140.jingzhou.wuling.chenyang,admin.han140.jingzhou.wuling,county,辰阳,辰阳,,140,140,source.hou_han_shu.jun_guo_zhi,high,郡国志卷112县级列项第7项
admin.han140.jingzhou.wuling.youyang,admin.han140.jingzhou.wuling,county,酉阳,酉阳,,140,140,source.hou_han_shu.jun_guo_zhi,high,郡国志卷112县级列项第8项
admin.han140.jingzhou.wuling.qianling,admin.han140.jingzhou.wuling,county,迁陵,迁陵,,140,140,source.hou_han_shu.jun_guo_zhi,high,郡国志卷112县级列项第9项
admin.han140.jingzhou.wuling.tancheng,admin.han140.jingzhou.wuling,county,镡成,镡成,,140,140,source.hou_han_shu.jun_guo_zhi,high,郡国志卷112县级列项第10项
admin.han140.jingzhou.wuling.yuannan,admin.han140.jingzhou.wuling,county,沅南,沅南,,140,140,source.hou_han_shu.jun_guo_zhi,high,郡国志卷112县级列项第11项
admin.han140.jingzhou.wuling.zuotang,admin.han140.jingzhou.wuling,county,作唐,作唐,,140,140,source.hou_han_shu.jun_guo_zhi,high,郡国志卷112县级列项第12项
admin.han140.jingzhou.changsha.linxiang,admin.han140.jingzhou.changsha,county,临湘,临湘,,140,140,source.hou_han_shu.jun_guo_zhi,high,郡国志卷112县级列项第1项；原文首列为郡国治所
admin.han140.jingzhou.changsha.you,admin.han140.jingzhou.changsha,county,攸,攸,,140,140,source.hou_han_shu.jun_guo_zhi,high,郡国志卷112县级列项第2项
admin.han140.jingzhou.changsha.tuling,admin.han140.jingzhou.changsha,county,荼陵,荼陵,,140,140,source.hou_han_shu.jun_guo_zhi,high,郡国志卷112县级列项第3项
admin.han140.jingzhou.changsha.ancheng,admin.han140.jingzhou.changsha,county,安城,安城,,140,140,source.hou_han_shu.jun_guo_zhi,high,郡国志卷112县级列项第4项
admin.han140.jingzhou.changsha.ling,admin.han140.jingzhou.changsha,county,酃,酃,,140,140,source.hou_han_shu.jun_guo_zhi,high,郡国志卷112县级列项第5项
admin.han140.jingzhou.changsha.xiangnan,admin.han140.jingzhou.changsha,county,湘南,湘南,,140,140,source.hou_han_shu.jun_guo_zhi,high,郡国志卷112县级列项第6项
admin.han140.jingzhou.changsha.liandao,admin.han140.jingzhou.changsha,county,连道,连道,,140,140,source.hou_han_shu.jun_guo_zhi,high,郡国志卷112县级列项第7项
admin.han140.jingzhou.changsha.zhaoling,admin.han140.jingzhou.changsha,county,昭陵,昭陵,,140,140,source.hou_han_shu.jun_guo_zhi,high,郡国志卷112县级列项第8项
admin.han140.jingzhou.changsha.yiyang,admin.han140.jingzhou.changsha,county,益阳,益阳,,140,140,source.hou_han_shu.jun_guo_zhi,high,郡国志卷112县级列项第9项
admin.han140.jingzhou.changsha.xiajun,admin.han140.jingzhou.changsha,county,下隽,下隽,,140,140,source.hou_han_shu.jun_guo_zhi,high,郡国志卷112县级列项第10项
admin.han140.jingzhou.changsha.luo,admin.han140.jingzhou.changsha,county,罗,罗,,140,140,source.hou_han_shu.jun_guo_zhi,high,郡国志卷112县级列项第11项
admin.han140.jingzhou.changsha.liling,admin.han140.jingzhou.changsha,county,醴陵,醴陵,,140,140,source.hou_han_shu.jun_guo_zhi,high,郡国志卷112县级列项第12项
admin.han140.jingzhou.changsha.rongling,admin.han140.jingzhou.changsha,county,容陵,容陵,,140,140,source.hou_han_shu.jun_guo_zhi,high,郡国志卷112县级列项第13项
admin.han140.yangzhou.jiujiang.yinling,admin.han140.yangzhou.jiujiang,county,阴陵,阴陵,,140,140,source.hou_han_shu.jun_guo_zhi,high,郡国志卷112县级列项第1项；原文首列为郡国治所
admin.han140.yangzhou.jiujiang.shouchun,admin.han140.yangzhou.jiujiang,county,寿春,寿春,,140,140,source.hou_han_shu.jun_guo_zhi,high,郡国志卷112县级列项第2项
admin.han140.yangzhou.jiujiang.junqiu,admin.han140.yangzhou.jiujiang,county,浚遒,浚遒,,140,140,source.hou_han_shu.jun_guo_zhi,high,郡国志卷112县级列项第3项
admin.han140.yangzhou.jiujiang.chengde,admin.han140.yangzhou.jiujiang,county,成德,成德,,140,140,source.hou_han_shu.jun_guo_zhi,high,郡国志卷112县级列项第4项
admin.han140.yangzhou.jiujiang.xiquyang,admin.han140.yangzhou.jiujiang,county,西曲阳,西曲阳,,140,140,source.hou_han_shu.jun_guo_zhi,high,郡国志卷112县级列项第5项
admin.han140.yangzhou.jiujiang.hefei,admin.han140.yangzhou.jiujiang,county,合肥,合肥,,140,140,source.hou_han_shu.jun_guo_zhi,high,郡国志卷112县级列项第6项
admin.han140.yangzhou.jiujiang.liyang,admin.han140.yangzhou.jiujiang,county,历阳,历阳,,140,140,source.hou_han_shu.jun_guo_zhi,high,郡国志卷112县级列项第7项
admin.han140.yangzhou.jiujiang.dangtu,admin.han140.yangzhou.jiujiang,county,当涂,当涂,,140,140,source.hou_han_shu.jun_guo_zhi,high,郡国志卷112县级列项第8项
admin.han140.yangzhou.jiujiang.quanjiao,admin.han140.yangzhou.jiujiang,county,全椒,全椒,,140,140,source.hou_han_shu.jun_guo_zhi,high,郡国志卷112县级列项第9项
admin.han140.yangzhou.jiujiang.zhongchi,admin.han140.yangzhou.jiujiang,county,锺离,锺离,,140,140,source.hou_han_shu.jun_guo_zhi,high,郡国志卷112县级列项第10项
admin.han140.yangzhou.jiujiang.fuling,admin.han140.yangzhou.jiujiang,county,阜陵,阜陵,,140,140,source.hou_han_shu.jun_guo_zhi,high,郡国志卷112县级列项第11项
admin.han140.yangzhou.jiujiang.xiacai,admin.han140.yangzhou.jiujiang,county,下蔡,下蔡,,140,140,source.hou_han_shu.jun_guo_zhi,high,郡国志卷112县级列项第12项
admin.han140.yangzhou.jiujiang.pinga,admin.han140.yangzhou.jiujiang,county,平阿,平阿,,140,140,source.hou_han_shu.jun_guo_zhi,high,郡国志卷112县级列项第13项
admin.han140.yangzhou.jiujiang.yicheng,admin.han140.yangzhou.jiujiang,county,义成,义成,,140,140,source.hou_han_shu.jun_guo_zhi,high,郡国志卷112县级列项第14项
admin.han140.yangzhou.danyang.wanling,admin.han140.yangzhou.danyang,county,宛陵,宛陵,,140,140,source.hou_han_shu.jun_guo_zhi,high,郡国志卷112县级列项第1项；原文首列为郡国治所
admin.han140.yangzhou.danyang.liyang,admin.han140.yangzhou.danyang,county,溧阳,溧阳,,140,140,source.hou_han_shu.jun_guo_zhi,high,郡国志卷112县级列项第2项
admin.han140.yangzhou.danyang.danyang,admin.han140.yangzhou.danyang,county,丹阳,丹阳,,140,140,source.hou_han_shu.jun_guo_zhi,high,郡国志卷112县级列项第3项
admin.han140.yangzhou.danyang.guzhang,admin.han140.yangzhou.danyang,county,故鄣,故鄣,,140,140,source.hou_han_shu.jun_guo_zhi,high,郡国志卷112县级列项第4项
admin.han140.yangzhou.danyang.yuqian,admin.han140.yangzhou.danyang,county,於潜,於潜,,140,140,source.hou_han_shu.jun_guo_zhi,high,郡国志卷112县级列项第5项
admin.han140.yangzhou.danyang.jing,admin.han140.yangzhou.danyang,county,泾,泾,,140,140,source.hou_han_shu.jun_guo_zhi,high,郡国志卷112县级列项第6项
admin.han140.yangzhou.danyang.xi,admin.han140.yangzhou.danyang,county,歙,歙,,140,140,source.hou_han_shu.jun_guo_zhi,high,郡国志卷112县级列项第7项
admin.han140.yangzhou.danyang.you,admin.han140.yangzhou.danyang,county,黝,黝,,140,140,source.hou_han_shu.jun_guo_zhi,high,郡国志卷112县级列项第8项
admin.han140.yangzhou.danyang.lingyang,admin.han140.yangzhou.danyang,county,陵阳,陵阳,,140,140,source.hou_han_shu.jun_guo_zhi,high,郡国志卷112县级列项第9项
admin.han140.yangzhou.danyang.wuhu,admin.han140.yangzhou.danyang,county,芜湖,芜湖,,140,140,source.hou_han_shu.jun_guo_zhi,high,郡国志卷112县级列项第10项
admin.han140.yangzhou.danyang.moling,admin.han140.yangzhou.danyang,county,秣陵,秣陵,,140,140,source.hou_han_shu.jun_guo_zhi,high,郡国志卷112县级列项第11项
admin.han140.yangzhou.danyang.hushou,admin.han140.yangzhou.danyang,county,湖熟,湖熟,,140,140,source.hou_han_shu.jun_guo_zhi,high,郡国志卷112县级列项第12项
admin.han140.yangzhou.danyang.jurong,admin.han140.yangzhou.danyang,county,句容,句容,,140,140,source.hou_han_shu.jun_guo_zhi,high,郡国志卷112县级列项第13项
admin.han140.yangzhou.danyang.jiangcheng,admin.han140.yangzhou.danyang,county,江乘,江乘,,140,140,source.hou_han_shu.jun_guo_zhi,high,郡国志卷112县级列项第14项
admin.han140.yangzhou.danyang.chungu,admin.han140.yangzhou.danyang,county,春谷,春谷,,140,140,source.hou_han_shu.jun_guo_zhi,high,郡国志卷112县级列项第15项
admin.han140.yangzhou.danyang.shicheng,admin.han140.yangzhou.danyang,county,石城,石城,,140,140,source.hou_han_shu.jun_guo_zhi,high,郡国志卷112县级列项第16项
admin.han140.yangzhou.lujiang.shu,admin.han140.yangzhou.lujiang,county,舒,舒,,140,140,source.hou_han_shu.jun_guo_zhi,high,郡国志卷112县级列项第1项；原文首列为郡国治所
admin.han140.yangzhou.lujiang.yulou,admin.han140.yangzhou.lujiang,county,雩娄,雩娄,,140,140,source.hou_han_shu.jun_guo_zhi,high,郡国志卷112县级列项第2项
admin.han140.yangzhou.lujiang.xunyang,admin.han140.yangzhou.lujiang,county,寻阳,寻阳,,140,140,source.hou_han_shu.jun_guo_zhi,high,郡国志卷112县级列项第3项
admin.han140.yangzhou.lujiang.qian,admin.han140.yangzhou.lujiang,county,潜,潜,,140,140,source.hou_han_shu.jun_guo_zhi,high,郡国志卷112县级列项第4项
admin.han140.yangzhou.lujiang.linhu,admin.han140.yangzhou.lujiang,county,临湖,临湖,,140,140,source.hou_han_shu.jun_guo_zhi,high,郡国志卷112县级列项第5项
admin.han140.yangzhou.lujiang.longshu,admin.han140.yangzhou.lujiang,county,龙舒,龙舒,,140,140,source.hou_han_shu.jun_guo_zhi,high,郡国志卷112县级列项第6项
admin.han140.yangzhou.lujiang.xiangan,admin.han140.yangzhou.lujiang,county,襄安,襄安,,140,140,source.hou_han_shu.jun_guo_zhi,high,郡国志卷112县级列项第7项
admin.han140.yangzhou.lujiang.wan,admin.han140.yangzhou.lujiang,county,皖,皖,,140,140,source.hou_han_shu.jun_guo_zhi,high,郡国志卷112县级列项第8项
admin.han140.yangzhou.lujiang.juchao,admin.han140.yangzhou.lujiang,county,居巢,居巢,,140,140,source.hou_han_shu.jun_guo_zhi,high,郡国志卷112县级列项第9项
admin.han140.yangzhou.lujiang.liuanguo,admin.han140.yangzhou.lujiang,county,六安国,六安国,,140,140,source.hou_han_shu.jun_guo_zhi,high,郡国志卷112县级列项第10项
admin.han140.yangzhou.lujiang.liaohouguo,admin.han140.yangzhou.lujiang,county,蓼侯国,蓼侯国,,140,140,source.hou_han_shu.jun_guo_zhi,high,郡国志卷112县级列项第11项
admin.han140.yangzhou.lujiang.anfeng,admin.han140.yangzhou.lujiang,county,安丰,安丰,,140,140,source.hou_han_shu.jun_guo_zhi,high,郡国志卷112县级列项第12项
admin.han140.yangzhou.lujiang.yangquan,admin.han140.yangzhou.lujiang,county,阳泉,阳泉,,140,140,source.hou_han_shu.jun_guo_zhi,high,郡国志卷112县级列项第13项
admin.han140.yangzhou.lujiang.anfeng.u5b8998ce,admin.han140.yangzhou.lujiang,county,安风,安风,,140,140,source.hou_han_shu.jun_guo_zhi,high,郡国志卷112县级列项第14项
admin.han140.yangzhou.kuaiji.shanyin,admin.han140.yangzhou.kuaiji,county,山阴,山阴,,140,140,source.hou_han_shu.jun_guo_zhi,high,郡国志卷112县级列项第1项；原文首列为郡国治所
admin.han140.yangzhou.kuaiji.mao,admin.han140.yangzhou.kuaiji,county,鄮,鄮,,140,140,source.hou_han_shu.jun_guo_zhi,high,郡国志卷112县级列项第2项
admin.han140.yangzhou.kuaiji.wushang,admin.han140.yangzhou.kuaiji,county,乌伤,乌伤,,140,140,source.hou_han_shu.jun_guo_zhi,high,郡国志卷112县级列项第3项
admin.han140.yangzhou.kuaiji.zhuji,admin.han140.yangzhou.kuaiji,county,诸暨,诸暨,,140,140,source.hou_han_shu.jun_guo_zhi,high,郡国志卷112县级列项第4项
admin.han140.yangzhou.kuaiji.yuji,admin.han140.yangzhou.kuaiji,county,余暨,余暨,,140,140,source.hou_han_shu.jun_guo_zhi,high,郡国志卷112县级列项第5项
admin.han140.yangzhou.kuaiji.taimo,admin.han140.yangzhou.kuaiji,county,太末,太末,,140,140,source.hou_han_shu.jun_guo_zhi,high,郡国志卷112县级列项第6项
admin.han140.yangzhou.kuaiji.shangyu,admin.han140.yangzhou.kuaiji,county,上虞,上虞,,140,140,source.hou_han_shu.jun_guo_zhi,high,郡国志卷112县级列项第7项
admin.han140.yangzhou.kuaiji.yan,admin.han140.yangzhou.kuaiji,county,剡,剡,,140,140,source.hou_han_shu.jun_guo_zhi,high,郡国志卷112县级列项第8项
admin.han140.yangzhou.kuaiji.yuyao,admin.han140.yangzhou.kuaiji,county,余姚,余姚,,140,140,source.hou_han_shu.jun_guo_zhi,high,郡国志卷112县级列项第9项
admin.han140.yangzhou.kuaiji.juzhang,admin.han140.yangzhou.kuaiji,county,句章,句章,,140,140,source.hou_han_shu.jun_guo_zhi,high,郡国志卷112县级列项第10项
admin.han140.yangzhou.kuaiji.yin,admin.han140.yangzhou.kuaiji,county,鄞,鄞,,140,140,source.hou_han_shu.jun_guo_zhi,high,郡国志卷112县级列项第11项
admin.han140.yangzhou.kuaiji.zhangan,admin.han140.yangzhou.kuaiji,county,章安,章安,,140,140,source.hou_han_shu.jun_guo_zhi,high,郡国志卷112县级列项第12项
admin.han140.yangzhou.kuaiji.yongzhu,admin.han140.yangzhou.kuaiji,county,永宁,永宁,,140,140,source.hou_han_shu.jun_guo_zhi,high,郡国志卷112县级列项第13项
admin.han140.yangzhou.kuaiji.dongbu,admin.han140.yangzhou.kuaiji,county,东部,东部,,140,140,source.hou_han_shu.jun_guo_zhi,high,郡国志卷112县级列项第14项
admin.han140.yangzhou.wu.wu,admin.han140.yangzhou.wu,county,吴,吴,,140,140,source.hou_han_shu.jun_guo_zhi,high,郡国志卷112县级列项第1项；原文首列为郡国治所
admin.han140.yangzhou.wu.haiyan,admin.han140.yangzhou.wu,county,海盐,海盐,,140,140,source.hou_han_shu.jun_guo_zhi,high,郡国志卷112县级列项第2项
admin.han140.yangzhou.wu.wucheng,admin.han140.yangzhou.wu,county,乌程,乌程,,140,140,source.hou_han_shu.jun_guo_zhi,high,郡国志卷112县级列项第3项
admin.han140.yangzhou.wu.yuhang,admin.han140.yangzhou.wu,county,余杭,余杭,,140,140,source.hou_han_shu.jun_guo_zhi,high,郡国志卷112县级列项第4项
admin.han140.yangzhou.wu.piling,admin.han140.yangzhou.wu,county,毗陵,毗陵,,140,140,source.hou_han_shu.jun_guo_zhi,high,郡国志卷112县级列项第5项
admin.han140.yangzhou.wu.dantu,admin.han140.yangzhou.wu,county,丹徒,丹徒,,140,140,source.hou_han_shu.jun_guo_zhi,high,郡国志卷112县级列项第6项
admin.han140.yangzhou.wu.qua,admin.han140.yangzhou.wu,county,曲阿,曲阿,,140,140,source.hou_han_shu.jun_guo_zhi,high,郡国志卷112县级列项第7项
admin.han140.yangzhou.wu.youquan,admin.han140.yangzhou.wu,county,由拳,由拳,,140,140,source.hou_han_shu.jun_guo_zhi,high,郡国志卷112县级列项第8项
admin.han140.yangzhou.wu.an,admin.han140.yangzhou.wu,county,安,安,,140,140,source.hou_han_shu.jun_guo_zhi,high,郡国志卷112县级列项第9项
admin.han140.yangzhou.wu.fuchun,admin.han140.yangzhou.wu,county,富春,富春,,140,140,source.hou_han_shu.jun_guo_zhi,high,郡国志卷112县级列项第10项
admin.han140.yangzhou.wu.yangxian,admin.han140.yangzhou.wu,county,阳羡,阳羡,,140,140,source.hou_han_shu.jun_guo_zhi,high,郡国志卷112县级列项第11项
admin.han140.yangzhou.wu.wuxi,admin.han140.yangzhou.wu,county,无锡,无锡,,140,140,source.hou_han_shu.jun_guo_zhi,high,郡国志卷112县级列项第12项
admin.han140.yangzhou.wu.lou,admin.han140.yangzhou.wu,county,娄,娄,,140,140,source.hou_han_shu.jun_guo_zhi,high,郡国志卷112县级列项第13项
admin.han140.yangzhou.yuzhang.nanchang,admin.han140.yangzhou.yuzhang,county,南昌,南昌,,140,140,source.hou_han_shu.jun_guo_zhi,high,郡国志卷112县级列项第1项；原文首列为郡国治所
admin.han140.yangzhou.yuzhang.jiancheng,admin.han140.yangzhou.yuzhang,county,建城,建城,,140,140,source.hou_han_shu.jun_guo_zhi,high,郡国志卷112县级列项第2项
admin.han140.yangzhou.yuzhang.xingan,admin.han140.yangzhou.yuzhang,county,新淦,新淦,,140,140,source.hou_han_shu.jun_guo_zhi,high,郡国志卷112县级列项第3项
admin.han140.yangzhou.yuzhang.yichun,admin.han140.yangzhou.yuzhang,county,宜春,宜春,,140,140,source.hou_han_shu.jun_guo_zhi,high,郡国志卷112县级列项第4项
admin.han140.yangzhou.yuzhang.luling,admin.han140.yangzhou.yuzhang,county,庐陵,庐陵,,140,140,source.hou_han_shu.jun_guo_zhi,high,郡国志卷112县级列项第5项
admin.han140.yangzhou.yuzhang.gan,admin.han140.yangzhou.yuzhang,county,赣,赣,,140,140,source.hou_han_shu.jun_guo_zhi,high,郡国志卷112县级列项第6项
admin.han140.yangzhou.yuzhang.yudu,admin.han140.yangzhou.yuzhang,county,雩都,雩都,,140,140,source.hou_han_shu.jun_guo_zhi,high,郡国志卷112县级列项第7项
admin.han140.yangzhou.yuzhang.nanye,admin.han140.yangzhou.yuzhang,county,南野,南野,,140,140,source.hou_han_shu.jun_guo_zhi,high,郡国志卷112县级列项第8项
admin.han140.yangzhou.yuzhang.nancheng,admin.han140.yangzhou.yuzhang,county,南城,南城,,140,140,source.hou_han_shu.jun_guo_zhi,high,郡国志卷112县级列项第9项
admin.han140.yangzhou.yuzhang.poyang,admin.han140.yangzhou.yuzhang,county,鄱阳,鄱阳,,140,140,source.hou_han_shu.jun_guo_zhi,high,郡国志卷112县级列项第10项
admin.han140.yangzhou.yuzhang.liling,admin.han140.yangzhou.yuzhang,county,历陵,历陵,,140,140,source.hou_han_shu.jun_guo_zhi,high,郡国志卷112县级列项第11项
admin.han140.yangzhou.yuzhang.yuhan,admin.han140.yangzhou.yuzhang,county,余汗,余汗,,140,140,source.hou_han_shu.jun_guo_zhi,high,郡国志卷112县级列项第12项
admin.han140.yangzhou.yuzhang.qiaoyang,admin.han140.yangzhou.yuzhang,county,鄡阳,鄡阳,,140,140,source.hou_han_shu.jun_guo_zhi,high,郡国志卷112县级列项第13项
admin.han140.yangzhou.yuzhang.pengze,admin.han140.yangzhou.yuzhang,county,彭泽,彭泽,,140,140,source.hou_han_shu.jun_guo_zhi,high,郡国志卷112县级列项第14项
admin.han140.yangzhou.yuzhang.chaisang,admin.han140.yangzhou.yuzhang,county,柴桑,柴桑,,140,140,source.hou_han_shu.jun_guo_zhi,high,郡国志卷112县级列项第15项
admin.han140.yangzhou.yuzhang.ai,admin.han140.yangzhou.yuzhang,county,艾,艾,,140,140,source.hou_han_shu.jun_guo_zhi,high,郡国志卷112县级列项第16项
admin.han140.yangzhou.yuzhang.haihun,admin.han140.yangzhou.yuzhang,county,海昬,海昬,,140,140,source.hou_han_shu.jun_guo_zhi,high,郡国志卷112县级列项第17项
admin.han140.yangzhou.yuzhang.pingdu,admin.han140.yangzhou.yuzhang,county,平都,平都,,140,140,source.hou_han_shu.jun_guo_zhi,high,郡国志卷112县级列项第18项
admin.han140.yangzhou.yuzhang.shiyang,admin.han140.yangzhou.yuzhang,county,石阳,石阳,,140,140,source.hou_han_shu.jun_guo_zhi,high,郡国志卷112县级列项第19项
admin.han140.yangzhou.yuzhang.linru,admin.han140.yangzhou.yuzhang,county,临汝,临汝,,140,140,source.hou_han_shu.jun_guo_zhi,high,郡国志卷112县级列项第20项
admin.han140.yangzhou.yuzhang.jianchang,admin.han140.yangzhou.yuzhang,county,建昌,建昌,,140,140,source.hou_han_shu.jun_guo_zhi,high,郡国志卷112县级列项第21项
admin.han140.yizhou.hanzhong.nanzheng,admin.han140.yizhou.hanzhong,county,南郑,南郑,,140,140,source.hou_han_shu.jun_guo_zhi,high,郡国志卷113县级列项第1项；原文首列为郡国治所
admin.han140.yizhou.hanzhong.chenggu,admin.han140.yizhou.hanzhong,county,成固,成固,,140,140,source.hou_han_shu.jun_guo_zhi,high,郡国志卷113县级列项第2项
admin.han140.yizhou.hanzhong.xicheng,admin.han140.yizhou.hanzhong,county,西城,西城,,140,140,source.hou_han_shu.jun_guo_zhi,high,郡国志卷113县级列项第3项
admin.han140.yizhou.hanzhong.baozhong,admin.han140.yizhou.hanzhong,county,褒中,褒中,,140,140,source.hou_han_shu.jun_guo_zhi,high,郡国志卷113县级列项第4项
admin.han140.yizhou.hanzhong.mianyang,admin.han140.yizhou.hanzhong,county,沔阳,沔阳,,140,140,source.hou_han_shu.jun_guo_zhi,high,郡国志卷113县级列项第5项
admin.han140.yizhou.hanzhong.anyang,admin.han140.yizhou.hanzhong,county,安阳,安阳,,140,140,source.hou_han_shu.jun_guo_zhi,high,郡国志卷113县级列项第6项
admin.han140.yizhou.hanzhong.xi,admin.han140.yizhou.hanzhong,county,锡,锡,,140,140,source.hou_han_shu.jun_guo_zhi,high,郡国志卷113县级列项第7项
admin.han140.yizhou.hanzhong.shangyong,admin.han140.yizhou.hanzhong,county,上庸,上庸,,140,140,source.hou_han_shu.jun_guo_zhi,high,郡国志卷113县级列项第8项
admin.han140.yizhou.hanzhong.fangling,admin.han140.yizhou.hanzhong,county,房陵,房陵,,140,140,source.hou_han_shu.jun_guo_zhi,high,郡国志卷113县级列项第9项
admin.han140.yizhou.ba.jiangzhou,admin.han140.yizhou.ba,county,江州,江州,,140,140,source.hou_han_shu.jun_guo_zhi,high,郡国志卷113县级列项第1项；原文首列为郡国治所
admin.han140.yizhou.ba.dangqu,admin.han140.yizhou.ba,county,宕渠,宕渠,,140,140,source.hou_han_shu.jun_guo_zhi,high,郡国志卷113县级列项第2项
admin.han140.yizhou.ba.quren,admin.han140.yizhou.ba,county,朐忍,朐忍,,140,140,source.hou_han_shu.jun_guo_zhi,high,郡国志卷113县级列项第3项
admin.han140.yizhou.ba.langzhong,admin.han140.yizhou.ba,county,阆中,阆中,,140,140,source.hou_han_shu.jun_guo_zhi,high,郡国志卷113县级列项第4项
admin.han140.yizhou.ba.yufu,admin.han140.yizhou.ba,county,鱼复,鱼复,,140,140,source.hou_han_shu.jun_guo_zhi,high,郡国志卷113县级列项第5项
admin.han140.yizhou.ba.hanshui,admin.han140.yizhou.ba,county,扞水,扞水,,140,140,source.hou_han_shu.jun_guo_zhi,high,郡国志卷113县级列项第6项
admin.han140.yizhou.ba.linjiang,admin.han140.yizhou.ba,county,临江,临江,,140,140,source.hou_han_shu.jun_guo_zhi,high,郡国志卷113县级列项第7项
admin.han140.yizhou.ba.zhi,admin.han140.yizhou.ba,county,枳,枳,,140,140,source.hou_han_shu.jun_guo_zhi,high,郡国志卷113县级列项第8项
admin.han140.yizhou.ba.fuling,admin.han140.yizhou.ba,county,涪陵,涪陵,,140,140,source.hou_han_shu.jun_guo_zhi,high,郡国志卷113县级列项第9项
admin.han140.yizhou.ba.dianjiang,admin.han140.yizhou.ba,county,垫江,垫江,,140,140,source.hou_han_shu.jun_guo_zhi,high,郡国志卷113县级列项第10项
admin.han140.yizhou.ba.anyi,admin.han140.yizhou.ba,county,安汉,安汉,,140,140,source.hou_han_shu.jun_guo_zhi,high,郡国志卷113县级列项第11项
admin.han140.yizhou.ba.pingdu,admin.han140.yizhou.ba,county,平都,平都,,140,140,source.hou_han_shu.jun_guo_zhi,high,郡国志卷113县级列项第12项
admin.han140.yizhou.ba.chongguo,admin.han140.yizhou.ba,county,充国,充国,,140,140,source.hou_han_shu.jun_guo_zhi,high,郡国志卷113县级列项第13项
admin.han140.yizhou.ba.xuanyi,admin.han140.yizhou.ba,county,宣汉,宣汉,,140,140,source.hou_han_shu.jun_guo_zhi,high,郡国志卷113县级列项第14项
admin.han140.yizhou.ba.yichang,admin.han140.yizhou.ba,county,汉昌,汉昌,,140,140,source.hou_han_shu.jun_guo_zhi,medium,郡国志卷113县级列项第15项；巴郡标题称十四城但正文列出十五项，本项保留并进入数量争议审计
admin.han140.yizhou.guanghan.luo,admin.han140.yizhou.guanghan,county,雒,雒,,140,140,source.hou_han_shu.jun_guo_zhi,high,郡国志卷113县级列项第1项；原文首列为郡国治所
admin.han140.yizhou.guanghan.xindu,admin.han140.yizhou.guanghan,county,新都,新都,,140,140,source.hou_han_shu.jun_guo_zhi,high,郡国志卷113县级列项第2项
admin.han140.yizhou.guanghan.mianzhu,admin.han140.yizhou.guanghan,county,绵竹,绵竹,,140,140,source.hou_han_shu.jun_guo_zhi,high,郡国志卷113县级列项第3项
admin.han140.yizhou.guanghan.shifang,admin.han140.yizhou.guanghan,county,什邡,什邡,,140,140,source.hou_han_shu.jun_guo_zhi,high,郡国志卷113县级列项第4项
admin.han140.yizhou.guanghan.fu,admin.han140.yizhou.guanghan,county,涪,涪,,140,140,source.hou_han_shu.jun_guo_zhi,high,郡国志卷113县级列项第5项
admin.han140.yizhou.guanghan.zitong,admin.han140.yizhou.guanghan,county,梓潼,梓潼,,140,140,source.hou_han_shu.jun_guo_zhi,high,郡国志卷113县级列项第6项
admin.han140.yizhou.guanghan.baishui,admin.han140.yizhou.guanghan,county,白水,白水,,140,140,source.hou_han_shu.jun_guo_zhi,high,郡国志卷113县级列项第7项
admin.han140.yizhou.guanghan.jiameng,admin.han140.yizhou.guanghan,county,葭萌,葭萌,,140,140,source.hou_han_shu.jun_guo_zhi,high,郡国志卷113县级列项第8项
admin.han140.yizhou.guanghan.qi,admin.han140.yizhou.guanghan,county,郪,郪,,140,140,source.hou_han_shu.jun_guo_zhi,high,郡国志卷113县级列项第9项
admin.han140.yizhou.guanghan.yanyi,admin.han140.yizhou.guanghan,county,广汉,广汉,,140,140,source.hou_han_shu.jun_guo_zhi,high,郡国志卷113县级列项第10项
admin.han140.yizhou.guanghan.deyang,admin.han140.yizhou.guanghan,county,德阳,德阳,,140,140,source.hou_han_shu.jun_guo_zhi,high,郡国志卷113县级列项第11项
admin.han140.yizhou.shu.chengdu,admin.han140.yizhou.shu,county,成都,成都,,140,140,source.hou_han_shu.jun_guo_zhi,high,郡国志卷113县级列项第1项；原文首列为郡国治所
admin.han140.yizhou.shu.pi,admin.han140.yizhou.shu,county,郫,郫,,140,140,source.hou_han_shu.jun_guo_zhi,high,郡国志卷113县级列项第2项
admin.han140.yizhou.shu.jiangyuan,admin.han140.yizhou.shu,county,江原,江原,,140,140,source.hou_han_shu.jun_guo_zhi,high,郡国志卷113县级列项第3项
admin.han140.yizhou.shu.fan,admin.han140.yizhou.shu,county,繁,繁,,140,140,source.hou_han_shu.jun_guo_zhi,high,郡国志卷113县级列项第4项
admin.han140.yizhou.shu.yandu,admin.han140.yizhou.shu,county,广都,广都,,140,140,source.hou_han_shu.jun_guo_zhi,high,郡国志卷113县级列项第5项
admin.han140.yizhou.shu.linqiong,admin.han140.yizhou.shu,county,临邛,临邛,,140,140,source.hou_han_shu.jun_guo_zhi,high,郡国志卷113县级列项第6项
admin.han140.yizhou.shu.jiandidao,admin.han140.yizhou.shu,county,湔氐道,湔氐道,,140,140,source.hou_han_shu.jun_guo_zhi,high,郡国志卷113县级列项第7项
admin.han140.yizhou.shu.wenjiangdao,admin.han140.yizhou.shu,county,汶江道,汶江道,,140,140,source.hou_han_shu.jun_guo_zhi,high,郡国志卷113县级列项第8项
admin.han140.yizhou.shu.baling,admin.han140.yizhou.shu,county,八陵,八陵,,140,140,source.hou_han_shu.jun_guo_zhi,high,郡国志卷113县级列项第9项
admin.han140.yizhou.shu.yanrou,admin.han140.yizhou.shu,county,广柔,广柔,,140,140,source.hou_han_shu.jun_guo_zhi,high,郡国志卷113县级列项第10项
admin.han140.yizhou.shu.miansidao,admin.han140.yizhou.shu,county,緜虒道,緜虒道,,140,140,source.hou_han_shu.jun_guo_zhi,high,郡国志卷113县级列项第11项
admin.han140.yizhou.jianwei.wuyang,admin.han140.yizhou.jianwei,county,武阳,武阳,,140,140,source.hou_han_shu.jun_guo_zhi,high,郡国志卷113县级列项第1项；原文首列为郡国治所
admin.han140.yizhou.jianwei.zizhong,admin.han140.yizhou.jianwei,county,资中,资中,,140,140,source.hou_han_shu.jun_guo_zhi,high,郡国志卷113县级列项第2项
admin.han140.yizhou.jianwei.niubing,admin.han140.yizhou.jianwei,county,牛鞞,牛鞞,,140,140,source.hou_han_shu.jun_guo_zhi,high,郡国志卷113县级列项第3项
admin.han140.yizhou.jianwei.nanan,admin.han140.yizhou.jianwei,county,南安,南安,,140,140,source.hou_han_shu.jun_guo_zhi,high,郡国志卷113县级列项第4项
admin.han140.yizhou.jianwei.bodao,admin.han140.yizhou.jianwei,county,僰道,僰道,,140,140,source.hou_han_shu.jun_guo_zhi,high,郡国志卷113县级列项第5项
admin.han140.yizhou.jianwei.jiangyang,admin.han140.yizhou.jianwei,county,江阳,江阳,,140,140,source.hou_han_shu.jun_guo_zhi,high,郡国志卷113县级列项第6项
admin.han140.yizhou.jianwei.fujie,admin.han140.yizhou.jianwei,county,苻节,苻节,,140,140,source.hou_han_shu.jun_guo_zhi,high,郡国志卷113县级列项第7项
admin.han140.yizhou.jianwei.nanyan,admin.han140.yizhou.jianwei,county,南广,南广,,140,140,source.hou_han_shu.jun_guo_zhi,high,郡国志卷113县级列项第8项
admin.han140.yizhou.jianwei.yian,admin.han140.yizhou.jianwei,county,汉安,汉安,,140,140,source.hou_han_shu.jun_guo_zhi,high,郡国志卷113县级列项第9项
admin.han140.yizhou.zangke.guqielan,admin.han140.yizhou.zangke,county,故且兰,故且兰,,140,140,source.hou_han_shu.jun_guo_zhi,high,郡国志卷113县级列项第1项；原文首列为郡国治所
admin.han140.yizhou.zangke.pingyi,admin.han140.yizhou.zangke,county,平夷,平夷,,140,140,source.hou_han_shu.jun_guo_zhi,high,郡国志卷113县级列项第2项
admin.han140.yizhou.zangke.bi,admin.han140.yizhou.zangke,county,鄨,鄨,,140,140,source.hou_han_shu.jun_guo_zhi,high,郡国志卷113县级列项第3项
admin.han140.yizhou.zangke.wulian,admin.han140.yizhou.zangke,county,毋敛,毋敛,,140,140,source.hou_han_shu.jun_guo_zhi,high,郡国志卷113县级列项第4项
admin.han140.yizhou.zangke.tanzhi,admin.han140.yizhou.zangke,county,谈指,谈指,,140,140,source.hou_han_shu.jun_guo_zhi,high,郡国志卷113县级列项第5项
admin.han140.yizhou.zangke.yelang,admin.han140.yizhou.zangke,county,夜郎,夜郎,,140,140,source.hou_han_shu.jun_guo_zhi,high,郡国志卷113县级列项第6项
admin.han140.yizhou.zangke.tongbing,admin.han140.yizhou.zangke,county,同并,同并,,140,140,source.hou_han_shu.jun_guo_zhi,high,郡国志卷113县级列项第7项
admin.han140.yizhou.zangke.tangao,admin.han140.yizhou.zangke,county,谈稾,谈稾,,140,140,source.hou_han_shu.jun_guo_zhi,high,郡国志卷113县级列项第8项
admin.han140.yizhou.zangke.loujiang,admin.han140.yizhou.zangke,county,漏江,漏江,,140,140,source.hou_han_shu.jun_guo_zhi,high,郡国志卷113县级列项第9项
admin.han140.yizhou.zangke.wudan,admin.han140.yizhou.zangke,county,毋单,毋单,,140,140,source.hou_han_shu.jun_guo_zhi,high,郡国志卷113县级列项第10项
admin.han140.yizhou.zangke.wanwen,admin.han140.yizhou.zangke,county,宛温,宛温,,140,140,source.hou_han_shu.jun_guo_zhi,high,郡国志卷113县级列项第11项
admin.han140.yizhou.zangke.tanfeng,admin.han140.yizhou.zangke,county,镡封,镡封,,140,140,source.hou_han_shu.jun_guo_zhi,high,郡国志卷113县级列项第12项
admin.han140.yizhou.zangke.louwo,admin.han140.yizhou.zangke,county,漏卧,漏卧,,140,140,source.hou_han_shu.jun_guo_zhi,high,郡国志卷113县级列项第13项
admin.han140.yizhou.zangke.juting,admin.han140.yizhou.zangke,county,句町,句町,,140,140,source.hou_han_shu.jun_guo_zhi,high,郡国志卷113县级列项第14项
admin.han140.yizhou.zangke.jincheng,admin.han140.yizhou.zangke,county,进乘,进乘,,140,140,source.hou_han_shu.jun_guo_zhi,high,郡国志卷113县级列项第15项
admin.han140.yizhou.zangke.xisui,admin.han140.yizhou.zangke,county,西随,西随,,140,140,source.hou_han_shu.jun_guo_zhi,high,郡国志卷113县级列项第16项
admin.han140.yizhou.yuexi.qiongdu,admin.han140.yizhou.yuexi,county,邛都,邛都,,140,140,source.hou_han_shu.jun_guo_zhi,high,郡国志卷113县级列项第1项；原文首列为郡国治所
admin.han140.yizhou.yuexi.suijiu,admin.han140.yizhou.yuexi,county,遂乆,遂乆,,140,140,source.hou_han_shu.jun_guo_zhi,high,郡国志卷113县级列项第2项
admin.han140.yizhou.yuexi.lingguandao,admin.han140.yizhou.yuexi,county,灵关道,灵关道,,140,140,source.hou_han_shu.jun_guo_zhi,high,郡国志卷113县级列项第3项
admin.han140.yizhou.yuexi.taideng,admin.han140.yizhou.yuexi,county,台登,台登,,140,140,source.hou_han_shu.jun_guo_zhi,high,郡国志卷113县级列项第4项
admin.han140.yizhou.yuexi.qingling,admin.han140.yizhou.yuexi,county,青蛉,青蛉,,140,140,source.hou_han_shu.jun_guo_zhi,high,郡国志卷113县级列项第5项
admin.han140.yizhou.yuexi.beishui,admin.han140.yizhou.yuexi,county,卑水,卑水,,140,140,source.hou_han_shu.jun_guo_zhi,high,郡国志卷113县级列项第6项
admin.han140.yizhou.yuexi.sanfeng,admin.han140.yizhou.yuexi,county,三缝,三缝,,140,140,source.hou_han_shu.jun_guo_zhi,high,郡国志卷113县级列项第7项
admin.han140.yizhou.yuexi.huiwu,admin.han140.yizhou.yuexi,county,会无,会无,,140,140,source.hou_han_shu.jun_guo_zhi,high,郡国志卷113县级列项第8项
admin.han140.yizhou.yuexi.dingji,admin.han140.yizhou.yuexi,county,定莋,定莋,,140,140,source.hou_han_shu.jun_guo_zhi,high,郡国志卷113县级列项第9项
admin.han140.yizhou.yuexi.chan,admin.han140.yizhou.yuexi,county,阐,阐,,140,140,source.hou_han_shu.jun_guo_zhi,high,郡国志卷113县级列项第10项
admin.han140.yizhou.yuexi.sushi,admin.han140.yizhou.yuexi,county,苏示,苏示,,140,140,source.hou_han_shu.jun_guo_zhi,high,郡国志卷113县级列项第11项
admin.han140.yizhou.yuexi.daji,admin.han140.yizhou.yuexi,county,大莋,大莋,,140,140,source.hou_han_shu.jun_guo_zhi,high,郡国志卷113县级列项第12项
admin.han140.yizhou.yuexi.jiqin,admin.han140.yizhou.yuexi,county,莋秦,莋秦,,140,140,source.hou_han_shu.jun_guo_zhi,high,郡国志卷113县级列项第13项
admin.han140.yizhou.yuexi.gufu,admin.han140.yizhou.yuexi,county,姑复,姑复,,140,140,source.hou_han_shu.jun_guo_zhi,high,郡国志卷113县级列项第14项
admin.han140.yizhou.yizhou.dianchi,admin.han140.yizhou.yizhou,county,滇池,滇池,,140,140,source.hou_han_shu.jun_guo_zhi,high,郡国志卷113县级列项第1项；原文首列为郡国治所
admin.han140.yizhou.yizhou.shengxiu,admin.han140.yizhou.yizhou,county,胜休,胜休,,140,140,source.hou_han_shu.jun_guo_zhi,high,郡国志卷113县级列项第2项
admin.han140.yizhou.yizhou.yuyuan,admin.han140.yizhou.yizhou,county,俞元,俞元,,140,140,source.hou_han_shu.jun_guo_zhi,high,郡国志卷113县级列项第3项
admin.han140.yizhou.yizhou.lugao,admin.han140.yizhou.yizhou,county,律高,律高,,140,140,source.hou_han_shu.jun_guo_zhi,high,郡国志卷113县级列项第4项
admin.han140.yizhou.yizhou.bigu,admin.han140.yizhou.yizhou,county,贲古,贲古,,140,140,source.hou_han_shu.jun_guo_zhi,high,郡国志卷113县级列项第5项
admin.han140.yizhou.yizhou.wuzhuo,admin.han140.yizhou.yizhou,county,毋棳,毋棳,,140,140,source.hou_han_shu.jun_guo_zhi,high,郡国志卷113县级列项第6项
admin.han140.yizhou.yizhou.jianling,admin.han140.yizhou.yizhou,county,建伶,建伶,,140,140,source.hou_han_shu.jun_guo_zhi,high,郡国志卷113县级列项第7项
admin.han140.yizhou.yizhou.guchang,admin.han140.yizhou.yizhou,county,谷昌,谷昌,,140,140,source.hou_han_shu.jun_guo_zhi,high,郡国志卷113县级列项第8项
admin.han140.yizhou.yizhou.mumi,admin.han140.yizhou.yizhou,county,牧靡,牧靡,,140,140,source.hou_han_shu.jun_guo_zhi,high,郡国志卷113县级列项第9项
admin.han140.yizhou.yizhou.wei,admin.han140.yizhou.yizhou,county,味,味,,140,140,source.hou_han_shu.jun_guo_zhi,high,郡国志卷113县级列项第10项
admin.han140.yizhou.yizhou.kunze,admin.han140.yizhou.yizhou,county,昆泽,昆泽,,140,140,source.hou_han_shu.jun_guo_zhi,high,郡国志卷113县级列项第11项
admin.han140.yizhou.yizhou.tonglai,admin.han140.yizhou.yizhou,county,同濑,同濑,,140,140,source.hou_han_shu.jun_guo_zhi,high,郡国志卷113县级列项第12项
admin.han140.yizhou.yizhou.tonglao,admin.han140.yizhou.yizhou,county,同劳,同劳,,140,140,source.hou_han_shu.jun_guo_zhi,high,郡国志卷113县级列项第13项
admin.han140.yizhou.yizhou.shuangbo,admin.han140.yizhou.yizhou,county,双柏,双柏,,140,140,source.hou_han_shu.jun_guo_zhi,high,郡国志卷113县级列项第14项
admin.han140.yizhou.yizhou.lianran,admin.han140.yizhou.yizhou,county,连然,连然,,140,140,source.hou_han_shu.jun_guo_zhi,high,郡国志卷113县级列项第15项
admin.han140.yizhou.yizhou.longdong,admin.han140.yizhou.yizhou,county,梇栋,梇栋,,140,140,source.hou_han_shu.jun_guo_zhi,high,郡国志卷113县级列项第16项
admin.han140.yizhou.yizhou.qinzang,admin.han140.yizhou.yizhou,county,秦臧,秦臧,,140,140,source.hou_han_shu.jun_guo_zhi,high,郡国志卷113县级列项第17项
admin.han140.yizhou.yongchang.buwei,admin.han140.yizhou.yongchang,county,不韦,不韦,,140,140,source.hou_han_shu.jun_guo_zhi,high,郡国志卷113县级列项第1项；原文首列为郡国治所
admin.han140.yizhou.yongchang.suitang,admin.han140.yizhou.yongchang,county,巂唐,巂唐,,140,140,source.hou_han_shu.jun_guo_zhi,high,郡国志卷113县级列项第2项
admin.han140.yizhou.yongchang.bisu,admin.han140.yizhou.yongchang,county,比苏,比苏,,140,140,source.hou_han_shu.jun_guo_zhi,high,郡国志卷113县级列项第3项
admin.han140.yizhou.yongchang.yeyu,admin.han140.yizhou.yongchang,county,楪榆,楪榆,,140,140,source.hou_han_shu.jun_guo_zhi,high,郡国志卷113县级列项第4项
admin.han140.yizhou.yongchang.xielong,admin.han140.yizhou.yongchang,county,邪龙,邪龙,,140,140,source.hou_han_shu.jun_guo_zhi,high,郡国志卷113县级列项第5项
admin.han140.yizhou.yongchang.yunnan,admin.han140.yizhou.yongchang,county,云南,云南,,140,140,source.hou_han_shu.jun_guo_zhi,high,郡国志卷113县级列项第6项
admin.han140.yizhou.yongchang.ailao,admin.han140.yizhou.yongchang,county,哀牢,哀牢,,140,140,source.hou_han_shu.jun_guo_zhi,high,郡国志卷113县级列项第7项
admin.han140.yizhou.yongchang.bonan,admin.han140.yizhou.yongchang,county,博南,博南,,140,140,source.hou_han_shu.jun_guo_zhi,high,郡国志卷113县级列项第8项
admin.han140.yizhou.guanghanshuguo.yinpingdao,admin.han140.yizhou.guanghanshuguo,county,阴平道,阴平道,,140,140,source.hou_han_shu.jun_guo_zhi,high,郡国志卷113县级列项第1项；原文首列为郡国治所
admin.han140.yizhou.guanghanshuguo.diandidao,admin.han140.yizhou.guanghanshuguo,county,甸氐道,甸氐道,,140,140,source.hou_han_shu.jun_guo_zhi,high,郡国志卷113县级列项第2项
admin.han140.yizhou.guanghanshuguo.gangdidao,admin.han140.yizhou.guanghanshuguo,county,刚氐道,刚氐道,,140,140,source.hou_han_shu.jun_guo_zhi,high,郡国志卷113县级列项第3项
admin.han140.yizhou.shushuguo.yijia,admin.han140.yizhou.shushuguo,county,汉嘉,汉嘉,,140,140,source.hou_han_shu.jun_guo_zhi,high,郡国志卷113县级列项第1项；原文首列为郡国治所
admin.han140.yizhou.shushuguo.yandao,admin.han140.yizhou.shushuguo,county,严道,严道,,140,140,source.hou_han_shu.jun_guo_zhi,high,郡国志卷113县级列项第2项
admin.han140.yizhou.shushuguo.xi,admin.han140.yizhou.shushuguo,county,徙,徙,,140,140,source.hou_han_shu.jun_guo_zhi,high,郡国志卷113县级列项第3项
admin.han140.yizhou.shushuguo.maoniu,admin.han140.yizhou.shushuguo,county,旄牛,旄牛,,140,140,source.hou_han_shu.jun_guo_zhi,high,郡国志卷113县级列项第4项
admin.han140.yizhou.jianweishuguo.zhuti,admin.han140.yizhou.jianweishuguo,county,朱提,朱提,,140,140,source.hou_han_shu.jun_guo_zhi,high,郡国志卷113县级列项第1项；原文首列为郡国治所
admin.han140.yizhou.jianweishuguo.yiyang,admin.han140.yizhou.jianweishuguo,county,汉阳,汉阳,,140,140,source.hou_han_shu.jun_guo_zhi,high,郡国志卷113县级列项第2项
admin.han140.liangzhou.longxi.didao,admin.han140.liangzhou.longxi,county,狄道,狄道,,140,140,source.hou_han_shu.jun_guo_zhi,high,郡国志卷113县级列项第1项；原文首列为郡国治所
admin.han140.liangzhou.longxi.an,admin.han140.liangzhou.longxi,county,安,安,,140,140,source.hou_han_shu.jun_guo_zhi,high,郡国志卷113县级列项第2项
admin.han140.liangzhou.longxi.didao.u6c109053,admin.han140.liangzhou.longxi,county,氐道,氐道,,140,140,source.hou_han_shu.jun_guo_zhi,high,郡国志卷113县级列项第3项
admin.han140.liangzhou.longxi.shouyang,admin.han140.liangzhou.longxi,county,首阳,首阳,,140,140,source.hou_han_shu.jun_guo_zhi,high,郡国志卷113县级列项第4项
admin.han140.liangzhou.longxi.daxia,admin.han140.liangzhou.longxi,county,大夏,大夏,,140,140,source.hou_han_shu.jun_guo_zhi,high,郡国志卷113县级列项第5项
admin.han140.liangzhou.longxi.xiangwu,admin.han140.liangzhou.longxi,county,襄武,襄武,,140,140,source.hou_han_shu.jun_guo_zhi,high,郡国志卷113县级列项第6项
admin.han140.liangzhou.longxi.lintao,admin.han140.liangzhou.longxi,county,临洮,临洮,,140,140,source.hou_han_shu.jun_guo_zhi,high,郡国志卷113县级列项第7项
admin.han140.liangzhou.longxi.fuhan,admin.han140.liangzhou.longxi,county,枹罕,枹罕,,140,140,source.hou_han_shu.jun_guo_zhi,high,郡国志卷113县级列项第8项
admin.han140.liangzhou.longxi.baishi,admin.han140.liangzhou.longxi,county,白石,白石,,140,140,source.hou_han_shu.jun_guo_zhi,high,郡国志卷113县级列项第9项
admin.han140.liangzhou.longxi.zhang,admin.han140.liangzhou.longxi,county,鄣,鄣,,140,140,source.hou_han_shu.jun_guo_zhi,high,郡国志卷113县级列项第10项
admin.han140.liangzhou.longxi.heguan,admin.han140.liangzhou.longxi,county,河关,河关,,140,140,source.hou_han_shu.jun_guo_zhi,high,郡国志卷113县级列项第11项
admin.han140.liangzhou.hanyang.ji,admin.han140.liangzhou.hanyang,county,冀,冀,,140,140,source.hou_han_shu.jun_guo_zhi,high,郡国志卷113县级列项第1项；原文首列为郡国治所
admin.han140.liangzhou.hanyang.wangheng,admin.han140.liangzhou.hanyang,county,望恒,望恒,,140,140,source.hou_han_shu.jun_guo_zhi,high,郡国志卷113县级列项第2项
admin.han140.liangzhou.hanyang.ayang,admin.han140.liangzhou.hanyang,county,阿阳,阿阳,,140,140,source.hou_han_shu.jun_guo_zhi,high,郡国志卷113县级列项第3项
admin.han140.liangzhou.hanyang.lueyang,admin.han140.liangzhou.hanyang,county,略阳,略阳,,140,140,source.hou_han_shu.jun_guo_zhi,high,郡国志卷113县级列项第4项
admin.han140.liangzhou.hanyang.yongshi,admin.han140.liangzhou.hanyang,county,勇士,勇士,,140,140,source.hou_han_shu.jun_guo_zhi,high,郡国志卷113县级列项第5项
admin.han140.liangzhou.hanyang.chengji,admin.han140.liangzhou.hanyang,county,成纪,成纪,,140,140,source.hou_han_shu.jun_guo_zhi,high,郡国志卷113县级列项第6项
admin.han140.liangzhou.hanyang.long,admin.han140.liangzhou.hanyang,county,陇,陇,,140,140,source.hou_han_shu.jun_guo_zhi,high,郡国志卷113县级列项第7项
admin.han140.liangzhou.hanyang.huandao,admin.han140.liangzhou.hanyang,county,豲道,豲道,,140,140,source.hou_han_shu.jun_guo_zhi,high,郡国志卷113县级列项第8项
admin.han140.liangzhou.hanyang.langan,admin.han140.liangzhou.hanyang,county,兰干,兰干,,140,140,source.hou_han_shu.jun_guo_zhi,high,郡国志卷113县级列项第9项
admin.han140.liangzhou.hanyang.pingxiang,admin.han140.liangzhou.hanyang,county,平襄,平襄,,140,140,source.hou_han_shu.jun_guo_zhi,high,郡国志卷113县级列项第10项
admin.han140.liangzhou.hanyang.xianqin,admin.han140.liangzhou.hanyang,county,显亲,显亲,,140,140,source.hou_han_shu.jun_guo_zhi,high,郡国志卷113县级列项第11项
admin.han140.liangzhou.hanyang.shanggui,admin.han140.liangzhou.hanyang,county,上邽,上邽,,140,140,source.hou_han_shu.jun_guo_zhi,high,郡国志卷113县级列项第12项
admin.han140.liangzhou.hanyang.xi,admin.han140.liangzhou.hanyang,county,西,西,,140,140,source.hou_han_shu.jun_guo_zhi,high,郡国志卷113县级列项第13项
admin.han140.liangzhou.wudu.xiabian,admin.han140.liangzhou.wudu,county,下辨,下辨,,140,140,source.hou_han_shu.jun_guo_zhi,high,郡国志卷113县级列项第1项；原文首列为郡国治所
admin.han140.liangzhou.wudu.wududao,admin.han140.liangzhou.wudu,county,武都道,武都道,,140,140,source.hou_han_shu.jun_guo_zhi,high,郡国志卷113县级列项第2项
admin.han140.liangzhou.wudu.shanglu,admin.han140.liangzhou.wudu,county,上禄,上禄,,140,140,source.hou_han_shu.jun_guo_zhi,high,郡国志卷113县级列项第3项
admin.han140.liangzhou.wudu.gudao,admin.han140.liangzhou.wudu,county,故道,故道,,140,140,source.hou_han_shu.jun_guo_zhi,high,郡国志卷113县级列项第4项
admin.han140.liangzhou.wudu.hechi,admin.han140.liangzhou.wudu,county,河池,河池,,140,140,source.hou_han_shu.jun_guo_zhi,high,郡国志卷113县级列项第5项
admin.han140.liangzhou.wudu.ju,admin.han140.liangzhou.wudu,county,沮,沮,,140,140,source.hou_han_shu.jun_guo_zhi,high,郡国志卷113县级列项第6项
admin.han140.liangzhou.wudu.qiangdao,admin.han140.liangzhou.wudu,county,羌道,羌道,,140,140,source.hou_han_shu.jun_guo_zhi,high,郡国志卷113县级列项第7项
admin.han140.liangzhou.jincheng.yunwu,admin.han140.liangzhou.jincheng,county,允吾,允吾,,140,140,source.hou_han_shu.jun_guo_zhi,high,郡国志卷113县级列项第1项；原文首列为郡国治所
admin.han140.liangzhou.jincheng.haowei,admin.han140.liangzhou.jincheng,county,浩亹,浩亹,,140,140,source.hou_han_shu.jun_guo_zhi,high,郡国志卷113县级列项第2项
admin.han140.liangzhou.jincheng.lingju,admin.han140.liangzhou.jincheng,county,令居,令居,,140,140,source.hou_han_shu.jun_guo_zhi,high,郡国志卷113县级列项第3项
admin.han140.liangzhou.jincheng.zhiyang,admin.han140.liangzhou.jincheng,county,枝阳,枝阳,,140,140,source.hou_han_shu.jun_guo_zhi,high,郡国志卷113县级列项第4项
admin.han140.liangzhou.jincheng.jincheng,admin.han140.liangzhou.jincheng,county,金城,金城,,140,140,source.hou_han_shu.jun_guo_zhi,high,郡国志卷113县级列项第5项
admin.han140.liangzhou.jincheng.yuzhong,admin.han140.liangzhou.jincheng,county,榆中,榆中,,140,140,source.hou_han_shu.jun_guo_zhi,high,郡国志卷113县级列项第6项
admin.han140.liangzhou.jincheng.linqiang,admin.han140.liangzhou.jincheng,county,临羌,临羌,,140,140,source.hou_han_shu.jun_guo_zhi,high,郡国志卷113县级列项第7项
admin.han140.liangzhou.jincheng.poqiang,admin.han140.liangzhou.jincheng,county,破羌,破羌,,140,140,source.hou_han_shu.jun_guo_zhi,high,郡国志卷113县级列项第8项
admin.han140.liangzhou.jincheng.anyi,admin.han140.liangzhou.jincheng,county,安夷,安夷,,140,140,source.hou_han_shu.jun_guo_zhi,high,郡国志卷113县级列项第9项
admin.han140.liangzhou.jincheng.yunjie,admin.han140.liangzhou.jincheng,county,允街,允街,,140,140,source.hou_han_shu.jun_guo_zhi,high,郡国志卷113县级列项第10项
admin.han140.liangzhou.anding.linjing,admin.han140.liangzhou.anding,county,临泾,临泾,,140,140,source.hou_han_shu.jun_guo_zhi,high,郡国志卷113县级列项第1项；原文首列为郡国治所
admin.han140.liangzhou.anding.gaoping,admin.han140.liangzhou.anding,county,高平,高平,,140,140,source.hou_han_shu.jun_guo_zhi,high,郡国志卷113县级列项第2项
admin.han140.liangzhou.anding.zhaona,admin.han140.liangzhou.anding,county,朝那,朝那,,140,140,source.hou_han_shu.jun_guo_zhi,high,郡国志卷113县级列项第3项
admin.han140.liangzhou.anding.wuzhi,admin.han140.liangzhou.anding,county,乌枝,乌枝,,140,140,source.hou_han_shu.jun_guo_zhi,high,郡国志卷113县级列项第4项
admin.han140.liangzhou.anding.sanshui,admin.han140.liangzhou.anding,county,三水,三水,,140,140,source.hou_han_shu.jun_guo_zhi,high,郡国志卷113县级列项第5项
admin.han140.liangzhou.anding.yinpan,admin.han140.liangzhou.anding,county,阴盘,阴盘,,140,140,source.hou_han_shu.jun_guo_zhi,high,郡国志卷113县级列项第6项
admin.han140.liangzhou.anding.pengyang,admin.han140.liangzhou.anding,county,彭阳,彭阳,,140,140,source.hou_han_shu.jun_guo_zhi,high,郡国志卷113县级列项第7项
admin.han140.liangzhou.anding.chungu,admin.han140.liangzhou.anding,county,鹑觚,鹑觚,,140,140,source.hou_han_shu.jun_guo_zhi,high,郡国志卷113县级列项第8项
admin.han140.liangzhou.beidi.fuping,admin.han140.liangzhou.beidi,county,富平,富平,,140,140,source.hou_han_shu.jun_guo_zhi,high,郡国志卷113县级列项第1项；原文首列为郡国治所
admin.han140.liangzhou.beidi.niyang,admin.han140.liangzhou.beidi,county,泥阳,泥阳,,140,140,source.hou_han_shu.jun_guo_zhi,high,郡国志卷113县级列项第2项
admin.han140.liangzhou.beidi.yiju,admin.han140.liangzhou.beidi,county,弋居,弋居,,140,140,source.hou_han_shu.jun_guo_zhi,high,郡国志卷113县级列项第3项
admin.han140.liangzhou.beidi.lian,admin.han140.liangzhou.beidi,county,廉,廉,,140,140,source.hou_han_shu.jun_guo_zhi,high,郡国志卷113县级列项第4项
admin.han140.liangzhou.beidi.can,admin.han140.liangzhou.beidi,county,参䜌,参䜌,,140,140,source.hou_han_shu.jun_guo_zhi,high,郡国志卷113县级列项第5项
admin.han140.liangzhou.beidi.lingzhou,admin.han140.liangzhou.beidi,county,灵州,灵州,,140,140,source.hou_han_shu.jun_guo_zhi,high,郡国志卷113县级列项第6项
admin.han140.liangzhou.wuwei.guzang,admin.han140.liangzhou.wuwei,county,姑臧,姑臧,,140,140,source.hou_han_shu.jun_guo_zhi,high,郡国志卷113县级列项第1项；原文首列为郡国治所
admin.han140.liangzhou.wuwei.zhangyi,admin.han140.liangzhou.wuwei,county,张掖,张掖,,140,140,source.hou_han_shu.jun_guo_zhi,high,郡国志卷113县级列项第2项
admin.han140.liangzhou.wuwei.wuwei,admin.han140.liangzhou.wuwei,county,武威,武威,,140,140,source.hou_han_shu.jun_guo_zhi,high,郡国志卷113县级列项第3项
admin.han140.liangzhou.wuwei.xiutu,admin.han140.liangzhou.wuwei,county,休屠,休屠,,140,140,source.hou_han_shu.jun_guo_zhi,high,郡国志卷113县级列项第4项
admin.han140.liangzhou.wuwei.xuci,admin.han140.liangzhou.wuwei,county,揟次,揟次,,140,140,source.hou_han_shu.jun_guo_zhi,high,郡国志卷113县级列项第5项
admin.han140.liangzhou.wuwei.luanniao,admin.han140.liangzhou.wuwei,county,鸾鸟,鸾鸟,,140,140,source.hou_han_shu.jun_guo_zhi,high,郡国志卷113县级列项第6项
admin.han140.liangzhou.wuwei.po,admin.han140.liangzhou.wuwei,county,朴𠟼,朴𠟼,,140,140,source.hou_han_shu.jun_guo_zhi,high,郡国志卷113县级列项第7项
admin.han140.liangzhou.wuwei.aowei,admin.han140.liangzhou.wuwei,county,媪围,媪围,,140,140,source.hou_han_shu.jun_guo_zhi,high,郡国志卷113县级列项第8项
admin.han140.liangzhou.wuwei.xuanwei,admin.han140.liangzhou.wuwei,county,宣威,宣威,,140,140,source.hou_han_shu.jun_guo_zhi,high,郡国志卷113县级列项第9项
admin.han140.liangzhou.wuwei.cangsong,admin.han140.liangzhou.wuwei,county,仓松,仓松,,140,140,source.hou_han_shu.jun_guo_zhi,high,郡国志卷113县级列项第10项
admin.han140.liangzhou.wuwei.zhanyin,admin.han140.liangzhou.wuwei,county,鸇阴,鸇阴,,140,140,source.hou_han_shu.jun_guo_zhi,high,郡国志卷113县级列项第11项
admin.han140.liangzhou.wuwei.zuli,admin.han140.liangzhou.wuwei,county,租厉,租厉,,140,140,source.hou_han_shu.jun_guo_zhi,high,郡国志卷113县级列项第12项
admin.han140.liangzhou.wuwei.xianmei,admin.han140.liangzhou.wuwei,county,显美,显美,,140,140,source.hou_han_shu.jun_guo_zhi,high,郡国志卷113县级列项第13项
admin.han140.liangzhou.wuwei.zuoqi,admin.han140.liangzhou.wuwei,county,左骑,左骑,,140,140,source.hou_han_shu.jun_guo_zhi,high,郡国志卷113县级列项第14项
admin.han140.liangzhou.zhangye.lude,admin.han140.liangzhou.zhangye,county,觻得,觻得,,140,140,source.hou_han_shu.jun_guo_zhi,high,郡国志卷113县级列项第1项；原文首列为郡国治所
admin.han140.liangzhou.zhangye.zhaowu,admin.han140.liangzhou.zhangye,county,昭武,昭武,,140,140,source.hou_han_shu.jun_guo_zhi,high,郡国志卷113县级列项第2项
admin.han140.liangzhou.zhangye.shandan,admin.han140.liangzhou.zhangye,county,删丹,删丹,,140,140,source.hou_han_shu.jun_guo_zhi,high,郡国志卷113县级列项第3项
admin.han140.liangzhou.zhangye.dichi,admin.han140.liangzhou.zhangye,county,氐池,氐池,,140,140,source.hou_han_shu.jun_guo_zhi,high,郡国志卷113县级列项第4项
admin.han140.liangzhou.zhangye.wulan,admin.han140.liangzhou.zhangye,county,屋兰,屋兰,,140,140,source.hou_han_shu.jun_guo_zhi,high,郡国志卷113县级列项第5项
admin.han140.liangzhou.zhangye.rile,admin.han140.liangzhou.zhangye,county,日勒,日勒,,140,140,source.hou_han_shu.jun_guo_zhi,high,郡国志卷113县级列项第6项
admin.han140.liangzhou.zhangye.lijian,admin.han140.liangzhou.zhangye,county,骊靬,骊靬,,140,140,source.hou_han_shu.jun_guo_zhi,high,郡国志卷113县级列项第7项
admin.han140.liangzhou.zhangye.fanhe,admin.han140.liangzhou.zhangye,county,番和,番和,,140,140,source.hou_han_shu.jun_guo_zhi,high,郡国志卷113县级列项第8项
admin.han140.liangzhou.jiuquan.fulu,admin.han140.liangzhou.jiuquan,county,福禄,福禄,,140,140,source.hou_han_shu.jun_guo_zhi,high,郡国志卷113县级列项第1项；原文首列为郡国治所
admin.han140.liangzhou.jiuquan.biaoshi,admin.han140.liangzhou.jiuquan,county,表氏,表氏,,140,140,source.hou_han_shu.jun_guo_zhi,high,郡国志卷113县级列项第2项
admin.han140.liangzhou.jiuquan.leguan,admin.han140.liangzhou.jiuquan,county,乐涫,乐涫,,140,140,source.hou_han_shu.jun_guo_zhi,high,郡国志卷113县级列项第3项
admin.han140.liangzhou.jiuquan.yumen,admin.han140.liangzhou.jiuquan,county,玉门,玉门,,140,140,source.hou_han_shu.jun_guo_zhi,high,郡国志卷113县级列项第4项
admin.han140.liangzhou.jiuquan.huishui,admin.han140.liangzhou.jiuquan,county,会水,会水,,140,140,source.hou_han_shu.jun_guo_zhi,high,郡国志卷113县级列项第5项
admin.han140.liangzhou.jiuquan.shatou,admin.han140.liangzhou.jiuquan,county,沙头,沙头,,140,140,source.hou_han_shu.jun_guo_zhi,high,郡国志卷113县级列项第6项
admin.han140.liangzhou.jiuquan.anmi,admin.han140.liangzhou.jiuquan,county,安弥,安弥,,140,140,source.hou_han_shu.jun_guo_zhi,high,郡国志卷113县级列项第7项
admin.han140.liangzhou.jiuquan.ganqi,admin.han140.liangzhou.jiuquan,county,乾齐,乾齐,,140,140,source.hou_han_shu.jun_guo_zhi,high,郡国志卷113县级列项第8项
admin.han140.liangzhou.jiuquan.yanshou,admin.han140.liangzhou.jiuquan,county,延寿,延寿,,140,140,source.hou_han_shu.jun_guo_zhi,high,郡国志卷113县级列项第9项
admin.han140.liangzhou.dunhuang.dunhuang,admin.han140.liangzhou.dunhuang,county,敦煌,敦煌,,140,140,source.hou_han_shu.jun_guo_zhi,high,郡国志卷113县级列项第1项；原文首列为郡国治所
admin.han140.liangzhou.dunhuang.mingan,admin.han140.liangzhou.dunhuang,county,冥安,冥安,,140,140,source.hou_han_shu.jun_guo_zhi,high,郡国志卷113县级列项第2项
admin.han140.liangzhou.dunhuang.xiaogu,admin.han140.liangzhou.dunhuang,county,效谷,效谷,,140,140,source.hou_han_shu.jun_guo_zhi,high,郡国志卷113县级列项第3项
admin.han140.liangzhou.dunhuang.pinquan,admin.han140.liangzhou.dunhuang,county,拼泉,拼泉,,140,140,source.hou_han_shu.jun_guo_zhi,high,郡国志卷113县级列项第4项
admin.han140.liangzhou.dunhuang.yanzhi,admin.han140.liangzhou.dunhuang,county,广至,广至,,140,140,source.hou_han_shu.jun_guo_zhi,high,郡国志卷113县级列项第5项
admin.han140.liangzhou.dunhuang.longle,admin.han140.liangzhou.dunhuang,county,龙勒,龙勒,,140,140,source.hou_han_shu.jun_guo_zhi,high,郡国志卷113县级列项第6项
admin.han140.liangzhou.zhangyeshuguo.houguan,admin.han140.liangzhou.zhangyeshuguo,county,候官,候官,,140,140,source.hou_han_shu.jun_guo_zhi,high,郡国志卷113县级列项第1项；原文首列为郡国治所
admin.han140.liangzhou.zhangyeshuguo.zuoqi,admin.han140.liangzhou.zhangyeshuguo,county,左骑,左骑,,140,140,source.hou_han_shu.jun_guo_zhi,high,郡国志卷113县级列项第2项
admin.han140.liangzhou.zhangyeshuguo.qianren,admin.han140.liangzhou.zhangyeshuguo,county,千人,千人,,140,140,source.hou_han_shu.jun_guo_zhi,high,郡国志卷113县级列项第3项
admin.han140.liangzhou.zhangyeshuguo.simaguan,admin.han140.liangzhou.zhangyeshuguo,county,司马官,司马官,,140,140,source.hou_han_shu.jun_guo_zhi,high,郡国志卷113县级列项第4项
admin.han140.liangzhou.zhangyeshuguo.qianrenguan,admin.han140.liangzhou.zhangyeshuguo,county,千人官,千人官,,140,140,source.hou_han_shu.jun_guo_zhi,high,郡国志卷113县级列项第5项
admin.han140.liangzhou.zhangyejuyanshuguo.juyan,admin.han140.liangzhou.zhangyejuyanshuguo,county,居延,居延,,140,140,source.hou_han_shu.jun_guo_zhi,high,郡国志卷113县级列项第1项；原文首列为郡国治所
admin.han140.bingzhou.shangdang.changzi,admin.han140.bingzhou.shangdang,county,长子,长子,,140,140,source.hou_han_shu.jun_guo_zhi,high,郡国志卷113县级列项第1项；原文首列为郡国治所
admin.han140.bingzhou.shangdang.tunliu,admin.han140.bingzhou.shangdang,county,屯留,屯留,,140,140,source.hou_han_shu.jun_guo_zhi,high,郡国志卷113县级列项第2项
admin.han140.bingzhou.shangdang.tongdi,admin.han140.bingzhou.shangdang,county,铜鞮,铜鞮,,140,140,source.hou_han_shu.jun_guo_zhi,high,郡国志卷113县级列项第3项
admin.han140.bingzhou.shangdang.zhan,admin.han140.bingzhou.shangdang,county,沾,沾,,140,140,source.hou_han_shu.jun_guo_zhi,high,郡国志卷113县级列项第4项
admin.han140.bingzhou.shangdang.nie,admin.han140.bingzhou.shangdang,county,涅,涅,,140,140,source.hou_han_shu.jun_guo_zhi,high,郡国志卷113县级列项第5项
admin.han140.bingzhou.shangdang.xiangyuan,admin.han140.bingzhou.shangdang,county,襄垣,襄垣,,140,140,source.hou_han_shu.jun_guo_zhi,high,郡国志卷113县级列项第6项
admin.han140.bingzhou.shangdang.huguan,admin.han140.bingzhou.shangdang,county,壶关,壶关,,140,140,source.hou_han_shu.jun_guo_zhi,high,郡国志卷113县级列项第7项
admin.han140.bingzhou.shangdang.xuanshi,admin.han140.bingzhou.shangdang,county,泫氏,泫氏,,140,140,source.hou_han_shu.jun_guo_zhi,high,郡国志卷113县级列项第8项
admin.han140.bingzhou.shangdang.gaodu,admin.han140.bingzhou.shangdang,county,高都,高都,,140,140,source.hou_han_shu.jun_guo_zhi,high,郡国志卷113县级列项第9项
admin.han140.bingzhou.shangdang.lu,admin.han140.bingzhou.shangdang,county,潞,潞,,140,140,source.hou_han_shu.jun_guo_zhi,high,郡国志卷113县级列项第10项
admin.han140.bingzhou.shangdang.yishi,admin.han140.bingzhou.shangdang,county,猗氏,猗氏,,140,140,source.hou_han_shu.jun_guo_zhi,high,郡国志卷113县级列项第11项
admin.han140.bingzhou.shangdang.yanga,admin.han140.bingzhou.shangdang,county,阳阿,阳阿,,140,140,source.hou_han_shu.jun_guo_zhi,high,郡国志卷113县级列项第12项
admin.han140.bingzhou.shangdang.guyuan,admin.han140.bingzhou.shangdang,county,谷远,谷远,,140,140,source.hou_han_shu.jun_guo_zhi,high,郡国志卷113县级列项第13项
admin.han140.bingzhou.taiyuan.jinyang,admin.han140.bingzhou.taiyuan,county,晋阳,晋阳,,140,140,source.hou_han_shu.jun_guo_zhi,high,郡国志卷113县级列项第1项；原文首列为郡国治所
admin.han140.bingzhou.taiyuan.jiexiu,admin.han140.bingzhou.taiyuan,county,界休,界休,,140,140,source.hou_han_shu.jun_guo_zhi,high,郡国志卷113县级列项第2项
admin.han140.bingzhou.taiyuan.yuci,admin.han140.bingzhou.taiyuan,county,榆次,榆次,,140,140,source.hou_han_shu.jun_guo_zhi,high,郡国志卷113县级列项第3项
admin.han140.bingzhou.taiyuan.zhongdu,admin.han140.bingzhou.taiyuan,county,中都,中都,,140,140,source.hou_han_shu.jun_guo_zhi,high,郡国志卷113县级列项第4项
admin.han140.bingzhou.taiyuan.yuchi,admin.han140.bingzhou.taiyuan,county,于离,于离,,140,140,source.hou_han_shu.jun_guo_zhi,high,郡国志卷113县级列项第5项
admin.han140.bingzhou.taiyuan.zishi,admin.han140.bingzhou.taiyuan,county,兹氏,兹氏,,140,140,source.hou_han_shu.jun_guo_zhi,high,郡国志卷113县级列项第6项
admin.han140.bingzhou.taiyuan.langmeng,admin.han140.bingzhou.taiyuan,county,狼孟,狼孟,,140,140,source.hou_han_shu.jun_guo_zhi,high,郡国志卷113县级列项第7项
admin.han140.bingzhou.taiyuan.wu,admin.han140.bingzhou.taiyuan,county,邬,邬,,140,140,source.hou_han_shu.jun_guo_zhi,high,郡国志卷113县级列项第8项
admin.han140.bingzhou.taiyuan.yu,admin.han140.bingzhou.taiyuan,county,盂,盂,,140,140,source.hou_han_shu.jun_guo_zhi,high,郡国志卷113县级列项第9项
admin.han140.bingzhou.taiyuan.pingtao,admin.han140.bingzhou.taiyuan,county,平陶,平陶,,140,140,source.hou_han_shu.jun_guo_zhi,high,郡国志卷113县级列项第10项
admin.han140.bingzhou.taiyuan.jingling,admin.han140.bingzhou.taiyuan,county,京陵,京陵,,140,140,source.hou_han_shu.jun_guo_zhi,high,郡国志卷113县级列项第11项
admin.han140.bingzhou.taiyuan.yangqu,admin.han140.bingzhou.taiyuan,county,阳曲,阳曲,,140,140,source.hou_han_shu.jun_guo_zhi,high,郡国志卷113县级列项第12项
admin.han140.bingzhou.taiyuan.daling,admin.han140.bingzhou.taiyuan,county,大陵,大陵,,140,140,source.hou_han_shu.jun_guo_zhi,high,郡国志卷113县级列项第13项
admin.han140.bingzhou.taiyuan.qi,admin.han140.bingzhou.taiyuan,county,祁,祁,,140,140,source.hou_han_shu.jun_guo_zhi,high,郡国志卷113县级列项第14项
admin.han140.bingzhou.taiyuan.lusi,admin.han140.bingzhou.taiyuan,county,虑虒,虑虒,,140,140,source.hou_han_shu.jun_guo_zhi,high,郡国志卷113县级列项第15项
admin.han140.bingzhou.taiyuan.yangyi,admin.han140.bingzhou.taiyuan,county,阳邑,阳邑,,140,140,source.hou_han_shu.jun_guo_zhi,high,郡国志卷113县级列项第16项
admin.han140.bingzhou.shang.fushi,admin.han140.bingzhou.shang,county,肤施,肤施,,140,140,source.hou_han_shu.jun_guo_zhi,high,郡国志卷113县级列项第1项；原文首列为郡国治所
admin.han140.bingzhou.shang.baitu,admin.han140.bingzhou.shang,county,白土,白土,,140,140,source.hou_han_shu.jun_guo_zhi,high,郡国志卷113县级列项第2项
admin.han140.bingzhou.shang.qiyuan,admin.han140.bingzhou.shang,county,漆垣,漆垣,,140,140,source.hou_han_shu.jun_guo_zhi,high,郡国志卷113县级列项第3项
admin.han140.bingzhou.shang.sheyan,admin.han140.bingzhou.shang,county,奢延,奢延,,140,140,source.hou_han_shu.jun_guo_zhi,high,郡国志卷113县级列项第4项
admin.han140.bingzhou.shang.diaoyin,admin.han140.bingzhou.shang,county,雕阴,雕阴,,140,140,source.hou_han_shu.jun_guo_zhi,high,郡国志卷113县级列项第5项
admin.han140.bingzhou.shang.zhenlin,admin.han140.bingzhou.shang,county,桢林,桢林,,140,140,source.hou_han_shu.jun_guo_zhi,high,郡国志卷113县级列项第6项
admin.han140.bingzhou.shang.dingyang,admin.han140.bingzhou.shang,county,定阳,定阳,,140,140,source.hou_han_shu.jun_guo_zhi,high,郡国志卷113县级列项第7项
admin.han140.bingzhou.shang.gaonu,admin.han140.bingzhou.shang,county,高奴,高奴,,140,140,source.hou_han_shu.jun_guo_zhi,high,郡国志卷113县级列项第8项
admin.han140.bingzhou.shang.guizi,admin.han140.bingzhou.shang,county,龟兹,龟兹,,140,140,source.hou_han_shu.jun_guo_zhi,high,郡国志卷113县级列项第9项
admin.han140.bingzhou.shang.houguan,admin.han140.bingzhou.shang,county,候官,候官,,140,140,source.hou_han_shu.jun_guo_zhi,high,郡国志卷113县级列项第10项
admin.han140.bingzhou.xihe.chishi,admin.han140.bingzhou.xihe,county,离石,离石,,140,140,source.hou_han_shu.jun_guo_zhi,high,郡国志卷113县级列项第1项；原文首列为郡国治所
admin.han140.bingzhou.xihe.pingding,admin.han140.bingzhou.xihe,county,平定,平定,,140,140,source.hou_han_shu.jun_guo_zhi,high,郡国志卷113县级列项第2项
admin.han140.bingzhou.xihe.meiji,admin.han140.bingzhou.xihe,county,美稷,美稷,,140,140,source.hou_han_shu.jun_guo_zhi,high,郡国志卷113县级列项第3项
admin.han140.bingzhou.xihe.lejie,admin.han140.bingzhou.xihe,county,乐街,乐街,,140,140,source.hou_han_shu.jun_guo_zhi,high,郡国志卷113县级列项第4项
admin.han140.bingzhou.xihe.zhongyang,admin.han140.bingzhou.xihe,county,中阳,中阳,,140,140,source.hou_han_shu.jun_guo_zhi,high,郡国志卷113县级列项第5项
admin.han140.bingzhou.xihe.gaolang,admin.han140.bingzhou.xihe,county,皐狼,皐狼,,140,140,source.hou_han_shu.jun_guo_zhi,high,郡国志卷113县级列项第6项
admin.han140.bingzhou.xihe.pingzhou,admin.han140.bingzhou.xihe,county,平周,平周,,140,140,source.hou_han_shu.jun_guo_zhi,high,郡国志卷113县级列项第7项
admin.han140.bingzhou.xihe.pinglu,admin.han140.bingzhou.xihe,county,平陆,平陆,,140,140,source.hou_han_shu.jun_guo_zhi,high,郡国志卷113县级列项第8项
admin.han140.bingzhou.xihe.yilan,admin.han140.bingzhou.xihe,county,益兰,益兰,,140,140,source.hou_han_shu.jun_guo_zhi,high,郡国志卷113县级列项第9项
admin.han140.bingzhou.xihe.yuanyin,admin.han140.bingzhou.xihe,county,圜阴,圜阴,,140,140,source.hou_han_shu.jun_guo_zhi,high,郡国志卷113县级列项第10项
admin.han140.bingzhou.xihe.lin,admin.han140.bingzhou.xihe,county,蔺,蔺,,140,140,source.hou_han_shu.jun_guo_zhi,high,郡国志卷113县级列项第11项
admin.han140.bingzhou.xihe.yuanyang,admin.han140.bingzhou.xihe,county,圜阳,圜阳,,140,140,source.hou_han_shu.jun_guo_zhi,high,郡国志卷113县级列项第12项
admin.han140.bingzhou.xihe.yanyan,admin.han140.bingzhou.xihe,county,广衍,广衍,,140,140,source.hou_han_shu.jun_guo_zhi,high,郡国志卷113县级列项第13项
admin.han140.bingzhou.wuyuan.jiuyuan,admin.han140.bingzhou.wuyuan,county,九原,九原,,140,140,source.hou_han_shu.jun_guo_zhi,high,郡国志卷113县级列项第1项；原文首列为郡国治所
admin.han140.bingzhou.wuyuan.wuyuan,admin.han140.bingzhou.wuyuan,county,五原,五原,,140,140,source.hou_han_shu.jun_guo_zhi,high,郡国志卷113县级列项第2项
admin.han140.bingzhou.wuyuan.linwo,admin.han140.bingzhou.wuyuan,county,临沃,临沃,,140,140,source.hou_han_shu.jun_guo_zhi,high,郡国志卷113县级列项第3项
admin.han140.bingzhou.wuyuan.wenguo,admin.han140.bingzhou.wuyuan,county,文国,文国,,140,140,source.hou_han_shu.jun_guo_zhi,high,郡国志卷113县级列项第4项
admin.han140.bingzhou.wuyuan.heyin,admin.han140.bingzhou.wuyuan,county,河阴,河阴,,140,140,source.hou_han_shu.jun_guo_zhi,high,郡国志卷113县级列项第5项
admin.han140.bingzhou.wuyuan.wudu,admin.han140.bingzhou.wuyuan,county,武都,武都,,140,140,source.hou_han_shu.jun_guo_zhi,high,郡国志卷113县级列项第6项
admin.han140.bingzhou.wuyuan.yiliang,admin.han140.bingzhou.wuyuan,county,宜梁,宜梁,,140,140,source.hou_han_shu.jun_guo_zhi,high,郡国志卷113县级列项第7项
admin.han140.bingzhou.wuyuan.manbo,admin.han140.bingzhou.wuyuan,county,曼柏,曼柏,,140,140,source.hou_han_shu.jun_guo_zhi,high,郡国志卷113县级列项第8项
admin.han140.bingzhou.wuyuan.chengyi,admin.han140.bingzhou.wuyuan,county,成宜,成宜,,140,140,source.hou_han_shu.jun_guo_zhi,high,郡国志卷113县级列项第9项
admin.han140.bingzhou.wuyuan.xian,admin.han140.bingzhou.wuyuan,county,西安,西安,,140,140,source.hou_han_shu.jun_guo_zhi,high,郡国志卷113县级列项第10项
admin.han140.bingzhou.yunzhong.yunzhong,admin.han140.bingzhou.yunzhong,county,云中,云中,,140,140,source.hou_han_shu.jun_guo_zhi,high,郡国志卷113县级列项第1项；原文首列为郡国治所
admin.han140.bingzhou.yunzhong.xianyang,admin.han140.bingzhou.yunzhong,county,咸阳,咸阳,,140,140,source.hou_han_shu.jun_guo_zhi,high,郡国志卷113县级列项第2项
admin.han140.bingzhou.yunzhong.jiling,admin.han140.bingzhou.yunzhong,county,箕陵,箕陵,,140,140,source.hou_han_shu.jun_guo_zhi,high,郡国志卷113县级列项第3项
admin.han140.bingzhou.yunzhong.shaling,admin.han140.bingzhou.yunzhong,county,沙陵,沙陵,,140,140,source.hou_han_shu.jun_guo_zhi,high,郡国志卷113县级列项第4项
admin.han140.bingzhou.yunzhong.shanan,admin.han140.bingzhou.yunzhong,county,沙南,沙南,,140,140,source.hou_han_shu.jun_guo_zhi,high,郡国志卷113县级列项第5项
admin.han140.bingzhou.yunzhong.beiyu,admin.han140.bingzhou.yunzhong,county,北舆,北舆,,140,140,source.hou_han_shu.jun_guo_zhi,high,郡国志卷113县级列项第6项
admin.han140.bingzhou.yunzhong.wuquan,admin.han140.bingzhou.yunzhong,county,武泉,武泉,,140,140,source.hou_han_shu.jun_guo_zhi,high,郡国志卷113县级列项第7项
admin.han140.bingzhou.yunzhong.yuanyang,admin.han140.bingzhou.yunzhong,county,原阳,原阳,,140,140,source.hou_han_shu.jun_guo_zhi,high,郡国志卷113县级列项第8项
admin.han140.bingzhou.yunzhong.dingxiang,admin.han140.bingzhou.yunzhong,county,定襄,定襄,,140,140,source.hou_han_shu.jun_guo_zhi,high,郡国志卷113县级列项第9项
admin.han140.bingzhou.yunzhong.chengle,admin.han140.bingzhou.yunzhong,county,成乐,成乐,,140,140,source.hou_han_shu.jun_guo_zhi,high,郡国志卷113县级列项第10项
admin.han140.bingzhou.yunzhong.wujin,admin.han140.bingzhou.yunzhong,county,武进,武进,,140,140,source.hou_han_shu.jun_guo_zhi,high,郡国志卷113县级列项第11项
admin.han140.bingzhou.dingxiang.shanwu,admin.han140.bingzhou.dingxiang,county,善无,善无,,140,140,source.hou_han_shu.jun_guo_zhi,high,郡国志卷113县级列项第1项；原文首列为郡国治所
admin.han140.bingzhou.dingxiang.tongguo,admin.han140.bingzhou.dingxiang,county,桐过,桐过,,140,140,source.hou_han_shu.jun_guo_zhi,high,郡国志卷113县级列项第2项
admin.han140.bingzhou.dingxiang.wucheng,admin.han140.bingzhou.dingxiang,county,武成,武成,,140,140,source.hou_han_shu.jun_guo_zhi,high,郡国志卷113县级列项第3项
admin.han140.bingzhou.dingxiang.luo,admin.han140.bingzhou.dingxiang,county,骆,骆,,140,140,source.hou_han_shu.jun_guo_zhi,high,郡国志卷113县级列项第4项
admin.han140.bingzhou.dingxiang.zhongling,admin.han140.bingzhou.dingxiang,county,中陵,中陵,,140,140,source.hou_han_shu.jun_guo_zhi,high,郡国志卷113县级列项第5项
admin.han140.bingzhou.yanmen.yinguan,admin.han140.bingzhou.yanmen,county,阴馆,阴馆,,140,140,source.hou_han_shu.jun_guo_zhi,high,郡国志卷113县级列项第1项；原文首列为郡国治所
admin.han140.bingzhou.yanmen.fanzhi,admin.han140.bingzhou.yanmen,county,繁畤,繁畤,,140,140,source.hou_han_shu.jun_guo_zhi,high,郡国志卷113县级列项第2项
admin.han140.bingzhou.yanmen.loufan,admin.han140.bingzhou.yanmen,county,楼烦,楼烦,,140,140,source.hou_han_shu.jun_guo_zhi,high,郡国志卷113县级列项第3项
admin.han140.bingzhou.yanmen.wuzhou,admin.han140.bingzhou.yanmen,county,武州,武州,,140,140,source.hou_han_shu.jun_guo_zhi,high,郡国志卷113县级列项第4项
admin.han140.bingzhou.yanmen.wangtao,admin.han140.bingzhou.yanmen,county,汪陶,汪陶,,140,140,source.hou_han_shu.jun_guo_zhi,high,郡国志卷113县级列项第5项
admin.han140.bingzhou.yanmen.juyang,admin.han140.bingzhou.yanmen,county,剧阳,剧阳,,140,140,source.hou_han_shu.jun_guo_zhi,high,郡国志卷113县级列项第6项
admin.han140.bingzhou.yanmen.guo,admin.han140.bingzhou.yanmen,county,崞,崞,,140,140,source.hou_han_shu.jun_guo_zhi,high,郡国志卷113县级列项第7项
admin.han140.bingzhou.yanmen.pingcheng,admin.han140.bingzhou.yanmen,county,平城,平城,,140,140,source.hou_han_shu.jun_guo_zhi,high,郡国志卷113县级列项第8项
admin.han140.bingzhou.yanmen.lei,admin.han140.bingzhou.yanmen,county,埒,埒,,140,140,source.hou_han_shu.jun_guo_zhi,high,郡国志卷113县级列项第9项
admin.han140.bingzhou.yanmen.mayi,admin.han140.bingzhou.yanmen,county,马邑,马邑,,140,140,source.hou_han_shu.jun_guo_zhi,high,郡国志卷113县级列项第10项
admin.han140.bingzhou.yanmen.lucheng,admin.han140.bingzhou.yanmen,county,卤城,卤城,,140,140,source.hou_han_shu.jun_guo_zhi,high,郡国志卷113县级列项第11项
admin.han140.bingzhou.yanmen.yanwu,admin.han140.bingzhou.yanmen,county,广武,广武,,140,140,source.hou_han_shu.jun_guo_zhi,high,郡国志卷113县级列项第12项
admin.han140.bingzhou.yanmen.yuanping,admin.han140.bingzhou.yanmen,county,原平,原平,,140,140,source.hou_han_shu.jun_guo_zhi,high,郡国志卷113县级列项第13项
admin.han140.bingzhou.yanmen.qiangyin,admin.han140.bingzhou.yanmen,county,强阴,强阴,,140,140,source.hou_han_shu.jun_guo_zhi,high,郡国志卷113县级列项第14项
admin.han140.bingzhou.shuofang.linrong,admin.han140.bingzhou.shuofang,county,临戎,临戎,,140,140,source.hou_han_shu.jun_guo_zhi,high,郡国志卷113县级列项第1项；原文首列为郡国治所
admin.han140.bingzhou.shuofang.sanfeng,admin.han140.bingzhou.shuofang,county,三封,三封,,140,140,source.hou_han_shu.jun_guo_zhi,high,郡国志卷113县级列项第2项
admin.han140.bingzhou.shuofang.shuofang,admin.han140.bingzhou.shuofang,county,朔方,朔方,,140,140,source.hou_han_shu.jun_guo_zhi,high,郡国志卷113县级列项第3项
admin.han140.bingzhou.shuofang.woye,admin.han140.bingzhou.shuofang,county,沃野,沃野,,140,140,source.hou_han_shu.jun_guo_zhi,high,郡国志卷113县级列项第4项
admin.han140.bingzhou.shuofang.yanmu,admin.han140.bingzhou.shuofang,county,广牧,广牧,,140,140,source.hou_han_shu.jun_guo_zhi,high,郡国志卷113县级列项第5项
admin.han140.bingzhou.shuofang.dacheng,admin.han140.bingzhou.shuofang,county,大城,大城,,140,140,source.hou_han_shu.jun_guo_zhi,high,郡国志卷113县级列项第6项
admin.han140.youzhou.zhuo.zhuo,admin.han140.youzhou.zhuo,county,涿,涿,,140,140,source.hou_han_shu.jun_guo_zhi,high,郡国志卷113县级列项第1项；原文首列为郡国治所
admin.han140.youzhou.zhuo.nai,admin.han140.youzhou.zhuo,county,迺,迺,,140,140,source.hou_han_shu.jun_guo_zhi,high,郡国志卷113县级列项第2项
admin.han140.youzhou.zhuo.guan,admin.han140.youzhou.zhuo,county,故安,故安,,140,140,source.hou_han_shu.jun_guo_zhi,high,郡国志卷113县级列项第3项
admin.han140.youzhou.zhuo.fanyang,admin.han140.youzhou.zhuo,county,范阳,范阳,,140,140,source.hou_han_shu.jun_guo_zhi,high,郡国志卷113县级列项第4项
admin.han140.youzhou.zhuo.liangxiang,admin.han140.youzhou.zhuo,county,良乡,良乡,,140,140,source.hou_han_shu.jun_guo_zhi,high,郡国志卷113县级列项第5项
admin.han140.youzhou.zhuo.beixincheng,admin.han140.youzhou.zhuo,county,北新城,北新城,,140,140,source.hou_han_shu.jun_guo_zhi,high,郡国志卷113县级列项第6项
admin.han140.youzhou.zhuo.fangcheng,admin.han140.youzhou.zhuo,county,方城,方城,,140,140,source.hou_han_shu.jun_guo_zhi,high,郡国志卷113县级列项第7项
admin.han140.youzhou.guangyang.ji,admin.han140.youzhou.guangyang,county,蓟,蓟,,140,140,source.hou_han_shu.jun_guo_zhi,high,郡国志卷113县级列项第1项；原文首列为郡国治所
admin.han140.youzhou.guangyang.yanyang,admin.han140.youzhou.guangyang,county,广阳,广阳,,140,140,source.hou_han_shu.jun_guo_zhi,high,郡国志卷113县级列项第2项
admin.han140.youzhou.guangyang.changping,admin.han140.youzhou.guangyang,county,昌平,昌平,,140,140,source.hou_han_shu.jun_guo_zhi,high,郡国志卷113县级列项第3项
admin.han140.youzhou.guangyang.jundu,admin.han140.youzhou.guangyang,county,军都,军都,,140,140,source.hou_han_shu.jun_guo_zhi,high,郡国志卷113县级列项第4项
admin.han140.youzhou.guangyang.anci,admin.han140.youzhou.guangyang,county,安次,安次,,140,140,source.hou_han_shu.jun_guo_zhi,high,郡国志卷113县级列项第5项
admin.han140.youzhou.dai.gaoliu,admin.han140.youzhou.dai,county,高柳,高柳,,140,140,source.hou_han_shu.jun_guo_zhi,high,郡国志卷113县级列项第1项；原文首列为郡国治所
admin.han140.youzhou.dai.sanggan,admin.han140.youzhou.dai,county,桑乾,桑乾,,140,140,source.hou_han_shu.jun_guo_zhi,high,郡国志卷113县级列项第2项
admin.han140.youzhou.dai.daoren,admin.han140.youzhou.dai,county,道人,道人,,140,140,source.hou_han_shu.jun_guo_zhi,high,郡国志卷113县级列项第3项
admin.han140.youzhou.dai.dangcheng,admin.han140.youzhou.dai,county,当城,当城,,140,140,source.hou_han_shu.jun_guo_zhi,high,郡国志卷113县级列项第4项
admin.han140.youzhou.dai.macheng,admin.han140.youzhou.dai,county,马城,马城,,140,140,source.hou_han_shu.jun_guo_zhi,high,郡国志卷113县级列项第5项
admin.han140.youzhou.dai.banshi,admin.han140.youzhou.dai,county,班氏,班氏,,140,140,source.hou_han_shu.jun_guo_zhi,high,郡国志卷113县级列项第6项
admin.han140.youzhou.dai.nishi,admin.han140.youzhou.dai,county,狋氏,狋氏,,140,140,source.hou_han_shu.jun_guo_zhi,high,郡国志卷113县级列项第7项
admin.han140.youzhou.dai.beipingyi,admin.han140.youzhou.dai,county,北平邑,北平邑,,140,140,source.hou_han_shu.jun_guo_zhi,high,郡国志卷113县级列项第8项
admin.han140.youzhou.dai.donganyang,admin.han140.youzhou.dai,county,东安阳,东安阳,,140,140,source.hou_han_shu.jun_guo_zhi,high,郡国志卷113县级列项第9项
admin.han140.youzhou.dai.pingshu,admin.han140.youzhou.dai,county,平舒,平舒,,140,140,source.hou_han_shu.jun_guo_zhi,high,郡国志卷113县级列项第10项
admin.han140.youzhou.dai.dai,admin.han140.youzhou.dai,county,代,代,,140,140,source.hou_han_shu.jun_guo_zhi,high,郡国志卷113县级列项第11项
admin.han140.youzhou.shanggu.juyang,admin.han140.youzhou.shanggu,county,沮阳,沮阳,,140,140,source.hou_han_shu.jun_guo_zhi,high,郡国志卷113县级列项第1项；原文首列为郡国治所
admin.han140.youzhou.shanggu.pan,admin.han140.youzhou.shanggu,county,潘,潘,,140,140,source.hou_han_shu.jun_guo_zhi,high,郡国志卷113县级列项第2项
admin.han140.youzhou.shanggu.ning,admin.han140.youzhou.shanggu,county,甯,甯,,140,140,source.hou_han_shu.jun_guo_zhi,high,郡国志卷113县级列项第3项
admin.han140.youzhou.shanggu.yanning,admin.han140.youzhou.shanggu,county,广甯,广甯,,140,140,source.hou_han_shu.jun_guo_zhi,high,郡国志卷113县级列项第4项
admin.han140.youzhou.shanggu.juyong,admin.han140.youzhou.shanggu,county,居庸,居庸,,140,140,source.hou_han_shu.jun_guo_zhi,high,郡国志卷113县级列项第5项
admin.han140.youzhou.shanggu.goumou,admin.han140.youzhou.shanggu,county,雊瞀,雊瞀,,140,140,source.hou_han_shu.jun_guo_zhi,high,郡国志卷113县级列项第6项
admin.han140.youzhou.shanggu.zhuolu,admin.han140.youzhou.shanggu,county,涿鹿,涿鹿,,140,140,source.hou_han_shu.jun_guo_zhi,high,郡国志卷113县级列项第7项
admin.han140.youzhou.shanggu.xialuo,admin.han140.youzhou.shanggu,county,下落,下落,,140,140,source.hou_han_shu.jun_guo_zhi,high,郡国志卷113县级列项第8项
admin.han140.youzhou.yuyang.yuyang,admin.han140.youzhou.yuyang,county,渔阳,渔阳,,140,140,source.hou_han_shu.jun_guo_zhi,high,郡国志卷113县级列项第1项；原文首列为郡国治所
admin.han140.youzhou.yuyang.hunu,admin.han140.youzhou.yuyang,county,狐奴,狐奴,,140,140,source.hou_han_shu.jun_guo_zhi,high,郡国志卷113县级列项第2项
admin.han140.youzhou.yuyang.lu,admin.han140.youzhou.yuyang,county,潞,潞,,140,140,source.hou_han_shu.jun_guo_zhi,high,郡国志卷113县级列项第3项
admin.han140.youzhou.yuyang.yongnu,admin.han140.youzhou.yuyang,county,雍奴,雍奴,,140,140,source.hou_han_shu.jun_guo_zhi,high,郡国志卷113县级列项第4项
admin.han140.youzhou.yuyang.quanzhou,admin.han140.youzhou.yuyang,county,泉州,泉州,,140,140,source.hou_han_shu.jun_guo_zhi,high,郡国志卷113县级列项第5项
admin.han140.youzhou.yuyang.pinggu,admin.han140.youzhou.yuyang,county,平谷,平谷,,140,140,source.hou_han_shu.jun_guo_zhi,high,郡国志卷113县级列项第6项
admin.han140.youzhou.yuyang.anle,admin.han140.youzhou.yuyang,county,安乐,安乐,,140,140,source.hou_han_shu.jun_guo_zhi,high,郡国志卷113县级列项第7项
admin.han140.youzhou.yuyang.zhixi,admin.han140.youzhou.yuyang,county,傂奚,傂奚,,140,140,source.hou_han_shu.jun_guo_zhi,high,郡国志卷113县级列项第8项
admin.han140.youzhou.yuyang.guangping,admin.han140.youzhou.yuyang,county,犷平,犷平,,140,140,source.hou_han_shu.jun_guo_zhi,high,郡国志卷113县级列项第9项
admin.han140.youzhou.youbeiping.tuyin,admin.han140.youzhou.youbeiping,county,土垠,土垠,,140,140,source.hou_han_shu.jun_guo_zhi,high,郡国志卷113县级列项第1项；原文首列为郡国治所
admin.han140.youzhou.youbeiping.xuwu,admin.han140.youzhou.youbeiping,county,徐无,徐无,,140,140,source.hou_han_shu.jun_guo_zhi,high,郡国志卷113县级列项第2项
admin.han140.youzhou.youbeiping.junmi,admin.han140.youzhou.youbeiping,county,俊靡,俊靡,,140,140,source.hou_han_shu.jun_guo_zhi,high,郡国志卷113县级列项第3项
admin.han140.youzhou.youbeiping.wuzhong,admin.han140.youzhou.youbeiping,county,无终,无终,,140,140,source.hou_han_shu.jun_guo_zhi,high,郡国志卷113县级列项第4项
admin.han140.youzhou.liaoxi.yangle,admin.han140.youzhou.liaoxi,county,阳乐,阳乐,,140,140,source.hou_han_shu.jun_guo_zhi,high,郡国志卷113县级列项第1项；原文首列为郡国治所
admin.han140.youzhou.liaoxi.haiyang,admin.han140.youzhou.liaoxi,county,海阳,海阳,,140,140,source.hou_han_shu.jun_guo_zhi,high,郡国志卷113县级列项第2项
admin.han140.youzhou.liaoxi.lingzhi,admin.han140.youzhou.liaoxi,county,令支,令支,,140,140,source.hou_han_shu.jun_guo_zhi,high,郡国志卷113县级列项第3项
admin.han140.youzhou.liaoxi.feiru,admin.han140.youzhou.liaoxi,county,肥如,肥如,,140,140,source.hou_han_shu.jun_guo_zhi,high,郡国志卷113县级列项第4项
admin.han140.youzhou.liaoxi.linyu,admin.han140.youzhou.liaoxi,county,临渝,临渝,,140,140,source.hou_han_shu.jun_guo_zhi,high,郡国志卷113县级列项第5项
admin.han140.youzhou.liaodong.xiangping,admin.han140.youzhou.liaodong,county,襄平,襄平,,140,140,source.hou_han_shu.jun_guo_zhi,high,郡国志卷113县级列项第1项；原文首列为郡国治所
admin.han140.youzhou.liaodong.xinchang,admin.han140.youzhou.liaodong,county,新昌,新昌,,140,140,source.hou_han_shu.jun_guo_zhi,high,郡国志卷113县级列项第2项
admin.han140.youzhou.liaodong.wulu,admin.han140.youzhou.liaodong,county,无虑,无虑,,140,140,source.hou_han_shu.jun_guo_zhi,high,郡国志卷113县级列项第3项
admin.han140.youzhou.liaodong.wangping,admin.han140.youzhou.liaodong,county,望平,望平,,140,140,source.hou_han_shu.jun_guo_zhi,high,郡国志卷113县级列项第4项
admin.han140.youzhou.liaodong.houcheng,admin.han140.youzhou.liaodong,county,候城,候城,,140,140,source.hou_han_shu.jun_guo_zhi,high,郡国志卷113县级列项第5项
admin.han140.youzhou.liaodong.anfu,admin.han140.youzhou.liaodong,county,安巿,安巿,,140,140,source.hou_han_shu.jun_guo_zhi,high,郡国志卷113县级列项第6项
admin.han140.youzhou.liaodong.pingguo,admin.han140.youzhou.liaodong,county,平郭,平郭,,140,140,source.hou_han_shu.jun_guo_zhi,high,郡国志卷113县级列项第7项
admin.han140.youzhou.liaodong.xianping,admin.han140.youzhou.liaodong,county,西安平,西安平,,140,140,source.hou_han_shu.jun_guo_zhi,high,郡国志卷113县级列项第8项
admin.han140.youzhou.liaodong.wen,admin.han140.youzhou.liaodong,county,汶,汶,,140,140,source.hou_han_shu.jun_guo_zhi,high,郡国志卷113县级列项第9项
admin.han140.youzhou.liaodong.fanhan,admin.han140.youzhou.liaodong,county,番汗,番汗,,140,140,source.hou_han_shu.jun_guo_zhi,high,郡国志卷113县级列项第10项
admin.han140.youzhou.liaodong.tashi,admin.han140.youzhou.liaodong,county,沓氏,沓氏,,140,140,source.hou_han_shu.jun_guo_zhi,high,郡国志卷113县级列项第11项
admin.han140.youzhou.xuantu.gaojuli,admin.han140.youzhou.xuantu,county,高句骊,高句骊,,140,140,source.hou_han_shu.jun_guo_zhi,high,郡国志卷113县级列项第1项；原文首列为郡国治所
admin.han140.youzhou.xuantu.xigaima,admin.han140.youzhou.xuantu,county,西盖马,西盖马,,140,140,source.hou_han_shu.jun_guo_zhi,high,郡国志卷113县级列项第2项
admin.han140.youzhou.xuantu.shangyintai,admin.han140.youzhou.xuantu,county,上殷台,上殷台,,140,140,source.hou_han_shu.jun_guo_zhi,high,郡国志卷113县级列项第3项
admin.han140.youzhou.xuantu.gaoxian,admin.han140.youzhou.xuantu,county,高显,高显,,140,140,source.hou_han_shu.jun_guo_zhi,high,郡国志卷113县级列项第4项
admin.han140.youzhou.xuantu.houcheng,admin.han140.youzhou.xuantu,county,候城,候城,,140,140,source.hou_han_shu.jun_guo_zhi,high,郡国志卷113县级列项第5项
admin.han140.youzhou.xuantu.liaoyang,admin.han140.youzhou.xuantu,county,辽阳,辽阳,,140,140,source.hou_han_shu.jun_guo_zhi,high,郡国志卷113县级列项第6项
admin.han140.youzhou.lelang.chaoxian,admin.han140.youzhou.lelang,county,朝鲜,朝鲜,,140,140,source.hou_han_shu.jun_guo_zhi,high,郡国志卷113县级列项第1项；原文首列为郡国治所
admin.han140.youzhou.lelang.u279a6,admin.han140.youzhou.lelang,county,𧦦,𧦦,,140,140,source.hou_han_shu.jun_guo_zhi,high,郡国志卷113县级列项第2项
admin.han140.youzhou.lelang.peishui,admin.han140.youzhou.lelang,county,浿水,浿水,,140,140,source.hou_han_shu.jun_guo_zhi,high,郡国志卷113县级列项第3项
admin.han140.youzhou.lelang.hanzi,admin.han140.youzhou.lelang,county,含资,含资,,140,140,source.hou_han_shu.jun_guo_zhi,high,郡国志卷113县级列项第4项
admin.han140.youzhou.lelang.zhanchan,admin.han140.youzhou.lelang,county,占蝉,占蝉,,140,140,source.hou_han_shu.jun_guo_zhi,high,郡国志卷113县级列项第5项
admin.han140.youzhou.lelang.suicheng,admin.han140.youzhou.lelang,county,遂城,遂城,,140,140,source.hou_han_shu.jun_guo_zhi,high,郡国志卷113县级列项第6项
admin.han140.youzhou.lelang.zengdi,admin.han140.youzhou.lelang,county,增地,增地,,140,140,source.hou_han_shu.jun_guo_zhi,high,郡国志卷113县级列项第7项
admin.han140.youzhou.lelang.daifang,admin.han140.youzhou.lelang,county,带方,带方,,140,140,source.hou_han_shu.jun_guo_zhi,high,郡国志卷113县级列项第8项
admin.han140.youzhou.lelang.siwang,admin.han140.youzhou.lelang,county,驷望,驷望,,140,140,source.hou_han_shu.jun_guo_zhi,high,郡国志卷113县级列项第9项
admin.han140.youzhou.lelang.haiming,admin.han140.youzhou.lelang,county,海冥,海冥,,140,140,source.hou_han_shu.jun_guo_zhi,high,郡国志卷113县级列项第10项
admin.han140.youzhou.lelang.liekou,admin.han140.youzhou.lelang,county,列口,列口,,140,140,source.hou_han_shu.jun_guo_zhi,high,郡国志卷113县级列项第11项
admin.han140.youzhou.lelang.changcen,admin.han140.youzhou.lelang,county,长岑,长岑,,140,140,source.hou_han_shu.jun_guo_zhi,high,郡国志卷113县级列项第12项
admin.han140.youzhou.lelang.tun,admin.han140.youzhou.lelang,county,屯,屯,,140,140,source.hou_han_shu.jun_guo_zhi,high,郡国志卷113县级列项第13项
admin.han140.youzhou.lelang.zhaoming,admin.han140.youzhou.lelang,county,昭明,昭明,,140,140,source.hou_han_shu.jun_guo_zhi,high,郡国志卷113县级列项第14项
admin.han140.youzhou.lelang.loufang,admin.han140.youzhou.lelang,county,镂方,镂方,,140,140,source.hou_han_shu.jun_guo_zhi,high,郡国志卷113县级列项第15项
admin.han140.youzhou.lelang.tixi,admin.han140.youzhou.lelang,county,提奚,提奚,,140,140,source.hou_han_shu.jun_guo_zhi,high,郡国志卷113县级列项第16项
admin.han140.youzhou.lelang.hunmi,admin.han140.youzhou.lelang,county,浑弥,浑弥,,140,140,source.hou_han_shu.jun_guo_zhi,high,郡国志卷113县级列项第17项
admin.han140.youzhou.lelang.ledu,admin.han140.youzhou.lelang,county,乐都,乐都,,140,140,source.hou_han_shu.jun_guo_zhi,high,郡国志卷113县级列项第18项
admin.han140.youzhou.liaodongshuguo.changliao,admin.han140.youzhou.liaodongshuguo,county,昌辽,昌辽,,140,140,source.hou_han_shu.jun_guo_zhi,high,郡国志卷113县级列项第1项；原文首列为郡国治所
admin.han140.youzhou.liaodongshuguo.bintu,admin.han140.youzhou.liaodongshuguo,county,賔徒,賔徒,,140,140,source.hou_han_shu.jun_guo_zhi,high,郡国志卷113县级列项第2项
admin.han140.youzhou.liaodongshuguo.tuhe,admin.han140.youzhou.liaodongshuguo,county,徒河,徒河,,140,140,source.hou_han_shu.jun_guo_zhi,high,郡国志卷113县级列项第3项
admin.han140.youzhou.liaodongshuguo.wulu,admin.han140.youzhou.liaodongshuguo,county,无虑,无虑,,140,140,source.hou_han_shu.jun_guo_zhi,high,郡国志卷113县级列项第4项
admin.han140.youzhou.liaodongshuguo.xiandu,admin.han140.youzhou.liaodongshuguo,county,险渎,险渎,,140,140,source.hou_han_shu.jun_guo_zhi,high,郡国志卷113县级列项第5项
admin.han140.youzhou.liaodongshuguo.fang,admin.han140.youzhou.liaodongshuguo,county,房,房,,140,140,source.hou_han_shu.jun_guo_zhi,high,郡国志卷113县级列项第6项
admin.han140.jiaozhou.nanhai.fanyu,admin.han140.jiaozhou.nanhai,county,番禺,番禺,,140,140,source.hou_han_shu.jun_guo_zhi,high,郡国志卷113县级列项第1项；原文首列为郡国治所
admin.han140.jiaozhou.nanhai.boluo,admin.han140.jiaozhou.nanhai,county,博罗,博罗,,140,140,source.hou_han_shu.jun_guo_zhi,high,郡国志卷113县级列项第2项
admin.han140.jiaozhou.nanhai.zhongsu,admin.han140.jiaozhou.nanhai,county,中宿,中宿,,140,140,source.hou_han_shu.jun_guo_zhi,high,郡国志卷113县级列项第3项
admin.han140.jiaozhou.nanhai.longchuan,admin.han140.jiaozhou.nanhai,county,龙川,龙川,,140,140,source.hou_han_shu.jun_guo_zhi,high,郡国志卷113县级列项第4项
admin.han140.jiaozhou.nanhai.sihui,admin.han140.jiaozhou.nanhai,county,四会,四会,,140,140,source.hou_han_shu.jun_guo_zhi,high,郡国志卷113县级列项第5项
admin.han140.jiaozhou.nanhai.jieyang,admin.han140.jiaozhou.nanhai,county,揭阳,揭阳,,140,140,source.hou_han_shu.jun_guo_zhi,high,郡国志卷113县级列项第6项
admin.han140.jiaozhou.nanhai.zengcheng,admin.han140.jiaozhou.nanhai,county,增城,增城,,140,140,source.hou_han_shu.jun_guo_zhi,high,郡国志卷113县级列项第7项
admin.han140.jiaozhou.cangwu.yanxin,admin.han140.jiaozhou.cangwu,county,广信,广信,,140,140,source.hou_han_shu.jun_guo_zhi,high,郡国志卷113县级列项第1项；原文首列为郡国治所
admin.han140.jiaozhou.cangwu.xiemu,admin.han140.jiaozhou.cangwu,county,谢沐,谢沐,,140,140,source.hou_han_shu.jun_guo_zhi,high,郡国志卷113县级列项第2项
admin.han140.jiaozhou.cangwu.gaoyao,admin.han140.jiaozhou.cangwu,county,高要,高要,,140,140,source.hou_han_shu.jun_guo_zhi,high,郡国志卷113县级列项第3项
admin.han140.jiaozhou.cangwu.fengyang,admin.han140.jiaozhou.cangwu,county,封阳,封阳,,140,140,source.hou_han_shu.jun_guo_zhi,high,郡国志卷113县级列项第4项
admin.han140.jiaozhou.cangwu.linhe,admin.han140.jiaozhou.cangwu,county,临贺,临贺,,140,140,source.hou_han_shu.jun_guo_zhi,high,郡国志卷113县级列项第5项
admin.han140.jiaozhou.cangwu.duanxi,admin.han140.jiaozhou.cangwu,county,端谿,端谿,,140,140,source.hou_han_shu.jun_guo_zhi,high,郡国志卷113县级列项第6项
admin.han140.jiaozhou.cangwu.fengcheng,admin.han140.jiaozhou.cangwu,county,冯乘,冯乘,,140,140,source.hou_han_shu.jun_guo_zhi,high,郡国志卷113县级列项第7项
admin.han140.jiaozhou.cangwu.fuchuan,admin.han140.jiaozhou.cangwu,county,富川,富川,,140,140,source.hou_han_shu.jun_guo_zhi,high,郡国志卷113县级列项第8项
admin.han140.jiaozhou.cangwu.lipu,admin.han140.jiaozhou.cangwu,county,荔浦,荔浦,,140,140,source.hou_han_shu.jun_guo_zhi,high,郡国志卷113县级列项第9项
admin.han140.jiaozhou.cangwu.mengling,admin.han140.jiaozhou.cangwu,county,猛陵,猛陵,,140,140,source.hou_han_shu.jun_guo_zhi,high,郡国志卷113县级列项第10项
admin.han140.jiaozhou.cangwu.zhangping,admin.han140.jiaozhou.cangwu,county,鄣平,鄣平,,140,140,source.hou_han_shu.jun_guo_zhi,high,郡国志卷113县级列项第11项
admin.han140.jiaozhou.yulin.bushan,admin.han140.jiaozhou.yulin,county,布山,布山,,140,140,source.hou_han_shu.jun_guo_zhi,high,郡国志卷113县级列项第1项；原文首列为郡国治所
admin.han140.jiaozhou.yulin.anyan,admin.han140.jiaozhou.yulin,county,安广,安广,,140,140,source.hou_han_shu.jun_guo_zhi,high,郡国志卷113县级列项第2项
admin.han140.jiaozhou.yulin.kelin,admin.han140.jiaozhou.yulin,county,可林,可林,,140,140,source.hou_han_shu.jun_guo_zhi,high,郡国志卷113县级列项第3项
admin.han140.jiaozhou.yulin.yanyu,admin.han140.jiaozhou.yulin,county,广郁,广郁,,140,140,source.hou_han_shu.jun_guo_zhi,high,郡国志卷113县级列项第4项
admin.han140.jiaozhou.yulin.zhongliu,admin.han140.jiaozhou.yulin,county,中溜,中溜,,140,140,source.hou_han_shu.jun_guo_zhi,high,郡国志卷113县级列项第5项
admin.han140.jiaozhou.yulin.guilin,admin.han140.jiaozhou.yulin,county,桂林,桂林,,140,140,source.hou_han_shu.jun_guo_zhi,high,郡国志卷113县级列项第6项
admin.han140.jiaozhou.yulin.tanzhong,admin.han140.jiaozhou.yulin,county,潭中,潭中,,140,140,source.hou_han_shu.jun_guo_zhi,high,郡国志卷113县级列项第7项
admin.han140.jiaozhou.yulin.linchen,admin.han140.jiaozhou.yulin,county,临尘,临尘,,140,140,source.hou_han_shu.jun_guo_zhi,high,郡国志卷113县级列项第8项
admin.han140.jiaozhou.yulin.dingzhou,admin.han140.jiaozhou.yulin,county,定周,定周,,140,140,source.hou_han_shu.jun_guo_zhi,high,郡国志卷113县级列项第9项
admin.han140.jiaozhou.yulin.zengshi,admin.han140.jiaozhou.yulin,county,增食,增食,,140,140,source.hou_han_shu.jun_guo_zhi,high,郡国志卷113县级列项第10项
admin.han140.jiaozhou.yulin.lingfang,admin.han140.jiaozhou.yulin,county,领方,领方,,140,140,source.hou_han_shu.jun_guo_zhi,high,郡国志卷113县级列项第11项
admin.han140.jiaozhou.hepu.hepu,admin.han140.jiaozhou.hepu,county,合浦,合浦,,140,140,source.hou_han_shu.jun_guo_zhi,high,郡国志卷113县级列项第1项；原文首列为郡国治所
admin.han140.jiaozhou.hepu.xuwen,admin.han140.jiaozhou.hepu,county,徐闻,徐闻,,140,140,source.hou_han_shu.jun_guo_zhi,high,郡国志卷113县级列项第2项
admin.han140.jiaozhou.hepu.gaoliang,admin.han140.jiaozhou.hepu,county,高凉,高凉,,140,140,source.hou_han_shu.jun_guo_zhi,high,郡国志卷113县级列项第3项
admin.han140.jiaozhou.hepu.linyuan,admin.han140.jiaozhou.hepu,county,临元,临元,,140,140,source.hou_han_shu.jun_guo_zhi,high,郡国志卷113县级列项第4项
admin.han140.jiaozhou.hepu.zhuya,admin.han140.jiaozhou.hepu,county,朱崖,朱崖,,140,140,source.hou_han_shu.jun_guo_zhi,high,郡国志卷113县级列项第5项
admin.han140.jiaozhou.jiaozhi.longbian,admin.han140.jiaozhou.jiaozhi,county,龙编,龙编,,140,140,source.hou_han_shu.jun_guo_zhi,high,郡国志卷113县级列项第1项；原文首列为郡国治所
admin.han140.jiaozhou.jiaozhi.lei,admin.han140.jiaozhou.jiaozhi,county,羸𨻻,羸𨻻,,140,140,source.hou_han_shu.jun_guo_zhi,high,郡国志卷113县级列项第2项
admin.han140.jiaozhou.jiaozhi.anding,admin.han140.jiaozhou.jiaozhi,county,安定,安定,,140,140,source.hou_han_shu.jun_guo_zhi,high,郡国志卷113县级列项第3项
admin.han140.jiaozhou.jiaozhi.goulou,admin.han140.jiaozhou.jiaozhi,county,苟漏,苟漏,,140,140,source.hou_han_shu.jun_guo_zhi,high,郡国志卷113县级列项第4项
admin.han140.jiaozhou.jiaozhi.miling,admin.han140.jiaozhou.jiaozhi,county,麊泠,麊泠,,140,140,source.hou_han_shu.jun_guo_zhi,high,郡国志卷113县级列项第5项
admin.han140.jiaozhou.jiaozhi.quyang,admin.han140.jiaozhou.jiaozhi,county,曲阳,曲阳,,140,140,source.hou_han_shu.jun_guo_zhi,high,郡国志卷113县级列项第6项
admin.han140.jiaozhou.jiaozhi.beidai,admin.han140.jiaozhou.jiaozhi,county,北带,北带,,140,140,source.hou_han_shu.jun_guo_zhi,high,郡国志卷113县级列项第7项
admin.han140.jiaozhou.jiaozhi.jixu,admin.han140.jiaozhou.jiaozhi,county,稽徐,稽徐,,140,140,source.hou_han_shu.jun_guo_zhi,high,郡国志卷113县级列项第8项
admin.han140.jiaozhou.jiaozhi.xiyu,admin.han140.jiaozhou.jiaozhi,county,西于,西于,,140,140,source.hou_han_shu.jun_guo_zhi,high,郡国志卷113县级列项第9项
admin.han140.jiaozhou.jiaozhi.zhu,admin.han140.jiaozhou.jiaozhi,county,朱䳒,朱䳒,,140,140,source.hou_han_shu.jun_guo_zhi,high,郡国志卷113县级列项第10项
admin.han140.jiaozhou.jiaozhi.fengxi,admin.han140.jiaozhou.jiaozhi,county,封谿,封谿,,140,140,source.hou_han_shu.jun_guo_zhi,high,郡国志卷113县级列项第11项
admin.han140.jiaozhou.jiaozhi.wanghai,admin.han140.jiaozhou.jiaozhi,county,望海,望海,,140,140,source.hou_han_shu.jun_guo_zhi,high,郡国志卷113县级列项第12项
admin.han140.jiaozhou.jiuzhen.xupu,admin.han140.jiaozhou.jiuzhen,county,胥浦,胥浦,,140,140,source.hou_han_shu.jun_guo_zhi,high,郡国志卷113县级列项第1项；原文首列为郡国治所
admin.han140.jiaozhou.jiuzhen.jufeng,admin.han140.jiaozhou.jiuzhen,county,居风,居风,,140,140,source.hou_han_shu.jun_guo_zhi,high,郡国志卷113县级列项第2项
admin.han140.jiaozhou.jiuzhen.xianhuan,admin.han140.jiaozhou.jiuzhen,county,咸懽,咸懽,,140,140,source.hou_han_shu.jun_guo_zhi,high,郡国志卷113县级列项第3项
admin.han140.jiaozhou.jiuzhen.wugong,admin.han140.jiaozhou.jiuzhen,county,无功,无功,,140,140,source.hou_han_shu.jun_guo_zhi,high,郡国志卷113县级列项第4项
admin.han140.jiaozhou.jiuzhen.wubian,admin.han140.jiaozhou.jiuzhen,county,无编,无编,,140,140,source.hou_han_shu.jun_guo_zhi,high,郡国志卷113县级列项第5项
admin.han140.jiaozhou.rinan.xijuan,admin.han140.jiaozhou.rinan,county,西卷,西卷,,140,140,source.hou_han_shu.jun_guo_zhi,high,郡国志卷113县级列项第1项；原文首列为郡国治所
admin.han140.jiaozhou.rinan.zhuwu,admin.han140.jiaozhou.rinan,county,朱吾,朱吾,,140,140,source.hou_han_shu.jun_guo_zhi,high,郡国志卷113县级列项第2项
admin.han140.jiaozhou.rinan.lurong,admin.han140.jiaozhou.rinan,county,卢容,卢容,,140,140,source.hou_han_shu.jun_guo_zhi,high,郡国志卷113县级列项第3项
admin.han140.jiaozhou.rinan.xianglin,admin.han140.jiaozhou.rinan,county,象林,象林,,140,140,source.hou_han_shu.jun_guo_zhi,high,郡国志卷113县级列项第4项
admin.han140.jiaozhou.rinan.bijing,admin.han140.jiaozhou.rinan,county,比景,比景,,140,140,source.hou_han_shu.jun_guo_zhi,high,郡国志卷113县级列项第5项
